merchant_id,business_age_months,qris_volume_monthly,qris_active_days,ecommerce_rating,pln_delay_days,pdam_bill_avg,pdam_late_payments,risk_level,pln_delay_days_isna,ecommerce_rating_isna,pdam_bill_avg_isna,pdam_late_payments_isna,business_category_fnb,business_category_jasa,business_category_nan,business_category_retail,qris_active_ratio,pln_delay_ratio,volume_to_age_ratio,chronic_pln_delay,has_both_utilities
UMKM-00001,41,48270353,0,1.8,0.0,164523.0,0.0,1,0,0,0,0,0,1,0,0,0.0,0.0,1149294.119047619,0,1
UMKM-00002,40,45113896,4,2.0,2.0,77209.0,0.0,2,0,0,0,0,0,0,0,1,0.13333333333333333,0.04878048780487805,1100338.9268292682,0,1
UMKM-00004,13,18015582,18,1.4,0.0,217328.0,0.0,0,0,0,0,1,0,0,0,1,0.6,0.0,1286827.2857142857,0,1
UMKM-00006,100,31472592,5,4.6,0.0,92105.0,0.0,0,0,0,0,0,0,0,1,0,0.16666666666666666,0.0,311609.82178217825,0,1
UMKM-00007,15,27031542,14,3.2,0.0,150408.0,0.0,1,0,0,0,0,1,0,0,0,0.4666666666666667,0.0,1689471.375,0,1
UMKM-00010,21,9457123,23,2.0,0.0,497626.0,0.0,0,0,0,0,0,0,0,0,1,0.7666666666666667,0.0,429869.2272727273,0,1
UMKM-00011,49,9805348,26,4.6,0.0,456726.0,2.0,0,0,0,0,0,0,0,0,1,0.8666666666666667,0.0,196106.96,0,1
UMKM-00012,110,28532185,10,3.9,0.0,168747.0,2.0,0,0,0,0,0,0,1,0,0,0.3333333333333333,0.0,257046.71171171172,0,1
UMKM-00013,23,25810292,22,3.0,0.0,379488.0,0.0,0,0,1,0,0,0,1,0,0,0.7333333333333333,0.0,1075428.8333333333,0,1
UMKM-00016,64,11448643,28,4.3,0.0,115945.0,1.0,0,1,0,0,0,0,0,0,1,0.9333333333333333,0.0,176132.96923076923,0,0
UMKM-00017,57,27829829,30,4.3,0.0,181717.0,3.0,0,0,0,0,0,1,0,0,0,1.0,0.0,479824.6379310345,0,1
UMKM-00018,30,41858099,0,2.4,0.0,373408.0,2.0,1,0,0,0,0,0,1,0,0,0.0,0.0,1350261.2580645161,0,1
UMKM-00020,16,13410534,17,4.6,0.0,457142.0,3.0,0,0,0,0,0,1,0,0,0,0.5666666666666667,0.0,788854.9411764706,0,1
UMKM-00021,90,26188819,17,3.1,30.0,170050.0,1.0,0,0,0,0,0,0,0,0,1,0.5666666666666667,0.32967032967032966,287789.2197802198,1,1
UMKM-00022,10,2653005,5,4.5,0.0,182185.0,1.0,0,0,0,0,0,1,0,0,0,0.16666666666666666,0.0,241182.27272727274,0,1
UMKM-00024,63,26855021,0,3.4,0.0,361357.0,3.0,1,0,0,0,0,0,0,0,1,0.0,0.0,419609.703125,0,1
UMKM-00026,94,22726547,29,2.1,0.0,297487.0,0.0,0,1,0,0,0,1,0,0,0,0.9666666666666667,0.0,239226.8105263158,0,0
UMKM-00027,24,6280156,3,3.0,0.0,185664.0,1.0,0,0,0,0,0,0,0,1,0,0.1,0.0,251206.24,0,1
UMKM-00028,39,48744731,31,3.3,0.0,162695.0,1.0,0,0,0,0,0,1,0,0,0,1.0333333333333334,0.0,1218618.275,0,1
UMKM-00029,13,16925767,9,3.0,5.0,74552.0,1.0,0,0,1,0,0,0,1,0,0,0.3,0.35714285714285715,1208983.357142857,0,1
UMKM-00031,28,14072770,4,3.6,2.0,364262.0,0.0,0,0,0,0,0,0,0,0,0,0.13333333333333333,0.06896551724137931,485267.9310344828,0,1
UMKM-00032,7,29814808,8,4.4,0.0,69744.0,3.0,1,0,0,0,0,1,0,0,0,0.26666666666666666,0.0,3726851.0,0,1
UMKM-00033,37,26176338,4,3.0,0.0,334190.0,1.0,1,0,1,0,0,0,0,0,1,0.13333333333333333,0.0,688851.0,0,1
UMKM-00034,56,19921824,10,3.6,0.0,393509.0,3.0,2,0,0,0,0,1,0,0,0,0.3333333333333333,0.0,349505.6842105263,0,1
UMKM-00036,87,23283342,26,2.9,0.0,114932.0,1.0,0,0,0,0,0,0,0,0,1,0.8666666666666667,0.0,264583.4318181818,0,1
UMKM-00037,94,37484731,3,2.1,0.0,438608.0,2.0,1,0,0,0,0,0,0,0,0,0.1,0.0,394576.1157894737,0,1
UMKM-00038,16,8818441,9,2.5,2.0,158229.0,0.0,1,0,0,0,0,0,1,0,0,0.3,0.11764705882352941,518731.82352941175,0,1
UMKM-00042,30,2157260,7,5.0,5.0,475693.0,1.0,0,0,0,0,0,1,0,0,0,0.23333333333333334,0.16129032258064516,69589.03225806452,0,1
UMKM-00043,67,10764128,23,2.2,2.0,186272.0,1.0,0,0,0,0,0,0,0,1,0,0.7666666666666667,0.029411764705882353,158296.0,0,1
UMKM-00048,64,23935373,18,1.9,0.0,149611.0,0.0,1,0,0,0,0,0,0,0,1,0.6,0.0,368236.5076923077,0,1
UMKM-00049,110,21561047,1,4.1,0.0,187706.0,0.0,0,0,0,0,0,0,1,0,0,0.03333333333333333,0.0,194243.66666666666,0,1
UMKM-00050,105,33726850,10,3.0,0.0,114899.0,0.0,0,0,1,0,0,0,1,0,0,0.3333333333333333,0.0,318177.8301886792,0,1
UMKM-00052,51,30487730,16,2.3,0.0,399734.0,2.0,0,1,0,0,0,1,0,0,0,0.5333333333333333,0.0,586302.5,0,0
UMKM-00054,3,29735023,2,3.8,0.0,445671.0,0.0,0,0,0,0,0,1,0,0,0,0.06666666666666667,0.0,7433755.75,0,1
UMKM-00055,26,13079806,21,2.5,0.0,425110.0,0.0,0,0,0,0,0,0,1,0,0,0.7,0.0,484437.25925925927,0,1
UMKM-00057,44,9582299,20,3.0,0.0,384772.0,0.0,1,0,1,0,0,1,0,0,0,0.6666666666666666,0.0,212939.97777777776,0,1
UMKM-00058,76,15958251,24,1.0,0.0,235519.0,0.0,0,1,0,0,0,0,0,0,1,0.8,0.0,207250.01298701297,0,0
UMKM-00060,14,15877072,1,3.3,5.0,352600.0,0.0,0,0,0,0,0,0,0,1,0,0.03333333333333333,0.3333333333333333,1058471.4666666666,0,1
UMKM-00061,81,39030119,0,3.0,0.0,92773.0,0.0,1,0,1,0,0,0,0,0,1,0.0,0.0,475977.06097560975,0,1
UMKM-00062,69,10578672,6,4.0,15.0,0.0,0.0,1,0,0,1,0,0,0,0,1,0.2,0.21428571428571427,151123.88571428572,1,0
UMKM-00063,31,17387412,19,3.7,2.0,475217.0,0.0,0,0,0,0,0,1,0,0,0,0.6333333333333333,0.0625,543356.625,0,1
UMKM-00065,52,30908822,5,3.0,0.0,144479.0,1.0,0,1,1,0,0,1,0,0,0,0.16666666666666666,0.0,583185.320754717,0,0
UMKM-00067,87,40309759,20,3.9,2.0,402651.0,0.0,0,0,0,0,0,0,0,0,1,0.6666666666666666,0.022727272727272728,458065.4431818182,0,1
UMKM-00070,71,33904824,7,3.2,2.0,467294.0,3.0,2,0,0,0,0,0,0,0,0,0.23333333333333334,0.027777777777777776,470900.3333333333,0,1
UMKM-00071,36,26645793,3,3.0,15.0,370578.0,1.0,1,0,1,0,0,0,1,0,0,0.1,0.40540540540540543,720156.5675675676,1,1
UMKM-00073,100,37046153,15,1.2,5.0,496811.0,1.0,0,0,0,0,0,1,0,0,0,0.5,0.04950495049504951,366793.59405940596,0,1
UMKM-00074,89,18459562,2,2.9,0.0,447222.0,0.0,1,0,0,0,0,0,0,0,1,0.06666666666666667,0.0,205106.24444444446,0,1
UMKM-00075,1,27170235,6,2.9,2.0,329614.0,0.0,1,0,0,0,0,0,1,0,0,0.2,1.0,13585117.5,0,1
UMKM-00076,62,25091077,1,3.0,5.0,122035.0,0.0,0,0,1,0,0,0,0,1,0,0.03333333333333333,0.07936507936507936,398271.0634920635,0,1
UMKM-00077,13,39549859,0,4.3,2.0,411752.0,0.0,2,0,0,0,0,0,0,0,0,0.0,0.14285714285714285,2824989.9285714286,0,1
UMKM-00078,100,3931659,0,4.2,30.0,126840.0,0.0,2,0,0,0,0,0,0,0,0,0.0,0.297029702970297,38927.316831683165,1,1
UMKM-00080,25,44663382,6,2.5,0.0,0.0,0.0,0,0,0,1,0,0,0,0,0,0.2,0.0,1717822.3846153845,0,0
UMKM-00081,29,38038234,23,1.4,2.0,460614.0,4.0,0,0,0,0,0,0,1,0,0,0.7666666666666667,0.06666666666666667,1267941.1333333333,0,1
UMKM-00082,51,44893540,4,4.4,0.0,357476.0,3.0,0,1,0,0,0,0,0,0,0,0.13333333333333333,0.0,863337.3076923077,0,0
UMKM-00083,79,22864581,20,2.3,0.0,432680.0,4.0,1,0,0,0,0,0,1,0,0,0.6666666666666666,0.0,285807.2625,0,1
UMKM-00084,55,5084032,27,2.8,0.0,0.0,0.0,0,1,0,1,0,1,0,0,0,0.9,0.0,90786.28571428571,0,0
UMKM-00085,25,35777477,17,3.0,0.0,0.0,3.0,1,1,1,1,0,0,1,0,0,0.5666666666666667,0.0,1376056.8076923077,0,0
UMKM-00086,77,42849877,23,2.2,0.0,485302.0,2.0,0,1,0,0,0,0,1,0,0,0.7666666666666667,0.0,549357.3974358974,0,0
UMKM-00087,89,29070760,31,4.0,0.0,469722.0,3.0,0,1,0,0,0,1,0,0,0,1.0333333333333334,0.0,323008.44444444444,0,0
UMKM-00090,60,29854322,9,3.6,2.0,415568.0,0.0,0,0,0,0,0,1,0,0,0,0.3,0.03278688524590164,489415.11475409835,0,1
UMKM-00091,53,38912279,8,3.0,0.0,276772.0,0.0,0,0,0,0,0,1,0,0,0,0.26666666666666666,0.0,720597.7592592592,0,1
UMKM-00095,60,49288709,3,4.0,0.0,414560.0,0.0,2,0,0,0,0,0,1,0,0,0.1,0.0,808011.6229508197,0,1
UMKM-00096,54,3997493,27,4.7,0.0,264525.0,4.0,1,1,0,0,0,0,0,1,0,0.9,0.0,72681.6909090909,0,0
UMKM-00097,82,42133161,22,1.1,2.0,434754.0,0.0,0,0,0,0,0,0,0,0,0,0.7333333333333333,0.024096385542168676,507628.4457831325,0,1
UMKM-00098,11,7638784,31,2.5,0.0,444678.0,3.0,0,0,0,0,0,0,1,0,0,1.0333333333333334,0.0,636565.3333333334,0,1
UMKM-00100,10,17916781,15,4.3,0.0,445081.0,0.0,0,0,0,0,0,0,1,0,0,0.5,0.0,1628798.2727272727,0,1
UMKM-00101,10,20720121,9,4.4,0.0,348921.0,0.0,0,0,0,0,0,1,0,0,0,0.3,0.0,1883647.3636363635,0,1
UMKM-00102,40,48057611,13,1.8,30.0,192394.0,1.0,2,0,0,0,0,1,0,0,0,0.43333333333333335,0.7317073170731707,1172136.8536585367,1,1
UMKM-00106,101,39636713,23,2.7,2.0,254318.0,0.0,0,0,0,0,0,0,0,0,1,0.7666666666666667,0.0196078431372549,388595.2254901961,0,1
UMKM-00107,82,39308849,17,3.5,15.0,311313.0,0.0,0,0,0,0,0,1,0,0,0,0.5666666666666667,0.18072289156626506,473600.5903614458,1,1
UMKM-00113,65,35002060,7,3.1,0.0,53197.0,0.0,0,1,0,0,0,0,0,0,1,0.23333333333333334,0.0,530334.2424242424,0,0
UMKM-00114,20,39857873,23,1.1,0.0,85229.0,2.0,1,0,0,0,0,1,0,0,0,0.7666666666666667,0.0,1897993.9523809524,0,1
UMKM-00115,105,45510632,19,1.1,0.0,336310.0,1.0,0,0,0,0,0,1,0,0,0,0.6333333333333333,0.0,429345.58490566036,0,1
UMKM-00116,44,30225143,29,3.4,5.0,451908.0,0.0,0,0,0,0,0,0,0,0,1,0.9666666666666667,0.1111111111111111,671669.8444444444,0,1
UMKM-00117,6,43407575,19,2.3,0.0,156298.0,1.0,2,0,0,0,0,0,0,1,0,0.6333333333333333,0.0,6201082.142857143,0,1
UMKM-00118,89,15123720,17,3.3,0.0,0.0,1.0,1,0,0,1,0,0,1,0,0,0.5666666666666667,0.0,168041.33333333334,0,0
UMKM-00119,75,3648191,3,3.0,5.0,344800.0,1.0,0,0,1,0,0,0,1,0,0,0.1,0.06578947368421052,48002.51315789474,0,1
UMKM-00121,69,40706422,5,4.4,0.0,369425.0,1.0,0,0,0,0,0,0,0,1,0,0.16666666666666666,0.0,581520.3142857143,0,1
UMKM-00122,86,26222396,2,4.6,0.0,319519.0,1.0,1,0,0,0,0,0,0,1,0,0.06666666666666667,0.0,301406.8505747126,0,1
UMKM-00123,90,32256552,17,2.2,0.0,180708.0,1.0,0,1,0,0,0,1,0,0,0,0.5666666666666667,0.0,354467.6043956044,0,0
UMKM-00125,41,25938881,17,2.1,5.0,50819.0,0.0,0,0,0,0,0,1,0,0,0,0.5666666666666667,0.11904761904761904,617592.4047619047,0,1
UMKM-00126,86,28299045,22,4.1,0.0,126992.0,0.0,0,0,0,0,0,0,0,0,1,0.7333333333333333,0.0,325276.3793103448,0,1
UMKM-00128,100,36353386,5,4.1,0.0,443999.0,0.0,0,0,0,0,0,0,0,0,1,0.16666666666666666,0.0,359934.51485148515,0,1
UMKM-00129,65,44903390,25,2.8,2.0,494214.0,0.0,0,0,0,0,0,0,1,0,0,0.8333333333333334,0.030303030303030304,680354.3939393939,0,1
UMKM-00131,100,18706306,23,4.0,2.0,341312.0,0.0,0,0,0,0,0,0,0,0,1,0.7666666666666667,0.019801980198019802,185210.9504950495,0,1
UMKM-00132,18,9776510,14,2.5,5.0,205336.0,1.0,0,0,0,0,0,0,1,0,0,0.4666666666666667,0.2631578947368421,514553.15789473685,0,1
UMKM-00134,102,35239091,31,2.1,0.0,411580.0,0.0,0,0,0,0,0,0,0,0,1,1.0333333333333334,0.0,342127.0970873786,0,1
UMKM-00135,13,25207963,11,4.9,5.0,306928.0,0.0,0,0,0,0,0,1,0,0,0,0.36666666666666664,0.35714285714285715,1800568.7857142857,0,1
UMKM-00136,20,25188041,4,4.1,2.0,257317.0,0.0,0,0,0,0,0,0,0,1,0,0.13333333333333333,0.09523809523809523,1199430.5238095238,0,1
UMKM-00137,69,9828325,6,5.0,0.0,128598.0,0.0,0,0,0,0,0,0,0,0,0,0.2,0.0,140404.64285714287,0,1
UMKM-00138,34,7927416,21,1.2,0.0,490017.0,0.0,0,0,0,0,0,0,0,0,1,0.7,0.0,226497.6,0,1
UMKM-00139,44,39939633,26,2.1,2.0,125924.0,0.0,0,0,0,0,0,0,0,0,1,0.8666666666666667,0.044444444444444446,887547.4,0,1
UMKM-00140,37,46733958,14,4.0,0.0,228431.0,1.0,0,0,0,0,0,0,0,0,1,0.4666666666666667,0.0,1229841.0,0,1
UMKM-00144,6,35874739,25,2.0,0.0,342688.0,0.0,0,1,0,0,0,0,1,0,0,0.8333333333333334,0.0,5124962.714285715,0,0
UMKM-00145,61,11710632,22,3.0,5.0,311305.0,0.0,1,0,1,0,0,1,0,0,0,0.7333333333333333,0.08064516129032258,188881.16129032258,0,1
UMKM-00146,100,28730519,12,4.1,2.0,332967.0,0.0,0,0,0,0,0,1,0,0,0,0.4,0.019801980198019802,284460.58415841585,0,1
UMKM-00147,21,31253569,25,2.4,0.0,230900.0,4.0,1,1,0,0,0,0,0,0,0,0.8333333333333334,0.0,1420616.7727272727,0,0
UMKM-00148,107,22452647,2,1.0,2.0,416699.0,3.0,1,0,0,0,0,0,0,0,0,0.06666666666666667,0.018518518518518517,207894.87962962964,0,1
UMKM-00149,48,32938643,28,3.2,5.0,329122.0,0.0,1,0,0,0,0,0,0,0,1,0.9333333333333333,0.10204081632653061,672217.2040816327,0,1
UMKM-00150,60,24831594,1,3.0,0.0,209532.0,1.0,0,0,1,0,0,0,0,0,0,0.03333333333333333,0.0,407075.31147540984,0,1
UMKM-00151,43,6119641,27,4.0,2.0,487327.0,4.0,0,0,0,0,0,1,0,0,0,0.9,0.045454545454545456,139082.75,0,1
UMKM-00152,10,40308102,22,2.8,0.0,446540.0,2.0,1,0,0,0,0,0,1,0,0,0.7333333333333333,0.0,3664372.909090909,0,1
UMKM-00154,54,14224541,5,4.4,0.0,498794.0,0.0,0,0,0,0,0,0,1,0,0,0.16666666666666666,0.0,258628.0181818182,0,1
UMKM-00155,48,43857257,10,3.1,0.0,172418.0,0.0,0,0,0,0,0,0,0,0,0,0.3333333333333333,0.0,895046.0612244898,0,1
UMKM-00158,32,19699008,16,2.1,15.0,417211.0,1.0,0,0,0,0,0,1,0,0,0,0.5333333333333333,0.45454545454545453,596939.6363636364,1,1
UMKM-00159,22,13750721,2,4.6,0.0,187158.0,0.0,0,0,0,0,0,0,0,1,0,0.06666666666666667,0.0,597857.4347826086,0,1
UMKM-00162,119,30159511,21,3.0,2.0,68894.0,0.0,0,0,1,0,0,0,1,0,0,0.7,0.016666666666666666,251329.25833333333,0,1
UMKM-00163,4,45432707,28,1.2,0.0,242185.0,0.0,1,0,0,0,0,0,0,0,0,0.9333333333333333,0.0,9086541.4,0,1
UMKM-00164,54,17646014,28,2.5,0.0,54687.0,1.0,0,1,0,0,0,0,0,0,1,0.9333333333333333,0.0,320836.61818181816,0,0
UMKM-00165,36,47233995,4,4.8,0.0,446103.0,0.0,0,0,0,0,0,1,0,0,0,0.13333333333333333,0.0,1276594.4594594594,0,1
UMKM-00166,34,44238165,9,4.9,2.0,184115.0,0.0,0,0,0,0,0,1,0,0,0,0.3,0.05714285714285714,1263947.5714285714,0,1
UMKM-00167,91,17862611,9,1.8,2.0,461231.0,0.0,0,0,0,0,0,0,0,1,0,0.3,0.021739130434782608,194158.8152173913,0,1
UMKM-00168,71,49770129,8,1.6,0.0,329933.0,4.0,1,0,0,0,0,0,0,0,1,0.26666666666666666,0.0,691251.7916666666,0,1
UMKM-00169,114,23840605,20,2.4,0.0,106784.0,2.0,1,0,0,0,0,0,1,0,0,0.6666666666666666,0.0,207309.60869565216,0,1
UMKM-00170,99,9061792,12,3.0,0.0,318259.0,0.0,1,0,1,0,0,1,0,0,0,0.4,0.0,90617.92,0,1
UMKM-00171,112,25653591,9,4.0,30.0,78821.0,3.0,0,0,0,0,0,1,0,0,0,0.3,0.26548672566371684,227022.92920353982,1,1
UMKM-00173,41,45641994,10,4.1,0.0,429321.0,0.0,0,1,0,0,0,0,0,0,1,0.3333333333333333,0.0,1086714.142857143,0,0
UMKM-00174,31,4235863,3,4.0,0.0,234714.0,3.0,1,0,0,0,0,1,0,0,0,0.1,0.0,132370.71875,0,1
UMKM-00175,112,11783675,30,3.3,0.0,241852.0,1.0,1,0,0,0,0,0,1,0,0,1.0,0.0,104280.30973451327,0,1
UMKM-00182,101,48366565,7,4.6,2.0,252112.0,4.0,0,0,0,0,0,0,0,0,1,0.23333333333333334,0.0196078431372549,474182.00980392157,0,1
UMKM-00183,21,4275072,31,3.5,0.0,171535.0,1.0,0,0,0,0,0,1,0,0,0,1.0333333333333334,0.0,194321.45454545456,0,1
UMKM-00185,74,22595058,7,3.9,0.0,142384.0,0.0,1,1,0,0,0,1,0,0,0,0.23333333333333334,0.0,301267.44,0,0
UMKM-00186,28,9676514,13,2.3,2.0,244895.0,3.0,1,0,0,0,0,1,0,0,0,0.43333333333333335,0.06896551724137931,333672.8965517241,0,1
UMKM-00188,84,29482724,7,1.3,0.0,162453.0,0.0,0,0,0,0,0,0,0,1,0,0.23333333333333334,0.0,346855.5764705882,0,1
UMKM-00190,60,45054069,6,3.0,2.0,338664.0,4.0,2,0,1,0,0,0,1,0,0,0.2,0.03278688524590164,738591.2950819673,0,1
UMKM-00191,6,3226217,12,2.9,0.0,326977.0,2.0,1,0,0,0,0,0,0,0,1,0.4,0.0,460888.14285714284,0,1
UMKM-00192,34,35187163,20,3.0,2.0,232419.0,0.0,0,0,1,0,0,0,1,0,0,0.6666666666666666,0.05714285714285714,1005347.5142857142,0,1
UMKM-00193,67,43304796,31,4.7,2.0,111475.0,0.0,0,0,0,0,0,0,1,0,0,1.0333333333333334,0.029411764705882353,636835.2352941176,0,1
UMKM-00194,70,21038018,10,4.0,5.0,320287.0,2.0,0,0,0,0,0,1,0,0,0,0.3333333333333333,0.07042253521126761,296310.11267605633,0,1
UMKM-00195,84,44964403,13,2.2,0.0,401616.0,3.0,2,0,0,0,0,0,0,0,1,0.43333333333333335,0.0,528992.9764705882,0,1
UMKM-00196,67,9905865,10,3.0,5.0,414276.0,0.0,1,0,1,0,1,0,1,0,0,0.3333333333333333,0.07352941176470588,145674.48529411765,0,1
UMKM-00197,4,39145210,1,4.6,2.0,137005.0,1.0,0,0,0,0,0,0,0,0,1,0.03333333333333333,0.4,7829042.0,0,1
UMKM-00200,92,23174126,16,2.9,0.0,415185.0,0.0,0,0,0,0,0,0,0,0,1,0.5333333333333333,0.0,249184.1505376344,0,1
UMKM-00201,42,10869865,13,1.5,2.0,132159.0,0.0,0,0,0,0,0,0,0,0,1,0.43333333333333335,0.046511627906976744,252787.55813953487,0,1
UMKM-00202,14,28217757,24,1.2,0.0,173796.0,4.0,1,0,0,0,0,1,0,0,0,0.8,0.0,1881183.8,0,1
UMKM-00203,33,12287967,26,3.0,2.0,389310.0,0.0,0,0,1,0,0,0,0,0,0,0.8666666666666667,0.058823529411764705,361410.79411764705,0,1
UMKM-00204,54,28952543,7,3.0,2.0,0.0,0.0,0,0,1,1,0,0,0,0,1,0.23333333333333334,0.03636363636363636,526409.8727272727,0,0
UMKM-00205,60,4561497,16,3.0,0.0,208312.0,4.0,1,0,1,0,0,1,0,0,0,0.5333333333333333,0.0,74778.6393442623,0,1
UMKM-00206,59,25096114,4,4.4,2.0,151542.0,0.0,0,0,0,0,0,0,0,0,1,0.13333333333333333,0.03333333333333333,418268.56666666665,0,1
UMKM-00207,45,3870524,11,3.1,2.0,50553.0,0.0,0,0,0,0,0,0,0,0,1,0.36666666666666664,0.043478260869565216,84141.82608695653,0,1
UMKM-00209,30,33848720,17,1.5,0.0,158381.0,2.0,0,0,0,0,0,0,0,1,0,0.5666666666666667,0.0,1091894.1935483871,0,1
UMKM-00210,18,38421725,25,4.6,0.0,325756.0,0.0,0,0,0,0,0,1,0,0,0,0.8333333333333334,0.0,2022196.0526315789,0,1
UMKM-00211,112,40661943,30,3.4,2.0,388817.0,4.0,1,0,0,0,0,1,0,0,0,1.0,0.017699115044247787,359840.203539823,0,1
UMKM-00215,51,37325466,14,3.0,0.0,221178.0,0.0,1,0,1,0,0,0,0,0,0,0.4666666666666667,0.0,717797.4230769231,0,1
UMKM-00217,60,1671253,25,1.7,5.0,422327.0,0.0,0,0,0,0,0,0,1,0,0,0.8333333333333334,0.08196721311475409,27397.590163934427,0,1
UMKM-00218,23,27719009,11,3.8,2.0,236218.0,0.0,0,0,0,0,0,0,1,0,0,0.36666666666666664,0.08333333333333333,1154958.7083333333,0,1
UMKM-00220,6,24465520,13,1.8,5.0,196470.0,0.0,1,0,0,0,0,0,1,0,0,0.43333333333333335,0.7142857142857143,3495074.285714286,0,1
UMKM-00221,95,7911616,0,2.4,2.0,307771.0,0.0,1,0,0,0,0,1,0,0,0,0.0,0.020833333333333332,82412.66666666667,0,1
UMKM-00222,22,35560584,16,3.0,0.0,0.0,0.0,0,1,1,1,0,0,0,0,0,0.5333333333333333,0.0,1546112.347826087,0,0
UMKM-00224,119,44660242,28,4.8,2.0,438777.0,3.0,0,0,0,0,0,1,0,0,0,0.9333333333333333,0.016666666666666666,372168.68333333335,0,1
UMKM-00226,18,37816763,30,1.3,0.0,235626.0,0.0,0,1,0,0,0,0,0,1,0,1.0,0.0,1990355.9473684211,0,0
UMKM-00227,15,48727148,7,4.3,0.0,392222.0,0.0,0,0,0,0,0,1,0,0,0,0.23333333333333334,0.0,3045446.75,0,1
UMKM-00228,4,21602307,29,2.8,0.0,386371.0,1.0,2,0,0,0,0,0,1,0,0,0.9666666666666667,0.0,4320461.4,0,1
UMKM-00229,104,6015551,12,4.5,0.0,391134.0,0.0,0,0,0,0,0,0,0,1,0,0.4,0.0,57290.961904761905,0,1
UMKM-00230,72,25803477,15,1.4,0.0,398178.0,0.0,0,0,0,0,0,0,0,0,0,0.5,0.0,353472.2876712329,0,1
UMKM-00231,95,49294603,1,4.3,0.0,135567.0,0.0,0,0,0,0,0,0,0,0,1,0.03333333333333333,0.0,513485.4479166667,0,1
UMKM-00233,82,39041288,17,2.3,2.0,380546.0,1.0,0,0,0,0,0,1,0,0,0,0.5666666666666667,0.024096385542168676,470376.9638554217,0,1
UMKM-00236,52,2208957,18,2.8,2.0,72291.0,2.0,1,0,0,0,0,0,0,0,1,0.6,0.03773584905660377,41678.43396226415,0,1
UMKM-00237,70,40786734,12,4.3,2.0,340641.0,0.0,0,0,0,0,0,0,1,0,0,0.4,0.028169014084507043,574461.0422535212,0,1
UMKM-00238,16,43719684,3,4.1,0.0,427279.0,3.0,0,0,0,0,0,0,0,0,0,0.1,0.0,2571746.117647059,0,1
UMKM-00239,114,29529536,18,3.0,30.0,344113.0,4.0,2,0,1,0,0,0,0,0,0,0.6,0.2608695652173913,256778.57391304348,1,1
UMKM-00240,64,49785397,24,1.6,0.0,289334.0,4.0,1,0,0,0,0,1,0,0,0,0.8,0.0,765929.1846153847,0,1
UMKM-00242,39,17780412,30,4.5,0.0,459893.0,1.0,0,0,0,0,0,1,0,0,0,1.0,0.0,444510.3,0,1
UMKM-00244,16,23907093,3,3.2,2.0,103312.0,0.0,0,0,0,0,0,0,1,0,0,0.1,0.11764705882352941,1406299.5882352942,0,1
UMKM-00246,74,8142727,6,2.9,0.0,58267.0,0.0,0,0,0,0,0,0,1,0,0,0.2,0.0,108569.69333333333,0,1
UMKM-00247,55,13067196,15,1.5,2.0,89812.0,0.0,0,0,0,0,0,1,0,0,0,0.5,0.03571428571428571,233342.7857142857,0,1
UMKM-00248,94,37158112,4,1.3,2.0,446991.0,0.0,0,0,0,0,0,0,1,0,0,0.13333333333333333,0.021052631578947368,391138.0210526316,0,1
UMKM-00249,50,45610333,22,1.8,0.0,437706.0,0.0,0,0,0,0,0,0,0,0,1,0.7333333333333333,0.0,894320.2549019608,0,1
UMKM-00251,90,28950611,31,2.1,0.0,256874.0,0.0,0,1,0,0,0,0,1,0,0,1.0333333333333334,0.0,318138.5824175824,0,0
UMKM-00252,27,18636027,23,3.0,0.0,244150.0,0.0,0,0,1,0,0,0,0,0,1,0.7666666666666667,0.0,665572.3928571428,0,1
UMKM-00253,39,21841553,24,3.0,2.0,75875.0,1.0,0,0,1,0,0,0,0,0,1,0.8,0.05,546038.825,0,1
UMKM-00255,14,45607689,27,1.8,5.0,306679.0,2.0,0,0,0,0,0,0,0,0,1,0.9,0.3333333333333333,3040512.6,0,1
UMKM-00256,12,4636119,18,4.5,0.0,359733.0,2.0,0,0,0,0,0,1,0,0,0,0.6,0.0,356624.53846153844,0,1
UMKM-00257,32,21334211,6,3.0,0.0,315678.0,0.0,1,0,1,0,0,0,0,0,0,0.2,0.0,646491.2424242424,0,1
UMKM-00260,90,25370764,16,1.9,0.0,111807.0,1.0,0,0,0,0,0,1,0,0,0,0.5333333333333333,0.0,278799.6043956044,0,1
UMKM-00261,103,27947160,1,1.2,0.0,363814.0,3.0,2,0,0,0,0,1,0,0,0,0.03333333333333333,0.0,268722.6923076923,0,1
UMKM-00262,117,26790412,15,3.0,0.0,387609.0,1.0,0,0,0,0,0,1,0,0,0,0.5,0.0,227037.38983050847,0,1
UMKM-00264,53,17105466,17,4.6,5.0,223962.0,0.0,0,0,0,0,0,1,0,0,0,0.5666666666666667,0.09259259259259259,316767.8888888889,0,1
UMKM-00266,62,5070081,0,2.7,2.0,222401.0,4.0,2,0,0,0,0,0,0,0,1,0.0,0.031746031746031744,80477.47619047618,0,1
UMKM-00267,15,10538735,2,2.7,5.0,409763.0,0.0,1,0,0,0,0,1,0,0,0,0.06666666666666667,0.3125,658670.9375,0,1
UMKM-00268,98,17614866,20,3.0,2.0,0.0,0.0,0,0,1,1,0,0,0,0,1,0.6666666666666666,0.020202020202020204,177927.9393939394,0,0
UMKM-00269,109,38471432,29,3.0,2.0,463973.0,1.0,0,0,1,0,0,1,0,0,0,0.9666666666666667,0.01818181818181818,349740.2909090909,0,1
UMKM-00270,72,34016347,10,3.0,2.0,345251.0,2.0,0,0,1,0,0,0,0,0,1,0.3333333333333333,0.0273972602739726,465977.3561643836,0,1
UMKM-00271,97,11603512,21,1.6,30.0,446078.0,0.0,2,0,0,0,0,0,0,0,1,0.7,0.30612244897959184,118403.1836734694,1,1
UMKM-00272,89,42727974,24,4.9,0.0,132533.0,3.0,0,0,0,0,0,0,1,0,0,0.8,0.0,474755.26666666666,0,1
UMKM-00273,72,36905148,2,3.0,0.0,67487.0,3.0,1,0,0,0,0,0,1,0,0,0.06666666666666667,0.0,505549.9726027397,0,1
UMKM-00274,64,13876169,29,3.0,0.0,340497.0,1.0,1,0,1,0,0,0,1,0,0,0.9666666666666667,0.0,213479.52307692307,0,1
UMKM-00275,6,44762496,23,3.0,15.0,58984.0,0.0,1,0,1,0,0,1,0,0,0,0.7666666666666667,2.142857142857143,6394642.285714285,1,1
UMKM-00278,103,37323086,22,3.0,0.0,218351.0,1.0,0,1,1,0,0,1,0,0,0,0.7333333333333333,0.0,358875.82692307694,0,0
UMKM-00279,81,8061944,7,2.1,0.0,90080.0,0.0,0,1,0,0,0,0,0,0,1,0.23333333333333334,0.0,98316.39024390244,0,0
UMKM-00280,8,27548036,3,1.3,0.0,324983.0,1.0,1,1,0,0,0,0,1,0,0,0.1,0.0,3060892.888888889,0,0
UMKM-00283,40,48262613,30,3.8,0.0,411018.0,2.0,0,0,0,0,0,0,0,0,1,1.0,0.0,1177136.9024390243,0,1
UMKM-00284,26,12569471,28,3.9,0.0,353643.0,0.0,0,0,0,0,1,1,0,0,0,0.9333333333333333,0.0,465535.962962963,0,1
UMKM-00286,38,40611606,12,3.7,2.0,448572.0,0.0,0,0,0,0,0,0,1,0,0,0.4,0.05128205128205128,1041323.2307692308,0,1
UMKM-00288,35,11031671,8,3.9,2.0,388070.0,0.0,0,0,0,0,0,0,0,0,1,0.26666666666666666,0.05555555555555555,306435.30555555556,0,1
UMKM-00289,48,7134678,20,3.0,15.0,341922.0,0.0,0,0,1,0,0,1,0,0,0,0.6666666666666666,0.30612244897959184,145605.67346938775,1,1
UMKM-00290,105,42947371,2,1.6,0.0,155528.0,1.0,1,0,0,0,0,1,0,0,0,0.06666666666666667,0.0,405163.87735849054,0,1
UMKM-00291,38,16911898,24,2.0,0.0,375336.0,1.0,1,0,0,0,0,0,0,0,1,0.8,0.0,433638.41025641025,0,1
UMKM-00292,92,38531240,24,4.1,0.0,233255.0,0.0,0,0,0,0,0,1,0,0,0,0.8,0.0,414314.40860215056,0,1
UMKM-00294,103,43155894,28,3.0,0.0,178219.0,1.0,0,0,1,0,0,1,0,0,0,0.9333333333333333,0.0,414960.51923076925,0,1
UMKM-00295,21,39298785,10,2.4,0.0,79980.0,0.0,0,0,0,0,0,1,0,0,0,0.3333333333333333,0.0,1786308.4090909092,0,1
UMKM-00296,110,25037435,10,1.0,0.0,216891.0,3.0,1,0,0,0,0,1,0,0,0,0.3333333333333333,0.0,225562.47747747749,0,1
UMKM-00297,81,3956156,25,4.0,30.0,64065.0,0.0,1,0,0,0,0,0,0,0,1,0.8333333333333334,0.36585365853658536,48245.80487804878,1,1
UMKM-00298,98,20058912,13,3.2,0.0,437505.0,0.0,0,0,0,0,0,0,0,0,1,0.43333333333333335,0.0,202615.27272727274,0,1
UMKM-00299,117,16030066,15,3.0,0.0,322703.0,0.0,0,0,1,0,0,1,0,0,0,0.5,0.0,135848.01694915254,0,1
UMKM-00300,72,35687675,9,3.0,0.0,174514.0,0.0,0,0,1,0,0,0,0,0,0,0.3,0.0,488872.2602739726,0,1
UMKM-00301,73,34559109,30,2.1,30.0,123969.0,3.0,2,0,0,0,0,0,0,0,1,1.0,0.40540540540540543,467014.9864864865,1,1
UMKM-00302,37,9593188,30,3.0,0.0,189728.0,0.0,0,0,1,0,0,0,1,0,0,1.0,0.0,252452.31578947368,0,1
UMKM-00304,111,17202721,9,2.0,0.0,243060.0,0.0,0,0,0,0,0,0,0,0,1,0.3,0.0,153595.7232142857,0,1
UMKM-00305,25,28217933,25,3.0,0.0,81477.0,1.0,1,1,1,0,0,1,0,0,0,0.8333333333333334,0.0,1085305.1153846155,0,0
UMKM-00306,93,20286179,19,4.2,2.0,156111.0,3.0,1,0,0,0,0,1,0,0,0,0.6333333333333333,0.02127659574468085,215810.414893617,0,1
UMKM-00308,86,28047758,8,3.9,0.0,330406.0,0.0,0,0,0,0,0,0,0,0,1,0.26666666666666666,0.0,322388.0229885057,0,1
UMKM-00309,77,1558745,14,2.0,0.0,377231.0,2.0,1,0,0,0,0,0,1,0,0,0.4666666666666667,0.0,19983.910256410258,0,1
UMKM-00310,104,26732643,8,4.8,0.0,218721.0,0.0,0,0,0,0,0,1,0,0,0,0.26666666666666666,0.0,254596.6,0,1
UMKM-00311,48,15884399,6,3.2,2.0,497004.0,0.0,1,0,0,0,0,1,0,0,0,0.2,0.04081632653061224,324171.4081632653,0,1
UMKM-00312,56,49701012,25,1.1,0.0,101686.0,1.0,1,1,0,0,0,1,0,0,0,0.8333333333333334,0.0,871947.5789473684,0,0
UMKM-00313,81,46741083,23,2.6,0.0,223937.0,4.0,1,0,0,0,0,0,0,0,0,0.7666666666666667,0.0,570013.2073170731,0,1
UMKM-00314,26,43137283,11,4.9,30.0,479793.0,0.0,1,0,0,0,0,0,0,1,0,0.36666666666666664,1.1111111111111112,1597677.148148148,1,1
UMKM-00315,34,48698365,19,3.9,0.0,386443.0,2.0,0,0,0,0,0,0,0,0,1,0.6333333333333333,0.0,1391381.857142857,0,1
UMKM-00316,7,13840143,13,2.2,0.0,268597.0,0.0,0,1,0,0,0,0,0,1,0,0.43333333333333335,0.0,1730017.875,0,0
UMKM-00317,117,37425173,21,3.3,0.0,270725.0,0.0,1,0,0,0,0,1,0,0,0,0.7,0.0,317162.4830508475,0,1
UMKM-00318,78,42464523,15,3.4,0.0,245399.0,3.0,0,0,0,0,0,0,1,0,0,0.5,0.0,537525.6075949367,0,1
UMKM-00319,29,35171855,28,1.1,0.0,241124.0,1.0,0,0,0,0,0,0,1,0,0,0.9333333333333333,0.0,1172395.1666666667,0,1
UMKM-00321,67,26802855,18,3.2,5.0,86409.0,1.0,0,0,0,0,0,0,0,0,1,0.6,0.07352941176470588,394159.6323529412,0,1
UMKM-00324,19,2250844,31,3.0,0.0,247264.0,0.0,2,0,1,0,0,0,0,1,0,1.0333333333333334,0.0,112542.2,0,1
UMKM-00325,89,1916094,19,3.0,0.0,196681.0,0.0,0,0,0,0,0,1,0,0,0,0.6333333333333333,0.0,21289.933333333334,0,1
UMKM-00327,60,44030025,19,1.6,2.0,173828.0,1.0,0,0,0,0,0,1,0,0,0,0.6333333333333333,0.03278688524590164,721803.6885245901,0,1
UMKM-00328,39,34801321,7,3.4,2.0,447326.0,2.0,0,0,0,0,0,0,1,0,0,0.23333333333333334,0.05,870033.025,0,1
UMKM-00331,85,24392532,12,1.9,0.0,243616.0,1.0,0,0,0,0,0,0,0,0,1,0.4,0.0,283634.0930232558,0,1
UMKM-00333,66,23046478,5,4.6,0.0,476290.0,0.0,0,0,0,0,0,0,0,1,0,0.16666666666666666,0.0,343977.2835820895,0,1
UMKM-00334,113,15756739,15,3.0,5.0,222736.0,0.0,0,0,1,0,0,0,1,0,0,0.5,0.043859649122807015,138217.00877192983,0,1
UMKM-00338,81,6236840,5,2.0,0.0,324329.0,0.0,1,0,0,0,0,0,0,0,0,0.16666666666666666,0.0,76059.0243902439,0,1
UMKM-00340,69,36297659,14,3.0,0.0,464094.0,0.0,0,0,1,0,0,0,0,1,0,0.4666666666666667,0.0,518537.9857142857,0,1
UMKM-00341,33,11760301,14,2.6,0.0,313540.0,2.0,1,0,0,0,0,0,1,0,0,0.4666666666666667,0.0,345891.20588235295,0,1
UMKM-00342,105,30335471,13,1.3,2.0,315604.0,0.0,0,0,0,0,0,0,0,0,0,0.43333333333333335,0.018867924528301886,286183.6886792453,0,1
UMKM-00344,82,16763809,4,3.0,0.0,232386.0,2.0,1,0,1,0,0,0,0,0,1,0.13333333333333333,0.0,201973.60240963855,0,1
UMKM-00345,69,18363686,25,3.4,0.0,488605.0,1.0,1,0,0,0,0,1,0,0,0,0.8333333333333334,0.0,262338.3714285714,0,1
UMKM-00346,23,21751625,16,2.5,2.0,0.0,2.0,1,0,0,1,0,0,1,0,0,0.5333333333333333,0.08333333333333333,906317.7083333334,0,0
UMKM-00348,84,34731648,15,2.7,0.0,0.0,2.0,1,0,0,1,0,0,1,0,0,0.5,0.0,408607.62352941174,0,0
UMKM-00351,14,43066702,22,3.7,0.0,52655.0,0.0,0,0,0,0,0,0,1,0,0,0.7333333333333333,0.0,2871113.466666667,0,1
UMKM-00352,40,19595568,12,3.0,0.0,486321.0,0.0,0,0,0,0,0,0,0,0,1,0.4,0.0,477940.68292682926,0,1
UMKM-00354,59,37448990,28,3.0,2.0,111045.0,0.0,0,0,1,0,0,0,0,0,0,0.9333333333333333,0.03333333333333333,624149.8333333334,0,1
UMKM-00357,105,19444906,26,4.8,0.0,486854.0,1.0,0,0,0,0,0,0,0,1,0,0.8666666666666667,0.0,183442.50943396226,0,1
UMKM-00359,75,49070000,8,4.3,0.0,260161.0,1.0,0,0,0,0,0,0,0,0,1,0.26666666666666666,0.0,645657.8947368421,0,1
UMKM-00360,60,22196641,25,2.0,30.0,104322.0,1.0,0,0,0,0,0,1,0,0,0,0.8333333333333334,0.4918032786885246,363879.3606557377,1,1
UMKM-00361,23,44912076,2,2.7,5.0,413944.0,0.0,2,0,0,0,0,0,0,0,1,0.06666666666666667,0.20833333333333334,1871336.5,0,1
UMKM-00363,64,6017226,4,1.6,0.0,447438.0,1.0,2,1,0,0,0,0,0,0,1,0.13333333333333333,0.0,92572.7076923077,0,0
UMKM-00364,2,13300059,19,3.9,0.0,101141.0,1.0,1,0,0,0,0,0,0,0,1,0.6333333333333333,0.0,4433353.0,0,1
UMKM-00365,23,3746153,19,3.8,2.0,60716.0,0.0,0,0,0,0,0,0,0,0,1,0.6333333333333333,0.08333333333333333,156089.70833333334,0,1
UMKM-00366,106,26138143,4,3.2,15.0,110644.0,3.0,2,0,0,0,0,1,0,0,0,0.13333333333333333,0.14018691588785046,244281.71028037384,1,1
UMKM-00367,45,49212066,9,3.3,5.0,175650.0,0.0,0,0,0,0,0,0,1,0,0,0.3,0.10869565217391304,1069827.5217391304,0,1
UMKM-00368,27,18881404,15,1.4,0.0,0.0,1.0,0,1,0,1,0,0,0,0,1,0.5,0.0,674335.8571428572,0,0
UMKM-00371,29,13098334,24,2.2,0.0,182454.0,0.0,0,0,0,0,0,0,0,0,1,0.8,0.0,436611.13333333336,0,1
UMKM-00372,63,25069712,29,4.6,0.0,260970.0,2.0,0,0,0,0,0,0,0,0,1,0.9666666666666667,0.0,391714.25,0,1
UMKM-00373,85,22902830,13,3.3,2.0,185239.0,0.0,0,0,0,0,0,0,0,0,1,0.43333333333333335,0.023255813953488372,266311.9767441861,0,1
UMKM-00374,102,21560328,21,4.0,5.0,298926.0,0.0,0,0,0,0,0,1,0,0,0,0.7,0.04854368932038835,209323.572815534,0,1
UMKM-00376,78,24962516,27,1.8,0.0,415993.0,0.0,0,0,0,0,0,0,1,0,0,0.9,0.0,315981.2151898734,0,1
UMKM-00377,103,11056396,29,3.4,15.0,276895.0,0.0,2,0,0,0,0,0,0,0,1,0.9666666666666667,0.14423076923076922,106311.5,1,1
UMKM-00378,14,18045818,18,4.0,0.0,131117.0,0.0,0,1,0,0,0,1,0,0,0,0.6,0.0,1203054.5333333334,0,0
UMKM-00383,112,33800222,21,3.1,2.0,124963.0,0.0,0,0,0,0,0,1,0,0,0,0.7,0.017699115044247787,299117.00884955755,0,1
UMKM-00384,13,45134346,14,3.0,0.0,104534.0,0.0,0,1,1,0,0,0,0,1,0,0.4666666666666667,0.0,3223881.8571428573,0,0
UMKM-00385,96,46789743,10,2.2,0.0,479967.0,2.0,1,0,0,0,0,0,1,0,0,0.3333333333333333,0.0,482368.4845360825,0,1
UMKM-00387,39,38297281,23,4.6,2.0,336265.0,2.0,0,0,0,0,0,0,0,0,1,0.7666666666666667,0.05,957432.025,0,1
UMKM-00388,37,26259300,5,4.1,0.0,121736.0,1.0,0,0,0,0,0,0,0,1,0,0.16666666666666666,0.0,691034.2105263158,0,1
UMKM-00389,7,34668992,16,4.4,2.0,261369.0,3.0,0,0,0,0,0,0,0,0,1,0.5333333333333333,0.25,4333624.0,0,1
UMKM-00390,7,6115011,27,4.6,5.0,203198.0,4.0,1,0,0,0,0,0,1,0,0,0.9,0.625,764376.375,0,1
UMKM-00391,54,19127203,30,3.0,15.0,111581.0,0.0,1,0,1,0,0,0,0,0,0,1.0,0.2727272727272727,347767.32727272727,1,1
UMKM-00393,80,1549656,8,2.8,5.0,338267.0,2.0,1,0,0,0,0,1,0,0,0,0.26666666666666666,0.06172839506172839,19131.555555555555,0,1
UMKM-00394,86,17592258,9,1.0,0.0,101036.0,0.0,0,0,0,0,0,0,0,1,0,0.3,0.0,202209.8620689655,0,1
UMKM-00395,46,29604680,20,3.0,0.0,442206.0,0.0,1,0,0,0,0,0,0,1,0,0.6666666666666666,0.0,629886.8085106383,0,1
UMKM-00397,47,21180425,30,1.8,0.0,196662.0,0.0,1,0,0,0,0,1,0,0,0,1.0,0.0,441258.8541666667,0,1
UMKM-00398,103,45040993,28,3.6,0.0,489481.0,0.0,0,0,0,0,0,0,0,0,1,0.9333333333333333,0.0,433086.4711538461,0,1
UMKM-00401,77,42844417,10,2.0,2.0,72701.0,0.0,0,0,0,0,0,0,0,0,1,0.3333333333333333,0.02564102564102564,549287.3974358974,0,1
UMKM-00403,110,45721257,0,1.8,0.0,353322.0,0.0,1,0,0,0,0,0,1,0,0,0.0,0.0,411903.2162162162,0,1
UMKM-00404,66,19116299,20,3.3,2.0,155734.0,3.0,0,0,0,0,0,0,0,0,1,0.6666666666666666,0.029850746268656716,285317.89552238805,0,1
UMKM-00405,36,39959104,22,2.9,0.0,349262.0,4.0,1,0,0,0,0,0,0,0,1,0.7333333333333333,0.0,1079975.7837837837,0,1
UMKM-00406,84,38257799,8,3.1,0.0,75387.0,0.0,0,0,0,0,0,0,1,0,0,0.26666666666666666,0.0,450091.75294117647,0,1
UMKM-00407,106,42529775,0,1.5,5.0,107613.0,2.0,1,0,0,0,0,1,0,0,0,0.0,0.04672897196261682,397474.5327102804,0,1
UMKM-00408,109,40488817,20,3.1,0.0,358810.0,0.0,0,0,0,0,0,0,0,1,0,0.6666666666666666,0.0,368080.15454545454,0,1
UMKM-00409,20,47749580,21,1.2,0.0,220207.0,1.0,0,0,0,0,0,1,0,0,0,0.7,0.0,2273789.523809524,0,1
UMKM-00410,17,46931435,3,4.5,0.0,79554.0,0.0,1,0,0,0,0,0,0,0,1,0.1,0.0,2607301.9444444445,0,1
UMKM-00411,37,17954692,0,2.4,0.0,431531.0,1.0,1,0,0,0,0,0,0,0,1,0.0,0.0,472491.8947368421,0,1
UMKM-00412,71,2199217,9,4.4,0.0,274389.0,0.0,0,1,0,0,0,0,0,0,0,0.3,0.0,30544.680555555555,0,0
UMKM-00413,22,32193070,14,3.0,0.0,92146.0,0.0,0,0,1,0,0,0,0,0,1,0.4666666666666667,0.0,1399698.6956521738,0,1
UMKM-00415,14,14507188,28,2.3,5.0,456204.0,0.0,0,0,0,0,0,0,0,0,1,0.9333333333333333,0.3333333333333333,967145.8666666667,0,1
UMKM-00416,50,33596266,4,1.9,0.0,233191.0,4.0,2,0,0,0,0,0,0,0,1,0.13333333333333333,0.0,658750.3137254902,0,1
UMKM-00417,77,33122771,28,2.6,0.0,328600.0,4.0,1,0,0,0,0,0,0,1,0,0.9333333333333333,0.0,424650.91025641025,0,1
UMKM-00418,106,37504340,26,1.1,15.0,431825.0,2.0,2,0,0,0,0,0,0,1,0,0.8666666666666667,0.14018691588785046,350507.85046728974,1,1
UMKM-00419,33,46956920,24,4.7,30.0,434717.0,0.0,1,0,0,0,0,0,0,0,1,0.8,0.8823529411764706,1381085.8823529412,1,1
UMKM-00420,45,2931441,15,2.5,0.0,251650.0,0.0,0,0,0,0,0,0,1,0,0,0.5,0.0,63726.97826086957,0,1
UMKM-00421,6,47671201,15,5.0,0.0,472430.0,0.0,0,0,0,0,0,0,0,0,1,0.5,0.0,6810171.571428572,0,1
UMKM-00423,89,14716680,24,1.3,0.0,373549.0,0.0,0,0,0,0,0,0,0,0,1,0.8,0.0,163518.66666666666,0,1
UMKM-00425,72,27301554,0,3.0,0.0,268595.0,0.0,0,0,1,0,0,0,0,1,0,0.0,0.0,373993.8904109589,0,1
UMKM-00426,5,41054430,4,2.0,0.0,313021.0,2.0,0,0,0,0,0,0,0,1,0,0.13333333333333333,0.0,6842405.0,0,1
UMKM-00428,36,49753731,19,4.7,0.0,370244.0,0.0,0,0,0,0,0,0,0,0,1,0.6333333333333333,0.0,1344695.4324324324,0,1
UMKM-00429,21,33251324,4,3.0,5.0,267285.0,1.0,0,0,0,0,0,0,0,0,1,0.13333333333333333,0.22727272727272727,1511423.8181818181,0,1
UMKM-00431,32,46645125,28,2.1,0.0,412988.0,0.0,1,0,0,0,0,0,0,0,1,0.9333333333333333,0.0,1413488.6363636365,0,1
UMKM-00433,37,49655043,17,2.4,5.0,279457.0,2.0,1,0,0,0,0,0,0,1,0,0.5666666666666667,0.13157894736842105,1306711.6578947369,0,1
UMKM-00434,13,35396761,1,2.3,0.0,362627.0,0.0,1,0,0,0,0,1,0,0,0,0.03333333333333333,0.0,2528340.0714285714,0,1
UMKM-00435,58,44136622,15,2.0,0.0,377437.0,1.0,0,0,0,0,0,0,0,1,0,0.5,0.0,748078.3389830509,0,1
UMKM-00436,0,42297775,28,2.6,0.0,387594.0,0.0,2,0,0,0,0,1,0,0,0,0.9333333333333333,0.0,42297775.0,0,1
UMKM-00438,110,10277584,15,1.9,0.0,295299.0,0.0,0,1,0,0,0,0,0,0,1,0.5,0.0,92590.84684684685,0,0
UMKM-00442,86,17218864,16,3.0,0.0,181651.0,0.0,0,0,1,0,0,1,0,0,0,0.5333333333333333,0.0,197917.97701149425,0,1
UMKM-00443,59,36084764,3,1.1,0.0,324731.0,0.0,1,0,0,0,0,1,0,0,0,0.1,0.0,601412.7333333333,0,1
UMKM-00444,93,13707658,3,3.0,0.0,116181.0,1.0,1,0,1,0,0,0,0,0,1,0.1,0.0,145826.1489361702,0,1
UMKM-00445,98,5739023,24,4.2,2.0,229542.0,0.0,0,0,0,0,0,0,1,0,0,0.8,0.020202020202020204,57969.92929292929,0,1
UMKM-00447,53,34070232,13,4.5,0.0,197000.0,0.0,0,0,0,0,0,1,0,0,0,0.43333333333333335,0.0,630930.2222222222,0,1
UMKM-00448,46,15330983,23,4.2,0.0,404489.0,2.0,0,0,0,0,0,1,0,0,0,0.7666666666666667,0.0,326191.12765957444,0,1
UMKM-00449,112,18810506,10,3.0,0.0,93591.0,1.0,0,0,1,0,0,1,0,0,0,0.3333333333333333,0.0,166464.65486725664,0,1
UMKM-00450,41,39179967,24,4.4,2.0,344045.0,0.0,0,0,0,0,0,1,0,0,0,0.8,0.047619047619047616,932856.3571428572,0,1
UMKM-00451,114,47892742,27,2.6,15.0,143411.0,1.0,1,0,0,0,0,0,0,0,1,0.9,0.13043478260869565,416458.62608695653,1,1
UMKM-00452,1,41401561,6,3.2,5.0,189571.0,2.0,1,0,0,0,0,1,0,0,0,0.2,2.5,20700780.5,0,1
UMKM-00454,97,12835157,9,1.3,0.0,198490.0,0.0,2,1,0,0,0,1,0,0,0,0.3,0.0,130970.98979591837,0,0
UMKM-00456,62,9870046,30,1.6,0.0,306772.0,1.0,0,0,0,0,0,0,0,1,0,1.0,0.0,156667.39682539683,0,1
UMKM-00457,19,5768424,18,4.5,0.0,327390.0,0.0,0,0,0,0,0,1,0,0,0,0.6,0.0,288421.2,0,1
UMKM-00458,6,28871254,17,2.2,0.0,482001.0,1.0,1,0,0,0,0,1,0,0,0,0.5666666666666667,0.0,4124464.8571428573,0,1
UMKM-00459,20,10509388,5,2.3,0.0,153425.0,0.0,1,0,0,0,0,1,0,0,0,0.16666666666666666,0.0,500447.04761904763,0,1
UMKM-00460,96,11531544,27,1.3,0.0,425544.0,2.0,1,0,0,0,0,1,0,0,0,0.9,0.0,118881.89690721649,0,1
UMKM-00461,104,34398593,6,4.5,0.0,346647.0,0.0,0,0,0,0,0,0,1,0,0,0.2,0.0,327605.6476190476,0,1
UMKM-00463,37,21849307,11,3.5,0.0,378621.0,1.0,0,1,0,0,0,0,0,1,0,0.36666666666666664,0.0,574981.7631578947,0,0
UMKM-00466,31,21571084,24,3.0,5.0,248013.0,2.0,0,0,1,0,0,0,0,1,0,0.8,0.15625,674096.375,0,1
UMKM-00467,40,46639764,16,1.3,0.0,385144.0,1.0,1,0,0,0,0,0,0,1,0,0.5333333333333333,0.0,1137555.219512195,0,1
UMKM-00469,82,3058721,22,2.9,0.0,147565.0,0.0,1,0,0,0,0,1,0,0,0,0.7333333333333333,0.0,36852.06024096385,0,1
UMKM-00470,74,16733562,8,3.0,5.0,160123.0,2.0,2,0,1,0,0,0,0,0,0,0.26666666666666666,0.06666666666666667,223114.16,0,1
UMKM-00471,115,41946799,5,1.7,15.0,379225.0,0.0,2,0,0,0,0,0,1,0,0,0.16666666666666666,0.12931034482758622,361610.3362068966,1,1
UMKM-00472,7,23933441,1,3.9,2.0,428578.0,0.0,2,0,0,0,0,0,0,0,1,0.03333333333333333,0.25,2991680.125,0,1
UMKM-00474,119,16486047,8,3.0,0.0,188968.0,0.0,0,0,1,0,0,0,0,0,1,0.26666666666666666,0.0,137383.725,0,1
UMKM-00475,112,6393333,2,1.8,0.0,155634.0,0.0,2,0,0,0,0,1,0,0,0,0.06666666666666667,0.0,56578.16814159292,0,1
UMKM-00476,48,14482663,15,4.9,0.0,185360.0,0.0,0,1,0,0,0,0,1,0,0,0.5,0.0,295564.55102040817,0,0
UMKM-00477,51,5512121,24,1.1,2.0,468960.0,0.0,0,0,0,0,1,0,0,0,1,0.8,0.038461538461538464,106002.32692307692,0,1
UMKM-00478,110,7908008,23,3.0,0.0,71150.0,3.0,1,0,1,0,0,0,0,0,0,0.7666666666666667,0.0,71243.31531531531,0,1
UMKM-00479,112,43002112,28,3.1,2.0,400021.0,2.0,1,0,0,0,0,0,0,0,1,0.9333333333333333,0.017699115044247787,380549.66371681413,0,1
UMKM-00482,90,19941059,25,4.8,15.0,281961.0,0.0,2,0,0,0,0,0,0,1,0,0.8333333333333334,0.16483516483516483,219132.5164835165,1,1
UMKM-00485,104,21978606,22,3.6,0.0,358846.0,0.0,0,0,0,0,0,0,1,0,0,0.7333333333333333,0.0,209320.05714285714,0,1
UMKM-00486,116,43333002,3,2.9,0.0,331869.0,0.0,0,0,0,0,0,1,0,0,0,0.1,0.0,370367.53846153844,0,1
UMKM-00488,86,38685711,13,4.0,2.0,467294.0,0.0,0,0,0,0,0,1,0,0,0,0.43333333333333335,0.022988505747126436,444663.3448275862,0,1
UMKM-00490,99,14346122,6,3.0,2.0,68059.0,3.0,2,0,1,0,0,1,0,0,0,0.2,0.02,143461.22,0,1
UMKM-00491,81,33029948,7,4.8,2.0,68161.0,0.0,0,0,0,0,0,1,0,0,0,0.23333333333333334,0.024390243902439025,402804.243902439,0,1
UMKM-00493,17,44530178,18,3.0,0.0,402489.0,2.0,0,0,1,0,0,0,1,0,0,0.6,0.0,2473898.777777778,0,1
UMKM-00494,108,36640604,1,3.0,2.0,60687.0,0.0,0,0,1,0,0,0,1,0,0,0.03333333333333333,0.01834862385321101,336152.33027522935,0,1
UMKM-00495,22,35919697,0,4.3,0.0,394647.0,3.0,0,0,0,0,0,0,0,0,1,0.0,0.0,1561725.956521739,0,1
UMKM-00498,51,26281805,12,4.8,0.0,220590.0,0.0,0,0,0,0,0,0,1,0,0,0.4,0.0,505419.32692307694,0,1
UMKM-00501,48,10710622,23,1.0,2.0,211713.0,0.0,0,0,0,0,0,0,0,0,0,0.7666666666666667,0.04081632653061224,218584.1224489796,0,1
UMKM-00502,23,43231609,31,3.0,0.0,221800.0,0.0,1,0,1,0,0,1,0,0,0,1.0333333333333334,0.0,1801317.0416666667,0,1
UMKM-00503,77,26889895,29,2.1,0.0,362231.0,1.0,0,0,0,0,0,1,0,0,0,0.9666666666666667,0.0,344742.24358974356,0,1
UMKM-00504,91,16703721,5,3.8,15.0,486767.0,0.0,2,0,0,0,0,0,0,0,1,0.16666666666666666,0.16304347826086957,181562.1847826087,1,1
UMKM-00508,29,38331196,22,3.9,0.0,236505.0,0.0,1,0,0,0,0,1,0,0,0,0.7333333333333333,0.0,1277706.5333333334,0,1
UMKM-00509,24,29065499,9,2.0,0.0,420085.0,2.0,1,0,0,0,0,0,0,0,1,0.3,0.0,1162619.96,0,1
UMKM-00510,86,17635015,14,1.9,0.0,257459.0,0.0,1,0,0,0,0,0,0,0,0,0.4666666666666667,0.0,202701.32183908045,0,1
UMKM-00511,11,12788510,22,1.2,0.0,106561.0,0.0,1,0,0,0,0,1,0,0,0,0.7333333333333333,0.0,1065709.1666666667,0,1
UMKM-00513,74,37327651,0,3.6,0.0,389152.0,0.0,0,0,0,0,0,0,1,0,0,0.0,0.0,497702.0133333333,0,1
UMKM-00514,104,22642128,7,3.0,5.0,447190.0,2.0,0,0,0,0,0,0,0,0,1,0.23333333333333334,0.047619047619047616,215639.3142857143,0,1
UMKM-00515,24,19421389,2,1.1,2.0,265138.0,3.0,1,0,0,0,0,1,0,0,0,0.06666666666666667,0.08,776855.56,0,1
UMKM-00516,110,34239538,13,4.9,0.0,74053.0,0.0,0,0,0,0,0,0,0,1,0,0.43333333333333335,0.0,308464.30630630633,0,1
UMKM-00517,87,10357832,16,3.6,2.0,483288.0,0.0,0,0,0,0,0,0,0,0,1,0.5333333333333333,0.022727272727272728,117702.63636363637,0,1
UMKM-00519,73,31883787,5,2.1,0.0,269171.0,0.0,2,0,0,0,0,1,0,0,0,0.16666666666666666,0.0,430861.9864864865,0,1
UMKM-00520,104,40100068,4,3.6,0.0,484805.0,2.0,2,1,0,0,0,0,0,0,0,0.13333333333333333,0.0,381905.4095238095,0,0
UMKM-00523,45,34629236,28,3.7,15.0,88966.0,1.0,1,0,0,0,0,0,0,0,1,0.9333333333333333,0.32608695652173914,752809.4782608695,1,1
UMKM-00525,100,20754093,17,4.6,0.0,247715.0,0.0,0,0,0,0,0,0,1,0,0,0.5666666666666667,0.0,205486.0693069307,0,1
UMKM-00527,41,22734323,29,2.6,15.0,284362.0,0.0,2,0,0,0,0,0,1,0,0,0.9666666666666667,0.35714285714285715,541293.4047619047,1,1
UMKM-00528,47,19750087,14,4.8,30.0,282810.0,0.0,0,0,0,0,0,0,0,0,1,0.4666666666666667,0.625,411460.1458333333,1,1
UMKM-00529,58,2940483,14,2.8,2.0,156327.0,0.0,1,0,0,0,0,0,0,1,0,0.4666666666666667,0.03389830508474576,49838.69491525424,0,1
UMKM-00530,112,20689114,15,3.9,0.0,454462.0,4.0,1,0,0,0,0,0,0,1,0,0.5,0.0,183089.50442477877,0,1
UMKM-00532,116,23004581,9,1.7,15.0,351973.0,1.0,2,0,0,0,0,0,0,1,0,0.3,0.1282051282051282,196620.35042735044,1,1
UMKM-00533,32,25466478,18,5.0,0.0,373269.0,0.0,0,1,0,0,0,0,0,0,1,0.6,0.0,771711.4545454546,0,0
UMKM-00535,81,7825711,2,2.6,0.0,417421.0,0.0,1,0,0,0,0,0,1,0,0,0.06666666666666667,0.0,95435.5,0,1
UMKM-00537,100,31714068,3,3.0,0.0,406087.0,0.0,0,0,1,0,0,0,0,0,0,0.1,0.0,314000.6732673267,0,1
UMKM-00538,1,30041075,10,3.8,15.0,404552.0,1.0,2,0,0,0,0,0,0,1,0,0.3333333333333333,7.5,15020537.5,1,1
UMKM-00541,76,27532675,27,1.7,0.0,390879.0,2.0,2,0,0,0,0,0,0,0,1,0.9,0.0,357567.2077922078,0,1
UMKM-00542,107,11967690,31,1.3,0.0,110131.0,3.0,0,0,0,0,0,0,1,0,0,1.0333333333333334,0.0,110811.94444444444,0,1
UMKM-00543,35,36680460,15,3.0,0.0,438339.0,2.0,0,0,1,0,0,0,1,0,0,0.5,0.0,1018901.6666666666,0,1
UMKM-00544,68,32084035,8,1.8,5.0,261084.0,0.0,0,0,0,0,0,0,0,1,0,0.26666666666666666,0.07246376811594203,464986.0144927536,0,1
UMKM-00545,4,37631627,10,2.2,2.0,157127.0,4.0,2,0,0,0,0,0,0,0,0,0.3333333333333333,0.4,7526325.4,0,1
UMKM-00546,51,3326344,5,2.1,0.0,222836.0,4.0,2,0,0,0,0,1,0,0,0,0.16666666666666666,0.0,63968.153846153844,0,1
UMKM-00547,1,46400140,26,2.2,0.0,211971.0,2.0,1,0,0,0,0,0,0,1,0,0.8666666666666667,0.0,23200070.0,0,1
UMKM-00548,106,14886255,11,3.0,0.0,268007.0,1.0,0,0,1,0,0,1,0,0,0,0.36666666666666664,0.0,139123.8785046729,0,1
UMKM-00549,119,11738073,21,4.8,0.0,0.0,0.0,0,0,0,1,0,0,0,0,1,0.7,0.0,97817.275,0,0
UMKM-00552,85,12488057,20,3.0,0.0,162339.0,1.0,1,0,1,0,0,1,0,0,0,0.6666666666666666,0.0,145209.96511627908,0,1
UMKM-00554,27,29276823,16,4.7,2.0,456544.0,0.0,0,0,0,0,0,1,0,0,0,0.5333333333333333,0.07142857142857142,1045600.8214285715,0,1
UMKM-00557,47,28577420,9,4.9,15.0,463012.0,0.0,1,0,0,0,0,1,0,0,0,0.3,0.3125,595362.9166666666,1,1
UMKM-00558,54,11628172,17,2.7,2.0,0.0,1.0,0,0,0,1,0,0,1,0,0,0.5666666666666667,0.03636363636363636,211421.30909090908,0,0
UMKM-00559,28,21440505,12,1.9,0.0,152173.0,2.0,1,0,0,0,0,0,0,0,0,0.4,0.0,739327.7586206896,0,1
UMKM-00561,11,3916596,9,5.0,0.0,312935.0,0.0,0,0,0,0,0,0,0,0,1,0.3,0.0,326383.0,0,1
UMKM-00565,84,34402592,2,3.2,5.0,381036.0,2.0,1,0,0,0,0,0,1,0,0,0.06666666666666667,0.058823529411764705,404736.37647058826,0,1
UMKM-00568,65,21239727,2,4.0,5.0,453980.0,1.0,0,0,0,0,0,1,0,0,0,0.06666666666666667,0.07575757575757576,321814.04545454547,0,1
UMKM-00570,44,43474638,1,3.0,2.0,127632.0,2.0,0,0,1,0,0,1,0,0,0,0.03333333333333333,0.044444444444444446,966103.0666666667,0,1
UMKM-00571,67,17419167,10,1.3,30.0,351612.0,1.0,1,0,0,0,0,1,0,0,0,0.3333333333333333,0.4411764705882353,256164.2205882353,1,1
UMKM-00572,55,40162400,9,4.2,0.0,52094.0,1.0,0,0,0,0,0,0,0,1,0,0.3,0.0,717185.7142857143,0,1
UMKM-00575,119,43609292,6,4.4,15.0,252858.0,0.0,1,0,0,0,0,0,0,0,0,0.2,0.125,363410.76666666666,1,1
UMKM-00576,18,34369021,14,3.9,30.0,65362.0,0.0,2,0,0,0,0,0,1,0,0,0.4666666666666667,1.5789473684210527,1808895.8421052631,1,1
UMKM-00577,77,33191226,25,4.6,2.0,222647.0,0.0,0,0,0,0,0,1,0,0,0,0.8333333333333334,0.02564102564102564,425528.53846153844,0,1
UMKM-00578,30,20828014,10,3.0,15.0,489237.0,0.0,1,0,1,0,1,1,0,0,0,0.3333333333333333,0.4838709677419355,671871.4193548387,1,1
UMKM-00580,110,41018575,26,3.0,0.0,220843.0,0.0,0,0,1,0,0,1,0,0,0,0.8666666666666667,0.0,369536.7117117117,0,1
UMKM-00582,37,37809424,6,3.0,0.0,431128.0,1.0,0,0,1,0,0,0,1,0,0,0.2,0.0,994984.8421052631,0,1
UMKM-00583,21,22574879,0,4.6,0.0,0.0,3.0,1,0,0,1,0,1,0,0,0,0.0,0.0,1026130.8636363636,0,0
UMKM-00584,26,10084970,9,2.6,0.0,0.0,2.0,0,0,0,1,0,0,0,0,1,0.3,0.0,373517.4074074074,0,0
UMKM-00585,72,40823623,20,3.0,0.0,190836.0,2.0,0,0,1,0,0,0,0,0,1,0.6666666666666666,0.0,559227.7123287672,0,1
UMKM-00586,115,31479362,14,3.1,0.0,290596.0,3.0,0,0,0,0,0,0,0,0,1,0.4666666666666667,0.0,271373.8103448276,0,1
UMKM-00587,12,30627659,29,3.1,0.0,208185.0,3.0,0,0,0,0,0,0,0,1,0,0.9666666666666667,0.0,2355973.769230769,0,1
UMKM-00588,22,2932303,29,3.0,0.0,329032.0,0.0,0,0,1,0,0,0,0,0,1,0.9666666666666667,0.0,127491.43478260869,0,1
UMKM-00589,118,3751821,7,3.0,0.0,0.0,0.0,0,0,1,1,0,0,0,0,1,0.23333333333333334,0.0,31527.907563025212,0,0
UMKM-00590,23,41869327,23,2.5,0.0,363157.0,0.0,0,0,0,0,0,0,0,0,1,0.7666666666666667,0.0,1744555.2916666667,0,1
UMKM-00591,10,32759418,18,3.2,5.0,473419.0,0.0,0,0,0,0,0,0,0,0,1,0.6,0.45454545454545453,2978128.909090909,0,1
UMKM-00592,93,24303156,2,4.8,30.0,299482.0,1.0,1,0,0,0,0,0,0,0,1,0.06666666666666667,0.3191489361702128,258544.21276595743,1,1
UMKM-00593,41,1426941,14,3.6,15.0,299443.0,0.0,1,0,0,0,0,1,0,0,0,0.4666666666666667,0.35714285714285715,33974.78571428572,1,1
UMKM-00595,53,39404656,5,1.0,5.0,332859.0,0.0,0,0,0,0,0,0,0,0,1,0.16666666666666666,0.09259259259259259,729715.8518518518,0,1
UMKM-00599,11,1935709,18,3.2,2.0,323952.0,1.0,1,0,0,0,0,1,0,0,0,0.6,0.16666666666666666,161309.08333333334,0,1
UMKM-00600,33,3485178,29,3.4,15.0,202184.0,4.0,1,0,0,0,0,1,0,0,0,0.9666666666666667,0.4411764705882353,102505.23529411765,1,1
UMKM-00601,42,49115019,12,3.8,2.0,270701.0,2.0,1,0,0,0,0,0,0,0,1,0.4,0.046511627906976744,1142209.7441860465,0,1
UMKM-00603,84,49517969,11,3.8,30.0,117105.0,0.0,0,0,0,0,0,0,0,0,1,0.36666666666666664,0.35294117647058826,582564.3411764706,1,1
UMKM-00605,33,7288893,11,3.7,15.0,286106.0,2.0,2,0,0,0,0,0,1,0,0,0.36666666666666664,0.4411764705882353,214379.20588235295,1,1
UMKM-00608,24,29688172,3,3.5,0.0,61156.0,1.0,0,0,0,0,0,0,1,0,0,0.1,0.0,1187526.88,0,1
UMKM-00610,16,35690510,13,1.4,0.0,234889.0,4.0,0,0,0,0,0,0,1,0,0,0.43333333333333335,0.0,2099441.7647058824,0,1
UMKM-00611,69,9875206,16,3.7,0.0,470961.0,1.0,1,0,0,0,0,0,0,0,1,0.5333333333333333,0.0,141074.37142857144,0,1
UMKM-00612,60,13932366,2,1.3,0.0,84940.0,0.0,1,0,0,0,0,0,1,0,0,0.06666666666666667,0.0,228399.44262295082,0,1
UMKM-00614,6,9602541,22,1.9,30.0,348332.0,2.0,2,0,0,0,0,0,0,0,1,0.7333333333333333,4.285714285714286,1371791.5714285714,1,1
UMKM-00615,88,31461879,12,2.2,5.0,121813.0,2.0,0,0,0,0,0,0,0,1,0,0.4,0.056179775280898875,353504.2584269663,0,1
UMKM-00616,30,27167544,8,3.0,0.0,84017.0,1.0,2,0,1,0,0,0,1,0,0,0.26666666666666666,0.0,876372.3870967742,0,1
UMKM-00617,12,49382891,20,2.0,0.0,301824.0,1.0,0,0,0,0,0,0,0,1,0,0.6666666666666666,0.0,3798683.923076923,0,1
UMKM-00619,47,18204925,7,3.6,0.0,211316.0,0.0,2,0,0,0,0,0,0,0,1,0.23333333333333334,0.0,379269.2708333333,0,1
UMKM-00620,65,43198579,16,4.8,15.0,314841.0,4.0,2,0,0,0,0,0,0,0,0,0.5333333333333333,0.22727272727272727,654523.9242424242,1,1
UMKM-00621,119,25129461,15,1.2,0.0,282129.0,0.0,0,1,0,0,0,0,0,0,1,0.5,0.0,209412.175,0,0
UMKM-00623,52,33482616,27,3.8,5.0,160930.0,0.0,0,0,0,0,0,1,0,0,0,0.9,0.09433962264150944,631747.4716981133,0,1
UMKM-00624,84,2750866,15,2.0,0.0,104086.0,0.0,2,0,0,0,0,0,0,0,0,0.5,0.0,32363.129411764705,0,1
UMKM-00625,81,29470337,13,3.9,2.0,138385.0,0.0,1,0,0,0,0,1,0,0,0,0.43333333333333335,0.024390243902439025,359394.35365853657,0,1
UMKM-00628,0,11190880,19,3.8,5.0,250899.0,3.0,1,0,0,0,0,1,0,0,0,0.6333333333333333,5.0,11190880.0,0,1
UMKM-00632,18,28200854,28,3.0,2.0,259648.0,0.0,0,0,1,0,0,0,0,0,1,0.9333333333333333,0.10526315789473684,1484255.4736842106,0,1
UMKM-00633,80,11339460,2,2.5,5.0,0.0,0.0,1,0,0,1,0,0,0,0,0,0.06666666666666667,0.06172839506172839,139993.33333333334,0,0
UMKM-00634,13,33525366,9,2.6,0.0,169771.0,0.0,1,1,0,0,0,1,0,0,0,0.3,0.0,2394669.0,0,0
UMKM-00635,95,39789180,19,3.4,30.0,425789.0,0.0,0,0,0,0,0,0,0,1,0,0.6333333333333333,0.3125,414470.625,1,1
UMKM-00636,12,9400728,1,4.0,5.0,109019.0,0.0,0,0,0,0,0,0,1,0,0,0.03333333333333333,0.38461538461538464,723132.9230769231,0,1
UMKM-00637,89,35178567,26,3.9,2.0,201539.0,0.0,0,0,0,0,0,1,0,0,0,0.8666666666666667,0.022222222222222223,390872.9666666667,0,1
UMKM-00638,95,5817167,31,1.1,2.0,432951.0,0.0,0,0,0,0,0,0,0,0,1,1.0333333333333334,0.020833333333333332,60595.489583333336,0,1
UMKM-00639,24,42285877,9,3.7,0.0,416672.0,3.0,0,0,0,0,0,0,1,0,0,0.3,0.0,1691435.08,0,1
UMKM-00641,36,41385139,16,3.1,15.0,50372.0,1.0,1,0,0,0,0,1,0,0,0,0.5333333333333333,0.40540540540540543,1118517.2702702703,1,1
UMKM-00643,68,28219726,5,3.9,2.0,260809.0,0.0,0,0,0,0,0,1,0,0,0,0.16666666666666666,0.028985507246376812,408981.53623188403,0,1
UMKM-00645,6,24939733,17,3.6,0.0,0.0,0.0,0,0,0,1,0,1,0,0,0,0.5666666666666667,0.0,3562819.0,0,0
UMKM-00646,112,28387010,8,3.3,0.0,173297.0,0.0,0,0,0,0,0,0,0,0,1,0.26666666666666666,0.0,251212.4778761062,0,1
UMKM-00647,88,23565989,7,2.5,0.0,178058.0,1.0,0,0,0,0,0,0,0,1,0,0.23333333333333334,0.0,264786.393258427,0,1
UMKM-00648,21,15528821,24,1.6,0.0,113615.0,0.0,0,0,0,0,0,0,0,0,0,0.8,0.0,705855.5,0,1
UMKM-00649,33,29487437,30,4.8,0.0,296576.0,0.0,0,1,0,0,0,0,0,0,1,1.0,0.0,867277.5588235294,0,0
UMKM-00651,112,7923985,3,3.3,2.0,240219.0,0.0,0,0,0,0,0,1,0,0,0,0.1,0.017699115044247787,70123.7610619469,0,1
UMKM-00652,15,47329192,19,4.0,0.0,397676.0,0.0,0,0,0,0,0,1,0,0,0,0.6333333333333333,0.0,2958074.5,0,1
UMKM-00653,70,11740049,27,1.3,0.0,421579.0,4.0,0,1,0,0,0,0,0,0,0,0.9,0.0,165352.8028169014,0,0
UMKM-00655,23,12313161,0,4.2,0.0,465950.0,1.0,0,0,0,0,0,1,0,0,0,0.0,0.0,513048.375,0,1
UMKM-00658,56,9451392,22,3.1,0.0,126974.0,1.0,0,0,0,0,0,0,0,0,1,0.7333333333333333,0.0,165813.8947368421,0,1
UMKM-00659,111,33424666,12,1.2,2.0,171049.0,2.0,1,0,0,0,0,1,0,0,0,0.4,0.017857142857142856,298434.51785714284,0,1
UMKM-00660,9,22904952,15,3.2,0.0,229871.0,0.0,2,0,0,0,0,0,0,0,1,0.5,0.0,2290495.2,0,1
UMKM-00662,46,14403760,30,1.5,0.0,443971.0,2.0,1,1,0,0,0,0,0,0,1,1.0,0.0,306462.97872340423,0,0
UMKM-00663,97,41063108,0,3.0,5.0,112716.0,3.0,2,0,1,0,0,1,0,0,0,0.0,0.05102040816326531,419011.306122449,0,1
UMKM-00664,111,5910662,16,2.8,0.0,381205.0,0.0,0,0,0,0,0,0,0,0,1,0.5333333333333333,0.0,52773.767857142855,0,1
UMKM-00665,38,11848338,15,4.2,0.0,79884.0,1.0,0,0,0,0,0,0,1,0,0,0.5,0.0,303803.53846153844,0,1
UMKM-00667,12,8776604,9,2.3,0.0,456970.0,0.0,0,0,0,0,0,0,0,0,1,0.3,0.0,675123.3846153846,0,1
UMKM-00670,37,34343598,30,2.8,5.0,117713.0,1.0,0,0,0,0,0,0,0,1,0,1.0,0.13157894736842105,903778.8947368421,0,1
UMKM-00671,76,2035108,9,2.6,5.0,405812.0,0.0,1,0,0,0,0,1,0,0,0,0.3,0.06493506493506493,26429.974025974025,0,1
UMKM-00673,32,30503563,5,2.5,0.0,494357.0,0.0,0,0,0,0,0,0,0,0,1,0.16666666666666666,0.0,924350.3939393939,0,1
UMKM-00674,31,18255581,27,3.0,0.0,434350.0,0.0,2,0,1,0,0,0,0,0,0,0.9,0.0,570486.90625,0,1
UMKM-00675,52,22933587,27,4.0,0.0,402810.0,0.0,0,0,0,0,0,1,0,0,0,0.9,0.0,432709.1886792453,0,1
UMKM-00676,27,3074242,12,1.9,0.0,163796.0,2.0,0,0,0,0,0,1,0,0,0,0.4,0.0,109794.35714285714,0,1
UMKM-00678,53,46158440,11,1.8,2.0,104765.0,0.0,1,0,0,0,0,1,0,0,0,0.36666666666666664,0.037037037037037035,854785.925925926,0,1
UMKM-00680,116,26779222,1,3.4,0.0,0.0,1.0,0,0,0,1,0,0,1,0,0,0.03333333333333333,0.0,228882.2393162393,0,0
UMKM-00681,5,19311446,7,4.0,5.0,158567.0,0.0,1,0,0,0,0,1,0,0,0,0.23333333333333334,0.8333333333333334,3218574.3333333335,0,1
UMKM-00683,117,27929620,8,4.5,30.0,285352.0,2.0,1,0,0,0,0,0,1,0,0,0.26666666666666666,0.2542372881355932,236691.69491525425,1,1
UMKM-00684,76,23228367,7,4.8,0.0,162642.0,2.0,0,0,0,0,0,0,0,1,0,0.23333333333333334,0.0,301667.1038961039,0,1
UMKM-00685,62,30956104,2,1.1,0.0,258783.0,0.0,2,0,0,0,0,0,0,1,0,0.06666666666666667,0.0,491366.7301587302,0,1
UMKM-00686,107,2766299,8,4.9,0.0,117229.0,2.0,0,0,0,0,0,1,0,0,0,0.26666666666666666,0.0,25613.87962962963,0,1
UMKM-00687,92,47410650,12,3.0,0.0,439999.0,0.0,0,0,1,0,0,0,0,0,1,0.4,0.0,509791.93548387097,0,1
UMKM-00688,87,16277887,8,2.5,2.0,113914.0,1.0,1,0,0,0,0,0,0,0,1,0.26666666666666666,0.022727272727272728,184975.98863636365,0,1
UMKM-00689,82,41441040,30,3.0,0.0,232275.0,0.0,0,1,1,0,0,1,0,0,0,1.0,0.0,499289.6385542169,0,0
UMKM-00690,16,17387621,24,3.9,5.0,274874.0,1.0,0,0,0,0,0,1,0,0,0,0.8,0.29411764705882354,1022801.2352941176,0,1
UMKM-00693,0,28776190,7,3.6,2.0,151224.0,0.0,0,0,0,0,0,0,0,0,1,0.23333333333333334,2.0,28776190.0,0,1
UMKM-00694,36,44177639,30,1.1,15.0,136765.0,0.0,2,0,0,0,0,0,0,0,0,1.0,0.40540540540540543,1193990.2432432433,1,1
UMKM-00697,51,38877674,30,3.0,2.0,496991.0,2.0,0,0,1,0,0,0,0,0,1,1.0,0.038461538461538464,747647.5769230769,0,1
UMKM-00698,79,33254147,16,3.1,5.0,353989.0,0.0,0,0,0,0,0,0,0,0,1,0.5333333333333333,0.0625,415676.8375,0,1
UMKM-00699,49,37426144,18,3.9,0.0,88907.0,0.0,0,0,0,0,0,1,0,0,0,0.6,0.0,748522.88,0,1
UMKM-00700,117,13505751,2,2.3,0.0,474374.0,0.0,0,0,0,0,0,1,0,0,0,0.06666666666666667,0.0,114455.51694915254,0,1
UMKM-00701,10,41457970,29,3.5,2.0,246115.0,0.0,1,0,0,0,0,0,1,0,0,0.9666666666666667,0.18181818181818182,3768906.3636363638,0,1
UMKM-00702,89,45920447,9,3.0,30.0,234248.0,4.0,0,0,1,0,0,0,0,0,1,0.3,0.3333333333333333,510227.18888888886,1,1
UMKM-00703,8,14049353,28,1.6,0.0,367565.0,0.0,1,0,0,0,0,1,0,0,0,0.9333333333333333,0.0,1561039.2222222222,0,1
UMKM-00705,22,33870547,17,3.9,0.0,229217.0,2.0,0,0,0,0,0,1,0,0,0,0.5666666666666667,0.0,1472632.4782608696,0,1
UMKM-00706,90,48818749,11,2.7,0.0,105244.0,1.0,0,0,0,0,0,1,0,0,0,0.36666666666666664,0.0,536469.7692307692,0,1
UMKM-00707,86,38121000,22,4.6,0.0,253600.0,4.0,1,0,0,0,0,1,0,0,0,0.7333333333333333,0.0,438172.4137931034,0,1
UMKM-00708,45,5679020,10,2.2,0.0,258826.0,0.0,0,1,0,0,0,1,0,0,0,0.3333333333333333,0.0,123456.95652173914,0,0
UMKM-00709,113,36346795,8,1.2,0.0,433840.0,0.0,0,0,0,0,0,1,0,0,0,0.26666666666666666,0.0,318831.5350877193,0,1
UMKM-00710,43,18416138,23,3.6,0.0,90564.0,3.0,0,0,0,0,0,0,0,0,1,0.7666666666666667,0.0,418548.5909090909,0,1
UMKM-00711,3,35332299,24,3.7,0.0,276939.0,1.0,0,0,0,0,0,0,0,0,0,0.8,0.0,8833074.75,0,1
UMKM-00712,52,47003901,24,3.0,2.0,153963.0,0.0,0,0,1,0,0,0,0,0,1,0.8,0.03773584905660377,886866.0566037736,0,1
UMKM-00713,39,48814123,8,3.7,30.0,265963.0,0.0,1,0,0,0,0,1,0,0,0,0.26666666666666666,0.75,1220353.075,1,1
UMKM-00714,16,28668708,11,3.1,0.0,230568.0,2.0,0,0,0,0,0,0,1,0,0,0.36666666666666664,0.0,1686394.5882352942,0,1
UMKM-00715,26,16414846,10,3.8,15.0,171299.0,0.0,1,0,0,0,0,0,1,0,0,0.3333333333333333,0.5555555555555556,607957.2592592592,1,1
UMKM-00717,81,2702424,27,3.0,0.0,112469.0,0.0,0,0,1,0,0,1,0,0,0,0.9,0.0,32956.39024390244,0,1
UMKM-00718,63,12690251,7,3.0,5.0,314860.0,1.0,0,0,1,0,0,1,0,0,0,0.23333333333333334,0.078125,198285.171875,0,1
UMKM-00719,36,18962776,9,1.4,0.0,213433.0,1.0,0,0,0,0,0,0,0,0,1,0.3,0.0,512507.45945945947,0,1
UMKM-00720,47,25794122,24,3.0,0.0,77254.0,1.0,0,0,1,0,0,0,0,0,1,0.8,0.0,537377.5416666666,0,1
UMKM-00723,68,43889341,8,2.1,0.0,159623.0,1.0,1,0,0,0,0,1,0,0,0,0.26666666666666666,0.0,636077.4057971014,0,1
UMKM-00725,33,47270141,7,3.0,0.0,438977.0,0.0,0,1,1,0,0,1,0,0,0,0.23333333333333334,0.0,1390298.2647058824,0,0
UMKM-00726,116,1867838,2,3.0,5.0,67503.0,0.0,0,0,1,0,0,0,0,0,1,0.06666666666666667,0.042735042735042736,15964.42735042735,0,1
UMKM-00727,9,35612312,17,2.7,0.0,150566.0,0.0,1,0,0,0,0,0,1,0,0,0.5666666666666667,0.0,3561231.2,0,1
UMKM-00729,23,47262899,16,2.7,0.0,399065.0,1.0,0,0,0,0,0,1,0,0,0,0.5333333333333333,0.0,1969287.4583333333,0,1
UMKM-00731,105,21255408,27,2.1,2.0,388324.0,2.0,1,0,0,0,0,0,0,0,1,0.9,0.018867924528301886,200522.71698113208,0,1
UMKM-00733,77,46073616,18,1.6,0.0,229481.0,0.0,0,0,0,0,0,1,0,0,0,0.6,0.0,590687.3846153846,0,1
UMKM-00734,4,12628824,21,1.7,5.0,159264.0,3.0,1,0,0,0,0,0,0,0,0,0.7,1.0,2525764.8,0,1
UMKM-00735,86,44250106,5,3.3,0.0,483314.0,4.0,1,0,0,0,0,0,1,0,0,0.16666666666666666,0.0,508621.908045977,0,1
UMKM-00736,23,14969223,6,2.4,2.0,476766.0,3.0,2,0,0,0,0,0,1,0,0,0.2,0.08333333333333333,623717.625,0,1
UMKM-00738,29,25928872,8,4.2,0.0,189850.0,1.0,0,0,0,0,0,0,1,0,0,0.26666666666666666,0.0,864295.7333333333,0,1
UMKM-00739,0,35340322,19,4.6,0.0,210855.0,3.0,0,0,0,0,0,0,0,0,1,0.6333333333333333,0.0,35340322.0,0,1
UMKM-00741,105,27088053,10,1.9,0.0,409067.0,4.0,1,0,0,0,0,0,0,0,1,0.3333333333333333,0.0,255547.66981132075,0,1
UMKM-00742,32,45781149,1,4.9,0.0,259982.0,0.0,0,0,0,0,0,0,1,0,0,0.03333333333333333,0.0,1387307.5454545454,0,1
UMKM-00743,71,45546481,21,2.5,0.0,95596.0,3.0,1,0,0,0,0,0,0,0,0,0.7,0.0,632590.0138888889,0,1
UMKM-00745,13,9586625,4,3.0,0.0,461838.0,0.0,0,0,0,0,0,1,0,0,0,0.13333333333333333,0.0,684758.9285714285,0,1
UMKM-00746,61,39813677,6,3.9,2.0,492297.0,0.0,1,0,0,0,0,1,0,0,0,0.2,0.03225806451612903,642156.0806451613,0,1
UMKM-00747,2,39600960,5,1.3,0.0,468708.0,3.0,0,0,0,0,0,0,0,1,0,0.16666666666666666,0.0,13200320.0,0,1
UMKM-00748,2,20646137,21,3.5,2.0,179739.0,1.0,0,0,0,0,0,1,0,0,0,0.7,0.6666666666666666,6882045.666666667,0,1
UMKM-00749,113,31031192,9,4.4,0.0,69733.0,0.0,0,1,0,0,1,1,0,0,0,0.3,0.0,272203.43859649124,0,0
UMKM-00751,78,20780441,19,3.8,5.0,62372.0,0.0,0,0,0,0,0,0,0,0,1,0.6333333333333333,0.06329113924050633,263043.5569620253,0,1
UMKM-00752,41,11718126,27,2.6,5.0,161950.0,0.0,1,0,0,0,0,1,0,0,0,0.9,0.11904761904761904,279003.0,0,1
UMKM-00755,79,26832599,0,3.5,15.0,123353.0,1.0,0,0,0,0,0,0,0,0,1,0.0,0.1875,335407.4875,1,1
UMKM-00756,61,31954678,28,2.4,0.0,134757.0,0.0,0,1,0,0,0,0,0,0,1,0.9333333333333333,0.0,515398.03225806454,0,0
UMKM-00757,39,42627022,8,4.3,0.0,245755.0,0.0,0,0,0,0,0,1,0,0,0,0.26666666666666666,0.0,1065675.55,0,1
UMKM-00758,2,14090642,8,4.9,0.0,309923.0,0.0,1,0,0,0,0,0,0,0,1,0.26666666666666666,0.0,4696880.666666667,0,1
UMKM-00759,81,35008961,21,4.7,0.0,164687.0,3.0,1,1,0,0,0,0,0,0,0,0.7,0.0,426938.5487804878,0,0
UMKM-00760,10,12249737,1,1.7,2.0,298146.0,0.0,2,0,0,0,0,0,0,1,0,0.03333333333333333,0.18181818181818182,1113612.4545454546,0,1
UMKM-00761,71,48450466,15,1.1,0.0,309739.0,0.0,0,0,0,0,0,1,0,0,0,0.5,0.0,672923.1388888889,0,1
UMKM-00763,106,25363504,5,3.9,0.0,199297.0,2.0,0,0,0,0,0,0,0,1,0,0.16666666666666666,0.0,237042.09345794393,0,1
UMKM-00764,3,46364187,12,4.9,0.0,108546.0,0.0,0,0,0,0,0,0,0,0,0,0.4,0.0,11591046.75,0,1
UMKM-00766,72,19088845,18,3.0,2.0,58064.0,1.0,0,0,1,0,0,0,0,0,0,0.6,0.0273972602739726,261491.02739726027,0,1
UMKM-00767,71,12600244,14,1.1,15.0,153073.0,4.0,2,0,0,0,0,0,0,0,0,0.4666666666666667,0.20833333333333334,175003.38888888888,1,1
UMKM-00769,115,38509212,9,1.7,15.0,353833.0,0.0,1,0,0,0,0,0,1,0,0,0.3,0.12931034482758622,331975.9655172414,1,1
UMKM-00770,65,47171456,0,1.2,0.0,246924.0,1.0,1,0,0,0,0,1,0,0,0,0.0,0.0,714719.0303030303,0,1
UMKM-00771,9,49963907,11,4.4,2.0,499821.0,4.0,1,0,0,0,0,0,0,1,0,0.36666666666666664,0.2,4996390.7,0,1
UMKM-00773,96,37907353,28,1.5,0.0,268061.0,0.0,0,0,0,0,0,1,0,0,0,0.9333333333333333,0.0,390797.45360824745,0,1
UMKM-00774,92,17838480,16,2.5,30.0,356150.0,0.0,2,0,0,0,0,0,1,0,0,0.5333333333333333,0.3225806451612903,191811.61290322582,1,1
UMKM-00775,35,39648934,3,1.3,0.0,82195.0,4.0,2,0,0,0,0,1,0,0,0,0.1,0.0,1101359.2777777778,0,1
UMKM-00776,16,33144598,28,3.6,15.0,312347.0,2.0,2,0,0,0,0,1,0,0,0,0.9333333333333333,0.8823529411764706,1949682.2352941176,1,1
UMKM-00777,18,34547455,6,2.1,0.0,483879.0,1.0,1,0,0,0,0,0,0,0,1,0.2,0.0,1818287.105263158,0,1
UMKM-00779,95,47781134,12,2.4,0.0,357392.0,1.0,1,0,0,0,0,0,0,0,1,0.4,0.0,497720.1458333333,0,1
UMKM-00780,38,30803276,4,3.0,5.0,319604.0,0.0,1,0,0,0,0,0,0,1,0,0.13333333333333333,0.1282051282051282,789827.5897435897,0,1
UMKM-00783,101,8292306,6,3.7,2.0,369374.0,0.0,0,0,0,0,0,1,0,0,0,0.2,0.0196078431372549,81297.11764705883,0,1
UMKM-00784,74,12739799,27,3.9,0.0,499292.0,0.0,0,0,0,0,0,0,0,1,0,0.9,0.0,169863.98666666666,0,1
UMKM-00785,104,37634634,9,2.0,0.0,172268.0,4.0,1,0,0,0,0,0,1,0,0,0.3,0.0,358425.0857142857,0,1
UMKM-00786,66,40557306,3,3.0,0.0,235782.0,0.0,1,0,0,0,0,1,0,0,0,0.1,0.0,605332.9253731343,0,1
UMKM-00787,50,8518933,2,3.0,0.0,185427.0,2.0,1,1,1,0,0,0,1,0,0,0.06666666666666667,0.0,167037.9019607843,0,0
UMKM-00788,107,29887817,24,2.5,0.0,81935.0,1.0,0,0,0,0,0,1,0,0,0,0.8,0.0,276739.0462962963,0,1
UMKM-00789,83,33939304,22,1.5,0.0,167739.0,3.0,0,0,0,0,0,0,1,0,0,0.7333333333333333,0.0,404039.3333333333,0,1
UMKM-00790,44,44891098,26,2.7,0.0,52663.0,2.0,1,0,0,0,0,1,0,0,0,0.8666666666666667,0.0,997579.9555555555,0,1
UMKM-00791,6,6792819,13,3.4,2.0,222463.0,2.0,1,0,0,0,0,0,0,1,0,0.43333333333333335,0.2857142857142857,970402.7142857143,0,1
UMKM-00793,75,8642139,31,2.4,0.0,462762.0,0.0,0,1,0,0,0,1,0,0,0,1.0333333333333334,0.0,113712.3552631579,0,0
UMKM-00794,54,10030672,22,3.4,30.0,268070.0,4.0,2,0,0,0,0,1,0,0,0,0.7333333333333333,0.5454545454545454,182375.85454545455,1,1
UMKM-00797,106,44928540,2,1.7,5.0,240934.0,0.0,0,0,0,0,0,0,0,0,1,0.06666666666666667,0.04672897196261682,419892.8971962617,0,1
UMKM-00799,35,43111718,12,2.1,0.0,452136.0,0.0,0,0,0,0,0,0,1,0,0,0.4,0.0,1197547.7222222222,0,1
UMKM-00801,115,39834379,23,3.0,30.0,298925.0,0.0,1,0,1,0,1,1,0,0,0,0.7666666666666667,0.25862068965517243,343399.8189655172,1,1
UMKM-00802,17,26336747,0,4.7,0.0,235003.0,3.0,2,0,0,0,0,0,1,0,0,0.0,0.0,1463152.611111111,0,1
UMKM-00803,37,18295177,11,4.3,0.0,160723.0,1.0,0,0,0,0,0,0,0,0,1,0.36666666666666664,0.0,481452.0263157895,0,1
UMKM-00804,0,16936565,7,1.7,0.0,396188.0,2.0,1,1,0,0,0,0,0,1,0,0.23333333333333334,0.0,16936565.0,0,0
UMKM-00805,105,2035598,18,4.1,15.0,260865.0,1.0,2,0,0,0,0,0,0,0,0,0.6,0.14150943396226415,19203.754716981133,1,1
UMKM-00806,63,20289118,8,1.9,0.0,204855.0,2.0,1,0,0,0,0,1,0,0,0,0.26666666666666666,0.0,317017.46875,0,1
UMKM-00807,37,8169158,27,3.0,0.0,86902.0,2.0,0,0,1,0,0,0,0,0,1,0.9,0.0,214977.84210526315,0,1
UMKM-00808,19,34718376,13,3.0,0.0,409989.0,0.0,0,0,1,0,0,0,0,0,0,0.43333333333333335,0.0,1735918.8,0,1
UMKM-00809,12,45539145,26,4.6,0.0,269286.0,0.0,0,1,0,0,0,0,0,0,1,0.8666666666666667,0.0,3503011.153846154,0,0
UMKM-00810,56,28856367,17,3.0,0.0,217611.0,1.0,0,1,1,0,0,0,0,1,0,0.5666666666666667,0.0,506252.05263157893,0,0
UMKM-00813,72,23502043,5,3.3,0.0,0.0,3.0,0,0,0,1,0,1,0,0,0,0.16666666666666666,0.0,321945.79452054796,0,0
UMKM-00817,54,8689969,24,2.1,2.0,61398.0,0.0,0,0,0,0,0,0,1,0,0,0.8,0.03636363636363636,157999.43636363637,0,1
UMKM-00818,57,4871018,12,1.1,0.0,276806.0,0.0,1,0,0,0,0,0,1,0,0,0.4,0.0,83983.06896551725,0,1
UMKM-00819,51,17223694,22,3.0,0.0,268380.0,2.0,0,1,1,0,0,1,0,0,0,0.7333333333333333,0.0,331224.8846153846,0,0
UMKM-00822,50,28603044,20,1.6,0.0,385580.0,1.0,0,0,0,0,0,0,0,0,0,0.6666666666666666,0.0,560844.0,0,1
UMKM-00825,105,15301576,16,3.0,0.0,100396.0,4.0,1,0,1,0,0,0,0,0,1,0.5333333333333333,0.0,144354.49056603774,0,1
UMKM-00826,3,47378726,9,3.0,0.0,160583.0,1.0,1,0,0,0,0,0,0,1,0,0.3,0.0,11844681.5,0,1
UMKM-00827,98,22787497,22,3.0,0.0,116193.0,1.0,0,0,1,0,0,1,0,0,0,0.7333333333333333,0.0,230176.7373737374,0,1
UMKM-00829,78,17727830,1,4.0,5.0,70840.0,0.0,0,0,0,0,0,0,0,0,1,0.03333333333333333,0.06329113924050633,224402.91139240508,0,1
UMKM-00831,91,32162476,13,4.2,0.0,271039.0,2.0,0,0,0,0,0,0,0,0,0,0.43333333333333335,0.0,349592.1304347826,0,1
UMKM-00834,115,14012949,1,1.0,5.0,130061.0,2.0,1,0,0,0,0,0,0,0,1,0.03333333333333333,0.04310344827586207,120801.28448275862,0,1
UMKM-00835,92,20167127,18,4.0,0.0,376044.0,1.0,0,0,0,0,0,0,0,0,1,0.6,0.0,216850.82795698923,0,1
UMKM-00836,106,25917426,15,1.2,2.0,95384.0,0.0,0,0,0,0,0,0,0,0,1,0.5,0.018691588785046728,242218.93457943926,0,1
UMKM-00839,2,1117408,24,2.3,5.0,424445.0,0.0,1,0,0,0,0,0,0,0,1,0.8,1.6666666666666667,372469.3333333333,0,1
UMKM-00840,0,35190863,0,2.3,0.0,0.0,2.0,1,0,0,1,0,0,1,0,0,0.0,0.0,35190863.0,0,0
UMKM-00841,74,32351061,1,4.4,0.0,0.0,3.0,0,0,0,1,0,0,1,0,0,0.03333333333333333,0.0,431347.48,0,0
UMKM-00842,18,43742328,26,4.6,2.0,368569.0,0.0,1,0,0,0,0,0,0,0,0,0.8666666666666667,0.10526315789473684,2302227.789473684,0,1
UMKM-00843,42,3036721,1,3.0,0.0,130116.0,3.0,1,0,1,0,0,0,1,0,0,0.03333333333333333,0.0,70621.41860465116,0,1
UMKM-00844,97,33738154,29,4.2,15.0,0.0,0.0,1,0,0,1,0,1,0,0,0,0.9666666666666667,0.15306122448979592,344266.8775510204,1,0
UMKM-00845,88,11029521,9,4.3,0.0,373465.0,0.0,0,0,0,0,0,1,0,0,0,0.3,0.0,123927.20224719102,0,1
UMKM-00846,39,7087494,18,3.3,0.0,0.0,0.0,0,0,0,1,0,0,1,0,0,0.6,0.0,177187.35,0,0
UMKM-00848,63,34259097,15,1.3,2.0,414117.0,0.0,0,0,0,0,0,0,0,0,1,0.5,0.03125,535298.390625,0,1
UMKM-00849,19,32143495,12,3.6,5.0,168880.0,3.0,0,0,0,0,0,0,1,0,0,0.4,0.25,1607174.75,0,1
UMKM-00850,14,26483622,7,2.6,0.0,97055.0,0.0,1,0,0,0,0,0,0,0,1,0.23333333333333334,0.0,1765574.8,0,1
UMKM-00851,112,9879391,30,3.3,15.0,313081.0,0.0,1,0,0,0,0,1,0,0,0,1.0,0.13274336283185842,87428.2389380531,1,1
UMKM-00853,105,18884393,24,3.6,0.0,268588.0,0.0,0,0,0,0,0,0,0,0,1,0.8,0.0,178154.65094339623,0,1
UMKM-00855,60,43729836,20,2.8,2.0,152974.0,0.0,1,0,0,0,0,0,0,0,1,0.6666666666666666,0.03278688524590164,716882.5573770492,0,1
UMKM-00858,39,6512460,28,4.5,0.0,229654.0,0.0,0,0,0,0,0,0,0,0,1,0.9333333333333333,0.0,162811.5,0,1
UMKM-00859,108,38049017,5,3.1,0.0,472716.0,0.0,0,1,0,0,0,1,0,0,0,0.16666666666666666,0.0,349073.5504587156,0,0
UMKM-00860,41,36547266,17,4.5,0.0,238928.0,0.0,0,0,0,0,0,0,0,0,0,0.5666666666666667,0.0,870173.0,0,1
UMKM-00863,105,39860607,26,1.1,2.0,227412.0,0.0,0,0,0,0,0,0,0,1,0,0.8666666666666667,0.018867924528301886,376043.46226415096,0,1
UMKM-00864,71,40203166,4,1.4,0.0,93042.0,1.0,2,0,0,0,0,1,0,0,0,0.13333333333333333,0.0,558377.3055555555,0,1
UMKM-00865,108,6194914,6,1.6,5.0,431324.0,1.0,1,0,0,0,0,0,0,0,1,0.2,0.045871559633027525,56834.07339449541,0,1
UMKM-00866,105,5716302,9,3.0,0.0,383850.0,0.0,0,0,1,0,0,0,0,0,1,0.3,0.0,53927.377358490565,0,1
UMKM-00867,115,17379767,9,4.6,30.0,207579.0,4.0,2,0,0,0,0,0,0,1,0,0.3,0.25862068965517243,149825.5775862069,1,1
UMKM-00868,49,3473055,27,4.6,15.0,174765.0,4.0,2,0,0,0,0,0,0,0,1,0.9,0.3,69461.1,1,1
UMKM-00870,13,25293885,9,4.8,0.0,324143.0,0.0,0,0,0,0,0,1,0,0,0,0.3,0.0,1806706.0714285714,0,1
UMKM-00874,20,19677171,19,1.5,0.0,266321.0,0.0,0,0,0,0,0,1,0,0,0,0.6333333333333333,0.0,937008.1428571428,0,1
UMKM-00875,104,44848928,12,4.1,2.0,254901.0,2.0,0,0,0,0,0,1,0,0,0,0.4,0.01904761904761905,427132.6476190476,0,1
UMKM-00876,8,21976027,10,4.4,0.0,120086.0,0.0,0,0,0,0,0,0,0,1,0,0.3333333333333333,0.0,2441780.777777778,0,1
UMKM-00878,39,35226657,18,4.3,2.0,429795.0,0.0,0,0,0,0,0,0,0,0,1,0.6,0.05,880666.425,0,1
UMKM-00879,38,21287679,27,2.1,0.0,308945.0,1.0,0,0,0,0,0,0,0,0,1,0.9,0.0,545837.9230769231,0,1
UMKM-00882,59,37625042,3,5.0,0.0,217956.0,4.0,1,0,0,0,0,0,0,0,1,0.1,0.0,627084.0333333333,0,1
UMKM-00884,37,26563517,18,3.4,0.0,57647.0,4.0,2,0,0,0,0,0,1,0,0,0.6,0.0,699039.9210526316,0,1
UMKM-00886,80,9306931,13,2.0,0.0,266851.0,0.0,0,0,0,0,0,0,0,0,1,0.43333333333333335,0.0,114900.38271604938,0,1
UMKM-00887,17,28781704,30,2.5,0.0,251386.0,2.0,0,0,0,0,0,0,1,0,0,1.0,0.0,1598983.5555555555,0,1
UMKM-00888,50,13213092,27,3.0,0.0,130094.0,0.0,0,0,1,0,0,0,0,1,0,0.9,0.0,259080.23529411765,0,1
UMKM-00892,70,21112921,18,4.7,2.0,342177.0,1.0,0,0,0,0,0,0,0,0,1,0.6,0.028169014084507043,297365.08450704225,0,1
UMKM-00894,86,19121307,0,3.6,2.0,296047.0,2.0,2,0,0,0,0,0,0,0,1,0.0,0.022988505747126436,219785.1379310345,0,1
UMKM-00895,86,5329394,22,3.0,0.0,397769.0,0.0,0,0,1,0,0,0,0,0,0,0.7333333333333333,0.0,61257.402298850575,0,1
UMKM-00896,54,35346056,27,1.8,0.0,410964.0,4.0,1,0,0,0,0,1,0,0,0,0.9,0.0,642655.5636363636,0,1
UMKM-00897,53,8079903,3,3.0,0.0,310993.0,0.0,1,1,1,0,0,0,0,0,0,0.1,0.0,149627.83333333334,0,0
UMKM-00899,13,2601207,17,4.6,2.0,122113.0,2.0,0,0,0,0,0,0,0,0,1,0.5666666666666667,0.14285714285714285,185800.5,0,1
UMKM-00901,117,23025925,24,2.4,15.0,287478.0,2.0,1,0,0,0,0,1,0,0,0,0.8,0.1271186440677966,195134.95762711865,1,1
UMKM-00902,46,27773069,17,4.2,5.0,479642.0,0.0,0,0,0,0,0,1,0,0,0,0.5666666666666667,0.10638297872340426,590916.3617021276,0,1
UMKM-00903,119,45252345,5,3.7,0.0,450138.0,0.0,0,0,0,0,0,0,0,0,1,0.16666666666666666,0.0,377102.875,0,1
UMKM-00904,43,32737687,18,1.2,2.0,405579.0,0.0,0,0,0,0,0,1,0,0,0,0.6,0.045454545454545456,744038.3409090909,0,1
UMKM-00905,31,23980906,11,2.4,0.0,176956.0,1.0,0,0,0,0,0,0,0,0,1,0.36666666666666664,0.0,749403.3125,0,1
UMKM-00906,20,11806322,24,3.7,0.0,276371.0,0.0,0,0,0,0,0,0,1,0,0,0.8,0.0,562205.8095238095,0,1
UMKM-00908,92,47661780,0,4.9,0.0,149294.0,1.0,0,0,0,0,0,1,0,0,0,0.0,0.0,512492.2580645161,0,1
UMKM-00909,93,14180114,4,4.5,2.0,373193.0,2.0,0,0,0,0,0,1,0,0,0,0.13333333333333333,0.02127659574468085,150852.27659574468,0,1
UMKM-00910,34,31913815,0,1.2,0.0,146155.0,2.0,2,0,0,0,0,1,0,0,0,0.0,0.0,911823.2857142857,0,1
UMKM-00911,74,32382041,7,3.9,0.0,319865.0,0.0,0,0,0,0,0,1,0,0,0,0.23333333333333334,0.0,431760.5466666667,0,1
UMKM-00914,81,21670839,17,3.5,0.0,413157.0,0.0,0,0,0,0,0,0,1,0,0,0.5666666666666667,0.0,264278.5243902439,0,1
UMKM-00915,118,13775505,8,3.0,0.0,496375.0,2.0,0,0,0,0,0,0,0,0,0,0.26666666666666666,0.0,115760.54621848739,0,1
UMKM-00916,48,32797739,4,4.4,2.0,161870.0,1.0,0,0,0,0,0,0,0,0,1,0.13333333333333333,0.04081632653061224,669341.612244898,0,1
UMKM-00917,16,31701923,3,3.0,0.0,117714.0,2.0,2,0,1,0,0,1,0,0,0,0.1,0.0,1864819.0,0,1
UMKM-00919,22,15220331,28,2.1,0.0,161992.0,3.0,1,0,0,0,0,0,0,0,1,0.9333333333333333,0.0,661753.5217391305,0,1
UMKM-00920,106,42864172,0,2.4,0.0,321891.0,0.0,2,0,0,0,0,0,0,0,1,0.0,0.0,400599.73831775703,0,1
UMKM-00921,29,10900154,29,3.5,0.0,0.0,3.0,0,0,0,1,0,1,0,0,0,0.9666666666666667,0.0,363338.4666666667,0,0
UMKM-00923,39,5821699,0,2.5,0.0,202390.0,0.0,1,0,0,0,0,0,0,0,1,0.0,0.0,145542.475,0,1
UMKM-00924,40,41159561,2,1.1,5.0,179244.0,0.0,1,0,0,0,0,0,0,0,0,0.06666666666666667,0.12195121951219512,1003891.731707317,0,1
UMKM-00925,66,40726488,21,2.8,0.0,207691.0,0.0,1,0,0,0,0,0,0,1,0,0.7,0.0,607858.0298507463,0,1
UMKM-00926,102,2496030,7,3.2,0.0,123640.0,0.0,0,1,0,0,0,0,0,0,0,0.23333333333333334,0.0,24233.300970873788,0,0
UMKM-00927,49,12237698,17,4.2,2.0,359890.0,4.0,1,0,0,0,0,1,0,0,0,0.5666666666666667,0.04,244753.96,0,1
UMKM-00928,113,17788225,24,3.9,0.0,188410.0,0.0,2,0,0,0,0,0,1,0,0,0.8,0.0,156037.06140350876,0,1
UMKM-00929,80,22149688,19,4.9,0.0,0.0,1.0,0,1,0,1,0,0,1,0,0,0.6333333333333333,0.0,273452.93827160494,0,0
UMKM-00930,79,19500696,30,4.1,0.0,441655.0,3.0,0,0,0,0,0,0,1,0,0,1.0,0.0,243758.7,0,1
UMKM-00931,20,9313264,29,2.2,0.0,277681.0,1.0,0,0,0,0,0,0,1,0,0,0.9666666666666667,0.0,443488.7619047619,0,1
UMKM-00932,98,21476613,15,3.6,0.0,368644.0,0.0,2,0,0,0,0,1,0,0,0,0.5,0.0,216935.48484848486,0,1
UMKM-00933,79,49624409,1,3.7,5.0,192395.0,0.0,0,0,0,0,1,0,0,0,1,0.03333333333333333,0.0625,620305.1125,0,1
UMKM-00934,19,36545799,16,5.0,0.0,261158.0,0.0,0,0,0,0,0,1,0,0,0,0.5333333333333333,0.0,1827289.95,0,1
UMKM-00935,99,16796762,9,1.6,0.0,0.0,1.0,0,0,0,1,0,0,1,0,0,0.3,0.0,167967.62,0,0
UMKM-00936,59,9718936,6,1.8,0.0,310023.0,2.0,1,0,0,0,0,1,0,0,0,0.2,0.0,161982.26666666666,0,1
UMKM-00938,17,22186229,8,3.4,0.0,331063.0,2.0,0,0,0,0,0,1,0,0,0,0.26666666666666666,0.0,1232568.2777777778,0,1
UMKM-00939,109,33420096,16,1.5,0.0,199728.0,0.0,1,0,0,0,0,1,0,0,0,0.5333333333333333,0.0,303819.05454545456,0,1
UMKM-00940,58,20485884,8,3.6,0.0,299223.0,0.0,0,0,0,0,0,0,1,0,0,0.26666666666666666,0.0,347218.3728813559,0,1
UMKM-00941,81,2000294,8,4.2,15.0,366100.0,0.0,2,0,0,0,0,1,0,0,0,0.26666666666666666,0.18292682926829268,24393.829268292684,1,1
UMKM-00943,101,27112808,23,3.2,0.0,100936.0,3.0,0,0,0,0,0,0,1,0,0,0.7666666666666667,0.0,265811.8431372549,0,1
UMKM-00945,90,3285362,10,3.3,0.0,269590.0,0.0,0,0,0,0,0,1,0,0,0,0.3333333333333333,0.0,36102.87912087912,0,1
UMKM-00946,24,46393415,7,1.8,2.0,331710.0,0.0,0,0,0,0,0,0,1,0,0,0.23333333333333334,0.08,1855736.6,0,1
UMKM-00947,71,43120305,24,2.4,0.0,438998.0,1.0,0,1,0,0,0,1,0,0,0,0.8,0.0,598893.125,0,0
UMKM-00948,101,42415223,1,3.1,15.0,64880.0,3.0,2,0,0,0,0,0,0,0,1,0.03333333333333333,0.14705882352941177,415835.51960784313,1,1
UMKM-00949,12,47985134,9,1.6,0.0,495992.0,4.0,0,0,0,0,0,0,0,0,1,0.3,0.0,3691164.153846154,0,1
UMKM-00950,81,46169625,23,3.5,0.0,193008.0,2.0,0,0,0,0,0,1,0,0,0,0.7666666666666667,0.0,563044.2073170731,0,1
UMKM-00951,73,12916937,15,3.0,0.0,408428.0,1.0,0,0,1,0,0,0,1,0,0,0.5,0.0,174553.2027027027,0,1
UMKM-00952,91,20813989,18,3.6,0.0,304718.0,0.0,0,1,0,0,0,1,0,0,0,0.6,0.0,226239.01086956522,0,0
UMKM-00953,15,14890893,30,2.5,0.0,62198.0,0.0,1,1,0,0,0,0,1,0,0,1.0,0.0,930680.8125,0,0
UMKM-00954,51,38938864,10,2.3,0.0,58376.0,1.0,0,0,0,0,0,0,0,1,0,0.3333333333333333,0.0,748824.3076923077,0,1
UMKM-00955,97,28141380,5,4.7,2.0,117432.0,1.0,0,0,0,0,0,0,0,0,1,0.16666666666666666,0.02040816326530612,287156.9387755102,0,1
UMKM-00956,17,12879286,5,3.0,15.0,421935.0,2.0,1,0,1,0,0,1,0,0,0,0.16666666666666666,0.8333333333333334,715515.8888888889,1,1
UMKM-00957,85,5773598,31,2.9,0.0,478388.0,0.0,0,0,0,0,0,0,0,0,1,1.0333333333333334,0.0,67134.86046511628,0,1
UMKM-00959,38,45288210,12,3.8,0.0,460332.0,0.0,1,0,0,0,0,0,0,0,1,0.4,0.0,1161236.1538461538,0,1
UMKM-00960,76,36066142,2,2.3,0.0,113295.0,4.0,2,0,0,0,0,0,0,0,1,0.06666666666666667,0.0,468391.45454545453,0,1
UMKM-00964,34,38616748,16,2.0,0.0,156873.0,0.0,1,0,0,0,0,0,1,0,0,0.5333333333333333,0.0,1103335.657142857,0,1
UMKM-00965,45,40141671,2,1.9,0.0,332376.0,0.0,1,0,0,0,0,1,0,0,0,0.06666666666666667,0.0,872645.0217391305,0,1
UMKM-00967,1,30329957,11,3.5,2.0,345753.0,1.0,0,0,0,0,0,0,0,0,1,0.36666666666666664,1.0,15164978.5,0,1
UMKM-00968,44,2655464,23,3.5,2.0,429003.0,1.0,0,0,0,0,0,1,0,0,0,0.7666666666666667,0.044444444444444446,59010.311111111114,0,1
UMKM-00969,42,10795427,5,3.0,2.0,351165.0,1.0,0,0,1,0,0,0,0,1,0,0.16666666666666666,0.046511627906976744,251056.44186046513,0,1
UMKM-00971,85,14947082,10,2.6,0.0,442365.0,0.0,0,0,0,0,0,0,0,1,0,0.3333333333333333,0.0,173803.27906976745,0,1
UMKM-00972,0,32842064,26,1.1,0.0,272886.0,0.0,1,1,0,0,0,1,0,0,0,0.8666666666666667,0.0,32842064.0,0,0
UMKM-00973,85,1878835,23,1.9,0.0,257435.0,2.0,2,0,0,0,0,0,0,0,1,0.7666666666666667,0.0,21846.918604651164,0,1
UMKM-00974,3,49673094,17,3.8,2.0,135305.0,1.0,0,0,0,0,0,0,0,0,1,0.5666666666666667,0.5,12418273.5,0,1
UMKM-00975,111,26789402,26,1.8,0.0,54821.0,0.0,0,0,0,0,0,0,0,0,1,0.8666666666666667,0.0,239191.0892857143,0,1
UMKM-00977,51,37831992,20,3.5,2.0,198869.0,0.0,0,0,0,0,0,0,0,0,1,0.6666666666666666,0.038461538461538464,727538.3076923077,0,1
UMKM-00980,84,6088268,17,3.0,0.0,317380.0,0.0,0,0,1,0,0,0,0,0,1,0.5666666666666667,0.0,71626.68235294118,0,1
UMKM-00981,34,29197770,2,4.8,2.0,76745.0,2.0,0,0,0,0,0,0,0,0,1,0.06666666666666667,0.05714285714285714,834222.0,0,1
UMKM-00982,106,41834427,23,1.2,0.0,0.0,0.0,0,0,0,1,0,1,0,0,0,0.7666666666666667,0.0,390975.95327102806,0,0
UMKM-00983,39,24200108,0,1.2,5.0,143353.0,2.0,1,0,0,0,0,1,0,0,0,0.0,0.125,605002.7,0,1
UMKM-00984,71,20156309,5,4.9,0.0,200181.0,2.0,2,0,0,0,0,1,0,0,0,0.16666666666666666,0.0,279948.7361111111,0,1
UMKM-00985,43,23257499,18,3.6,15.0,207071.0,0.0,1,0,0,0,0,0,0,0,1,0.6,0.3409090909090909,528579.5227272727,1,1
UMKM-00986,81,15188311,21,3.0,0.0,483993.0,1.0,1,0,1,0,0,0,0,0,1,0.7,0.0,185223.30487804877,0,1
UMKM-00988,95,30963888,7,1.3,0.0,88548.0,1.0,1,0,0,0,0,0,0,0,1,0.23333333333333334,0.0,322540.5,0,1
UMKM-00989,112,43640429,4,3.0,0.0,251203.0,0.0,2,1,1,0,0,0,0,0,1,0.13333333333333333,0.0,386198.4867256637,0,0
UMKM-00990,111,7369553,8,2.7,0.0,91033.0,0.0,0,0,0,0,0,0,0,1,0,0.26666666666666666,0.0,65799.58035714286,0,1
UMKM-00991,86,40987407,20,1.4,0.0,495386.0,1.0,0,0,0,0,0,0,1,0,0,0.6666666666666666,0.0,471119.6206896552,0,1
UMKM-00992,11,46709216,27,2.8,0.0,351204.0,0.0,1,0,0,0,0,0,0,0,1,0.9,0.0,3892434.6666666665,0,1
UMKM-00993,22,22018460,3,3.2,0.0,379240.0,0.0,1,0,0,0,0,0,0,0,1,0.1,0.0,957324.3478260869,0,1
UMKM-00994,35,15765065,23,1.0,0.0,0.0,0.0,0,0,0,1,0,0,1,0,0,0.7666666666666667,0.0,437918.47222222225,0,0
UMKM-00995,60,45792350,7,3.0,2.0,126860.0,0.0,1,0,1,0,0,0,1,0,0,0.23333333333333334,0.03278688524590164,750694.262295082,0,1
UMKM-00996,19,37402843,16,3.0,0.0,404145.0,3.0,0,0,1,0,0,0,0,1,0,0.5333333333333333,0.0,1870142.15,0,1
UMKM-00998,108,10445112,19,1.5,0.0,75822.0,0.0,0,0,0,0,0,0,1,0,0,0.6333333333333333,0.0,95826.71559633028,0,1
UMKM-00999,35,17300930,15,1.9,0.0,132392.0,0.0,0,0,0,0,0,1,0,0,0,0.5,0.0,480581.3888888889,0,1
UMKM-01000,0,36998581,9,2.7,2.0,170123.0,0.0,1,0,0,0,0,0,0,0,0,0.3,2.0,36998581.0,0,1
UMKM-01003,119,25273337,9,3.0,0.0,486255.0,2.0,0,0,1,0,0,0,0,0,1,0.3,0.0,210611.14166666666,0,1
UMKM-01004,32,16807704,29,4.4,0.0,263044.0,1.0,0,0,0,0,0,0,0,0,1,0.9666666666666667,0.0,509324.36363636365,0,1
UMKM-01005,0,30754903,29,3.0,2.0,184059.0,0.0,0,0,1,0,0,0,0,0,1,0.9666666666666667,2.0,30754903.0,0,1
UMKM-01006,39,30309935,24,1.2,2.0,320474.0,1.0,0,0,0,0,0,0,1,0,0,0.8,0.05,757748.375,0,1
UMKM-01009,60,3933361,6,3.0,0.0,280203.0,0.0,0,0,1,0,0,0,0,1,0,0.2,0.0,64481.32786885246,0,1
UMKM-01010,34,34976087,19,4.8,0.0,387955.0,0.0,0,0,0,0,0,1,0,0,0,0.6333333333333333,0.0,999316.7714285714,0,1
UMKM-01012,113,1799717,2,3.5,0.0,426763.0,0.0,1,0,0,0,0,0,0,0,0,0.06666666666666667,0.0,15786.991228070176,0,1
UMKM-01015,91,15584766,25,2.9,0.0,349747.0,3.0,1,0,0,0,0,0,1,0,0,0.8333333333333334,0.0,169399.63043478262,0,1
UMKM-01016,18,18699022,9,2.0,0.0,78940.0,1.0,0,1,0,0,0,0,0,0,0,0.3,0.0,984159.052631579,0,0
UMKM-01018,12,43734083,13,3.0,5.0,0.0,1.0,0,0,1,1,0,0,1,0,0,0.43333333333333335,0.38461538461538464,3364160.230769231,0,0
UMKM-01019,58,42428124,7,3.9,0.0,0.0,0.0,0,0,0,1,1,1,0,0,0,0.23333333333333334,0.0,719120.7457627119,0,0
UMKM-01020,107,12689720,26,4.9,30.0,254010.0,0.0,1,0,0,0,0,0,0,0,1,0.8666666666666667,0.2777777777777778,117497.4074074074,1,1
UMKM-01021,110,35748160,9,3.0,0.0,348105.0,0.0,0,0,1,0,0,0,0,0,1,0.3,0.0,322055.4954954955,0,1
UMKM-01022,119,22838570,14,3.0,0.0,317072.0,0.0,0,0,1,0,0,0,0,1,0,0.4666666666666667,0.0,190321.41666666666,0,1
UMKM-01024,103,15700938,21,2.2,0.0,98029.0,0.0,0,1,0,0,0,0,0,0,1,0.7,0.0,150970.5576923077,0,0
UMKM-01026,56,19555066,30,3.7,0.0,194849.0,0.0,0,0,0,0,0,0,0,0,0,1.0,0.0,343071.3333333333,0,1
UMKM-01029,19,16601315,30,1.4,0.0,468807.0,2.0,1,0,0,0,0,0,1,0,0,1.0,0.0,830065.75,0,1
UMKM-01030,39,7971631,13,1.2,0.0,251145.0,0.0,0,0,0,0,0,1,0,0,0,0.43333333333333335,0.0,199290.775,0,1
UMKM-01031,43,14322772,9,4.4,0.0,242550.0,3.0,0,1,0,0,0,0,1,0,0,0.3,0.0,325517.54545454547,0,0
UMKM-01032,118,30978764,29,1.2,0.0,237275.0,3.0,0,0,0,0,0,0,0,0,1,0.9666666666666667,0.0,260325.74789915967,0,1
UMKM-01035,83,13513349,14,4.6,0.0,153949.0,0.0,0,0,0,0,0,0,0,0,0,0.4666666666666667,0.0,160873.20238095237,0,1
UMKM-01036,10,20329408,13,2.3,2.0,185333.0,0.0,1,0,0,0,0,0,0,1,0,0.43333333333333335,0.18181818181818182,1848128.0,0,1
UMKM-01037,92,11922181,30,1.8,0.0,477919.0,3.0,2,0,0,0,0,0,0,0,1,1.0,0.0,128195.49462365592,0,1
UMKM-01038,87,2724620,28,3.9,0.0,87306.0,0.0,0,0,0,0,0,0,0,0,0,0.9333333333333333,0.0,30961.590909090908,0,1
UMKM-01039,13,39724151,26,3.0,0.0,382106.0,0.0,0,0,1,0,0,0,0,0,1,0.8666666666666667,0.0,2837439.3571428573,0,1
UMKM-01040,17,46055774,20,2.3,0.0,0.0,0.0,0,0,0,1,0,0,0,1,0,0.6666666666666666,0.0,2558654.111111111,0,0
UMKM-01041,77,5830165,8,4.0,0.0,444574.0,0.0,0,0,0,0,0,0,0,0,0,0.26666666666666666,0.0,74745.70512820513,0,1
UMKM-01042,19,7566692,19,2.0,30.0,391103.0,3.0,1,0,0,0,0,1,0,0,0,0.6333333333333333,1.5,378334.6,1,1
UMKM-01044,48,8248730,14,3.2,5.0,77337.0,0.0,0,0,0,0,0,0,0,0,0,0.4666666666666667,0.10204081632653061,168341.42857142858,0,1
UMKM-01045,109,49259953,23,3.2,0.0,437906.0,0.0,1,0,0,0,1,0,0,1,0,0.7666666666666667,0.0,447817.7545454545,0,1
UMKM-01046,67,45898291,15,2.1,0.0,179162.0,0.0,0,0,0,0,0,0,0,0,1,0.5,0.0,674974.8676470588,0,1
UMKM-01048,36,35955903,10,3.3,2.0,375391.0,0.0,0,0,0,0,0,0,1,0,0,0.3333333333333333,0.05405405405405406,971781.1621621621,0,1
UMKM-01049,13,49297390,7,3.0,15.0,403445.0,1.0,1,0,1,0,0,1,0,0,0,0.23333333333333334,1.0714285714285714,3521242.1428571427,1,1
UMKM-01050,91,22557113,2,1.8,0.0,489709.0,0.0,1,0,0,0,0,1,0,0,0,0.06666666666666667,0.0,245186.01086956522,0,1
UMKM-01051,28,36270980,18,2.9,0.0,329720.0,1.0,0,0,0,0,0,1,0,0,0,0.6,0.0,1250723.448275862,0,1
UMKM-01053,102,47347043,2,4.8,0.0,351179.0,4.0,2,0,0,0,0,0,0,0,1,0.06666666666666667,0.0,459680.0291262136,0,1
UMKM-01055,49,30324351,24,3.0,0.0,466625.0,0.0,0,0,0,0,0,0,0,0,0,0.8,0.0,606487.02,0,1
UMKM-01057,28,36652143,10,3.7,2.0,408124.0,0.0,1,0,0,0,0,0,0,0,1,0.3333333333333333,0.06896551724137931,1263867.0,0,1
UMKM-01058,83,40649993,15,4.9,0.0,268209.0,1.0,0,0,0,0,0,0,0,0,1,0.5,0.0,483928.4880952381,0,1
UMKM-01059,119,1037361,16,2.9,2.0,294795.0,1.0,1,0,0,0,0,0,0,0,1,0.5333333333333333,0.016666666666666666,8644.675,0,1
UMKM-01061,0,20676061,23,1.4,0.0,484401.0,0.0,0,0,0,0,0,1,0,0,0,0.7666666666666667,0.0,20676061.0,0,1
UMKM-01062,15,42701268,16,2.1,0.0,256778.0,4.0,0,0,0,0,0,1,0,0,0,0.5333333333333333,0.0,2668829.25,0,1
UMKM-01063,116,4463227,19,3.3,0.0,253363.0,0.0,1,0,0,0,0,0,0,0,1,0.6333333333333333,0.0,38147.23931623931,0,1
UMKM-01064,64,37012288,21,4.8,0.0,269459.0,0.0,0,0,0,0,0,0,0,1,0,0.7,0.0,569419.8153846153,0,1
UMKM-01065,90,36316288,5,3.0,0.0,479961.0,1.0,0,1,1,0,0,1,0,0,0,0.16666666666666666,0.0,399080.0879120879,0,0
UMKM-01066,99,12960096,6,2.2,2.0,472928.0,0.0,0,0,0,0,0,0,0,0,1,0.2,0.02,129600.96,0,1
UMKM-01067,42,34554469,13,2.9,0.0,324167.0,2.0,0,0,0,0,0,1,0,0,0,0.43333333333333335,0.0,803592.3023255814,0,1
UMKM-01068,101,16378456,10,4.7,15.0,311199.0,0.0,1,0,0,0,0,0,1,0,0,0.3333333333333333,0.14705882352941177,160573.0980392157,1,1
UMKM-01069,33,29783001,11,2.7,0.0,437668.0,3.0,2,0,0,0,0,1,0,0,0,0.36666666666666664,0.0,875970.6176470588,0,1
UMKM-01070,25,47440908,4,1.9,2.0,412331.0,0.0,1,0,0,0,0,0,0,0,1,0.13333333333333333,0.07692307692307693,1824650.3076923077,0,1
UMKM-01071,100,26787355,4,1.7,0.0,112919.0,0.0,1,0,0,0,0,0,0,0,0,0.13333333333333333,0.0,265221.3366336634,0,1
UMKM-01072,4,21181374,19,2.8,5.0,50540.0,2.0,1,0,0,0,0,1,0,0,0,0.6333333333333333,1.0,4236274.8,0,1
UMKM-01073,24,18480861,14,4.2,5.0,0.0,0.0,0,0,0,1,0,0,0,0,1,0.4666666666666667,0.2,739234.44,0,0
UMKM-01074,115,25908847,25,2.2,2.0,300845.0,0.0,0,0,0,0,0,0,0,0,1,0.8333333333333334,0.017241379310344827,223352.12931034484,0,1
UMKM-01076,12,47923182,29,3.4,0.0,153030.0,1.0,0,0,0,0,0,0,1,0,0,0.9666666666666667,0.0,3686398.6153846155,0,1
UMKM-01077,54,35148407,23,2.8,0.0,377033.0,0.0,1,0,0,0,0,1,0,0,0,0.7666666666666667,0.0,639061.9454545454,0,1
UMKM-01078,82,16562820,22,1.8,0.0,204478.0,0.0,0,0,0,0,0,0,1,0,0,0.7333333333333333,0.0,199552.0481927711,0,1
UMKM-01079,110,38537495,8,3.0,0.0,99054.0,2.0,0,0,1,0,0,1,0,0,0,0.26666666666666666,0.0,347184.63963963964,0,1
UMKM-01080,119,3282373,2,3.0,2.0,231912.0,0.0,2,0,1,0,0,0,1,0,0,0.06666666666666667,0.016666666666666666,27353.108333333334,0,1
UMKM-01082,89,37104984,6,3.5,0.0,364639.0,0.0,1,0,0,0,0,0,1,0,0,0.2,0.0,412277.6,0,1
UMKM-01083,9,10240832,21,5.0,0.0,352723.0,2.0,0,0,0,0,0,1,0,0,0,0.7,0.0,1024083.2,0,1
UMKM-01085,57,42058793,28,2.7,30.0,0.0,0.0,2,0,0,1,0,0,1,0,0,0.9333333333333333,0.5172413793103449,725151.6034482758,1,0
UMKM-01086,34,41868585,15,2.4,0.0,271703.0,0.0,0,0,0,0,0,1,0,0,0,0.5,0.0,1196245.2857142857,0,1
UMKM-01088,103,10750576,9,2.1,2.0,0.0,0.0,1,0,0,1,0,1,0,0,0,0.3,0.019230769230769232,103370.92307692308,0,0
UMKM-01089,3,14283643,6,4.9,5.0,215247.0,0.0,0,0,0,0,0,1,0,0,0,0.2,1.25,3570910.75,0,1
UMKM-01090,20,23773738,24,3.0,0.0,59012.0,3.0,2,0,1,0,0,1,0,0,0,0.8,0.0,1132082.761904762,0,1
UMKM-01092,75,21377416,14,2.2,2.0,172047.0,4.0,0,0,0,0,0,0,0,0,1,0.4666666666666667,0.02631578947368421,281281.7894736842,0,1
UMKM-01093,10,18336247,31,1.4,0.0,267522.0,0.0,1,0,0,0,0,1,0,0,0,1.0333333333333334,0.0,1666931.5454545454,0,1
UMKM-01094,9,24268496,27,4.5,5.0,279347.0,1.0,0,0,0,0,0,1,0,0,0,0.9,0.5,2426849.6,0,1
UMKM-01095,93,37255675,8,2.5,0.0,193099.0,3.0,1,0,0,0,0,0,0,0,1,0.26666666666666666,0.0,396336.9680851064,0,1
UMKM-01096,115,39998435,6,3.3,2.0,252814.0,4.0,1,0,0,0,0,1,0,0,0,0.2,0.017241379310344827,344814.0948275862,0,1
UMKM-01097,46,41096587,15,4.6,2.0,143399.0,0.0,0,0,0,0,0,0,0,0,1,0.5,0.0425531914893617,874395.4680851063,0,1
UMKM-01098,63,41719803,25,2.6,0.0,330709.0,1.0,2,0,0,0,0,1,0,0,0,0.8333333333333334,0.0,651871.921875,0,1
UMKM-01101,14,21912770,22,3.8,0.0,413680.0,2.0,0,1,0,0,0,0,1,0,0,0.7333333333333333,0.0,1460851.3333333333,0,0
UMKM-01102,73,47282282,7,2.7,0.0,426065.0,0.0,0,0,0,0,0,1,0,0,0,0.23333333333333334,0.0,638949.7567567568,0,1
UMKM-01103,12,3988088,1,2.6,0.0,468216.0,0.0,2,0,0,0,0,0,0,1,0,0.03333333333333333,0.0,306776.0,0,1
UMKM-01104,105,49397873,30,5.0,0.0,493919.0,0.0,0,1,0,0,0,0,0,1,0,1.0,0.0,466017.6698113208,0,0
UMKM-01106,87,47525732,28,2.5,0.0,192710.0,0.0,0,1,0,0,0,1,0,0,0,0.9333333333333333,0.0,540065.1363636364,0,0
UMKM-01107,7,19678953,2,2.0,0.0,235352.0,3.0,1,0,0,0,0,1,0,0,0,0.06666666666666667,0.0,2459869.125,0,1
UMKM-01109,36,22762464,1,3.0,0.0,369684.0,1.0,1,0,1,0,0,0,1,0,0,0.03333333333333333,0.0,615201.7297297297,0,1
UMKM-01110,103,28513679,30,3.0,15.0,321369.0,2.0,2,0,1,0,0,1,0,0,0,1.0,0.14423076923076922,274169.9903846154,1,1
UMKM-01112,55,24186579,19,2.5,2.0,146774.0,2.0,0,0,0,0,0,0,1,0,0,0.6333333333333333,0.03571428571428571,431903.1964285714,0,1
UMKM-01113,89,17773349,28,2.5,0.0,394412.0,1.0,0,0,0,0,0,1,0,0,0,0.9333333333333333,0.0,197481.65555555557,0,1
UMKM-01114,99,22365372,16,4.1,0.0,0.0,0.0,0,0,0,1,0,0,0,0,0,0.5333333333333333,0.0,223653.72,0,0
UMKM-01115,2,17649919,9,3.0,2.0,98531.0,0.0,0,0,0,0,0,0,1,0,0,0.3,0.6666666666666666,5883306.333333333,0,1
UMKM-01117,106,46298401,21,3.4,2.0,337294.0,4.0,0,0,0,0,0,0,1,0,0,0.7,0.018691588785046728,432695.33644859813,0,1
UMKM-01118,57,23488128,5,2.0,0.0,194387.0,1.0,0,0,0,0,0,0,1,0,0,0.16666666666666666,0.0,404967.724137931,0,1
UMKM-01121,88,4594128,30,2.2,2.0,88649.0,0.0,1,0,0,0,0,0,0,0,0,1.0,0.02247191011235955,51619.41573033708,0,1
UMKM-01122,111,21266766,11,1.8,0.0,220495.0,2.0,1,0,0,0,0,0,0,0,1,0.36666666666666664,0.0,189881.8392857143,0,1
UMKM-01123,5,24666269,11,3.6,0.0,288498.0,1.0,0,1,0,0,0,1,0,0,0,0.36666666666666664,0.0,4111044.8333333335,0,0
UMKM-01124,93,4895090,15,1.5,2.0,244689.0,1.0,1,0,0,0,0,1,0,0,0,0.5,0.02127659574468085,52075.425531914894,0,1
UMKM-01125,95,28011610,24,2.2,0.0,332536.0,1.0,0,0,0,0,0,1,0,0,0,0.8,0.0,291787.6041666667,0,1
UMKM-01126,119,37319445,21,3.0,0.0,187115.0,0.0,1,0,1,0,0,0,1,0,0,0.7,0.0,310995.375,0,1
UMKM-01127,36,23939708,26,1.0,0.0,308634.0,2.0,1,1,0,0,0,1,0,0,0,0.8666666666666667,0.0,647019.1351351351,0,0
UMKM-01128,7,17216761,23,3.0,0.0,66867.0,0.0,0,0,1,0,0,1,0,0,0,0.7666666666666667,0.0,2152095.125,0,1
UMKM-01129,30,9424990,11,2.2,0.0,414360.0,1.0,1,0,0,0,0,0,1,0,0,0.36666666666666664,0.0,304031.93548387097,0,1
UMKM-01130,114,8038170,17,1.9,0.0,443573.0,0.0,0,1,0,0,0,0,1,0,0,0.5666666666666667,0.0,69897.13043478261,0,0
UMKM-01132,6,48209261,15,1.6,2.0,468045.0,0.0,0,0,0,0,0,0,0,0,1,0.5,0.2857142857142857,6887037.285714285,0,1
UMKM-01133,31,30217951,3,3.0,0.0,0.0,3.0,1,0,1,1,0,0,0,0,1,0.1,0.0,944310.96875,0,0
UMKM-01134,68,10663464,11,3.0,15.0,485010.0,1.0,1,0,1,0,0,0,0,0,1,0.36666666666666664,0.21739130434782608,154542.95652173914,1,1
UMKM-01136,114,21123884,21,3.0,0.0,342552.0,2.0,0,0,1,0,0,0,1,0,0,0.7,0.0,183685.94782608695,0,1
UMKM-01137,67,41251106,17,1.1,0.0,76279.0,1.0,0,0,0,0,0,1,0,0,0,0.5666666666666667,0.0,606633.9117647059,0,1
UMKM-01139,65,12095868,26,4.3,0.0,152868.0,0.0,0,1,0,0,0,0,0,1,0,0.8666666666666667,0.0,183270.72727272726,0,0
UMKM-01141,112,37060500,18,4.9,2.0,353596.0,0.0,0,0,0,0,0,1,0,0,0,0.6,0.017699115044247787,327969.0265486726,0,1
UMKM-01142,50,11024015,13,4.8,0.0,276199.0,0.0,0,1,0,0,0,0,1,0,0,0.43333333333333335,0.0,216157.1568627451,0,0
UMKM-01143,54,13481158,24,1.7,0.0,388999.0,1.0,0,0,0,0,0,0,0,0,1,0.8,0.0,245111.96363636362,0,1
UMKM-01145,97,13348378,23,4.8,2.0,0.0,0.0,0,0,0,1,0,1,0,0,0,0.7666666666666667,0.02040816326530612,136207.9387755102,0,0
UMKM-01147,58,32969752,22,4.9,0.0,77578.0,0.0,0,0,0,0,0,1,0,0,0,0.7333333333333333,0.0,558809.3559322034,0,1
UMKM-01148,97,11165918,4,1.1,0.0,51908.0,4.0,2,0,0,0,0,1,0,0,0,0.13333333333333333,0.0,113937.9387755102,0,1
UMKM-01151,23,40006163,23,1.5,0.0,265369.0,2.0,2,0,0,0,0,0,0,0,1,0.7666666666666667,0.0,1666923.4583333333,0,1
UMKM-01153,84,7746037,4,2.2,0.0,463936.0,2.0,2,0,0,0,0,1,0,0,0,0.13333333333333333,0.0,91129.84705882354,0,1
UMKM-01155,63,26998966,5,3.0,0.0,400022.0,0.0,1,0,1,0,0,0,1,0,0,0.16666666666666666,0.0,421858.84375,0,1
UMKM-01159,25,10231261,3,4.3,0.0,480370.0,3.0,0,1,0,0,0,0,0,0,1,0.1,0.0,393510.03846153844,0,0
UMKM-01160,44,8841640,9,3.4,0.0,252962.0,1.0,2,1,0,0,0,0,0,0,1,0.3,0.0,196480.88888888888,0,0
UMKM-01161,14,44779557,0,3.0,0.0,477373.0,0.0,0,0,1,0,0,0,0,0,0,0.0,0.0,2985303.8,0,1
UMKM-01162,102,9740245,20,3.0,0.0,498277.0,0.0,1,0,0,0,0,1,0,0,0,0.6666666666666666,0.0,94565.4854368932,0,1
UMKM-01167,19,6137956,30,2.7,0.0,452324.0,1.0,2,0,0,0,0,0,0,0,1,1.0,0.0,306897.8,0,1
UMKM-01168,7,23051629,26,2.8,0.0,427542.0,2.0,0,0,0,0,0,0,1,0,0,0.8666666666666667,0.0,2881453.625,0,1
UMKM-01169,116,48031920,16,3.0,0.0,264878.0,0.0,0,0,0,0,0,1,0,0,0,0.5333333333333333,0.0,410529.23076923075,0,1
UMKM-01170,97,26429327,22,3.6,0.0,0.0,0.0,0,0,0,1,0,0,0,1,0,0.7333333333333333,0.0,269687.01020408166,0,0
UMKM-01171,86,3318292,12,3.0,0.0,262912.0,0.0,2,0,1,0,0,0,1,0,0,0.4,0.0,38141.28735632184,0,1
UMKM-01172,100,45945123,26,3.7,30.0,375622.0,1.0,1,0,0,0,0,0,1,0,0,0.8666666666666667,0.297029702970297,454902.2079207921,1,1
UMKM-01173,113,30692050,19,2.3,0.0,336434.0,3.0,1,0,0,0,0,1,0,0,0,0.6333333333333333,0.0,269228.50877192983,0,1
UMKM-01174,64,3379897,12,2.6,0.0,306515.0,0.0,1,0,0,0,0,1,0,0,0,0.4,0.0,51998.415384615386,0,1
UMKM-01176,52,36539628,23,2.3,2.0,279056.0,2.0,1,0,0,0,0,1,0,0,0,0.7666666666666667,0.03773584905660377,689426.9433962264,0,1
UMKM-01178,76,13306806,2,1.7,0.0,191890.0,1.0,2,0,0,0,0,0,1,0,0,0.06666666666666667,0.0,172815.66233766233,0,1
UMKM-01180,112,6878263,9,3.0,0.0,484576.0,1.0,0,0,1,0,0,0,0,0,0,0.3,0.0,60869.58407079646,0,1
UMKM-01181,78,18220251,0,4.2,2.0,0.0,2.0,0,0,0,1,0,0,1,0,0,0.0,0.02531645569620253,230636.08860759492,0,0
UMKM-01182,58,4099072,12,3.9,0.0,293138.0,0.0,0,0,0,0,0,0,0,0,0,0.4,0.0,69475.79661016949,0,1
UMKM-01183,63,41205155,13,1.7,0.0,0.0,2.0,1,0,0,1,0,0,0,0,1,0.43333333333333335,0.0,643830.546875,0,0
UMKM-01185,80,31270785,1,3.3,0.0,260338.0,0.0,0,0,0,0,0,0,0,0,1,0.03333333333333333,0.0,386059.0740740741,0,1
UMKM-01186,53,49897936,1,2.2,0.0,450387.0,0.0,2,1,0,0,0,0,0,1,0,0.03333333333333333,0.0,924035.8518518518,0,0
UMKM-01189,105,7775996,30,3.0,15.0,428719.0,0.0,0,0,1,0,0,0,1,0,0,1.0,0.14150943396226415,73358.45283018867,1,1
UMKM-01190,56,45163983,3,2.0,15.0,266677.0,1.0,0,0,0,0,0,0,0,0,1,0.1,0.2631578947368421,792350.5789473684,1,1
UMKM-01192,82,10929729,18,2.6,0.0,429435.0,0.0,0,1,0,0,0,1,0,0,0,0.6,0.0,131683.48192771085,0,0
UMKM-01194,62,36514731,8,3.1,0.0,496139.0,2.0,0,0,0,0,0,0,0,1,0,0.26666666666666666,0.0,579598.9047619047,0,1
UMKM-01195,9,6079111,23,4.4,0.0,178742.0,4.0,1,0,0,0,0,0,0,0,1,0.7666666666666667,0.0,607911.1,0,1
UMKM-01196,83,25679850,12,1.5,0.0,169788.0,0.0,0,0,0,0,0,0,0,0,0,0.4,0.0,305712.5,0,1
UMKM-01198,49,45770473,29,1.3,0.0,161606.0,0.0,1,0,0,0,0,1,0,0,0,0.9666666666666667,0.0,915409.46,0,1
UMKM-01199,29,7282444,18,4.4,2.0,112653.0,1.0,0,0,0,0,0,1,0,0,0,0.6,0.06666666666666667,242748.13333333333,0,1
UMKM-01201,8,32604183,9,3.0,0.0,371524.0,0.0,0,0,1,0,0,0,0,0,0,0.3,0.0,3622687.0,0,1
UMKM-01204,96,46892882,13,1.4,2.0,170598.0,0.0,1,0,0,0,0,0,1,0,0,0.43333333333333335,0.020618556701030927,483431.7731958763,0,1
UMKM-01206,1,40118828,19,3.3,0.0,170996.0,0.0,0,0,0,0,1,0,0,1,0,0.6333333333333333,0.0,20059414.0,0,1
UMKM-01207,24,8903797,3,3.0,2.0,431565.0,0.0,0,0,0,0,0,0,0,0,1,0.1,0.08,356151.88,0,1
UMKM-01211,10,42060593,4,3.0,0.0,125237.0,3.0,2,0,1,0,0,0,1,0,0,0.13333333333333333,0.0,3823690.272727273,0,1
UMKM-01213,112,5247328,31,3.7,30.0,130202.0,2.0,1,0,0,0,0,0,0,0,0,1.0333333333333334,0.26548672566371684,46436.53097345133,1,1
UMKM-01214,98,19228685,5,3.0,2.0,382919.0,0.0,0,0,1,0,0,0,0,0,1,0.16666666666666666,0.020202020202020204,194229.14141414143,0,1
UMKM-01215,45,31583887,13,2.4,0.0,396410.0,0.0,0,1,0,0,0,0,1,0,0,0.43333333333333335,0.0,686606.2391304348,0,0
UMKM-01216,66,37855306,5,2.7,0.0,378535.0,0.0,0,0,0,0,0,0,0,1,0,0.16666666666666666,0.0,565004.567164179,0,1
UMKM-01217,76,22513632,13,1.0,0.0,124894.0,0.0,0,0,0,0,0,1,0,0,0,0.43333333333333335,0.0,292384.83116883115,0,1
UMKM-01218,86,21841213,11,3.0,0.0,298514.0,0.0,0,0,0,0,0,0,0,1,0,0.36666666666666664,0.0,251048.4252873563,0,1
UMKM-01219,74,9302975,26,2.0,2.0,100817.0,0.0,0,0,0,0,0,0,0,0,1,0.8666666666666667,0.02666666666666667,124039.66666666667,0,1
UMKM-01220,110,14101446,25,1.2,15.0,119574.0,0.0,2,0,0,0,0,0,0,1,0,0.8333333333333334,0.13513513513513514,127040.05405405405,1,1
UMKM-01221,77,40680895,11,4.6,15.0,309972.0,0.0,1,0,0,0,0,1,0,0,0,0.36666666666666664,0.19230769230769232,521549.9358974359,1,1
UMKM-01222,36,9437534,7,3.0,2.0,355076.0,0.0,0,0,1,0,0,0,0,0,1,0.23333333333333334,0.05405405405405406,255068.48648648648,0,1
UMKM-01223,11,39965244,9,2.7,2.0,375548.0,0.0,1,0,0,0,0,1,0,0,0,0.3,0.16666666666666666,3330437.0,0,1
UMKM-01224,57,49509615,15,4.3,0.0,70071.0,0.0,0,1,0,0,0,1,0,0,0,0.5,0.0,853614.051724138,0,0
UMKM-01225,39,48934957,25,1.7,0.0,487544.0,1.0,0,0,0,0,0,0,0,0,1,0.8333333333333334,0.0,1223373.925,0,1
UMKM-01226,71,23884398,7,4.4,15.0,103694.0,0.0,1,0,0,0,0,0,0,0,1,0.23333333333333334,0.20833333333333334,331727.75,1,1
UMKM-01229,4,27836754,28,3.7,5.0,111127.0,2.0,0,0,0,0,0,0,0,0,1,0.9333333333333333,1.0,5567350.8,0,1
UMKM-01230,28,16374160,19,4.6,0.0,216761.0,3.0,0,0,0,0,0,0,1,0,0,0.6333333333333333,0.0,564626.2068965518,0,1
UMKM-01231,30,19935930,16,3.4,0.0,225361.0,0.0,1,0,0,0,0,0,0,0,1,0.5333333333333333,0.0,643094.5161290322,0,1
UMKM-01232,19,12836889,18,2.8,2.0,128345.0,0.0,0,0,0,0,0,1,0,0,0,0.6,0.1,641844.45,0,1
UMKM-01233,0,10184874,16,3.3,0.0,289274.0,0.0,0,0,0,0,0,0,1,0,0,0.5333333333333333,0.0,10184874.0,0,1
UMKM-01235,12,14317681,0,3.8,30.0,119034.0,0.0,1,0,0,0,0,1,0,0,0,0.0,2.3076923076923075,1101360.076923077,1,1
UMKM-01236,81,5225872,28,1.7,0.0,157620.0,2.0,1,0,0,0,0,0,0,0,1,0.9333333333333333,0.0,63730.14634146341,0,1
UMKM-01237,0,14380190,13,3.2,0.0,185789.0,0.0,1,0,0,0,0,1,0,0,0,0.43333333333333335,0.0,14380190.0,0,1
UMKM-01238,23,43604299,16,3.6,2.0,316998.0,0.0,1,0,0,0,1,0,1,0,0,0.5333333333333333,0.08333333333333333,1816845.7916666667,0,1
UMKM-01239,19,43553366,12,4.6,0.0,150162.0,2.0,0,0,0,0,0,0,1,0,0,0.4,0.0,2177668.3,0,1
UMKM-01240,49,2245749,28,2.8,0.0,420931.0,1.0,2,0,0,0,0,0,0,0,1,0.9333333333333333,0.0,44914.98,0,1
UMKM-01242,40,19195396,26,1.7,0.0,465073.0,1.0,0,0,0,0,0,0,0,0,1,0.8666666666666667,0.0,468180.39024390245,0,1
UMKM-01244,69,49600834,28,3.1,30.0,317104.0,0.0,1,0,0,0,0,1,0,0,0,0.9333333333333333,0.42857142857142855,708583.3428571429,1,1
UMKM-01247,92,17493750,18,4.0,0.0,141909.0,0.0,0,1,0,0,0,0,0,0,1,0.6,0.0,188104.83870967742,0,0
UMKM-01248,22,38281336,23,2.2,15.0,330844.0,2.0,2,0,0,0,0,1,0,0,0,0.7666666666666667,0.6521739130434783,1664405.9130434783,1,1
UMKM-01251,32,10921625,4,3.0,5.0,97417.0,1.0,0,0,1,0,0,1,0,0,0,0.13333333333333333,0.15151515151515152,330958.3333333333,0,1
UMKM-01252,55,40465270,23,1.3,2.0,331556.0,0.0,0,0,0,0,0,1,0,0,0,0.7666666666666667,0.03571428571428571,722594.1071428572,0,1
UMKM-01254,45,3189568,30,3.0,0.0,109291.0,4.0,1,0,0,0,0,0,0,1,0,1.0,0.0,69338.43478260869,0,1
UMKM-01255,84,35201554,29,2.0,0.0,141255.0,0.0,0,0,0,0,0,1,0,0,0,0.9666666666666667,0.0,414135.9294117647,0,1
UMKM-01256,42,4782164,8,3.2,0.0,308757.0,0.0,1,0,0,0,0,0,0,0,1,0.26666666666666666,0.0,111213.11627906977,0,1
UMKM-01257,15,2761331,26,2.4,2.0,0.0,1.0,2,0,0,1,0,0,0,0,0,0.8666666666666667,0.125,172583.1875,0,0
UMKM-01258,48,20670186,27,4.3,2.0,266140.0,2.0,0,0,0,0,0,0,0,0,0,0.9,0.04081632653061224,421840.5306122449,0,1
UMKM-01260,97,9539202,25,3.0,0.0,435959.0,0.0,0,0,1,0,0,1,0,0,0,0.8333333333333334,0.0,97338.79591836735,0,1
UMKM-01261,88,43663932,17,4.9,0.0,323493.0,0.0,0,1,0,0,0,1,0,0,0,0.5666666666666667,0.0,490605.9775280899,0,0
UMKM-01263,66,34437995,7,3.8,0.0,0.0,0.0,0,0,0,1,0,0,1,0,0,0.23333333333333334,0.0,513999.9253731343,0,0
UMKM-01264,45,30229727,17,3.0,5.0,112985.0,1.0,0,0,1,0,0,0,0,1,0,0.5666666666666667,0.10869565217391304,657167.9782608695,0,1
UMKM-01265,14,48219465,19,2.0,0.0,57611.0,2.0,1,0,0,0,0,0,0,0,0,0.6333333333333333,0.0,3214631.0,0,1
UMKM-01266,106,30545279,31,3.7,0.0,0.0,0.0,0,0,0,1,0,0,1,0,0,1.0333333333333334,0.0,285469.8971962617,0,0
UMKM-01267,90,38513447,28,1.5,0.0,361869.0,1.0,0,0,0,0,0,1,0,0,0,0.9333333333333333,0.0,423224.6923076923,0,1
UMKM-01268,80,28298766,17,4.4,2.0,51548.0,0.0,1,0,0,0,0,1,0,0,0,0.5666666666666667,0.024691358024691357,349367.48148148146,0,1
UMKM-01269,53,12061060,6,2.0,0.0,140297.0,4.0,1,0,0,0,0,1,0,0,0,0.2,0.0,223352.96296296295,0,1
UMKM-01270,65,3214979,0,2.4,0.0,195060.0,0.0,1,1,0,0,0,0,0,0,1,0.0,0.0,48711.80303030303,0,0
UMKM-01271,3,41908724,27,3.5,0.0,144729.0,0.0,0,0,0,0,0,1,0,0,0,0.9,0.0,10477181.0,0,1
UMKM-01274,23,32893172,19,4.6,0.0,442481.0,0.0,0,0,0,0,0,1,0,0,0,0.6333333333333333,0.0,1370548.8333333333,0,1
UMKM-01276,66,30506320,30,2.6,0.0,463092.0,0.0,0,0,0,0,0,1,0,0,0,1.0,0.0,455318.2089552239,0,1
UMKM-01278,112,33145070,27,4.7,0.0,271217.0,2.0,1,0,0,0,0,0,0,1,0,0.9,0.0,293319.203539823,0,1
UMKM-01279,62,41949943,2,1.8,0.0,451055.0,0.0,1,0,0,0,0,0,0,0,0,0.06666666666666667,0.0,665872.1111111111,0,1
UMKM-01280,29,22364497,5,3.1,2.0,88457.0,2.0,0,0,0,0,0,0,1,0,0,0.16666666666666666,0.06666666666666667,745483.2333333333,0,1
UMKM-01283,112,43027193,6,3.9,0.0,158296.0,1.0,0,1,0,0,0,1,0,0,0,0.2,0.0,380771.61946902657,0,0
UMKM-01285,98,22755450,0,4.8,0.0,111976.0,0.0,0,0,0,0,0,0,0,0,1,0.0,0.0,229853.0303030303,0,1
UMKM-01286,1,32877611,5,1.9,0.0,60275.0,4.0,2,0,0,0,0,1,0,0,0,0.16666666666666666,0.0,16438805.5,0,1
UMKM-01287,21,27291842,23,1.2,0.0,88151.0,3.0,1,0,0,0,0,0,1,0,0,0.7666666666666667,0.0,1240538.2727272727,0,1
UMKM-01291,96,38726492,23,4.2,0.0,355756.0,3.0,2,0,0,0,0,0,1,0,0,0.7666666666666667,0.0,399242.1855670103,0,1
UMKM-01294,81,11342588,28,4.1,0.0,362482.0,3.0,0,0,0,0,0,0,0,0,0,0.9333333333333333,0.0,138324.24390243902,0,1
UMKM-01297,69,40524109,31,3.4,0.0,478662.0,0.0,0,0,0,0,0,0,0,1,0,1.0333333333333334,0.0,578915.8428571429,0,1
UMKM-01298,36,16505393,24,2.7,0.0,217634.0,0.0,0,0,0,0,0,0,0,1,0,0.8,0.0,446091.7027027027,0,1
UMKM-01299,111,18745626,9,4.8,2.0,200175.0,2.0,0,0,0,0,0,0,1,0,0,0.3,0.017857142857142856,167371.6607142857,0,1
UMKM-01301,44,28764911,24,3.0,5.0,0.0,3.0,1,0,1,1,0,0,1,0,0,0.8,0.1111111111111111,639220.2444444444,0,0
UMKM-01302,57,21713858,26,3.3,5.0,480586.0,0.0,0,0,0,0,0,0,0,1,0,0.8666666666666667,0.08620689655172414,374376.8620689655,0,1
UMKM-01304,31,46554920,31,1.3,0.0,258168.0,0.0,0,0,0,0,0,0,0,0,1,1.0333333333333334,0.0,1454841.25,0,1
UMKM-01305,99,26860758,11,1.8,2.0,463557.0,0.0,0,0,0,0,0,0,0,1,0,0.36666666666666664,0.02,268607.58,0,1
UMKM-01306,53,44821332,3,1.6,0.0,56069.0,2.0,0,0,0,0,0,0,1,0,0,0.1,0.0,830024.6666666666,0,1
UMKM-01308,93,30629610,25,3.0,2.0,456509.0,0.0,0,0,1,0,0,0,1,0,0,0.8333333333333334,0.02127659574468085,325846.91489361704,0,1
UMKM-01309,42,33679646,2,3.4,0.0,148582.0,0.0,2,0,0,0,0,0,0,0,0,0.06666666666666667,0.0,783247.5813953489,0,1
UMKM-01311,42,9531225,8,1.5,0.0,0.0,0.0,0,0,0,1,0,0,1,0,0,0.26666666666666666,0.0,221656.39534883722,0,0
UMKM-01312,90,24729273,28,3.4,0.0,180640.0,2.0,0,1,0,0,0,1,0,0,0,0.9333333333333333,0.0,271750.25274725276,0,0
UMKM-01314,110,22911845,17,4.6,0.0,148658.0,0.0,2,0,0,0,0,1,0,0,0,0.5666666666666667,0.0,206413.01801801802,0,1
UMKM-01316,56,2034780,19,4.1,2.0,134162.0,0.0,0,0,0,0,0,0,1,0,0,0.6333333333333333,0.03508771929824561,35697.89473684211,0,1
UMKM-01319,8,28733052,27,1.3,0.0,148861.0,1.0,1,0,0,0,0,0,0,1,0,0.9,0.0,3192561.3333333335,0,1
UMKM-01321,106,31477458,15,2.7,0.0,119022.0,2.0,1,0,0,0,0,1,0,0,0,0.5,0.0,294181.85046728974,0,1
UMKM-01322,119,46977520,20,2.8,0.0,394225.0,1.0,1,1,0,0,0,0,1,0,0,0.6666666666666666,0.0,391479.3333333333,0,0
UMKM-01323,55,8736085,12,3.0,0.0,443035.0,0.0,0,0,1,0,0,1,0,0,0,0.4,0.0,156001.51785714287,0,1
UMKM-01326,11,33489400,31,1.8,30.0,0.0,4.0,2,0,0,1,0,0,0,0,1,1.0333333333333334,2.5,2790783.3333333335,1,0
UMKM-01328,18,39313101,5,3.8,5.0,397841.0,0.0,0,0,0,0,0,0,0,1,0,0.16666666666666666,0.2631578947368421,2069110.5789473683,0,1
UMKM-01331,76,37655436,12,3.9,2.0,442086.0,0.0,1,0,0,0,0,0,1,0,0,0.4,0.025974025974025976,489031.63636363635,0,1
UMKM-01333,112,37486640,12,3.0,0.0,110854.0,3.0,0,0,1,0,0,1,0,0,0,0.4,0.0,331740.1769911504,0,1
UMKM-01334,72,28075979,11,3.0,2.0,137936.0,4.0,1,0,0,0,0,0,0,0,1,0.36666666666666664,0.0273972602739726,384602.4520547945,0,1
UMKM-01336,73,21964658,27,3.0,2.0,0.0,4.0,1,0,1,1,0,0,0,0,0,0.9,0.02702702702702703,296819.7027027027,0,0
UMKM-01337,73,21589413,2,4.3,0.0,236198.0,2.0,2,0,0,0,0,1,0,0,0,0.06666666666666667,0.0,291748.8243243243,0,1
UMKM-01338,64,46843878,17,2.2,2.0,0.0,0.0,0,0,0,1,0,1,0,0,0,0.5666666666666667,0.03076923076923077,720675.0461538462,0,0
UMKM-01339,21,26847200,25,2.1,0.0,428665.0,0.0,0,0,0,0,0,0,0,1,0,0.8333333333333334,0.0,1220327.2727272727,0,1
UMKM-01341,44,24210780,1,1.2,5.0,138904.0,4.0,2,0,0,0,0,0,1,0,0,0.03333333333333333,0.1111111111111111,538017.3333333334,0,1
UMKM-01342,30,35511172,3,3.6,0.0,203802.0,0.0,0,0,0,0,0,1,0,0,0,0.1,0.0,1145521.677419355,0,1
UMKM-01343,113,31553797,27,1.2,2.0,68167.0,0.0,0,0,0,0,0,0,0,1,0,0.9,0.017543859649122806,276787.6929824561,0,1
UMKM-01344,2,19988062,27,4.2,2.0,497552.0,0.0,1,0,0,0,0,1,0,0,0,0.9,0.6666666666666666,6662687.333333333,0,1
UMKM-01345,73,20086447,24,3.0,0.0,113178.0,4.0,2,1,1,0,0,0,1,0,0,0.8,0.0,271438.47297297296,0,0
UMKM-01348,41,44447859,1,1.5,2.0,384513.0,0.0,0,0,0,0,0,0,1,0,0,0.03333333333333333,0.047619047619047616,1058282.357142857,0,1
UMKM-01351,92,40683458,29,3.4,5.0,50571.0,4.0,1,0,0,0,0,0,0,0,1,0.9666666666666667,0.053763440860215055,437456.5376344086,0,1
UMKM-01352,82,6770938,20,3.1,2.0,218140.0,3.0,0,0,0,0,0,0,0,0,0,0.6666666666666666,0.024096385542168676,81577.56626506025,0,1
UMKM-01356,26,13603858,22,3.0,0.0,306172.0,2.0,2,0,1,0,0,0,0,0,0,0.7333333333333333,0.0,503846.5925925926,0,1
UMKM-01358,110,12652065,1,3.0,2.0,242961.0,4.0,2,0,1,0,0,0,0,0,1,0.03333333333333333,0.018018018018018018,113982.56756756757,0,1
UMKM-01359,107,3791671,26,1.8,0.0,303300.0,4.0,1,0,0,0,0,0,0,0,1,0.8666666666666667,0.0,35108.06481481482,0,1
UMKM-01360,7,36616324,21,1.7,0.0,203035.0,0.0,1,0,0,0,0,1,0,0,0,0.7,0.0,4577040.5,0,1
UMKM-01362,28,24740482,15,3.0,30.0,262348.0,0.0,1,0,1,0,0,1,0,0,0,0.5,1.0344827586206897,853120.0689655172,1,1
UMKM-01363,56,38632572,19,1.4,15.0,340508.0,3.0,1,0,0,0,0,0,1,0,0,0.6333333333333333,0.2631578947368421,677764.4210526316,1,1
UMKM-01364,73,46539259,25,2.0,2.0,121227.0,2.0,1,0,0,0,0,1,0,0,0,0.8333333333333334,0.02702702702702703,628908.9054054054,0,1
UMKM-01365,102,29631509,15,1.3,0.0,388005.0,4.0,1,0,0,0,0,0,0,0,1,0.5,0.0,287684.5533980582,0,1
UMKM-01366,72,26262572,5,2.1,2.0,139950.0,1.0,0,0,0,0,0,1,0,0,0,0.16666666666666666,0.0273972602739726,359761.2602739726,0,1
UMKM-01369,92,27124219,22,2.8,0.0,315906.0,0.0,0,0,0,0,0,1,0,0,0,0.7333333333333333,0.0,291658.2688172043,0,1
UMKM-01372,65,1915767,7,3.5,0.0,166363.0,0.0,2,0,0,0,0,1,0,0,0,0.23333333333333334,0.0,29026.772727272728,0,1
UMKM-01373,87,43244404,5,2.5,15.0,390493.0,3.0,2,0,0,0,0,0,0,0,0,0.16666666666666666,0.17045454545454544,491413.6818181818,1,1
UMKM-01375,25,16547488,21,4.7,0.0,66294.0,0.0,0,0,0,0,0,0,0,0,1,0.7,0.0,636441.8461538461,0,1
UMKM-01376,58,29208068,5,2.6,0.0,118335.0,1.0,0,0,0,0,0,0,0,1,0,0.16666666666666666,0.0,495052.0,0,1
UMKM-01377,119,34092720,31,3.4,2.0,434328.0,0.0,1,0,0,0,0,0,0,0,1,1.0333333333333334,0.016666666666666666,284106.0,0,1
UMKM-01378,19,42768923,16,4.5,30.0,264847.0,3.0,1,0,0,0,0,0,0,0,1,0.5333333333333333,1.5,2138446.15,1,1
UMKM-01380,8,21480929,16,3.0,2.0,384603.0,0.0,0,0,1,0,0,0,1,0,0,0.5333333333333333,0.2222222222222222,2386769.888888889,0,1
UMKM-01382,85,1381856,22,1.7,0.0,0.0,0.0,1,0,0,1,1,0,1,0,0,0.7333333333333333,0.0,16068.093023255815,0,0
UMKM-01383,48,46586552,12,3.0,0.0,267493.0,1.0,0,0,1,0,0,1,0,0,0,0.4,0.0,950745.9591836735,0,1
UMKM-01385,75,48849253,21,2.1,0.0,172285.0,0.0,0,1,0,0,0,0,1,0,0,0.7,0.0,642753.3289473684,0,0
UMKM-01386,95,43706401,6,4.2,0.0,154875.0,0.0,0,0,0,0,0,0,0,0,1,0.2,0.0,455275.0104166667,0,1
UMKM-01387,72,28873913,21,4.6,5.0,224993.0,0.0,0,0,0,0,0,0,0,0,1,0.7,0.0684931506849315,395533.05479452055,0,1
UMKM-01388,83,39133529,20,3.7,2.0,185460.0,3.0,0,0,0,0,0,0,1,0,0,0.6666666666666666,0.023809523809523808,465875.34523809527,0,1
UMKM-01389,50,42167744,5,1.4,0.0,118163.0,0.0,0,0,0,0,0,0,0,0,1,0.16666666666666666,0.0,826818.5098039216,0,1
UMKM-01390,88,38571331,13,3.1,2.0,299580.0,0.0,1,0,0,0,0,0,0,0,1,0.43333333333333335,0.02247191011235955,433385.7415730337,0,1
UMKM-01391,87,16528998,15,3.3,15.0,57247.0,1.0,1,0,0,0,0,0,0,0,1,0.5,0.17045454545454544,187829.52272727274,1,1
UMKM-01392,78,38509631,2,2.1,0.0,250251.0,3.0,1,0,0,0,0,1,0,0,0,0.06666666666666667,0.0,487463.6835443038,0,1
UMKM-01393,79,37823328,8,3.0,30.0,334719.0,0.0,0,0,1,0,0,0,0,1,0,0.26666666666666666,0.375,472791.6,1,1
UMKM-01394,55,38807891,20,2.3,0.0,70146.0,0.0,0,0,0,0,0,1,0,0,0,0.6666666666666666,0.0,692998.0535714285,0,1
UMKM-01395,111,25134159,29,1.8,0.0,72371.0,0.0,0,0,0,0,0,0,0,0,0,0.9666666666666667,0.0,224412.13392857142,0,1
UMKM-01396,16,48711124,29,1.4,0.0,404387.0,0.0,1,0,0,0,0,0,0,1,0,0.9666666666666667,0.0,2865360.2352941176,0,1
UMKM-01399,10,37408567,31,1.9,5.0,76875.0,0.0,1,0,0,0,0,0,0,1,0,1.0333333333333334,0.45454545454545453,3400778.8181818184,0,1
UMKM-01400,44,15959998,22,4.1,2.0,63792.0,0.0,0,0,0,0,0,1,0,0,0,0.7333333333333333,0.044444444444444446,354666.6222222222,0,1
UMKM-01401,116,18253593,2,1.5,0.0,491939.0,0.0,0,0,0,0,0,0,1,0,0,0.06666666666666667,0.0,156013.61538461538,0,1
UMKM-01402,107,1398422,0,2.8,15.0,395397.0,4.0,2,0,0,0,0,0,0,0,1,0.0,0.1388888888888889,12948.351851851852,1,1
UMKM-01403,37,17899153,2,3.8,0.0,398072.0,1.0,0,0,0,0,0,0,0,0,1,0.06666666666666667,0.0,471030.34210526315,0,1
UMKM-01405,74,42206558,6,3.0,0.0,121679.0,0.0,1,0,1,0,0,0,0,0,1,0.2,0.0,562754.1066666667,0,1
UMKM-01406,52,18155571,2,4.2,2.0,241973.0,2.0,0,0,0,0,0,0,1,0,0,0.06666666666666667,0.03773584905660377,342557.9433962264,0,1
UMKM-01410,79,12504456,30,4.9,2.0,97728.0,2.0,1,0,0,0,0,0,0,0,1,1.0,0.025,156305.7,0,1
UMKM-01411,33,41831618,1,1.7,0.0,140487.0,0.0,1,0,0,0,1,0,0,1,0,0.03333333333333333,0.0,1230341.705882353,0,1
UMKM-01412,92,43982514,13,3.8,0.0,0.0,2.0,0,0,0,1,0,1,0,0,0,0.43333333333333335,0.0,472930.2580645161,0,0
UMKM-01414,0,25950408,30,3.0,0.0,231917.0,0.0,1,0,1,0,0,1,0,0,0,1.0,0.0,25950408.0,0,1
UMKM-01415,75,7609001,1,3.0,15.0,0.0,0.0,2,0,1,1,0,1,0,0,0,0.03333333333333333,0.19736842105263158,100118.43421052632,1,0
UMKM-01416,97,26715215,30,4.9,5.0,225587.0,0.0,0,0,0,0,0,1,0,0,0,1.0,0.05102040816326531,272604.2346938776,0,1
UMKM-01418,63,40579377,21,2.1,15.0,271255.0,1.0,2,0,0,0,0,0,1,0,0,0.7,0.234375,634052.765625,1,1
UMKM-01419,63,48655757,9,1.5,0.0,212360.0,4.0,1,0,0,0,0,1,0,0,0,0.3,0.0,760246.203125,0,1
UMKM-01420,14,35915196,29,4.7,2.0,117310.0,1.0,0,0,0,0,0,1,0,0,0,0.9666666666666667,0.13333333333333333,2394346.4,0,1
UMKM-01422,10,20948769,18,3.0,15.0,87432.0,0.0,2,0,1,0,0,0,1,0,0,0.6,1.3636363636363635,1904433.5454545454,1,1
UMKM-01423,45,32140320,24,4.4,0.0,251667.0,0.0,0,0,0,0,0,0,0,0,0,0.8,0.0,698702.6086956522,0,1
UMKM-01424,99,37148977,0,3.0,5.0,170050.0,2.0,2,0,1,0,0,0,0,0,0,0.0,0.05,371489.77,0,1
UMKM-01425,31,4182999,31,3.0,0.0,299826.0,0.0,0,0,1,0,1,0,0,0,1,1.0333333333333334,0.0,130718.71875,0,1
UMKM-01426,98,10514440,24,2.7,15.0,416919.0,0.0,2,0,0,0,0,0,0,0,1,0.8,0.15151515151515152,106206.46464646465,1,1
UMKM-01428,63,41583878,16,4.6,5.0,340427.0,1.0,1,0,0,0,0,0,0,0,0,0.5333333333333333,0.078125,649748.09375,0,1
UMKM-01429,36,29413551,13,1.3,0.0,424741.0,4.0,0,0,0,0,0,0,1,0,0,0.43333333333333335,0.0,794960.8378378379,0,1
UMKM-01431,60,40345172,12,3.0,2.0,301134.0,1.0,0,0,1,0,0,0,0,0,0,0.4,0.03278688524590164,661396.262295082,0,1
UMKM-01434,94,26049902,1,2.2,0.0,125280.0,0.0,2,1,0,0,0,1,0,0,0,0.03333333333333333,0.0,274209.4947368421,0,0
UMKM-01435,80,35395029,31,4.0,5.0,381343.0,0.0,0,0,0,0,0,0,0,1,0,1.0333333333333334,0.06172839506172839,436975.6666666667,0,1
UMKM-01436,58,1850122,31,3.7,0.0,241983.0,1.0,2,0,0,0,0,0,0,0,0,1.0333333333333334,0.0,31358.0,0,1
UMKM-01438,16,35284991,5,3.0,0.0,400758.0,2.0,1,0,1,0,0,0,0,0,0,0.16666666666666666,0.0,2075587.705882353,0,1
UMKM-01439,28,24105620,24,2.7,2.0,482125.0,2.0,1,0,0,0,0,0,0,0,1,0.8,0.06896551724137931,831228.275862069,0,1
UMKM-01440,49,34460390,2,2.4,30.0,302046.0,3.0,2,0,0,0,0,1,0,0,0,0.06666666666666667,0.6,689207.8,1,1
UMKM-01441,23,36416447,17,3.7,0.0,187232.0,0.0,0,0,0,0,0,0,1,0,0,0.5666666666666667,0.0,1517351.9583333333,0,1
UMKM-01444,104,14129224,2,4.4,2.0,439920.0,0.0,0,0,0,0,0,0,0,0,1,0.06666666666666667,0.01904761904761905,134564.0380952381,0,1
UMKM-01445,91,48953688,4,1.2,0.0,272183.0,1.0,1,0,0,0,0,0,0,1,0,0.13333333333333333,0.0,532105.304347826,0,1
UMKM-01446,12,19782680,23,1.0,0.0,155446.0,0.0,0,0,0,0,0,1,0,0,0,0.7666666666666667,0.0,1521744.6153846155,0,1
UMKM-01449,91,46439465,23,3.1,2.0,220148.0,0.0,0,0,0,0,0,0,0,0,1,0.7666666666666667,0.021739130434782608,504776.79347826086,0,1
UMKM-01451,82,26102864,27,5.0,0.0,480726.0,0.0,0,0,0,0,1,1,0,0,0,0.9,0.0,314492.3373493976,0,1
UMKM-01455,76,7523229,6,1.4,2.0,262694.0,3.0,1,0,0,0,0,1,0,0,0,0.2,0.025974025974025976,97704.27272727272,0,1
UMKM-01456,21,43925139,17,3.1,2.0,353457.0,3.0,1,0,0,0,0,0,1,0,0,0.5666666666666667,0.09090909090909091,1996597.2272727273,0,1
UMKM-01457,37,4486082,5,4.1,0.0,71777.0,1.0,0,0,0,0,0,0,1,0,0,0.16666666666666666,0.0,118054.78947368421,0,1
UMKM-01458,53,36105074,27,3.6,0.0,112382.0,0.0,0,1,0,0,0,1,0,0,0,0.9,0.0,668612.4814814815,0,0
UMKM-01462,100,25566499,28,3.6,0.0,488797.0,0.0,0,0,0,0,0,0,1,0,0,0.9333333333333333,0.0,253133.65346534652,0,1
UMKM-01463,99,25003294,3,2.6,2.0,309606.0,0.0,1,0,0,0,0,1,0,0,0,0.1,0.02,250032.94,0,1
UMKM-01464,49,23473124,13,1.3,2.0,107853.0,1.0,0,0,0,0,0,0,1,0,0,0.43333333333333335,0.04,469462.48,0,1
UMKM-01465,94,17188024,4,1.8,0.0,67921.0,2.0,0,0,0,0,0,1,0,0,0,0.13333333333333333,0.0,180926.56842105262,0,1
UMKM-01466,54,5862944,24,3.0,0.0,484076.0,2.0,0,0,1,0,0,0,0,0,0,0.8,0.0,106598.98181818181,0,1
UMKM-01468,56,34919148,7,3.0,0.0,461976.0,0.0,0,0,1,0,0,0,0,0,1,0.23333333333333334,0.0,612616.6315789474,0,1
UMKM-01469,74,48793791,14,1.8,0.0,221578.0,0.0,0,0,0,0,0,0,0,1,0,0.4666666666666667,0.0,650583.88,0,1
UMKM-01470,28,39807519,18,3.0,0.0,288368.0,2.0,0,0,1,0,0,0,0,0,1,0.6,0.0,1372673.0689655172,0,1
UMKM-01471,81,5920791,10,4.8,0.0,499199.0,2.0,0,0,0,0,0,0,0,0,1,0.3333333333333333,0.0,72204.76829268293,0,1
UMKM-01472,108,33391010,19,3.0,0.0,53243.0,0.0,2,0,1,0,0,0,1,0,0,0.6333333333333333,0.0,306339.54128440365,0,1
UMKM-01474,82,18231839,17,4.5,2.0,184738.0,1.0,0,0,0,0,0,0,0,1,0,0.5666666666666667,0.024096385542168676,219660.7108433735,0,1
UMKM-01475,50,26061958,13,3.0,0.0,263929.0,0.0,0,0,1,0,0,0,0,0,0,0.43333333333333335,0.0,511018.7843137255,0,1
UMKM-01477,7,2310646,24,3.0,0.0,396084.0,1.0,1,1,0,0,0,0,1,0,0,0.8,0.0,288830.75,0,0
UMKM-01478,50,9429948,15,1.1,0.0,241198.0,2.0,1,1,0,0,0,0,0,1,0,0.5,0.0,184900.9411764706,0,0
UMKM-01479,12,15923019,17,1.6,15.0,335730.0,2.0,2,0,0,0,0,0,0,1,0,0.5666666666666667,1.1538461538461537,1224847.6153846155,1,1
UMKM-01480,48,18669959,0,1.9,0.0,392312.0,0.0,1,0,0,0,0,0,0,0,1,0.0,0.0,381019.5714285714,0,1
UMKM-01482,107,40396920,0,3.0,15.0,108862.0,0.0,2,0,0,0,0,1,0,0,0,0.0,0.1388888888888889,374045.55555555556,1,1
UMKM-01483,95,35967717,0,2.2,0.0,51258.0,2.0,2,0,0,0,0,0,0,0,1,0.0,0.0,374663.71875,0,1
UMKM-01484,37,28691349,20,3.3,0.0,155356.0,2.0,0,0,0,0,0,1,0,0,0,0.6666666666666666,0.0,755035.5,0,1
UMKM-01485,33,2330657,24,1.5,2.0,331638.0,0.0,0,0,0,0,0,0,1,0,0,0.8,0.058823529411764705,68548.73529411765,0,1
UMKM-01486,55,34477650,26,4.0,0.0,354346.0,0.0,0,0,0,0,0,1,0,0,0,0.8666666666666667,0.0,615672.3214285715,0,1
UMKM-01487,36,48459283,9,3.8,15.0,456744.0,0.0,1,0,0,0,0,1,0,0,0,0.3,0.40540540540540543,1309710.3513513512,1,1
UMKM-01488,75,33108301,11,1.9,5.0,134673.0,1.0,0,0,0,0,0,0,0,0,0,0.36666666666666664,0.06578947368421052,435635.5394736842,0,1
UMKM-01489,73,16434272,27,3.4,5.0,268786.0,0.0,2,0,0,0,0,1,0,0,0,0.9,0.06756756756756757,222084.75675675675,0,1
UMKM-01490,12,6000783,31,3.0,15.0,167363.0,1.0,1,0,0,0,0,0,1,0,0,1.0333333333333334,1.1538461538461537,461598.6923076923,1,1
UMKM-01492,48,26110847,7,2.1,5.0,392688.0,1.0,1,0,0,0,0,0,1,0,0,0.23333333333333334,0.10204081632653061,532874.4285714285,0,1
UMKM-01494,24,12475418,25,3.0,2.0,181028.0,0.0,0,0,1,0,0,0,0,0,1,0.8333333333333334,0.08,499016.72,0,1
UMKM-01497,52,17017834,1,2.2,0.0,249479.0,0.0,1,1,0,0,0,0,0,1,0,0.03333333333333333,0.0,321091.2075471698,0,0
UMKM-01500,65,11186163,5,2.2,0.0,458418.0,0.0,0,0,0,0,0,0,0,0,1,0.16666666666666666,0.0,169487.31818181818,0,1
UMKM-01501,114,16960724,30,3.6,0.0,128637.0,1.0,0,0,0,0,0,0,0,0,1,1.0,0.0,147484.55652173914,0,1
UMKM-01502,12,6805333,22,4.0,0.0,439232.0,0.0,1,0,0,0,0,0,0,0,1,0.7333333333333333,0.0,523487.1538461539,0,1
UMKM-01503,100,6516552,11,3.0,15.0,66238.0,3.0,1,0,1,0,0,0,0,0,1,0.36666666666666664,0.1485148514851485,64520.316831683165,1,1
UMKM-01504,1,18684488,27,5.0,0.0,323323.0,1.0,0,0,0,0,0,0,0,0,1,0.9,0.0,9342244.0,0,1
UMKM-01505,34,47318024,14,4.2,0.0,309058.0,1.0,0,0,0,0,0,1,0,0,0,0.4666666666666667,0.0,1351943.5428571429,0,1
UMKM-01506,64,11884890,18,3.6,5.0,80793.0,4.0,1,0,0,0,0,0,0,0,1,0.6,0.07692307692307693,182844.46153846153,0,1
UMKM-01507,80,15192912,11,4.6,0.0,58004.0,2.0,0,0,0,0,0,1,0,0,0,0.36666666666666664,0.0,187566.8148148148,0,1
UMKM-01508,116,21851627,1,3.0,0.0,164462.0,0.0,0,0,1,0,0,0,0,0,1,0.03333333333333333,0.0,186766.04273504275,0,1
UMKM-01509,59,14979640,10,4.9,5.0,333260.0,0.0,0,0,0,0,0,1,0,0,0,0.3333333333333333,0.08333333333333333,249660.66666666666,0,1
UMKM-01513,46,27788986,24,1.3,0.0,0.0,0.0,1,0,0,1,0,0,0,0,1,0.8,0.0,591255.0212765958,0,0
UMKM-01515,101,20397125,20,1.5,0.0,281618.0,0.0,1,0,0,0,0,0,1,0,0,0.6666666666666666,0.0,199971.8137254902,0,1
UMKM-01518,84,27468794,8,3.9,0.0,395576.0,1.0,0,0,0,0,0,0,0,0,1,0.26666666666666666,0.0,323162.28235294117,0,1
UMKM-01519,72,28582031,11,3.3,2.0,383296.0,1.0,1,0,0,0,0,1,0,0,0,0.36666666666666664,0.0273972602739726,391534.6712328767,0,1
UMKM-01520,3,18768209,9,3.0,0.0,428475.0,1.0,0,0,1,0,0,0,0,0,1,0.3,0.0,4692052.25,0,1
UMKM-01521,117,36142481,4,3.2,2.0,82791.0,0.0,0,0,0,0,0,0,1,0,0,0.13333333333333333,0.01694915254237288,306292.21186440677,0,1
UMKM-01523,70,27979772,4,4.5,30.0,298703.0,0.0,2,0,0,0,0,0,0,0,1,0.13333333333333333,0.4225352112676056,394081.2957746479,1,1
UMKM-01524,36,3042361,15,1.3,0.0,81027.0,1.0,1,0,0,0,0,1,0,0,0,0.5,0.0,82225.97297297297,0,1
UMKM-01527,45,21647249,28,1.1,0.0,286470.0,1.0,0,0,0,0,0,0,0,1,0,0.9333333333333333,0.0,470592.3695652174,0,1
UMKM-01528,64,23659761,17,1.8,0.0,316277.0,4.0,1,0,0,0,0,1,0,0,0,0.5666666666666667,0.0,363996.3230769231,0,1
UMKM-01529,14,10034612,28,1.9,0.0,236753.0,1.0,1,0,0,0,0,1,0,0,0,0.9333333333333333,0.0,668974.1333333333,0,1
UMKM-01530,82,1187486,5,3.0,2.0,378424.0,0.0,0,0,1,0,0,0,0,0,1,0.16666666666666666,0.024096385542168676,14307.060240963856,0,1
UMKM-01531,21,36183214,17,2.1,0.0,375188.0,0.0,1,0,0,0,0,1,0,0,0,0.5666666666666667,0.0,1644691.5454545454,0,1
UMKM-01532,32,33990353,31,3.4,0.0,398241.0,1.0,0,1,0,0,0,1,0,0,0,1.0333333333333334,0.0,1030010.696969697,0,0
UMKM-01534,59,2733391,30,4.2,0.0,140105.0,0.0,0,0,0,0,0,0,1,0,0,1.0,0.0,45556.51666666667,0,1
UMKM-01535,48,26532414,10,2.3,2.0,187012.0,3.0,1,0,0,0,0,0,1,0,0,0.3333333333333333,0.04081632653061224,541477.8367346938,0,1
UMKM-01536,107,26260526,25,2.9,0.0,279425.0,0.0,0,0,0,0,0,0,0,0,1,0.8333333333333334,0.0,243153.0185185185,0,1
UMKM-01537,107,36757093,27,1.8,0.0,73196.0,0.0,0,0,0,0,0,1,0,0,0,0.9,0.0,340343.4537037037,0,1
UMKM-01538,18,39104488,26,1.1,0.0,318361.0,0.0,1,0,0,0,0,0,0,0,1,0.8666666666666667,0.0,2058130.9473684211,0,1
UMKM-01539,41,35717318,18,2.2,0.0,69433.0,4.0,2,0,0,0,0,0,0,0,1,0.6,0.0,850412.3333333334,0,1
UMKM-01541,77,3929386,26,3.3,0.0,104377.0,1.0,0,0,0,0,0,1,0,0,0,0.8666666666666667,0.0,50376.743589743586,0,1
UMKM-01542,80,30919038,19,4.8,0.0,338342.0,2.0,0,1,0,0,0,0,1,0,0,0.6333333333333333,0.0,381716.51851851854,0,0
UMKM-01543,57,49494936,2,4.8,5.0,94357.0,2.0,1,0,0,0,0,0,0,0,1,0.06666666666666667,0.08620689655172414,853360.9655172414,0,1
UMKM-01544,51,29183077,15,1.3,0.0,97787.0,4.0,1,0,0,0,0,0,0,0,1,0.5,0.0,561213.0192307692,0,1
UMKM-01547,93,34623951,28,3.6,0.0,205091.0,0.0,0,0,0,0,0,1,0,0,0,0.9333333333333333,0.0,368339.90425531915,0,1
UMKM-01548,56,47848819,14,1.5,2.0,498143.0,4.0,2,0,0,0,0,0,0,0,0,0.4666666666666667,0.03508771929824561,839452.9649122807,0,1
UMKM-01549,24,35515087,29,4.8,0.0,397419.0,0.0,0,0,0,0,1,0,0,0,1,0.9666666666666667,0.0,1420603.48,0,1
UMKM-01551,16,44139728,0,1.1,0.0,91113.0,0.0,1,0,0,0,0,1,0,0,0,0.0,0.0,2596454.588235294,0,1
UMKM-01552,69,19919140,28,4.1,0.0,454309.0,0.0,0,0,0,0,0,0,0,1,0,0.9333333333333333,0.0,284559.14285714284,0,1
UMKM-01553,78,11608191,29,3.5,0.0,252869.0,0.0,0,0,0,0,0,0,0,0,1,0.9666666666666667,0.0,146939.1265822785,0,1
UMKM-01555,109,3292056,31,3.4,15.0,491156.0,1.0,2,0,0,0,0,1,0,0,0,1.0333333333333334,0.13636363636363635,29927.78181818182,1,1
UMKM-01556,35,9547596,9,3.7,2.0,175182.0,0.0,0,0,0,0,0,1,0,0,0,0.3,0.05555555555555555,265211.0,0,1
UMKM-01557,36,8122759,26,4.5,0.0,335936.0,0.0,0,0,0,0,1,0,0,0,0,0.8666666666666667,0.0,219534.02702702704,0,1
UMKM-01558,92,20389111,7,4.1,30.0,267258.0,0.0,1,0,0,0,0,0,1,0,0,0.23333333333333334,0.3225806451612903,219237.75268817204,1,1
UMKM-01564,113,40406805,24,3.9,0.0,450026.0,2.0,0,0,0,0,0,0,1,0,0,0.8,0.0,354445.65789473685,0,1
UMKM-01565,116,43870321,19,4.9,0.0,196300.0,0.0,0,0,0,0,0,1,0,0,0,0.6333333333333333,0.0,374960.00854700856,0,1
UMKM-01567,32,13603880,16,3.0,30.0,76187.0,1.0,1,0,1,0,0,0,1,0,0,0.5333333333333333,0.9090909090909091,412238.7878787879,1,1
UMKM-01568,8,46323185,22,1.2,2.0,447457.0,0.0,1,0,0,0,0,1,0,0,0,0.7333333333333333,0.2222222222222222,5147020.555555556,0,1
UMKM-01569,81,15167068,24,4.1,0.0,200565.0,0.0,0,1,0,0,0,0,0,0,1,0.8,0.0,184964.24390243902,0,0
UMKM-01570,83,3873382,30,4.8,0.0,60729.0,2.0,0,0,0,0,0,0,1,0,0,1.0,0.0,46111.69047619047,0,1
UMKM-01571,73,19167395,5,3.0,2.0,324693.0,1.0,2,0,1,0,0,0,0,1,0,0.16666666666666666,0.02702702702702703,259018.85135135136,0,1
UMKM-01573,50,41682512,3,3.0,2.0,336491.0,4.0,1,0,1,0,0,0,0,0,1,0.1,0.0392156862745098,817304.1568627451,0,1
UMKM-01575,61,42868484,19,4.6,0.0,376916.0,3.0,0,0,0,0,0,0,1,0,0,0.6333333333333333,0.0,691427.1612903225,0,1
UMKM-01577,113,34422146,0,3.2,0.0,51998.0,0.0,0,1,0,0,0,0,0,0,1,0.0,0.0,301948.649122807,0,0
UMKM-01579,51,47290673,25,3.0,0.0,215832.0,0.0,0,0,1,0,0,0,0,0,0,0.8333333333333334,0.0,909436.0192307692,0,1
UMKM-01581,92,41622998,9,4.8,0.0,303807.0,4.0,0,0,0,0,0,0,0,0,0,0.3,0.0,447559.1182795699,0,1
UMKM-01582,29,44515802,22,4.3,5.0,164100.0,2.0,0,0,0,0,0,0,0,0,1,0.7333333333333333,0.16666666666666666,1483860.0666666667,0,1
UMKM-01583,108,36472949,23,1.8,5.0,468305.0,1.0,0,0,0,0,0,0,0,0,1,0.7666666666666667,0.045871559633027525,334614.2110091743,0,1
UMKM-01584,119,15378121,12,2.3,0.0,284416.0,2.0,0,1,0,0,0,0,0,0,1,0.4,0.0,128151.00833333333,0,0
UMKM-01586,46,20607311,26,4.6,2.0,77737.0,0.0,0,0,0,0,0,1,0,0,0,0.8666666666666667,0.0425531914893617,438453.42553191487,0,1
UMKM-01587,79,4429985,30,3.1,30.0,246822.0,1.0,2,0,0,0,0,0,1,0,0,1.0,0.375,55374.8125,1,1
UMKM-01589,64,37368700,9,4.9,0.0,243854.0,0.0,2,1,0,0,0,1,0,0,0,0.3,0.0,574903.0769230769,0,0
UMKM-01590,31,26623125,30,3.4,5.0,239019.0,0.0,0,0,0,0,0,0,1,0,0,1.0,0.15625,831972.65625,0,1
UMKM-01592,45,46153141,9,3.0,0.0,479753.0,1.0,0,0,1,0,0,1,0,0,0,0.3,0.0,1003329.1521739131,0,1
UMKM-01595,15,20016881,13,4.4,5.0,144766.0,0.0,2,0,0,0,0,0,0,0,0,0.43333333333333335,0.3125,1251055.0625,0,1
UMKM-01599,117,11347578,16,1.5,0.0,321467.0,0.0,0,0,0,0,0,0,1,0,0,0.5333333333333333,0.0,96165.91525423729,0,1
UMKM-01600,55,48515328,20,4.6,0.0,296622.0,3.0,0,0,0,0,0,0,0,0,1,0.6666666666666666,0.0,866345.1428571428,0,1
UMKM-01601,48,15228944,31,3.0,0.0,255611.0,0.0,0,1,1,0,0,1,0,0,0,1.0333333333333334,0.0,310794.7755102041,0,0
UMKM-01602,34,11104587,2,3.0,0.0,490499.0,3.0,1,0,1,0,0,0,1,0,0,0.06666666666666667,0.0,317273.9142857143,0,1
UMKM-01603,20,4423604,14,2.5,2.0,349184.0,1.0,2,0,0,0,0,0,0,0,0,0.4666666666666667,0.09523809523809523,210647.80952380953,0,1
UMKM-01604,74,11897502,7,4.9,0.0,189750.0,0.0,0,0,0,0,0,1,0,0,0,0.23333333333333334,0.0,158633.36,0,1
UMKM-01605,86,36398780,31,4.4,2.0,195821.0,1.0,0,0,0,0,0,0,0,0,0,1.0333333333333334,0.022988505747126436,418376.7816091954,0,1
UMKM-01607,94,8100282,25,4.9,0.0,397172.0,0.0,0,1,0,0,0,0,0,0,1,0.8333333333333334,0.0,85266.12631578947,0,0
UMKM-01608,68,27575101,29,2.5,0.0,404878.0,0.0,0,0,0,0,0,0,0,0,1,0.9666666666666667,0.0,399639.14492753625,0,1
UMKM-01609,58,31543878,8,3.8,0.0,263259.0,0.0,0,0,0,0,0,1,0,0,0,0.26666666666666666,0.0,534642.0,0,1
UMKM-01610,37,32952342,31,3.9,5.0,403040.0,2.0,0,0,0,0,0,0,0,1,0,1.0333333333333334,0.13157894736842105,867166.8947368421,0,1
UMKM-01611,11,10181252,10,4.6,0.0,135793.0,2.0,0,0,0,0,0,0,1,0,0,0.3333333333333333,0.0,848437.6666666666,0,1
UMKM-01612,115,2539152,21,3.0,0.0,388843.0,3.0,0,0,1,0,0,1,0,0,0,0.7,0.0,21889.241379310344,0,1
UMKM-01615,1,10350351,17,2.6,0.0,0.0,0.0,0,0,0,1,0,1,0,0,0,0.5666666666666667,0.0,5175175.5,0,0
UMKM-01616,38,34272020,18,3.1,0.0,208989.0,1.0,0,0,0,0,0,1,0,0,0,0.6,0.0,878769.7435897436,0,1
UMKM-01617,47,23768449,17,3.2,15.0,241487.0,3.0,2,0,0,0,0,0,0,0,0,0.5666666666666667,0.3125,495176.0208333333,1,1
UMKM-01619,102,39283556,17,2.9,0.0,172297.0,0.0,1,0,0,0,1,0,0,0,1,0.5666666666666667,0.0,381393.7475728155,0,1
UMKM-01620,73,18812556,11,1.8,0.0,295040.0,2.0,2,0,0,0,0,0,0,1,0,0.36666666666666664,0.0,254223.72972972973,0,1
UMKM-01621,28,12750687,3,3.4,2.0,276549.0,2.0,2,0,0,0,0,0,0,0,1,0.1,0.06896551724137931,439678.8620689655,0,1
UMKM-01623,103,34657453,26,2.7,15.0,268178.0,2.0,2,0,0,0,0,1,0,0,0,0.8666666666666667,0.14423076923076922,333244.7403846154,1,1
UMKM-01624,62,24858375,4,3.0,2.0,197732.0,0.0,2,0,1,0,1,0,0,0,1,0.13333333333333333,0.031746031746031744,394577.38095238095,0,1
UMKM-01625,72,9388817,5,1.2,0.0,301087.0,2.0,1,0,0,0,0,0,1,0,0,0.16666666666666666,0.0,128613.93150684932,0,1
UMKM-01626,72,9610679,12,3.4,0.0,0.0,0.0,1,1,0,1,0,0,0,1,0,0.4,0.0,131653.13698630137,0,0
UMKM-01627,10,31518624,22,3.3,0.0,407925.0,1.0,0,0,0,0,0,0,0,1,0,0.7333333333333333,0.0,2865329.4545454546,0,1
UMKM-01629,90,48516748,24,1.9,2.0,167273.0,4.0,1,0,0,0,0,1,0,0,0,0.8,0.02197802197802198,533151.0769230769,0,1
UMKM-01630,13,6473024,3,4.6,2.0,499029.0,3.0,1,0,0,0,0,0,0,1,0,0.1,0.14285714285714285,462358.85714285716,0,1
UMKM-01633,44,1216194,14,2.7,0.0,306133.0,3.0,1,0,0,0,0,0,1,0,0,0.4666666666666667,0.0,27026.533333333333,0,1
UMKM-01634,119,3454082,25,4.6,0.0,278776.0,0.0,0,0,0,0,0,1,0,0,0,0.8333333333333334,0.0,28784.016666666666,0,1
UMKM-01636,95,24742626,10,4.4,2.0,117249.0,0.0,0,0,0,0,0,0,0,0,0,0.3333333333333333,0.020833333333333332,257735.6875,0,1
UMKM-01637,6,38151758,8,2.2,0.0,190312.0,2.0,1,0,0,0,0,0,0,0,1,0.26666666666666666,0.0,5450251.142857143,0,1
UMKM-01638,64,23534338,10,3.1,0.0,223615.0,0.0,0,0,0,0,0,0,0,0,0,0.3333333333333333,0.0,362066.73846153845,0,1
UMKM-01639,16,11584422,1,3.0,0.0,348263.0,2.0,2,0,1,0,0,0,1,0,0,0.03333333333333333,0.0,681436.5882352941,0,1
UMKM-01641,99,41219109,26,3.0,0.0,473254.0,0.0,0,0,1,0,0,1,0,0,0,0.8666666666666667,0.0,412191.09,0,1
UMKM-01642,78,2034023,25,3.0,0.0,325244.0,0.0,0,0,1,0,0,0,1,0,0,0.8333333333333334,0.0,25747.12658227848,0,1
UMKM-01644,48,31156188,20,2.9,2.0,416663.0,0.0,0,0,0,0,0,1,0,0,0,0.6666666666666666,0.04081632653061224,635840.5714285715,0,1
UMKM-01645,105,43336585,20,1.9,5.0,98121.0,1.0,1,0,0,0,0,0,0,0,1,0.6666666666666666,0.04716981132075472,408835.7075471698,0,1
UMKM-01646,111,18077979,7,2.7,0.0,321287.0,1.0,0,0,0,0,0,0,1,0,0,0.23333333333333334,0.0,161410.5267857143,0,1
UMKM-01647,52,27221432,0,4.4,0.0,371520.0,0.0,0,1,0,0,0,0,0,0,1,0.0,0.0,513611.92452830187,0,0
UMKM-01649,77,29611730,12,2.0,0.0,418672.0,1.0,1,1,0,0,0,0,0,0,1,0.4,0.0,379637.5641025641,0,0
UMKM-01650,12,33084226,8,4.9,30.0,132016.0,0.0,1,0,0,0,0,0,0,1,0,0.26666666666666666,2.3076923076923075,2544940.4615384615,1,1
UMKM-01651,0,19341674,27,4.6,2.0,180604.0,0.0,0,0,0,0,0,0,0,0,1,0.9,2.0,19341674.0,0,1
UMKM-01652,39,8919584,5,3.1,2.0,261817.0,2.0,0,0,0,0,0,0,0,1,0,0.16666666666666666,0.05,222989.6,0,1
UMKM-01653,91,27832808,22,3.1,0.0,390881.0,0.0,1,0,0,0,0,1,0,0,0,0.7333333333333333,0.0,302530.52173913043,0,1
UMKM-01655,17,36132018,16,3.5,2.0,442084.0,0.0,0,0,0,0,1,0,0,1,0,0.5333333333333333,0.1111111111111111,2007334.3333333333,0,1
UMKM-01656,20,5474220,8,3.1,2.0,142889.0,2.0,0,0,0,0,0,1,0,0,0,0.26666666666666666,0.09523809523809523,260677.14285714287,0,1
UMKM-01657,71,9736857,11,3.0,2.0,127006.0,0.0,0,0,1,0,0,0,0,0,1,0.36666666666666664,0.027777777777777776,135234.125,0,1
UMKM-01658,1,30795023,21,1.9,0.0,459771.0,1.0,2,0,0,0,0,0,1,0,0,0.7,0.0,15397511.5,0,1
UMKM-01659,73,1986275,11,4.5,2.0,497221.0,2.0,0,0,0,0,0,0,0,0,0,0.36666666666666664,0.02702702702702703,26841.554054054053,0,1
UMKM-01660,38,35964556,5,3.1,0.0,145133.0,2.0,0,0,0,0,0,1,0,0,0,0.16666666666666666,0.0,922168.1025641026,0,1
UMKM-01662,20,4394020,8,1.4,30.0,489551.0,0.0,1,0,0,0,0,1,0,0,0,0.26666666666666666,1.4285714285714286,209239.04761904763,1,1
UMKM-01664,73,18587802,2,2.7,5.0,376148.0,0.0,1,0,0,0,0,0,0,0,1,0.06666666666666667,0.06756756756756757,251186.51351351352,0,1
UMKM-01666,103,10817539,7,3.0,0.0,124469.0,0.0,1,1,1,0,0,0,1,0,0,0.23333333333333334,0.0,104014.79807692308,0,0
UMKM-01667,49,32380142,9,2.1,0.0,432263.0,0.0,0,0,0,0,0,0,0,0,1,0.3,0.0,647602.84,0,1
UMKM-01671,63,1981598,8,1.5,5.0,277880.0,1.0,0,0,0,0,0,0,0,0,1,0.26666666666666666,0.078125,30962.46875,0,1
UMKM-01672,55,10348148,13,1.0,2.0,355801.0,0.0,0,0,0,0,0,1,0,0,0,0.43333333333333335,0.03571428571428571,184788.35714285713,0,1
UMKM-01674,49,12576635,26,1.3,2.0,411406.0,0.0,2,0,0,0,0,0,0,0,1,0.8666666666666667,0.04,251532.7,0,1
UMKM-01676,91,17064329,31,2.6,0.0,431502.0,0.0,0,0,0,0,0,0,1,0,0,1.0333333333333334,0.0,185481.83695652173,0,1
UMKM-01677,74,43418799,3,3.6,2.0,484519.0,2.0,1,0,0,0,0,0,0,0,0,0.1,0.02666666666666667,578917.32,0,1
UMKM-01678,81,37398942,1,1.7,0.0,446697.0,0.0,1,0,0,0,0,1,0,0,0,0.03333333333333333,0.0,456084.65853658534,0,1
UMKM-01680,113,17985366,20,3.0,0.0,57931.0,2.0,1,0,1,0,0,1,0,0,0,0.6666666666666666,0.0,157766.36842105264,0,1
UMKM-01681,74,20350554,0,2.5,2.0,156951.0,3.0,1,0,0,0,0,1,0,0,0,0.0,0.02666666666666667,271340.72,0,1
UMKM-01683,23,2858777,10,4.4,0.0,320779.0,0.0,0,0,0,0,0,1,0,0,0,0.3333333333333333,0.0,119115.70833333333,0,1
UMKM-01684,20,7510529,0,4.4,2.0,357396.0,1.0,0,0,0,0,0,0,1,0,0,0.0,0.09523809523809523,357644.2380952381,0,1
UMKM-01685,29,18257836,10,2.5,2.0,0.0,1.0,1,0,0,1,0,1,0,0,0,0.3333333333333333,0.06666666666666667,608594.5333333333,0,0
UMKM-01686,73,5935500,6,2.2,0.0,240826.0,3.0,1,1,0,0,0,0,0,0,1,0.2,0.0,80209.45945945945,0,0
UMKM-01687,61,34542066,1,4.1,15.0,381161.0,3.0,1,0,0,0,0,0,0,1,0,0.03333333333333333,0.24193548387096775,557130.0967741936,1,1
UMKM-01688,81,31852401,14,3.0,5.0,203149.0,4.0,1,0,1,0,0,0,1,0,0,0.4666666666666667,0.06097560975609756,388443.9146341463,0,1
UMKM-01689,23,5863099,7,3.5,0.0,379097.0,2.0,0,0,0,0,0,0,0,0,1,0.23333333333333334,0.0,244295.79166666666,0,1
UMKM-01690,28,39473746,25,4.7,0.0,0.0,0.0,0,0,0,1,0,0,0,0,1,0.8333333333333334,0.0,1361163.6551724137,0,0
UMKM-01698,26,12586122,7,3.1,0.0,484275.0,1.0,0,0,0,0,0,0,0,0,1,0.23333333333333334,0.0,466152.6666666667,0,1
UMKM-01700,76,42072050,31,3.0,0.0,303617.0,4.0,1,0,1,0,0,0,0,0,1,1.0333333333333334,0.0,546390.2597402597,0,1
UMKM-01701,37,48831146,7,4.7,2.0,165095.0,3.0,0,0,0,0,0,1,0,0,0,0.23333333333333334,0.05263157894736842,1285030.1578947369,0,1
UMKM-01703,99,34373269,9,1.9,5.0,411425.0,0.0,0,0,0,0,0,1,0,0,0,0.3,0.05,343732.69,0,1
UMKM-01705,55,28785034,3,4.4,5.0,399617.0,1.0,0,0,0,0,0,0,0,0,1,0.1,0.08928571428571429,514018.46428571426,0,1
UMKM-01707,46,44648136,29,2.0,0.0,179552.0,0.0,0,0,0,0,0,0,1,0,0,0.9666666666666667,0.0,949960.340425532,0,1
UMKM-01709,0,39009669,22,3.0,0.0,372564.0,0.0,0,0,1,0,0,1,0,0,0,0.7333333333333333,0.0,39009669.0,0,1
UMKM-01710,97,6871348,4,2.5,0.0,277850.0,0.0,1,0,0,0,0,1,0,0,0,0.13333333333333333,0.0,70115.79591836735,0,1
UMKM-01711,4,36933652,20,3.0,0.0,321055.0,1.0,0,0,1,0,0,0,0,1,0,0.6666666666666666,0.0,7386730.4,0,1
UMKM-01712,65,4519065,5,3.0,2.0,469251.0,4.0,1,0,1,0,0,0,0,0,1,0.16666666666666666,0.030303030303030304,68470.68181818182,0,1
UMKM-01713,84,24737914,16,3.4,0.0,206065.0,2.0,0,0,0,0,0,1,0,0,0,0.5333333333333333,0.0,291034.28235294117,0,1
UMKM-01714,92,36338642,24,4.7,5.0,141216.0,4.0,0,0,0,0,0,1,0,0,0,0.8,0.053763440860215055,390738.08602150535,0,1
UMKM-01715,24,39752795,23,3.0,2.0,230768.0,2.0,1,0,1,0,0,0,1,0,0,0.7666666666666667,0.08,1590111.8,0,1
UMKM-01716,94,8341127,21,4.5,0.0,123080.0,0.0,0,0,0,0,0,0,0,0,1,0.7,0.0,87801.33684210526,0,1
UMKM-01717,15,3463501,12,3.0,0.0,334433.0,4.0,2,0,1,0,0,1,0,0,0,0.4,0.0,216468.8125,0,1
UMKM-01718,54,27910743,16,2.3,2.0,81346.0,0.0,0,0,0,0,0,1,0,0,0,0.5333333333333333,0.03636363636363636,507468.05454545456,0,1
UMKM-01719,75,43971759,13,3.1,0.0,289261.0,0.0,0,0,0,0,0,0,0,1,0,0.43333333333333335,0.0,578575.7763157894,0,1
UMKM-01721,68,33992740,25,1.9,0.0,78279.0,2.0,1,0,0,0,0,0,0,0,1,0.8333333333333334,0.0,492648.40579710144,0,1
UMKM-01722,109,37373559,18,4.1,5.0,145446.0,3.0,0,0,0,0,0,0,1,0,0,0.6,0.045454545454545456,339759.62727272726,0,1
UMKM-01723,57,7779865,25,3.6,2.0,0.0,0.0,0,0,0,1,0,0,0,1,0,0.8333333333333334,0.034482758620689655,134135.60344827586,0,0
UMKM-01724,105,39580446,2,1.7,0.0,299983.0,0.0,2,0,0,0,0,1,0,0,0,0.06666666666666667,0.0,373400.43396226416,0,1
UMKM-01725,36,19710135,1,2.8,2.0,163917.0,3.0,1,0,0,0,0,0,1,0,0,0.03333333333333333,0.05405405405405406,532706.3513513514,0,1
UMKM-01726,45,24027890,27,1.6,2.0,84341.0,0.0,0,0,0,0,0,0,0,0,1,0.9,0.043478260869565216,522345.4347826087,0,1
UMKM-01727,58,45092191,1,4.4,0.0,169660.0,2.0,0,0,0,0,0,0,0,0,1,0.03333333333333333,0.0,764274.4237288135,0,1
UMKM-01728,70,11254769,21,1.4,0.0,168481.0,0.0,1,0,0,0,0,0,0,0,1,0.7,0.0,158517.87323943662,0,1
UMKM-01729,50,25397736,6,3.6,30.0,0.0,0.0,0,0,0,1,0,0,0,0,0,0.2,0.5882352941176471,497994.82352941175,1,0
UMKM-01730,74,32163841,3,3.4,2.0,150957.0,0.0,0,0,0,0,0,0,0,0,1,0.1,0.02666666666666667,428851.2133333333,0,1
UMKM-01733,9,27293184,19,2.6,5.0,418770.0,3.0,1,0,0,0,0,0,0,0,0,0.6333333333333333,0.5,2729318.4,0,1
UMKM-01734,56,16565219,5,4.2,2.0,115109.0,0.0,0,0,0,0,0,0,0,0,1,0.16666666666666666,0.03508771929824561,290617.8771929825,0,1
UMKM-01735,21,9731896,8,4.0,0.0,159239.0,2.0,0,0,0,0,0,1,0,0,0,0.26666666666666666,0.0,442358.9090909091,0,1
UMKM-01736,22,36556939,30,4.0,30.0,202999.0,2.0,2,0,0,0,0,0,1,0,0,1.0,1.3043478260869565,1589432.1304347827,1,1
UMKM-01737,75,3652808,25,4.0,0.0,381500.0,0.0,0,0,0,0,0,0,0,0,1,0.8333333333333334,0.0,48063.26315789474,0,1
UMKM-01739,104,14692648,25,1.4,0.0,495086.0,1.0,0,0,0,0,0,0,0,0,0,0.8333333333333334,0.0,139929.98095238095,0,1
UMKM-01740,53,15952923,27,4.4,5.0,212773.0,0.0,0,0,0,0,0,0,0,0,0,0.9,0.09259259259259259,295424.5,0,1
UMKM-01741,108,17203557,4,4.3,5.0,123226.0,0.0,0,0,0,0,0,1,0,0,0,0.13333333333333333,0.045871559633027525,157830.79816513762,0,1
UMKM-01742,52,11877097,9,3.7,5.0,280398.0,0.0,1,0,0,0,1,1,0,0,0,0.3,0.09433962264150944,224096.16981132075,0,1
UMKM-01744,30,29850620,14,2.5,0.0,185298.0,0.0,0,0,0,0,0,0,0,0,1,0.4666666666666667,0.0,962923.2258064516,0,1
UMKM-01746,65,6133381,4,3.7,2.0,419677.0,0.0,1,0,0,0,0,0,1,0,0,0.13333333333333333,0.030303030303030304,92930.01515151515,0,1
UMKM-01749,83,13132015,21,3.0,0.0,208075.0,0.0,0,1,1,0,0,0,1,0,0,0.7,0.0,156333.5119047619,0,0
UMKM-01750,81,42200071,21,2.1,0.0,264075.0,0.0,0,0,0,0,0,0,0,1,0,0.7,0.0,514635.01219512196,0,1
UMKM-01751,54,4917430,21,1.1,5.0,282350.0,1.0,1,0,0,0,0,1,0,0,0,0.7,0.09090909090909091,89407.81818181818,0,1
UMKM-01752,16,44794619,14,3.1,2.0,409715.0,0.0,1,0,0,0,0,0,0,0,1,0.4666666666666667,0.11764705882352941,2634977.588235294,0,1
UMKM-01753,57,32423484,16,5.0,15.0,497934.0,0.0,0,0,0,0,0,0,0,1,0,0.5333333333333333,0.25862068965517243,559025.5862068966,1,1
UMKM-01755,91,6544223,27,4.6,0.0,118160.0,0.0,0,0,0,0,0,0,0,0,0,0.9,0.0,71132.85869565218,0,1
UMKM-01756,69,29694421,21,3.0,0.0,55505.0,0.0,0,0,1,0,0,1,0,0,0,0.7,0.0,424206.0142857143,0,1
UMKM-01757,68,13992054,20,2.9,2.0,456597.0,1.0,0,0,0,0,0,0,0,0,1,0.6666666666666666,0.028985507246376812,202783.39130434784,0,1
UMKM-01759,95,32811340,16,2.8,0.0,282108.0,0.0,0,1,0,0,0,0,1,0,0,0.5333333333333333,0.0,341784.7916666667,0,0
UMKM-01760,42,2171758,4,4.7,0.0,101149.0,2.0,1,0,0,0,0,1,0,0,0,0.13333333333333333,0.0,50506.0,0,1
UMKM-01761,37,46633622,17,4.0,0.0,453419.0,1.0,0,0,0,0,0,0,0,0,0,0.5666666666666667,0.0,1227200.5789473683,0,1
UMKM-01762,111,17702269,16,2.3,0.0,237899.0,0.0,0,0,0,0,0,0,0,0,1,0.5333333333333333,0.0,158055.9732142857,0,1
UMKM-01763,32,6276085,3,3.0,0.0,455144.0,0.0,0,0,0,0,0,0,0,0,1,0.1,0.0,190184.39393939395,0,1
UMKM-01764,35,25226332,6,2.5,5.0,325601.0,4.0,2,0,0,0,0,0,0,0,0,0.2,0.1388888888888889,700731.4444444445,0,1
UMKM-01765,39,8185180,24,1.5,15.0,437437.0,4.0,2,0,0,0,0,0,0,0,1,0.8,0.375,204629.5,1,1
UMKM-01770,91,24876708,8,3.0,2.0,414055.0,0.0,0,0,1,0,0,0,1,0,0,0.26666666666666666,0.021739130434782608,270399.0,0,1
UMKM-01771,11,28614790,18,3.5,0.0,337456.0,1.0,0,1,0,0,0,0,1,0,0,0.6,0.0,2384565.8333333335,0,0
UMKM-01772,82,29662434,8,2.7,0.0,378189.0,0.0,1,0,0,0,0,0,0,0,1,0.26666666666666666,0.0,357378.7228915663,0,1
UMKM-01773,95,12138188,22,3.0,0.0,0.0,0.0,0,0,0,1,0,0,0,0,1,0.7333333333333333,0.0,126439.45833333333,0,0
UMKM-01774,51,47239881,30,3.8,5.0,449310.0,1.0,0,0,0,0,0,1,0,0,0,1.0,0.09615384615384616,908459.25,0,1
UMKM-01776,90,33092869,30,1.8,0.0,350657.0,0.0,0,0,0,0,0,0,0,0,0,1.0,0.0,363657.9010989011,0,1
UMKM-01777,115,31261475,16,3.1,15.0,282418.0,2.0,2,0,0,0,0,0,0,0,1,0.5333333333333333,0.12931034482758622,269495.474137931,1,1
UMKM-01779,56,24904686,21,2.2,0.0,56572.0,0.0,0,1,0,0,0,0,0,1,0,0.7,0.0,436924.3157894737,0,0
UMKM-01781,3,21793005,29,2.8,0.0,218140.0,0.0,1,0,0,0,0,0,1,0,0,0.9666666666666667,0.0,5448251.25,0,1
UMKM-01784,11,11064981,25,3.7,2.0,208985.0,0.0,0,0,0,0,0,0,0,0,1,0.8333333333333334,0.16666666666666666,922081.75,0,1
UMKM-01785,111,2279372,5,2.9,2.0,352522.0,1.0,0,0,0,0,0,0,0,0,1,0.16666666666666666,0.017857142857142856,20351.535714285714,0,1
UMKM-01787,106,31175764,31,2.4,2.0,112189.0,0.0,0,0,0,0,0,1,0,0,0,1.0333333333333334,0.018691588785046728,291362.2803738318,0,1
UMKM-01788,88,15172928,24,4.3,0.0,76084.0,1.0,0,0,0,0,0,1,0,0,0,0.8,0.0,170482.33707865168,0,1
UMKM-01789,34,6767034,12,2.6,0.0,409384.0,0.0,1,0,0,0,0,1,0,0,0,0.4,0.0,193343.82857142857,0,1
UMKM-01792,79,7507552,1,4.7,0.0,223799.0,0.0,0,0,0,0,0,0,0,0,1,0.03333333333333333,0.0,93844.4,0,1
UMKM-01793,15,31118147,4,3.0,0.0,124860.0,1.0,0,0,1,0,0,1,0,0,0,0.13333333333333333,0.0,1944884.1875,0,1
UMKM-01794,12,43224873,10,1.6,2.0,475448.0,4.0,1,0,0,0,0,0,1,0,0,0.3333333333333333,0.15384615384615385,3324990.230769231,0,1
UMKM-01795,49,36996979,10,3.9,0.0,247809.0,0.0,0,0,0,0,0,1,0,0,0,0.3333333333333333,0.0,739939.58,0,1
UMKM-01796,23,2236968,23,1.3,2.0,132168.0,0.0,0,0,0,0,0,0,0,0,0,0.7666666666666667,0.08333333333333333,93207.0,0,1
UMKM-01797,18,4078882,13,3.4,2.0,451219.0,1.0,2,0,0,0,0,1,0,0,0,0.43333333333333335,0.10526315789473684,214678.0,0,1
UMKM-01799,103,36542454,29,1.6,0.0,112468.0,1.0,0,0,0,0,0,0,1,0,0,0.9666666666666667,0.0,351369.75,0,1
UMKM-01803,106,17273406,20,1.3,5.0,125012.0,2.0,1,0,0,0,0,0,0,0,1,0.6666666666666666,0.04672897196261682,161433.70093457945,0,1
UMKM-01804,78,4193796,4,3.4,5.0,69259.0,0.0,0,0,0,0,0,0,0,0,1,0.13333333333333333,0.06329113924050633,53086.0253164557,0,1
UMKM-01806,39,12668300,1,2.1,30.0,0.0,2.0,2,0,0,1,0,0,0,0,1,0.03333333333333333,0.75,316707.5,1,0
UMKM-01810,8,28219614,10,2.6,5.0,198096.0,1.0,1,0,0,0,0,0,1,0,0,0.3333333333333333,0.5555555555555556,3135512.6666666665,0,1
UMKM-01812,23,47465821,10,3.0,0.0,397314.0,0.0,0,0,1,0,0,0,0,0,1,0.3333333333333333,0.0,1977742.5416666667,0,1
UMKM-01813,89,28729937,8,4.8,2.0,119283.0,0.0,0,0,0,0,0,1,0,0,0,0.26666666666666666,0.022222222222222223,319221.52222222224,0,1
UMKM-01817,14,21822937,31,4.7,0.0,440637.0,0.0,0,0,0,0,0,0,0,0,1,1.0333333333333334,0.0,1454862.4666666666,0,1
UMKM-01818,114,19640248,11,3.0,0.0,436514.0,0.0,1,0,1,0,0,0,0,0,1,0.36666666666666664,0.0,170784.7652173913,0,1
UMKM-01820,41,42406448,31,1.5,5.0,123135.0,0.0,0,0,0,0,0,1,0,0,0,1.0333333333333334,0.11904761904761904,1009677.3333333334,0,1
UMKM-01821,101,25551282,16,2.4,2.0,321794.0,0.0,2,0,0,0,0,0,1,0,0,0.5333333333333333,0.0196078431372549,250502.76470588235,0,1
UMKM-01822,102,42424699,3,3.7,0.0,200915.0,0.0,0,0,0,0,0,0,1,0,0,0.1,0.0,411890.28155339806,0,1
UMKM-01827,9,2378148,8,3.0,0.0,355671.0,0.0,1,0,1,0,0,1,0,0,0,0.26666666666666666,0.0,237814.8,0,1
UMKM-01830,113,14045088,29,3.0,0.0,301008.0,0.0,0,0,1,0,0,0,1,0,0,0.9666666666666667,0.0,123202.52631578948,0,1
UMKM-01831,13,34793258,19,2.1,0.0,341329.0,0.0,0,0,0,0,0,1,0,0,0,0.6333333333333333,0.0,2485232.714285714,0,1
UMKM-01833,46,26916606,22,2.4,30.0,443562.0,1.0,2,0,0,0,0,0,0,0,0,0.7333333333333333,0.6382978723404256,572693.7446808511,1,1
UMKM-01837,20,42816801,22,1.7,0.0,223886.0,0.0,1,0,0,0,0,1,0,0,0,0.7333333333333333,0.0,2038895.2857142857,0,1
UMKM-01839,86,38921641,22,4.4,15.0,182703.0,0.0,2,0,0,0,0,0,0,0,1,0.7333333333333333,0.1724137931034483,447375.183908046,1,1
UMKM-01841,76,48204322,22,3.0,0.0,196524.0,0.0,1,0,1,0,0,0,0,1,0,0.7333333333333333,0.0,626030.1558441558,0,1
UMKM-01843,47,29324386,27,2.6,0.0,128105.0,0.0,0,0,0,0,0,1,0,0,0,0.9,0.0,610924.7083333334,0,1
UMKM-01845,60,8546691,29,1.9,0.0,203554.0,3.0,1,0,0,0,0,0,0,0,0,0.9666666666666667,0.0,140109.68852459016,0,1
UMKM-01846,91,6611544,20,4.5,0.0,286379.0,2.0,0,0,0,0,0,1,0,0,0,0.6666666666666666,0.0,71864.60869565218,0,1
UMKM-01847,36,3251347,23,4.3,0.0,0.0,3.0,0,1,0,1,0,0,0,0,0,0.7666666666666667,0.0,87874.24324324324,0,0
UMKM-01848,13,31991473,20,1.3,2.0,347616.0,0.0,0,0,0,0,0,0,0,0,0,0.6666666666666666,0.14285714285714285,2285105.214285714,0,1
UMKM-01849,11,5792030,25,1.9,15.0,399604.0,0.0,1,0,0,0,0,0,0,0,0,0.8333333333333334,1.25,482669.1666666667,1,1
UMKM-01851,27,20397109,25,3.0,2.0,484386.0,0.0,0,0,1,0,0,0,0,0,0,0.8333333333333334,0.07142857142857142,728468.1785714285,0,1
UMKM-01854,50,25173742,3,4.8,2.0,130379.0,0.0,0,0,0,0,0,0,0,0,1,0.1,0.0392156862745098,493602.7843137255,0,1
UMKM-01855,57,11891264,8,4.1,0.0,216987.0,0.0,0,0,0,0,0,0,0,0,1,0.26666666666666666,0.0,205021.7931034483,0,1
UMKM-01857,101,19742845,1,3.2,0.0,58057.0,0.0,1,0,0,0,0,1,0,0,0,0.03333333333333333,0.0,193557.30392156861,0,1
UMKM-01858,43,45771647,28,1.5,5.0,0.0,0.0,1,0,0,1,0,0,0,0,1,0.9333333333333333,0.11363636363636363,1040264.7045454546,0,0
UMKM-01859,49,35657680,22,2.4,0.0,230910.0,0.0,0,1,0,0,0,1,0,0,0,0.7333333333333333,0.0,713153.6,0,0
UMKM-01860,20,11023293,5,3.6,0.0,110014.0,2.0,2,0,0,0,0,1,0,0,0,0.16666666666666666,0.0,524918.7142857143,0,1
UMKM-01863,46,25993085,20,2.0,0.0,469106.0,0.0,0,0,0,0,0,1,0,0,0,0.6666666666666666,0.0,553044.3617021276,0,1
UMKM-01864,94,10418530,21,3.9,0.0,495201.0,3.0,0,0,0,0,0,1,0,0,0,0.7,0.0,109668.73684210527,0,1
UMKM-01865,111,9623353,8,3.0,0.0,158269.0,0.0,0,0,1,0,0,0,1,0,0,0.26666666666666666,0.0,85922.79464285714,0,1
UMKM-01867,1,21360866,25,1.5,0.0,477169.0,4.0,2,0,0,0,0,0,1,0,0,0.8333333333333334,0.0,10680433.0,0,1
UMKM-01868,40,29964394,0,2.4,0.0,183536.0,1.0,1,0,0,0,0,0,0,0,0,0.0,0.0,730838.8780487805,0,1
UMKM-01871,10,23187903,4,2.7,0.0,96825.0,0.0,0,1,0,0,0,0,0,1,0,0.13333333333333333,0.0,2107991.1818181816,0,0
UMKM-01873,55,18340722,21,5.0,0.0,144035.0,0.0,0,1,0,0,0,0,0,0,1,0.7,0.0,327512.89285714284,0,0
UMKM-01874,48,31289845,3,3.0,0.0,51521.0,3.0,1,0,1,0,0,1,0,0,0,0.1,0.0,638568.2653061225,0,1
UMKM-01875,56,42389199,1,4.1,0.0,329507.0,1.0,0,0,0,0,0,0,0,0,0,0.03333333333333333,0.0,743670.1578947369,0,1
UMKM-01877,43,40027078,15,2.7,2.0,267169.0,1.0,1,0,0,0,0,1,0,0,0,0.5,0.045454545454545456,909706.3181818182,0,1
UMKM-01878,19,29077868,21,3.5,0.0,434303.0,0.0,1,0,0,0,0,1,0,0,0,0.7,0.0,1453893.4,0,1
UMKM-01880,112,28249629,0,2.9,5.0,192534.0,0.0,1,0,0,0,0,0,0,0,1,0.0,0.04424778761061947,249996.7168141593,0,1
UMKM-01881,74,23051113,14,4.5,15.0,385253.0,0.0,2,0,0,0,0,0,0,1,0,0.4666666666666667,0.2,307348.17333333334,1,1
UMKM-01882,10,46056232,23,3.0,30.0,232177.0,3.0,2,0,1,0,0,1,0,0,0,0.7666666666666667,2.727272727272727,4186930.1818181816,1,1
UMKM-01883,52,1354182,3,3.6,2.0,366842.0,0.0,2,0,0,0,0,0,1,0,0,0.1,0.03773584905660377,25550.603773584906,0,1
UMKM-01884,66,39697230,17,2.3,30.0,289052.0,1.0,2,0,0,0,0,0,0,1,0,0.5666666666666667,0.44776119402985076,592495.9701492537,1,1
UMKM-01885,23,37195387,16,2.5,2.0,470319.0,0.0,0,0,0,0,0,1,0,0,0,0.5333333333333333,0.08333333333333333,1549807.7916666667,0,1
UMKM-01886,97,49442602,6,3.3,2.0,169511.0,2.0,0,0,0,0,0,0,0,0,0,0.2,0.02040816326530612,504516.3469387755,0,1
UMKM-01888,0,37471017,9,2.5,0.0,146783.0,0.0,1,0,0,0,0,0,0,0,1,0.3,0.0,37471017.0,0,1
UMKM-01889,10,19351471,0,2.2,0.0,244173.0,4.0,2,0,0,0,0,0,0,1,0,0.0,0.0,1759224.6363636365,0,1
UMKM-01890,14,8012022,1,3.5,0.0,148829.0,3.0,1,0,0,0,0,0,1,0,0,0.03333333333333333,0.0,534134.8,0,1
UMKM-01891,74,23324455,21,3.0,2.0,166774.0,1.0,1,0,0,0,0,1,0,0,0,0.7,0.02666666666666667,310992.73333333334,0,1
UMKM-01892,65,49838504,31,2.3,0.0,491542.0,3.0,1,0,0,0,0,0,0,0,1,1.0333333333333334,0.0,755128.8484848485,0,1
UMKM-01893,99,30649386,28,1.8,0.0,453563.0,1.0,0,0,0,0,0,0,0,0,1,0.9333333333333333,0.0,306493.86,0,1
UMKM-01895,37,14482486,16,4.2,0.0,318243.0,0.0,0,0,0,0,0,0,0,0,0,0.5333333333333333,0.0,381118.05263157893,0,1
UMKM-01896,20,37324217,11,1.9,5.0,387248.0,0.0,0,0,0,0,0,0,0,0,1,0.36666666666666664,0.23809523809523808,1777343.6666666667,0,1
UMKM-01897,84,38068510,23,2.0,0.0,54406.0,0.0,0,0,0,0,1,1,0,0,0,0.7666666666666667,0.0,447864.82352941175,0,1
UMKM-01898,72,46658703,29,2.0,0.0,471253.0,0.0,0,0,0,0,0,0,0,0,1,0.9666666666666667,0.0,639160.3150684931,0,1
UMKM-01900,27,10699755,29,4.1,15.0,238250.0,0.0,1,0,0,0,0,0,1,0,0,0.9666666666666667,0.5357142857142857,382134.10714285716,1,1
UMKM-01901,20,17644741,19,3.0,0.0,448092.0,0.0,0,0,1,0,0,0,0,0,1,0.6333333333333333,0.0,840225.7619047619,0,1
UMKM-01903,39,48503723,6,1.1,0.0,211943.0,1.0,1,1,0,0,0,0,0,0,1,0.2,0.0,1212593.075,0,0
UMKM-01906,61,9927377,6,4.5,0.0,414973.0,2.0,0,0,0,0,0,0,0,0,1,0.2,0.0,160118.98387096773,0,1
UMKM-01907,46,1287555,29,3.0,0.0,162631.0,0.0,0,0,1,0,0,0,0,0,0,0.9666666666666667,0.0,27394.787234042553,0,1
UMKM-01908,62,4775944,11,2.8,0.0,94895.0,0.0,1,0,0,0,0,0,0,0,1,0.36666666666666664,0.0,75808.63492063493,0,1
UMKM-01909,119,37298886,30,2.3,0.0,304408.0,1.0,1,0,0,0,0,1,0,0,0,1.0,0.0,310824.05,0,1
UMKM-01910,20,26574001,17,4.5,30.0,355904.0,3.0,1,0,0,0,0,0,0,0,1,0.5666666666666667,1.4285714285714286,1265428.619047619,1,1
UMKM-01914,102,12509800,10,4.5,15.0,126554.0,3.0,2,0,0,0,0,1,0,0,0,0.3333333333333333,0.14563106796116504,121454.36893203884,1,1
UMKM-01916,43,7224898,15,3.6,15.0,453260.0,0.0,0,0,0,0,0,0,0,0,1,0.5,0.3409090909090909,164202.22727272726,1,1
UMKM-01919,38,24722901,20,3.4,2.0,307997.0,4.0,1,0,0,0,0,0,1,0,0,0.6666666666666666,0.05128205128205128,633920.5384615385,0,1
UMKM-01920,27,29335107,19,3.8,30.0,202448.0,3.0,0,0,0,0,0,0,0,1,0,0.6333333333333333,1.0714285714285714,1047682.3928571428,1,1
UMKM-01921,7,42831301,7,1.1,2.0,334734.0,0.0,1,0,0,0,0,0,0,0,1,0.23333333333333334,0.25,5353912.625,0,1
UMKM-01922,72,31806181,25,4.4,15.0,355547.0,1.0,1,0,0,0,0,1,0,0,0,0.8333333333333334,0.2054794520547945,435701.1095890411,1,1
UMKM-01924,92,1308697,25,2.0,5.0,139421.0,0.0,0,0,0,0,1,1,0,0,0,0.8333333333333334,0.053763440860215055,14072.010752688173,0,1
UMKM-01926,20,8279074,29,3.7,0.0,183264.0,2.0,0,0,0,0,0,0,0,1,0,0.9666666666666667,0.0,394241.61904761905,0,1
UMKM-01927,15,47860830,30,3.3,0.0,202505.0,0.0,1,1,0,0,0,0,0,0,0,1.0,0.0,2991301.875,0,0
UMKM-01929,42,44585013,10,3.0,2.0,436206.0,0.0,0,0,1,0,0,0,0,1,0,0.3333333333333333,0.046511627906976744,1036860.7674418605,0,1
UMKM-01931,34,38758158,4,2.3,0.0,298588.0,0.0,0,0,0,0,0,0,1,0,0,0.13333333333333333,0.0,1107375.9428571428,0,1
UMKM-01932,60,15854762,1,4.1,0.0,419598.0,0.0,0,0,0,0,0,0,1,0,0,0.03333333333333333,0.0,259914.131147541,0,1
UMKM-01933,100,33070801,12,2.8,2.0,212754.0,0.0,0,0,0,0,0,1,0,0,0,0.4,0.019801980198019802,327433.6732673267,0,1
UMKM-01934,67,18619822,17,1.5,0.0,322394.0,0.0,0,0,0,0,0,0,0,1,0,0.5666666666666667,0.0,273820.9117647059,0,1
UMKM-01935,81,41932207,25,2.5,0.0,344980.0,1.0,0,0,0,0,0,0,0,1,0,0.8333333333333334,0.0,511368.3780487805,0,1
UMKM-01936,73,38425981,24,1.9,0.0,424463.0,0.0,1,0,0,0,0,0,1,0,0,0.8,0.0,519270.0135135135,0,1
UMKM-01938,17,16333352,13,1.4,0.0,440083.0,1.0,0,0,0,0,0,0,0,0,1,0.43333333333333335,0.0,907408.4444444445,0,1
UMKM-01939,75,42279386,4,4.1,0.0,418905.0,2.0,0,0,0,0,0,0,0,0,1,0.13333333333333333,0.0,556307.7105263158,0,1
UMKM-01941,118,18325939,1,4.7,0.0,151429.0,4.0,0,1,0,0,0,0,1,0,0,0.03333333333333333,0.0,153999.48739495798,0,0
UMKM-01943,78,27794485,11,4.3,2.0,302093.0,2.0,0,0,0,0,0,1,0,0,0,0.36666666666666664,0.02531645569620253,351828.9240506329,0,1
UMKM-01944,14,22550363,10,1.3,0.0,214078.0,1.0,2,0,0,0,0,0,1,0,0,0.3333333333333333,0.0,1503357.5333333334,0,1
UMKM-01945,53,26251174,3,4.2,0.0,136966.0,1.0,0,0,0,0,0,0,0,1,0,0.1,0.0,486132.85185185185,0,1
UMKM-01948,49,37440011,9,3.0,0.0,449680.0,0.0,0,0,1,0,0,0,0,0,1,0.3,0.0,748800.22,0,1
UMKM-01949,6,34052558,26,3.0,2.0,117344.0,1.0,0,0,1,0,0,0,0,0,1,0.8666666666666667,0.2857142857142857,4864651.142857143,0,1
UMKM-01950,34,40466516,5,4.6,0.0,453497.0,0.0,0,0,0,0,0,0,0,0,1,0.16666666666666666,0.0,1156186.1714285715,0,1
UMKM-01951,60,43635059,14,3.8,0.0,0.0,1.0,0,0,0,1,0,0,0,0,0,0.4666666666666667,0.0,715328.8360655737,0,0
UMKM-01953,72,11297650,30,1.4,15.0,144840.0,0.0,2,0,0,0,0,0,0,0,0,1.0,0.2054794520547945,154762.32876712328,1,1
UMKM-01954,10,2877330,21,3.0,0.0,281306.0,0.0,2,0,1,0,0,0,0,1,0,0.7,0.0,261575.45454545456,0,1
UMKM-01955,77,16009846,5,4.9,0.0,155293.0,0.0,0,0,0,0,0,0,1,0,0,0.16666666666666666,0.0,205254.4358974359,0,1
UMKM-01957,38,27878284,28,2.5,0.0,304235.0,0.0,0,0,0,0,0,0,0,0,0,0.9333333333333333,0.0,714827.7948717949,0,1
UMKM-01958,119,43498174,20,3.6,2.0,58998.0,0.0,0,0,0,0,0,0,0,1,0,0.6666666666666666,0.016666666666666666,362484.7833333333,0,1
UMKM-01959,104,34145074,29,4.5,0.0,457733.0,0.0,0,0,0,0,0,0,1,0,0,0.9666666666666667,0.0,325191.18095238094,0,1
UMKM-01960,0,23985303,20,2.0,0.0,418227.0,0.0,1,0,0,0,0,0,1,0,0,0.6666666666666666,0.0,23985303.0,0,1
UMKM-01962,58,18825494,21,3.0,2.0,355010.0,0.0,0,0,1,0,1,0,0,1,0,0.7,0.03389830508474576,319076.16949152545,0,1
UMKM-01963,94,41589915,19,2.9,0.0,425528.0,0.0,0,0,0,0,1,0,0,0,1,0.6333333333333333,0.0,437788.5789473684,0,1
UMKM-01964,16,34677614,21,2.2,0.0,72969.0,0.0,0,0,0,0,0,0,0,0,1,0.7,0.0,2039859.6470588236,0,1
UMKM-01966,6,25269034,10,4.0,0.0,196855.0,0.0,0,0,0,0,0,0,1,0,0,0.3333333333333333,0.0,3609862.0,0,1
UMKM-01967,46,29609573,30,4.4,2.0,168259.0,0.0,0,0,0,0,0,1,0,0,0,1.0,0.0425531914893617,629990.914893617,0,1
UMKM-01969,112,45402190,12,3.8,0.0,226703.0,0.0,1,0,0,0,0,0,1,0,0,0.4,0.0,401789.29203539825,0,1
UMKM-01970,88,11413824,17,4.9,2.0,446975.0,0.0,0,0,0,0,0,0,0,1,0,0.5666666666666667,0.02247191011235955,128245.21348314607,0,1
UMKM-01971,111,34718918,21,3.0,0.0,64789.0,2.0,1,0,1,0,0,0,0,0,0,0.7,0.0,309990.33928571426,0,1
UMKM-01972,45,11082304,16,1.7,0.0,256418.0,2.0,2,0,0,0,0,1,0,0,0,0.5333333333333333,0.0,240919.65217391305,0,1
UMKM-01974,65,15410440,24,3.0,0.0,382801.0,0.0,0,0,1,0,0,0,0,0,1,0.8,0.0,233491.51515151514,0,1
UMKM-01975,90,38400988,31,4.4,0.0,341626.0,3.0,1,0,0,0,0,0,0,1,0,1.0333333333333334,0.0,421988.8791208791,0,1
UMKM-01976,42,40813657,14,1.6,30.0,213544.0,1.0,1,0,0,0,0,1,0,0,0,0.4666666666666667,0.6976744186046512,949154.8139534884,1,1
UMKM-01977,13,18504684,12,3.7,0.0,124536.0,1.0,0,0,0,0,0,0,1,0,0,0.4,0.0,1321763.142857143,0,1
UMKM-01978,0,19841834,25,4.7,0.0,360331.0,3.0,0,0,0,0,0,1,0,0,0,0.8333333333333334,0.0,19841834.0,0,1
UMKM-01979,78,13675420,10,3.0,5.0,81087.0,4.0,1,0,1,0,0,0,0,0,1,0.3333333333333333,0.06329113924050633,173106.58227848102,0,1
UMKM-01980,21,21231923,12,3.0,2.0,313085.0,2.0,1,0,1,0,0,1,0,0,0,0.4,0.09090909090909091,965087.4090909091,0,1
UMKM-01984,42,29242335,0,3.0,0.0,264646.0,2.0,2,0,1,0,0,0,1,0,0,0.0,0.0,680054.3023255814,0,1
UMKM-01986,53,7284179,26,1.4,0.0,398802.0,0.0,1,0,0,0,0,1,0,0,0,0.8666666666666667,0.0,134892.2037037037,0,1
UMKM-01988,5,13442674,31,3.0,0.0,91354.0,0.0,1,0,1,0,0,0,0,0,1,1.0333333333333334,0.0,2240445.6666666665,0,1
UMKM-01990,58,46811747,14,3.8,0.0,97191.0,0.0,0,0,0,0,0,0,1,0,0,0.4666666666666667,0.0,793419.4406779661,0,1
UMKM-01992,116,42216640,5,2.2,30.0,60136.0,3.0,2,0,0,0,0,0,0,0,0,0.16666666666666666,0.2564102564102564,360825.9829059829,1,1
UMKM-01993,63,18680026,24,3.1,0.0,458963.0,0.0,0,1,0,0,0,0,0,0,0,0.8,0.0,291875.40625,0,0
UMKM-01994,17,16221492,17,2.5,0.0,378423.0,2.0,1,0,0,0,0,0,0,0,0,0.5666666666666667,0.0,901194.0,0,1
UMKM-01995,47,30624942,21,1.0,0.0,384204.0,2.0,1,0,0,0,0,1,0,0,0,0.7,0.0,638019.625,0,1
UMKM-01996,31,6541543,30,3.3,0.0,260474.0,0.0,0,0,0,0,0,1,0,0,0,1.0,0.0,204423.21875,0,1
UMKM-01998,9,40949453,8,1.1,0.0,393995.0,1.0,1,0,0,0,0,0,0,0,1,0.26666666666666666,0.0,4094945.3,0,1
UMKM-02001,64,13768876,26,3.7,0.0,345105.0,1.0,0,0,0,0,0,0,0,1,0,0.8666666666666667,0.0,211828.86153846153,0,1
UMKM-02003,20,39985591,0,3.6,0.0,119810.0,0.0,0,0,0,0,0,0,1,0,0,0.0,0.0,1904075.761904762,0,1
UMKM-02005,66,33670368,8,2.0,0.0,326476.0,0.0,0,0,0,0,0,1,0,0,0,0.26666666666666666,0.0,502542.80597014923,0,1
UMKM-02006,15,17153106,4,3.0,2.0,375145.0,1.0,0,0,1,0,0,0,1,0,0,0.13333333333333333,0.125,1072069.125,0,1
UMKM-02007,115,42906302,14,1.7,5.0,140329.0,1.0,1,0,0,0,0,0,1,0,0,0.4666666666666667,0.04310344827586207,369881.9137931034,0,1
UMKM-02008,5,33766156,8,3.9,0.0,479566.0,0.0,0,0,0,0,0,1,0,0,0,0.26666666666666666,0.0,5627692.666666667,0,1
UMKM-02010,66,29385743,27,5.0,0.0,393098.0,0.0,0,0,0,0,0,0,0,1,0,0.9,0.0,438593.17910447763,0,1
UMKM-02011,100,7225175,12,3.9,0.0,98473.0,3.0,1,0,0,0,0,0,0,0,1,0.4,0.0,71536.38613861386,0,1
UMKM-02012,82,18778838,23,2.5,2.0,221969.0,0.0,0,0,0,0,0,0,0,1,0,0.7666666666666667,0.024096385542168676,226251.06024096385,0,1
UMKM-02014,29,2636617,9,3.4,2.0,464943.0,2.0,1,0,0,0,0,0,0,0,1,0.3,0.06666666666666667,87887.23333333334,0,1
UMKM-02016,8,46673576,21,4.6,2.0,93775.0,0.0,0,0,0,0,0,0,0,0,1,0.7,0.2222222222222222,5185952.888888889,0,1
UMKM-02018,8,33943536,21,2.2,0.0,324259.0,0.0,1,0,0,0,0,0,0,0,1,0.7,0.0,3771504.0,0,1
UMKM-02021,32,2046251,19,3.0,0.0,243110.0,1.0,0,0,1,0,0,0,1,0,0,0.6333333333333333,0.0,62007.606060606064,0,1
UMKM-02022,102,1285356,9,1.2,5.0,324169.0,3.0,1,0,0,0,0,1,0,0,0,0.3,0.04854368932038835,12479.184466019418,0,1
UMKM-02023,113,33288939,9,3.4,2.0,145439.0,2.0,0,0,0,0,0,0,0,0,1,0.3,0.017543859649122806,292008.2368421053,0,1
UMKM-02024,104,44467245,25,3.1,0.0,370670.0,0.0,0,0,0,0,0,0,0,0,0,0.8333333333333334,0.0,423497.5714285714,0,1
UMKM-02025,28,37557769,24,3.1,30.0,197979.0,3.0,1,0,0,0,0,0,1,0,0,0.8,1.0344827586206897,1295095.4827586208,1,1
UMKM-02026,35,44111734,27,3.7,2.0,118832.0,0.0,0,0,0,0,0,0,0,0,1,0.9,0.05555555555555555,1225325.9444444445,0,1
UMKM-02027,4,32147410,12,1.2,0.0,106108.0,0.0,1,0,0,0,0,1,0,0,0,0.4,0.0,6429482.0,0,1
UMKM-02028,116,9505089,14,2.8,0.0,464079.0,2.0,2,0,0,0,0,1,0,0,0,0.4666666666666667,0.0,81240.07692307692,0,1
UMKM-02029,11,4275654,5,2.8,2.0,186757.0,0.0,1,0,0,0,0,0,0,0,1,0.16666666666666666,0.16666666666666666,356304.5,0,1
UMKM-02030,11,4674777,11,2.8,0.0,56647.0,0.0,1,0,0,0,0,0,0,0,1,0.36666666666666664,0.0,389564.75,0,1
UMKM-02031,61,40787982,18,4.9,0.0,80145.0,0.0,0,1,0,0,0,0,1,0,0,0.6,0.0,657870.6774193548,0,0
UMKM-02032,56,25899950,31,1.6,0.0,483778.0,0.0,1,0,0,0,0,0,0,0,1,1.0333333333333334,0.0,454385.08771929826,0,1
UMKM-02033,89,45056567,10,3.8,0.0,153894.0,0.0,0,0,0,0,0,0,1,0,0,0.3333333333333333,0.0,500628.52222222224,0,1
UMKM-02036,6,33276687,1,4.0,0.0,166839.0,0.0,0,0,0,0,0,0,0,0,1,0.03333333333333333,0.0,4753812.428571428,0,1
UMKM-02037,97,22172318,14,1.6,5.0,0.0,0.0,0,0,0,1,0,0,0,1,0,0.4666666666666667,0.05102040816326531,226248.14285714287,0,0
UMKM-02039,36,42599453,4,1.3,5.0,377806.0,0.0,0,0,0,0,0,0,0,0,1,0.13333333333333333,0.13513513513513514,1151336.5675675676,0,1
UMKM-02040,7,42613994,14,3.0,30.0,166775.0,0.0,1,0,1,0,0,0,0,0,1,0.4666666666666667,3.75,5326749.25,1,1
UMKM-02042,100,17669382,9,1.8,0.0,351937.0,0.0,0,0,0,0,0,0,1,0,0,0.3,0.0,174944.37623762377,0,1
UMKM-02043,79,36796451,16,4.1,0.0,163584.0,0.0,0,0,0,0,0,1,0,0,0,0.5333333333333333,0.0,459955.6375,0,1
UMKM-02045,115,49297495,23,4.2,0.0,369734.0,0.0,0,0,0,0,0,1,0,0,0,0.7666666666666667,0.0,424978.4051724138,0,1
UMKM-02047,76,32237759,29,3.7,0.0,102470.0,0.0,0,0,0,0,0,1,0,0,0,0.9666666666666667,0.0,418672.1948051948,0,1
UMKM-02048,63,20568220,2,4.7,0.0,248689.0,0.0,0,0,0,0,0,0,1,0,0,0.06666666666666667,0.0,321378.4375,0,1
UMKM-02052,75,4568125,4,1.6,0.0,219743.0,2.0,1,0,0,0,0,0,0,1,0,0.13333333333333333,0.0,60106.90789473684,0,1
UMKM-02053,68,7656669,27,3.5,2.0,448551.0,0.0,0,0,0,0,0,0,0,0,1,0.9,0.028985507246376812,110966.21739130435,0,1
UMKM-02055,0,20220121,13,3.7,5.0,155879.0,1.0,0,0,0,0,0,0,0,0,0,0.43333333333333335,5.0,20220121.0,0,1
UMKM-02057,119,40579572,10,1.6,2.0,383401.0,1.0,0,0,0,0,0,0,0,1,0,0.3333333333333333,0.016666666666666666,338163.1,0,1
UMKM-02058,45,24139997,7,2.0,2.0,499446.0,0.0,1,0,0,0,0,0,0,0,0,0.23333333333333334,0.043478260869565216,524782.5434782609,0,1
UMKM-02060,57,20940473,7,3.0,0.0,52728.0,0.0,1,0,1,0,0,1,0,0,0,0.23333333333333334,0.0,361042.6379310345,0,1
UMKM-02061,51,3674986,11,4.2,0.0,395655.0,0.0,0,0,0,0,0,0,1,0,0,0.36666666666666664,0.0,70672.80769230769,0,1
UMKM-02062,6,37970246,14,2.4,30.0,72167.0,0.0,2,0,0,0,0,0,0,0,1,0.4666666666666667,4.285714285714286,5424320.857142857,1,1
UMKM-02063,67,36504688,18,3.0,0.0,217001.0,2.0,1,0,1,0,0,1,0,0,0,0.6,0.0,536833.6470588235,0,1
UMKM-02065,2,33079348,6,3.0,2.0,123711.0,2.0,1,0,1,0,0,1,0,0,0,0.2,0.6666666666666666,11026449.333333334,0,1
UMKM-02067,5,22031500,6,3.3,0.0,438362.0,0.0,0,0,0,0,0,0,0,0,1,0.2,0.0,3671916.6666666665,0,1
UMKM-02068,118,27009038,29,2.3,2.0,243320.0,0.0,0,0,0,0,0,0,0,0,1,0.9666666666666667,0.01680672268907563,226966.70588235295,0,1
UMKM-02069,47,34719733,17,2.0,2.0,228608.0,1.0,0,0,0,0,0,0,0,0,1,0.5666666666666667,0.041666666666666664,723327.7708333334,0,1
UMKM-02070,94,27267844,23,3.4,0.0,384581.0,0.0,1,0,0,0,0,0,1,0,0,0.7666666666666667,0.0,287029.93684210523,0,1
UMKM-02071,4,34851612,5,4.3,2.0,388570.0,0.0,0,0,0,0,0,0,1,0,0,0.16666666666666666,0.4,6970322.4,0,1
UMKM-02072,79,17237538,3,1.4,15.0,126851.0,3.0,2,0,0,0,0,1,0,0,0,0.1,0.1875,215469.225,1,1
UMKM-02073,78,4405914,2,2.1,0.0,130962.0,2.0,1,1,0,0,0,0,0,0,0,0.06666666666666667,0.0,55771.06329113924,0,0
UMKM-02074,106,42720218,5,1.8,0.0,474532.0,0.0,0,0,0,0,0,0,0,0,1,0.16666666666666666,0.0,399254.3738317757,0,1
UMKM-02075,2,5177927,25,4.2,2.0,347209.0,2.0,2,0,0,0,0,0,0,0,1,0.8333333333333334,0.6666666666666666,1725975.6666666667,0,1
UMKM-02078,100,46402380,10,3.0,2.0,335818.0,0.0,0,0,1,0,0,1,0,0,0,0.3333333333333333,0.019801980198019802,459429.50495049503,0,1
UMKM-02079,70,12607230,28,4.7,0.0,306005.0,0.0,0,0,0,0,0,0,1,0,0,0.9333333333333333,0.0,177566.61971830987,0,1
UMKM-02080,119,47583644,19,2.4,0.0,431776.0,0.0,0,0,0,0,0,0,1,0,0,0.6333333333333333,0.0,396530.36666666664,0,1
UMKM-02081,8,1587426,9,3.9,0.0,76085.0,0.0,1,0,0,0,0,1,0,0,0,0.3,0.0,176380.66666666666,0,1
UMKM-02082,106,4430460,25,1.4,0.0,350230.0,4.0,1,0,0,0,0,0,0,0,1,0.8333333333333334,0.0,41406.168224299065,0,1
UMKM-02083,48,47986677,26,2.8,0.0,299567.0,0.0,0,0,0,0,0,0,0,0,1,0.8666666666666667,0.0,979319.9387755102,0,1
UMKM-02084,108,16090951,13,3.0,0.0,426844.0,2.0,0,0,0,0,0,0,0,0,1,0.43333333333333335,0.0,147623.40366972476,0,1
UMKM-02086,80,42557461,11,2.2,0.0,496402.0,0.0,0,0,0,0,0,0,0,0,1,0.36666666666666664,0.0,525400.7530864198,0,1
UMKM-02087,15,31278292,22,2.1,2.0,98248.0,3.0,1,0,0,0,0,1,0,0,0,0.7333333333333333,0.125,1954893.25,0,1
UMKM-02088,102,37020939,20,2.2,30.0,76156.0,0.0,2,0,0,0,0,0,1,0,0,0.6666666666666666,0.2912621359223301,359426.5922330097,1,1
UMKM-02089,44,11055169,7,3.2,0.0,266425.0,3.0,0,0,0,0,0,1,0,0,0,0.23333333333333334,0.0,245670.42222222223,0,1
UMKM-02091,33,35330817,8,4.3,2.0,412499.0,3.0,0,0,0,0,0,0,0,0,0,0.26666666666666666,0.058823529411764705,1039141.6764705882,0,1
UMKM-02092,14,33360929,23,1.2,2.0,184948.0,0.0,0,0,0,0,0,0,0,0,1,0.7666666666666667,0.13333333333333333,2224061.933333333,0,1
UMKM-02093,82,11293122,30,4.5,0.0,0.0,0.0,0,0,0,1,0,1,0,0,0,1.0,0.0,136061.7108433735,0,0
UMKM-02094,81,28462991,24,1.4,2.0,236354.0,1.0,0,0,0,0,0,0,0,0,0,0.8,0.024390243902439025,347109.64634146343,0,1
UMKM-02095,1,42018802,16,2.7,0.0,384107.0,2.0,1,0,0,0,0,0,0,0,0,0.5333333333333333,0.0,21009401.0,0,1
UMKM-02098,20,10395448,2,1.2,0.0,0.0,1.0,2,0,0,1,0,0,0,0,1,0.06666666666666667,0.0,495021.3333333333,0,0
UMKM-02099,32,10370097,20,2.3,2.0,412236.0,0.0,0,0,0,0,0,0,1,0,0,0.6666666666666666,0.06060606060606061,314245.36363636365,0,1
UMKM-02100,32,47086355,7,3.9,2.0,428784.0,0.0,0,0,0,0,0,0,0,1,0,0.23333333333333334,0.06060606060606061,1426859.2424242424,0,1
UMKM-02101,112,5559512,13,3.1,5.0,196713.0,0.0,0,0,0,0,0,0,0,0,1,0.43333333333333335,0.04424778761061947,49199.22123893805,0,1
UMKM-02103,38,29437969,15,4.3,0.0,128451.0,0.0,0,1,0,0,0,0,1,0,0,0.5,0.0,754819.717948718,0,0
UMKM-02104,80,7846090,17,4.1,2.0,135340.0,2.0,0,0,0,0,0,0,0,0,1,0.5666666666666667,0.024691358024691357,96865.30864197531,0,1
UMKM-02105,38,9607964,30,4.1,0.0,331555.0,1.0,0,0,0,0,0,1,0,0,0,1.0,0.0,246358.05128205128,0,1
UMKM-02106,68,29696848,10,2.8,0.0,446317.0,0.0,1,0,0,0,0,0,0,0,1,0.3333333333333333,0.0,430389.1014492754,0,1
UMKM-02108,56,36229687,19,1.7,30.0,285249.0,4.0,2,0,0,0,0,0,0,0,1,0.6333333333333333,0.5263157894736842,635608.5438596491,1,1
UMKM-02110,0,19685367,3,4.0,2.0,195781.0,0.0,1,0,0,0,0,0,0,1,0,0.1,2.0,19685367.0,0,1
UMKM-02111,11,29082991,19,4.9,0.0,399801.0,1.0,0,0,0,0,0,1,0,0,0,0.6333333333333333,0.0,2423582.5833333335,0,1
UMKM-02112,45,37843795,30,1.8,0.0,0.0,2.0,0,0,0,1,0,0,0,1,0,1.0,0.0,822691.195652174,0,0
UMKM-02113,108,32634412,19,1.5,0.0,258317.0,0.0,1,0,0,0,1,0,0,0,1,0.6333333333333333,0.0,299398.2752293578,0,1
UMKM-02114,32,26812055,10,1.6,5.0,307010.0,4.0,1,0,0,0,0,1,0,0,0,0.3333333333333333,0.15151515151515152,812486.5151515151,0,1
UMKM-02115,18,10158430,0,1.7,0.0,444633.0,3.0,0,0,0,0,0,1,0,0,0,0.0,0.0,534654.2105263158,0,1
UMKM-02117,4,42267841,17,4.9,0.0,366041.0,0.0,0,0,0,0,0,0,0,1,0,0.5666666666666667,0.0,8453568.2,0,1
UMKM-02122,64,11685090,17,3.0,0.0,236499.0,0.0,0,0,1,0,0,0,0,0,0,0.5666666666666667,0.0,179770.61538461538,0,1
UMKM-02123,79,28923691,30,3.6,0.0,241244.0,0.0,0,0,0,0,0,0,0,0,1,1.0,0.0,361546.1375,0,1
UMKM-02127,27,16520967,14,1.3,2.0,244501.0,1.0,1,0,0,0,0,1,0,0,0,0.4666666666666667,0.07142857142857142,590034.5357142857,0,1
UMKM-02128,53,20169217,5,2.1,2.0,166313.0,4.0,1,0,0,0,0,1,0,0,0,0.16666666666666666,0.037037037037037035,373504.01851851854,0,1
UMKM-02129,12,28437957,7,2.6,2.0,147544.0,0.0,0,0,0,0,0,0,0,0,1,0.23333333333333334,0.15384615384615385,2187535.153846154,0,1
UMKM-02131,86,28391477,21,2.0,5.0,150151.0,0.0,2,0,0,0,0,0,0,1,0,0.7,0.05747126436781609,326338.816091954,0,1
UMKM-02132,51,14747849,0,3.3,0.0,162457.0,1.0,1,0,0,0,0,0,0,0,0,0.0,0.0,283612.48076923075,0,1
UMKM-02133,110,19010603,12,2.9,2.0,58770.0,2.0,2,0,0,0,0,1,0,0,0,0.4,0.018018018018018018,171266.6936936937,0,1
UMKM-02134,90,15887956,23,3.7,2.0,444352.0,0.0,0,0,0,0,0,0,0,0,0,0.7666666666666667,0.02197802197802198,174592.92307692306,0,1
UMKM-02135,70,14194473,20,4.8,0.0,61602.0,3.0,0,1,0,0,0,0,0,0,1,0.6666666666666666,0.0,199922.15492957746,0,0
UMKM-02138,21,48379401,3,4.4,2.0,453629.0,1.0,0,0,0,0,0,1,0,0,0,0.1,0.09090909090909091,2199063.6818181816,0,1
UMKM-02139,68,19274332,6,3.5,5.0,227147.0,1.0,0,0,0,0,0,0,0,0,1,0.2,0.07246376811594203,279338.14492753625,0,1
UMKM-02140,104,6571944,11,1.7,0.0,444373.0,0.0,0,0,0,0,0,0,0,0,1,0.36666666666666664,0.0,62589.94285714286,0,1
UMKM-02141,115,49681267,12,2.3,2.0,188524.0,0.0,0,0,0,0,0,1,0,0,0,0.4,0.017241379310344827,428286.7844827586,0,1
UMKM-02143,36,45849313,15,4.0,0.0,90043.0,1.0,0,1,0,0,0,0,0,0,0,0.5,0.0,1239170.6216216215,0,0
UMKM-02144,26,46837139,5,4.9,0.0,457694.0,0.0,0,0,0,0,0,0,0,0,1,0.16666666666666666,0.0,1734708.851851852,0,1
UMKM-02145,100,39150204,13,3.5,0.0,275848.0,3.0,0,0,0,0,0,0,0,0,0,0.43333333333333335,0.0,387625.78217821784,0,1
UMKM-02146,20,47954620,30,4.6,0.0,137333.0,0.0,0,0,0,0,0,0,0,0,1,1.0,0.0,2283553.3333333335,0,1
UMKM-02151,51,7582123,9,1.6,0.0,199779.0,1.0,0,0,0,0,0,0,0,0,1,0.3,0.0,145810.0576923077,0,1
UMKM-02152,46,7805969,16,2.4,2.0,0.0,4.0,2,0,0,1,0,0,0,0,0,0.5333333333333333,0.0425531914893617,166084.44680851063,0,0
UMKM-02154,81,49346601,29,1.3,0.0,278609.0,0.0,0,0,0,0,0,0,0,0,1,0.9666666666666667,0.0,601787.8170731707,0,1
UMKM-02156,25,23413805,6,1.5,0.0,115567.0,2.0,1,0,0,0,0,0,0,0,1,0.2,0.0,900530.9615384615,0,1
UMKM-02157,58,25723537,17,2.7,2.0,471230.0,0.0,0,0,0,0,0,1,0,0,0,0.5666666666666667,0.03389830508474576,435992.1525423729,0,1
UMKM-02158,65,15719831,18,4.9,0.0,141483.0,0.0,0,0,0,0,0,0,1,0,0,0.6,0.0,238179.25757575757,0,1
UMKM-02159,98,49788334,14,1.8,30.0,58951.0,2.0,2,0,0,0,0,1,0,0,0,0.4666666666666667,0.30303030303030304,502912.4646464646,1,1
UMKM-02165,27,17380352,29,4.8,0.0,65574.0,0.0,0,0,0,0,0,0,0,0,0,0.9666666666666667,0.0,620726.8571428572,0,1
UMKM-02166,95,12386047,19,2.2,0.0,299840.0,1.0,0,0,0,0,0,1,0,0,0,0.6333333333333333,0.0,129021.32291666667,0,1
UMKM-02167,92,21005625,31,2.2,5.0,0.0,1.0,0,0,0,1,0,1,0,0,0,1.0333333333333334,0.053763440860215055,225866.93548387097,0,0
UMKM-02169,29,9324878,24,3.1,0.0,258703.0,1.0,0,1,0,0,0,0,0,0,0,0.8,0.0,310829.26666666666,0,0
UMKM-02170,45,37568562,22,1.0,0.0,464225.0,1.0,0,0,0,0,0,0,1,0,0,0.7333333333333333,0.0,816707.8695652174,0,1
UMKM-02171,108,42883168,4,3.5,0.0,209703.0,0.0,0,0,0,0,1,1,0,0,0,0.13333333333333333,0.0,393423.55963302753,0,1
UMKM-02173,112,39301924,29,2.2,15.0,211772.0,0.0,0,0,0,0,0,1,0,0,0,0.9666666666666667,0.13274336283185842,347804.6371681416,1,1
UMKM-02175,104,25752734,26,1.0,0.0,212304.0,0.0,0,0,0,0,0,0,0,0,0,0.8666666666666667,0.0,245264.13333333333,0,1
UMKM-02178,119,34771083,6,3.0,0.0,329998.0,1.0,0,0,1,0,0,1,0,0,0,0.2,0.0,289759.025,0,1
UMKM-02179,24,7620661,4,3.2,2.0,440506.0,3.0,1,0,0,0,0,0,0,0,1,0.13333333333333333,0.08,304826.44,0,1
UMKM-02180,38,10929464,14,1.7,0.0,118823.0,0.0,0,0,0,0,0,0,0,0,1,0.4666666666666667,0.0,280242.6666666667,0,1
UMKM-02182,4,17309272,7,3.2,0.0,334234.0,0.0,0,1,0,0,0,0,1,0,0,0.23333333333333334,0.0,3461854.4,0,0
UMKM-02183,81,12843128,8,2.1,0.0,339305.0,1.0,1,1,0,0,0,1,0,0,0,0.26666666666666666,0.0,156623.51219512196,0,0
UMKM-02184,46,31671903,10,4.7,2.0,460110.0,1.0,0,0,0,0,0,0,0,0,1,0.3333333333333333,0.0425531914893617,673870.2765957447,0,1
UMKM-02185,43,24144254,21,1.1,2.0,156265.0,3.0,2,0,0,0,0,0,1,0,0,0.7,0.045454545454545456,548733.0454545454,0,1
UMKM-02188,52,36114587,12,3.1,0.0,94665.0,0.0,0,0,0,0,0,0,0,0,1,0.4,0.0,681407.3018867924,0,1
UMKM-02189,84,31107648,10,2.2,0.0,220624.0,1.0,0,0,0,0,0,0,0,0,1,0.3333333333333333,0.0,365972.3294117647,0,1
UMKM-02190,30,36166021,31,2.3,0.0,246360.0,3.0,2,0,0,0,0,0,1,0,0,1.0333333333333334,0.0,1166645.8387096773,0,1
UMKM-02192,41,1468163,14,3.9,0.0,293572.0,0.0,0,0,0,0,0,0,0,0,1,0.4666666666666667,0.0,34956.26190476191,0,1
UMKM-02194,34,22276123,0,3.6,2.0,164946.0,0.0,0,0,0,0,0,1,0,0,0,0.0,0.05714285714285714,636460.6571428571,0,1
UMKM-02195,83,4000102,23,4.5,2.0,482572.0,0.0,0,0,0,0,0,0,1,0,0,0.7666666666666667,0.023809523809523808,47620.26190476191,0,1
UMKM-02198,13,48906429,21,3.7,0.0,346777.0,0.0,0,0,0,0,0,0,0,0,1,0.7,0.0,3493316.3571428573,0,1
UMKM-02199,76,27210478,2,1.0,0.0,360864.0,0.0,2,0,0,0,0,0,0,0,1,0.06666666666666667,0.0,353382.83116883115,0,1
UMKM-02200,95,3378772,13,4.4,2.0,378445.0,0.0,0,0,0,0,0,0,0,0,1,0.43333333333333335,0.020833333333333332,35195.541666666664,0,1
UMKM-02201,88,43291777,1,4.3,0.0,205712.0,0.0,0,1,0,0,0,0,1,0,0,0.03333333333333333,0.0,486424.4606741573,0,0
UMKM-02202,13,16935238,31,1.1,0.0,0.0,2.0,1,0,0,1,0,1,0,0,0,1.0333333333333334,0.0,1209659.857142857,0,0
UMKM-02206,48,36066617,5,2.4,0.0,80761.0,1.0,0,0,0,0,0,0,0,0,1,0.16666666666666666,0.0,736053.4081632653,0,1
UMKM-02209,6,37923169,24,1.2,0.0,182455.0,4.0,2,0,0,0,0,0,0,1,0,0.8,0.0,5417595.571428572,0,1
UMKM-02211,28,14242686,10,2.2,0.0,183507.0,0.0,0,1,0,0,1,0,1,0,0,0.3333333333333333,0.0,491127.1034482759,0,0
UMKM-02214,2,36582649,6,2.8,0.0,369710.0,2.0,1,0,0,0,0,0,0,0,1,0.2,0.0,12194216.333333334,0,1
UMKM-02215,12,1659297,21,2.5,0.0,483908.0,0.0,1,1,0,0,0,0,0,1,0,0.7,0.0,127638.23076923077,0,0
UMKM-02217,106,7985481,9,5.0,0.0,204514.0,3.0,1,0,0,0,0,0,0,0,1,0.3,0.0,74630.66355140187,0,1
UMKM-02219,20,40303209,5,3.2,0.0,153932.0,0.0,0,0,0,0,0,1,0,0,0,0.16666666666666666,0.0,1919200.4285714286,0,1
UMKM-02220,24,8226460,0,2.9,0.0,77763.0,2.0,1,0,0,0,0,0,0,0,1,0.0,0.0,329058.4,0,1
UMKM-02222,7,9977914,13,3.0,0.0,248975.0,3.0,1,0,1,0,0,1,0,0,0,0.43333333333333335,0.0,1247239.25,0,1
UMKM-02224,23,46853960,26,2.6,5.0,222914.0,2.0,2,0,0,0,0,1,0,0,0,0.8666666666666667,0.20833333333333334,1952248.3333333333,0,1
UMKM-02226,84,11048456,5,1.7,0.0,0.0,1.0,0,1,0,1,0,0,0,0,1,0.16666666666666666,0.0,129981.83529411764,0,0
UMKM-02227,98,49080335,30,3.0,0.0,433871.0,1.0,0,1,1,0,0,0,1,0,0,1.0,0.0,495760.9595959596,0,0
UMKM-02228,117,45855075,16,3.0,0.0,251806.0,1.0,0,0,1,0,0,0,0,0,1,0.5333333333333333,0.0,388602.33050847455,0,1
UMKM-02231,70,47937182,20,2.2,2.0,276889.0,0.0,1,0,0,0,0,1,0,0,0,0.6666666666666666,0.028169014084507043,675171.5774647887,0,1
UMKM-02234,102,48039823,27,1.8,2.0,281989.0,0.0,0,0,0,0,0,0,1,0,0,0.9,0.019417475728155338,466406.0485436893,0,1
UMKM-02235,22,40707715,15,3.2,2.0,314059.0,1.0,0,0,0,0,0,1,0,0,0,0.5,0.08695652173913043,1769900.652173913,0,1
UMKM-02240,70,32474949,18,1.4,2.0,0.0,0.0,0,0,0,1,0,0,0,0,1,0.6,0.028169014084507043,457393.6478873239,0,0
UMKM-02243,1,34012055,22,3.0,0.0,156860.0,0.0,1,0,1,0,0,0,0,0,0,0.7333333333333333,0.0,17006027.5,0,1
UMKM-02244,20,31900994,5,3.4,0.0,264200.0,0.0,1,0,0,0,0,1,0,0,0,0.16666666666666666,0.0,1519094.9523809524,0,1
UMKM-02245,84,22104435,31,3.0,0.0,407511.0,0.0,0,0,1,0,1,0,1,0,0,1.0333333333333334,0.0,260052.17647058822,0,1
UMKM-02246,82,13779593,21,3.0,0.0,381800.0,0.0,1,0,1,0,0,0,0,0,0,0.7,0.0,166019.19277108434,0,1
UMKM-02247,70,16255164,2,3.0,2.0,310008.0,1.0,0,0,0,0,0,0,0,0,0,0.06666666666666667,0.028169014084507043,228945.97183098592,0,1
UMKM-02249,17,18554366,15,4.6,0.0,315105.0,0.0,0,0,0,0,0,1,0,0,0,0.5,0.0,1030798.1111111111,0,1
UMKM-02251,54,17010986,24,3.2,5.0,267768.0,1.0,1,0,0,0,0,0,0,1,0,0.8,0.09090909090909091,309290.65454545454,0,1
UMKM-02252,67,45970969,16,2.5,0.0,344689.0,2.0,2,0,0,0,0,1,0,0,0,0.5333333333333333,0.0,676043.6617647059,0,1
UMKM-02254,9,48914328,12,3.8,0.0,101569.0,2.0,0,0,0,0,0,0,1,0,0,0.4,0.0,4891432.8,0,1
UMKM-02255,95,3321991,27,4.3,15.0,182688.0,2.0,2,0,0,0,0,0,0,0,1,0.9,0.15625,34604.072916666664,1,1
UMKM-02256,7,6462762,10,1.5,15.0,173915.0,0.0,2,0,0,0,0,0,1,0,0,0.3333333333333333,1.875,807845.25,1,1
UMKM-02259,68,46658566,23,2.4,5.0,337693.0,2.0,0,0,0,0,0,0,0,0,1,0.7666666666666667,0.07246376811594203,676211.1014492754,0,1
UMKM-02261,71,48428722,23,1.4,0.0,330374.0,1.0,0,0,0,0,0,1,0,0,0,0.7666666666666667,0.0,672621.1388888889,0,1
UMKM-02263,47,45897273,16,3.0,2.0,426820.0,0.0,0,0,1,0,0,0,1,0,0,0.5333333333333333,0.041666666666666664,956193.1875,0,1
UMKM-02267,100,21559092,5,4.0,30.0,488024.0,2.0,1,0,0,0,0,1,0,0,0,0.16666666666666666,0.297029702970297,213456.35643564357,1,1
UMKM-02268,114,2897465,15,1.3,2.0,165933.0,0.0,0,0,0,0,0,0,1,0,0,0.5,0.017391304347826087,25195.347826086956,0,1
UMKM-02270,34,23475701,27,3.7,15.0,393554.0,1.0,1,0,0,0,0,0,1,0,0,0.9,0.42857142857142855,670734.3142857143,1,1
UMKM-02272,26,11459177,31,1.1,2.0,365527.0,1.0,0,0,0,0,0,0,0,0,0,1.0333333333333334,0.07407407407407407,424413.962962963,0,1
UMKM-02273,93,31548432,25,1.5,0.0,116513.0,3.0,1,0,0,0,0,0,1,0,0,0.8333333333333334,0.0,335621.6170212766,0,1
UMKM-02274,9,9536341,10,2.0,0.0,207882.0,0.0,2,0,0,0,0,1,0,0,0,0.3333333333333333,0.0,953634.1,0,1
UMKM-02275,106,13417859,24,4.3,0.0,206189.0,3.0,2,0,0,0,0,1,0,0,0,0.8,0.0,125400.55140186916,0,1
UMKM-02276,94,26460801,30,2.9,0.0,122258.0,3.0,1,0,0,0,0,0,1,0,0,1.0,0.0,278534.74736842106,0,1
UMKM-02277,79,2119816,20,4.7,0.0,262278.0,0.0,0,0,0,0,0,1,0,0,0,0.6666666666666666,0.0,26497.7,0,1
UMKM-02279,59,6168949,2,2.1,0.0,305354.0,4.0,2,0,0,0,0,1,0,0,0,0.06666666666666667,0.0,102815.81666666667,0,1
UMKM-02283,20,32281748,24,3.4,5.0,133053.0,0.0,1,0,0,0,0,0,1,0,0,0.8,0.23809523809523808,1537226.0952380951,0,1
UMKM-02284,55,37780682,16,2.4,0.0,373868.0,2.0,2,0,0,0,0,0,0,1,0,0.5333333333333333,0.0,674655.0357142857,0,1
UMKM-02288,79,2043423,18,2.3,0.0,233224.0,0.0,1,1,0,0,0,0,1,0,0,0.6,0.0,25542.7875,0,0
UMKM-02290,103,47226296,1,3.1,5.0,483650.0,1.0,1,0,0,0,0,1,0,0,0,0.03333333333333333,0.04807692307692308,454099.0,0,1
UMKM-02291,103,35272316,16,3.6,0.0,224776.0,1.0,1,0,0,0,0,0,0,1,0,0.5333333333333333,0.0,339156.8846153846,0,1
UMKM-02292,107,5609635,29,1.8,30.0,278038.0,0.0,1,0,0,0,0,0,0,0,1,0.9666666666666667,0.2777777777777778,51941.06481481482,1,1
UMKM-02293,85,20576161,9,4.7,0.0,385045.0,0.0,0,1,0,0,0,0,0,0,1,0.3,0.0,239257.68604651163,0,0
UMKM-02297,17,41170675,0,4.6,0.0,150378.0,0.0,0,0,0,0,0,0,0,0,1,0.0,0.0,2287259.722222222,0,1
UMKM-02298,117,42169919,17,1.5,30.0,100293.0,0.0,2,0,0,0,0,1,0,0,0,0.5666666666666667,0.2542372881355932,357372.19491525425,1,1
UMKM-02299,10,37692309,3,1.6,2.0,411525.0,1.0,1,0,0,0,0,0,1,0,0,0.1,0.18181818181818182,3426573.5454545454,0,1
UMKM-02300,88,5448388,26,4.0,2.0,105272.0,0.0,0,0,0,0,0,0,1,0,0,0.8666666666666667,0.02247191011235955,61217.84269662921,0,1
UMKM-02301,55,25147779,24,4.8,2.0,251440.0,0.0,0,0,0,0,0,0,0,0,0,0.8,0.03571428571428571,449067.48214285716,0,1
UMKM-02302,62,28277564,27,3.7,30.0,320814.0,1.0,0,0,0,0,0,0,0,0,0,0.9,0.47619047619047616,448850.22222222225,1,1
UMKM-02303,98,46924616,21,2.6,5.0,339953.0,1.0,0,0,0,0,0,1,0,0,0,0.7,0.050505050505050504,473986.0202020202,0,1
UMKM-02305,25,34203861,24,1.9,0.0,145447.0,0.0,0,0,0,0,0,1,0,0,0,0.8,0.0,1315533.1153846155,0,1
UMKM-02306,47,29473481,16,5.0,0.0,261774.0,0.0,0,1,0,0,0,1,0,0,0,0.5333333333333333,0.0,614030.8541666666,0,0
UMKM-02308,19,47797801,11,4.7,0.0,149675.0,2.0,0,1,0,0,0,0,0,0,1,0.36666666666666664,0.0,2389890.05,0,0
UMKM-02309,38,40700092,15,2.7,15.0,448675.0,0.0,2,0,0,0,0,0,0,0,0,0.5,0.38461538461538464,1043592.1025641026,1,1
UMKM-02311,84,19172210,15,2.3,0.0,112289.0,2.0,0,0,0,0,0,0,0,0,0,0.5,0.0,225555.41176470587,0,1
UMKM-02312,95,22291273,16,3.0,0.0,339321.0,3.0,0,0,1,0,0,0,0,1,0,0.5333333333333333,0.0,232200.76041666666,0,1
UMKM-02313,106,19323773,30,4.8,2.0,315567.0,3.0,0,0,0,0,0,0,1,0,0,1.0,0.018691588785046728,180596.0093457944,0,1
UMKM-02314,91,24862148,14,3.0,0.0,289264.0,0.0,0,0,1,0,0,1,0,0,0,0.4666666666666667,0.0,270240.73913043475,0,1
UMKM-02315,86,29251513,12,3.7,5.0,373145.0,1.0,0,0,0,0,0,0,0,1,0,0.4,0.05747126436781609,336224.2873563218,0,1
UMKM-02317,6,30415614,26,2.9,0.0,211304.0,3.0,0,0,0,0,0,0,0,0,1,0.8666666666666667,0.0,4345087.714285715,0,1
UMKM-02318,63,37755322,20,3.0,5.0,94940.0,2.0,0,0,1,0,0,0,1,0,0,0.6666666666666666,0.078125,589926.90625,0,1
UMKM-02319,48,1029882,1,2.0,0.0,186433.0,0.0,1,0,0,0,0,1,0,0,0,0.03333333333333333,0.0,21018.0,0,1
UMKM-02320,110,37229950,7,4.2,0.0,313545.0,0.0,0,0,0,0,0,0,0,0,1,0.23333333333333334,0.0,335404.95495495497,0,1
UMKM-02322,22,10675864,6,1.9,30.0,116948.0,0.0,2,0,0,0,0,1,0,0,0,0.2,1.3043478260869565,464168.0,1,1
UMKM-02323,50,32041722,9,2.1,0.0,72814.0,4.0,1,0,0,0,0,0,0,1,0,0.3,0.0,628269.0588235294,0,1
UMKM-02324,93,13757810,3,2.7,0.0,53230.0,0.0,1,0,0,0,0,1,0,0,0,0.1,0.0,146359.68085106384,0,1
UMKM-02330,97,24711279,2,3.8,0.0,362560.0,1.0,0,0,0,0,0,0,1,0,0,0.06666666666666667,0.0,252155.9081632653,0,1
UMKM-02331,100,15709426,17,2.7,2.0,412707.0,0.0,0,0,0,0,0,0,0,1,0,0.5666666666666667,0.019801980198019802,155538.8712871287,0,1
UMKM-02333,106,39152009,23,2.7,0.0,121812.0,0.0,0,1,0,0,0,1,0,0,0,0.7666666666666667,0.0,365906.6261682243,0,0
UMKM-02334,52,46331489,31,4.5,0.0,246363.0,1.0,0,0,0,0,0,0,0,0,1,1.0333333333333334,0.0,874179.037735849,0,1
UMKM-02336,69,6132869,1,2.5,5.0,105572.0,2.0,0,0,0,0,0,0,0,0,1,0.03333333333333333,0.07142857142857142,87612.41428571429,0,1
UMKM-02337,36,26855341,1,4.8,5.0,137304.0,0.0,0,0,0,0,0,0,0,0,1,0.03333333333333333,0.13513513513513514,725820.027027027,0,1
UMKM-02338,32,9762127,9,1.1,15.0,138668.0,0.0,2,0,0,0,0,1,0,0,0,0.3,0.45454545454545453,295822.0303030303,1,1
UMKM-02339,62,42036858,22,3.0,0.0,164266.0,1.0,0,0,1,0,0,1,0,0,0,0.7333333333333333,0.0,667251.7142857143,0,1
UMKM-02340,47,42488564,14,2.5,2.0,125111.0,0.0,0,0,0,0,0,0,1,0,0,0.4666666666666667,0.041666666666666664,885178.4166666666,0,1
UMKM-02341,27,49705554,11,1.8,0.0,385511.0,0.0,0,0,0,0,0,0,0,0,1,0.36666666666666664,0.0,1775198.357142857,0,1
UMKM-02343,50,31203352,16,1.3,0.0,0.0,0.0,0,1,0,1,0,0,0,1,0,0.5333333333333333,0.0,611830.431372549,0,0
UMKM-02344,99,14859696,17,1.7,0.0,118348.0,1.0,0,1,0,0,0,0,1,0,0,0.5666666666666667,0.0,148596.96,0,0
UMKM-02345,66,2037904,13,1.1,0.0,478459.0,0.0,2,0,0,0,0,0,1,0,0,0.43333333333333335,0.0,30416.4776119403,0,1
UMKM-02346,95,6634222,16,2.3,0.0,335501.0,2.0,1,0,0,0,0,1,0,0,0,0.5333333333333333,0.0,69106.47916666667,0,1
UMKM-02347,45,17381542,14,1.2,0.0,425378.0,0.0,0,0,0,0,1,0,0,0,0,0.4666666666666667,0.0,377859.60869565216,0,1
UMKM-02348,68,17654389,11,3.8,0.0,397465.0,0.0,1,0,0,0,0,1,0,0,0,0.36666666666666664,0.0,255860.71014492755,0,1
UMKM-02349,37,24165622,15,3.0,0.0,87783.0,1.0,1,0,1,0,0,0,0,0,1,0.5,0.0,635937.4210526316,0,1
UMKM-02350,115,38923678,31,4.5,0.0,175985.0,0.0,0,0,0,0,0,0,0,0,1,1.0333333333333334,0.0,335548.9482758621,0,1
UMKM-02351,9,10972060,22,3.2,0.0,101703.0,3.0,1,1,0,0,0,0,1,0,0,0.7333333333333333,0.0,1097206.0,0,0
UMKM-02355,87,44986459,15,2.2,2.0,400701.0,0.0,0,0,0,0,0,0,0,0,1,0.5,0.022727272727272728,511209.76136363635,0,1
UMKM-02358,45,9661351,6,3.5,0.0,203320.0,2.0,0,0,0,0,0,0,0,0,1,0.2,0.0,210029.36956521738,0,1
UMKM-02360,6,7767414,3,3.7,0.0,212526.0,1.0,1,1,0,0,0,1,0,0,0,0.1,0.0,1109630.5714285714,0,0
UMKM-02363,89,30644421,17,3.0,0.0,52380.0,1.0,0,0,0,0,0,1,0,0,0,0.5666666666666667,0.0,340493.56666666665,0,1
UMKM-02364,12,8013383,3,1.4,0.0,173256.0,3.0,1,0,0,0,0,1,0,0,0,0.1,0.0,616414.0769230769,0,1
UMKM-02365,74,46230048,10,1.1,30.0,218175.0,1.0,2,0,0,0,0,0,1,0,0,0.3333333333333333,0.4,616400.64,1,1
UMKM-02367,30,39977876,19,3.1,0.0,144389.0,1.0,0,0,0,0,0,0,0,0,1,0.6333333333333333,0.0,1289608.9032258065,0,1
UMKM-02368,19,41915415,10,2.3,0.0,280656.0,1.0,0,0,0,0,0,0,0,0,1,0.3333333333333333,0.0,2095770.75,0,1
UMKM-02369,81,5374296,14,2.7,0.0,50743.0,0.0,0,1,0,0,0,1,0,0,0,0.4666666666666667,0.0,65540.19512195123,0,0
UMKM-02370,70,39319790,16,4.8,0.0,90124.0,3.0,0,0,0,0,0,0,1,0,0,0.5333333333333333,0.0,553799.8591549295,0,1
UMKM-02372,30,8782634,11,1.4,0.0,168174.0,1.0,0,0,0,0,0,0,0,0,1,0.36666666666666664,0.0,283310.77419354836,0,1
UMKM-02374,61,22767260,27,3.6,0.0,302731.0,0.0,0,1,0,0,0,0,1,0,0,0.9,0.0,367213.87096774194,0,0
UMKM-02376,55,29394763,7,2.3,0.0,358216.0,0.0,0,0,0,0,0,0,0,0,0,0.23333333333333334,0.0,524906.4821428572,0,1
UMKM-02377,47,38121440,26,2.6,0.0,291864.0,2.0,0,0,0,0,0,0,0,0,1,0.8666666666666667,0.0,794196.6666666666,0,1
UMKM-02378,12,35001527,21,2.9,5.0,434358.0,0.0,0,0,0,0,0,0,1,0,0,0.7,0.38461538461538464,2692425.153846154,0,1
UMKM-02379,37,29438086,23,2.2,0.0,91302.0,0.0,0,0,0,0,0,0,0,1,0,0.7666666666666667,0.0,774686.4736842106,0,1
UMKM-02380,29,7824464,1,3.7,0.0,389155.0,3.0,2,0,0,0,0,0,0,1,0,0.03333333333333333,0.0,260815.46666666667,0,1
UMKM-02381,57,29747708,30,4.8,0.0,279673.0,1.0,0,0,0,0,0,0,1,0,0,1.0,0.0,512891.5172413793,0,1
UMKM-02382,115,20478649,21,4.7,0.0,418596.0,0.0,0,0,0,0,0,1,0,0,0,0.7,0.0,176540.0775862069,0,1
UMKM-02383,113,10374587,0,3.7,0.0,344042.0,2.0,1,0,0,0,0,0,0,0,1,0.0,0.0,91005.14912280702,0,1
UMKM-02384,92,24377929,13,3.0,30.0,153620.0,0.0,0,0,1,0,0,1,0,0,0,0.43333333333333335,0.3225806451612903,262128.2688172043,1,1
UMKM-02385,99,18612574,24,4.3,30.0,330033.0,1.0,0,0,0,0,0,1,0,0,0,0.8,0.3,186125.74,1,1
UMKM-02389,35,30564708,2,1.1,5.0,124106.0,0.0,2,0,0,0,0,0,0,1,0,0.06666666666666667,0.1388888888888889,849019.6666666666,0,1
UMKM-02390,39,47712017,4,4.9,2.0,372283.0,0.0,0,0,0,0,0,1,0,0,0,0.13333333333333333,0.05,1192800.425,0,1
UMKM-02391,44,18856445,0,4.8,2.0,321041.0,0.0,0,0,0,0,0,0,0,0,0,0.0,0.044444444444444446,419032.1111111111,0,1
UMKM-02392,73,13012272,18,3.3,2.0,330942.0,0.0,0,0,0,0,1,0,0,1,0,0.6,0.02702702702702703,175841.51351351352,0,1
UMKM-02395,74,34221319,29,3.0,0.0,0.0,1.0,1,0,1,1,0,1,0,0,0,0.9666666666666667,0.0,456284.25333333336,0,0
UMKM-02396,70,24317207,11,2.6,0.0,0.0,1.0,0,0,0,1,0,0,0,0,0,0.36666666666666664,0.0,342495.8732394366,0,0
UMKM-02397,110,19365132,9,3.4,2.0,258264.0,0.0,0,0,0,0,0,0,0,0,0,0.3,0.018018018018018018,174460.64864864864,0,1
UMKM-02399,92,7442399,15,5.0,2.0,152748.0,1.0,0,0,0,0,0,0,0,0,1,0.5,0.021505376344086023,80025.79569892473,0,1
UMKM-02402,33,17274309,14,4.3,0.0,485407.0,1.0,0,0,0,0,0,0,0,1,0,0.4666666666666667,0.0,508067.9117647059,0,1
UMKM-02403,90,13206970,10,3.0,2.0,395510.0,0.0,1,0,1,0,0,0,0,1,0,0.3333333333333333,0.02197802197802198,145131.53846153847,0,1
UMKM-02407,117,10672204,29,3.6,15.0,55642.0,0.0,1,0,0,0,0,1,0,0,0,0.9666666666666667,0.1271186440677966,90442.40677966102,1,1
UMKM-02409,82,24250265,8,2.6,30.0,320062.0,0.0,2,0,0,0,0,0,0,0,0,0.26666666666666666,0.3614457831325301,292171.8674698795,1,1
UMKM-02410,29,22849453,17,3.0,30.0,430679.0,0.0,2,0,1,0,1,0,0,0,1,0.5666666666666667,1.0,761648.4333333333,1,1
UMKM-02411,40,9734143,18,2.1,2.0,426582.0,0.0,1,0,0,0,0,1,0,0,0,0.6,0.04878048780487805,237418.1219512195,0,1
UMKM-02413,112,37672545,3,3.0,2.0,333205.0,0.0,0,0,1,0,0,0,0,0,1,0.1,0.017699115044247787,333385.3539823009,0,1
UMKM-02414,33,7060297,5,2.6,2.0,166408.0,0.0,0,0,0,0,0,0,1,0,0,0.16666666666666666,0.058823529411764705,207655.79411764705,0,1
UMKM-02416,43,47210871,31,4.9,0.0,279499.0,0.0,0,0,0,0,0,0,0,0,1,1.0333333333333334,0.0,1072974.3409090908,0,1
UMKM-02417,56,21069455,15,3.0,0.0,233714.0,2.0,0,0,1,0,0,0,0,1,0,0.5,0.0,369639.56140350876,0,1
UMKM-02418,32,1915108,10,2.8,0.0,473645.0,0.0,0,0,0,0,0,0,0,0,1,0.3333333333333333,0.0,58033.57575757576,0,1
UMKM-02419,17,33207260,21,4.1,2.0,274778.0,1.0,0,0,0,0,0,0,0,0,1,0.7,0.1111111111111111,1844847.7777777778,0,1
UMKM-02422,43,33741167,25,4.5,0.0,432292.0,0.0,0,0,0,0,0,0,1,0,0,0.8333333333333334,0.0,766844.7045454546,0,1
UMKM-02423,53,29132051,30,1.1,15.0,425757.0,1.0,2,0,0,0,0,0,0,0,1,1.0,0.2777777777777778,539482.425925926,1,1
UMKM-02424,67,2418351,28,4.9,0.0,222336.0,2.0,0,0,0,0,0,1,0,0,0,0.9333333333333333,0.0,35563.98529411765,0,1
UMKM-02425,62,5917970,4,3.7,0.0,368242.0,1.0,1,0,0,0,0,0,0,1,0,0.13333333333333333,0.0,93936.03174603175,0,1
UMKM-02427,81,43537710,24,1.6,0.0,405415.0,4.0,1,0,0,0,0,0,0,0,1,0.8,0.0,530947.6829268293,0,1
UMKM-02429,43,30439292,11,3.0,0.0,0.0,4.0,0,1,1,1,0,0,0,0,1,0.36666666666666664,0.0,691802.0909090909,0,0
UMKM-02430,82,32910396,21,3.8,0.0,89276.0,0.0,0,0,0,0,0,0,1,0,0,0.7,0.0,396510.7951807229,0,1
UMKM-02431,98,22825461,8,2.7,2.0,81711.0,0.0,0,0,0,0,0,0,1,0,0,0.26666666666666666,0.020202020202020204,230560.21212121213,0,1
UMKM-02432,113,30483553,19,1.3,0.0,225749.0,0.0,0,0,0,0,0,0,0,0,1,0.6333333333333333,0.0,267399.58771929826,0,1
UMKM-02433,89,17616198,28,2.3,0.0,298073.0,0.0,0,0,0,0,0,0,0,1,0,0.9333333333333333,0.0,195735.53333333333,0,1
UMKM-02435,25,27394560,28,1.0,0.0,89764.0,0.0,0,0,0,0,0,0,0,0,1,0.9333333333333333,0.0,1053636.923076923,0,1
UMKM-02437,34,16145496,26,2.3,5.0,297958.0,2.0,1,0,0,0,0,0,0,0,1,0.8666666666666667,0.14285714285714285,461299.8857142857,0,1
UMKM-02438,42,1722153,16,3.9,0.0,157181.0,0.0,0,0,0,0,0,1,0,0,0,0.5333333333333333,0.0,40050.06976744186,0,1
UMKM-02439,45,29778554,4,3.5,2.0,414683.0,0.0,1,0,0,0,0,0,1,0,0,0.13333333333333333,0.043478260869565216,647359.8695652174,0,1
UMKM-02441,92,49132181,12,3.4,5.0,397276.0,0.0,0,0,0,0,0,0,0,0,1,0.4,0.053763440860215055,528303.0215053763,0,1
UMKM-02443,82,41870277,14,3.1,15.0,151510.0,1.0,2,0,0,0,0,0,1,0,0,0.4666666666666667,0.18072289156626506,504461.1686746988,1,1
UMKM-02444,43,20346611,14,3.0,0.0,276276.0,1.0,0,0,1,0,0,0,0,0,1,0.4666666666666667,0.0,462422.9772727273,0,1
UMKM-02445,118,4332951,17,2.5,0.0,487131.0,1.0,1,0,0,0,0,0,0,1,0,0.5666666666666667,0.0,36411.35294117647,0,1
UMKM-02446,84,48821382,1,1.5,2.0,196236.0,1.0,0,0,0,0,0,0,1,0,0,0.03333333333333333,0.023529411764705882,574369.2,0,1
UMKM-02447,74,1311416,22,2.5,0.0,240360.0,0.0,1,1,0,0,0,0,0,0,1,0.7333333333333333,0.0,17485.546666666665,0,0
UMKM-02449,105,14603581,12,3.4,0.0,316983.0,0.0,0,0,0,0,0,0,1,0,0,0.4,0.0,137769.6320754717,0,1
UMKM-02451,9,5924191,3,2.5,0.0,254263.0,0.0,1,1,0,0,0,1,0,0,0,0.1,0.0,592419.1,0,0
UMKM-02452,21,14970740,24,3.0,0.0,425218.0,2.0,0,0,1,0,0,1,0,0,0,0.8,0.0,680488.1818181818,0,1
UMKM-02453,62,13809213,10,4.2,15.0,358804.0,0.0,1,0,0,0,0,1,0,0,0,0.3333333333333333,0.23809523809523808,219193.85714285713,1,1
UMKM-02455,58,18684867,11,3.0,0.0,165911.0,0.0,0,0,1,0,0,1,0,0,0,0.36666666666666664,0.0,316692.66101694916,0,1
UMKM-02456,88,10782357,12,1.3,0.0,345404.0,1.0,0,0,0,0,0,1,0,0,0,0.4,0.0,121150.0786516854,0,1
UMKM-02457,102,23824162,8,4.6,2.0,408344.0,2.0,0,0,0,0,0,0,0,0,1,0.26666666666666666,0.019417475728155338,231302.5436893204,0,1
UMKM-02460,61,18767607,5,3.4,0.0,133059.0,4.0,2,0,0,0,0,0,0,0,1,0.16666666666666666,0.0,302703.3387096774,0,1
UMKM-02463,80,1587069,9,4.1,2.0,198711.0,0.0,1,0,0,0,0,1,0,0,0,0.3,0.024691358024691357,19593.444444444445,0,1
UMKM-02464,108,21724277,22,3.8,2.0,478479.0,0.0,0,0,0,0,0,0,0,0,1,0.7333333333333333,0.01834862385321101,199305.29357798165,0,1
UMKM-02465,115,3315138,14,1.6,0.0,430117.0,0.0,0,0,0,0,1,0,1,0,0,0.4666666666666667,0.0,28578.775862068964,0,1
UMKM-02467,113,30875646,22,2.9,0.0,354105.0,0.0,0,1,0,0,0,0,1,0,0,0.7333333333333333,0.0,270839.0,0,0
UMKM-02471,49,27332571,15,3.9,2.0,61736.0,2.0,2,0,0,0,0,1,0,0,0,0.5,0.04,546651.42,0,1
UMKM-02474,62,5782969,31,1.1,0.0,371539.0,2.0,1,0,0,0,0,1,0,0,0,1.0333333333333334,0.0,91793.15873015873,0,1
UMKM-02477,25,42351983,4,3.0,0.0,391901.0,1.0,0,0,1,0,0,0,0,0,1,0.13333333333333333,0.0,1628922.423076923,0,1
UMKM-02478,52,8794087,16,2.4,30.0,119385.0,2.0,1,0,0,0,0,0,0,0,1,0.5333333333333333,0.5660377358490566,165926.16981132075,1,1
UMKM-02479,81,38742864,21,4.3,2.0,115285.0,0.0,0,0,0,0,0,0,0,0,1,0.7,0.024390243902439025,472473.9512195122,0,1
UMKM-02482,78,31283124,17,3.7,0.0,489983.0,1.0,0,0,0,0,0,0,0,1,0,0.5666666666666667,0.0,395988.91139240505,0,1
UMKM-02483,73,33102967,27,4.9,15.0,185688.0,0.0,1,0,0,0,0,0,0,0,1,0.9,0.20270270270270271,447337.3918918919,1,1
UMKM-02484,17,32227450,12,3.0,0.0,140100.0,2.0,0,0,1,0,0,0,0,0,0,0.4,0.0,1790413.888888889,0,1
UMKM-02486,10,47731915,0,2.4,2.0,272105.0,0.0,2,0,0,0,0,0,0,1,0,0.0,0.18181818181818182,4339265.0,0,1
UMKM-02487,31,28322543,18,3.6,2.0,117713.0,0.0,1,0,0,0,0,1,0,0,0,0.6,0.0625,885079.46875,0,1
UMKM-02489,73,19803307,3,3.0,0.0,0.0,0.0,2,0,1,1,0,1,0,0,0,0.1,0.0,267612.25675675675,0,0
UMKM-02491,108,13489289,2,3.0,0.0,196181.0,4.0,1,0,1,0,0,0,0,0,1,0.06666666666666667,0.0,123754.94495412844,0,1
UMKM-02493,71,48466955,9,1.0,2.0,499462.0,3.0,1,0,0,0,0,1,0,0,0,0.3,0.027777777777777776,673152.1527777778,0,1
UMKM-02494,13,25562579,27,4.9,0.0,375531.0,1.0,0,1,0,0,0,0,0,0,1,0.9,0.0,1825898.5,0,0
UMKM-02497,12,14595880,18,1.6,0.0,380093.0,4.0,1,0,0,0,0,1,0,0,0,0.6,0.0,1122760.0,0,1
UMKM-02501,94,45578506,2,1.2,0.0,196820.0,3.0,2,0,0,0,0,0,0,0,1,0.06666666666666667,0.0,479773.74736842106,0,1
UMKM-02502,78,31691270,22,4.7,2.0,99308.0,1.0,0,0,0,0,0,0,0,0,1,0.7333333333333333,0.02531645569620253,401155.3164556962,0,1
UMKM-02503,46,38626908,16,1.5,0.0,92083.0,0.0,0,0,0,0,0,1,0,0,0,0.5333333333333333,0.0,821849.1063829787,0,1
UMKM-02504,13,47432969,6,3.5,30.0,464603.0,1.0,1,0,0,0,0,0,0,0,1,0.2,2.142857142857143,3388069.214285714,1,1
UMKM-02505,103,46964380,25,3.5,15.0,427749.0,2.0,2,0,0,0,0,0,0,1,0,0.8333333333333334,0.14423076923076922,451580.57692307694,1,1
UMKM-02507,1,37952931,17,3.3,0.0,313846.0,2.0,1,0,0,0,0,0,0,0,1,0.5666666666666667,0.0,18976465.5,0,1
UMKM-02508,115,34612463,5,2.7,0.0,477649.0,2.0,1,0,0,0,0,0,0,0,1,0.16666666666666666,0.0,298383.3017241379,0,1
UMKM-02509,38,32334729,30,4.9,2.0,71773.0,0.0,0,0,0,0,0,0,0,1,0,1.0,0.05128205128205128,829095.6153846154,0,1
UMKM-02510,111,42813714,28,1.9,0.0,455641.0,0.0,0,1,0,0,0,0,0,0,1,0.9333333333333333,0.0,382265.3035714286,0,0
UMKM-02511,62,11306743,8,2.1,0.0,302923.0,3.0,1,0,0,0,0,0,1,0,0,0.26666666666666666,0.0,179472.11111111112,0,1
UMKM-02513,28,3081552,16,4.9,0.0,332242.0,1.0,0,0,0,0,0,1,0,0,0,0.5333333333333333,0.0,106260.41379310345,0,1
UMKM-02514,60,33049800,11,3.8,2.0,122519.0,0.0,0,0,0,0,0,1,0,0,0,0.36666666666666664,0.03278688524590164,541800.0,0,1
UMKM-02516,49,32873953,23,3.8,0.0,440843.0,0.0,0,0,0,0,0,0,1,0,0,0.7666666666666667,0.0,657479.06,0,1
UMKM-02517,4,32921068,9,2.6,0.0,306788.0,1.0,1,0,0,0,0,0,0,0,0,0.3,0.0,6584213.6,0,1
UMKM-02518,90,31120919,29,4.9,2.0,314541.0,1.0,0,0,0,0,0,0,0,0,1,0.9666666666666667,0.02197802197802198,341988.1208791209,0,1
UMKM-02519,36,32225096,28,2.1,0.0,76770.0,4.0,1,0,0,0,0,0,0,0,1,0.9333333333333333,0.0,870948.5405405406,0,1
UMKM-02521,71,18955858,9,3.5,15.0,231779.0,0.0,1,0,0,0,0,0,0,0,1,0.3,0.20833333333333334,263275.80555555556,1,1
UMKM-02523,63,42534065,27,4.5,2.0,143737.0,2.0,0,0,0,0,0,0,0,0,1,0.9,0.03125,664594.765625,0,1
UMKM-02524,116,16233162,17,1.6,30.0,257709.0,0.0,2,0,0,0,0,0,1,0,0,0.5666666666666667,0.2564102564102564,138744.97435897434,1,1
UMKM-02526,4,17210635,16,4.1,0.0,251110.0,1.0,0,0,0,0,0,0,0,0,1,0.5333333333333333,0.0,3442127.0,0,1
UMKM-02527,96,11019577,10,3.5,0.0,378023.0,0.0,0,0,0,0,0,0,0,0,1,0.3333333333333333,0.0,113603.88659793814,0,1
UMKM-02528,85,2734441,0,1.4,15.0,390619.0,0.0,2,0,0,0,0,0,1,0,0,0.0,0.1744186046511628,31795.825581395347,1,1
UMKM-02529,54,30650827,16,4.9,0.0,0.0,0.0,0,0,0,1,0,0,0,1,0,0.5333333333333333,0.0,557287.7636363637,0,0
UMKM-02532,2,3960841,8,3.0,0.0,98787.0,1.0,1,1,1,0,0,1,0,0,0,0.26666666666666666,0.0,1320280.3333333333,0,0
UMKM-02534,86,15115491,27,3.4,5.0,140150.0,3.0,0,0,0,0,0,0,1,0,0,0.9,0.05747126436781609,173741.27586206896,0,1
UMKM-02536,97,8992388,2,4.3,0.0,156350.0,1.0,0,1,0,0,0,0,0,0,1,0.06666666666666667,0.0,91759.0612244898,0,0
UMKM-02537,72,23544420,7,1.7,0.0,177943.0,1.0,1,0,0,0,0,0,0,1,0,0.23333333333333334,0.0,322526.30136986304,0,1
UMKM-02538,79,25473340,5,1.1,0.0,375070.0,0.0,2,0,0,0,0,0,0,0,0,0.16666666666666666,0.0,318416.75,0,1
UMKM-02539,24,36473147,5,4.6,0.0,317130.0,0.0,0,0,0,0,1,0,0,0,1,0.16666666666666666,0.0,1458925.88,0,1
UMKM-02540,79,9880121,28,3.3,0.0,128485.0,1.0,0,1,0,0,0,0,0,0,0,0.9333333333333333,0.0,123501.5125,0,0
UMKM-02542,3,13918652,11,3.0,2.0,255828.0,4.0,0,0,1,0,0,0,1,0,0,0.36666666666666664,0.5,3479663.0,0,1
UMKM-02543,11,17312999,8,1.6,2.0,181307.0,1.0,1,0,0,0,0,0,0,0,1,0.26666666666666666,0.16666666666666666,1442749.9166666667,0,1
UMKM-02545,52,20952817,18,1.5,2.0,272152.0,1.0,0,0,0,0,0,0,0,1,0,0.6,0.03773584905660377,395336.1698113208,0,1
UMKM-02546,51,2740584,16,4.1,2.0,195908.0,1.0,0,0,0,0,0,0,0,0,0,0.5333333333333333,0.038461538461538464,52703.53846153846,0,1
UMKM-02548,89,31173030,31,3.4,5.0,264222.0,0.0,0,0,0,0,0,0,0,0,1,1.0333333333333334,0.05555555555555555,346367.0,0,1
UMKM-02550,55,39805640,13,4.0,0.0,273038.0,3.0,1,0,0,0,0,1,0,0,0,0.43333333333333335,0.0,710815.0,0,1
UMKM-02551,34,24844479,15,3.0,0.0,464524.0,0.0,0,0,1,0,1,0,1,0,0,0.5,0.0,709842.2571428572,0,1
UMKM-02552,32,26286997,20,3.0,0.0,377731.0,0.0,0,0,1,0,0,0,0,0,1,0.6666666666666666,0.0,796575.6666666666,0,1
UMKM-02553,37,39998987,11,4.6,0.0,0.0,3.0,0,0,0,1,0,1,0,0,0,0.36666666666666664,0.0,1052604.9210526317,0,0
UMKM-02554,57,35716928,23,2.8,2.0,125108.0,0.0,1,0,0,0,0,0,1,0,0,0.7666666666666667,0.034482758620689655,615809.1034482758,0,1
UMKM-02556,94,38705970,7,4.8,0.0,320642.0,0.0,0,0,0,0,0,0,1,0,0,0.23333333333333334,0.0,407431.2631578947,0,1
UMKM-02558,27,36659471,20,3.2,2.0,489934.0,1.0,0,0,0,0,0,0,0,0,1,0.6666666666666666,0.07142857142857142,1309266.8214285714,0,1
UMKM-02559,7,37674242,7,3.3,0.0,401673.0,0.0,2,0,0,0,0,0,0,1,0,0.23333333333333334,0.0,4709280.25,0,1
UMKM-02560,72,31433622,27,2.0,2.0,462209.0,0.0,0,0,0,0,0,0,0,1,0,0.9,0.0273972602739726,430597.5616438356,0,1
UMKM-02561,114,35376361,15,3.9,0.0,62485.0,0.0,0,1,0,0,0,0,1,0,0,0.5,0.0,307620.5304347826,0,0
UMKM-02562,91,7647162,9,3.9,0.0,119136.0,1.0,0,0,0,0,0,0,0,0,0,0.3,0.0,83121.32608695653,0,1
UMKM-02563,56,22687889,14,1.9,2.0,264957.0,3.0,1,0,0,0,0,0,0,0,1,0.4666666666666667,0.03508771929824561,398033.1403508772,0,1
UMKM-02564,87,4772217,3,3.0,0.0,227195.0,2.0,1,0,1,0,0,0,0,1,0,0.1,0.0,54229.73863636364,0,1
UMKM-02565,37,49754833,25,5.0,0.0,96264.0,2.0,0,0,0,0,0,0,0,0,1,0.8333333333333334,0.0,1309337.7105263157,0,1
UMKM-02566,43,36582274,14,3.3,2.0,95606.0,2.0,0,0,0,0,0,1,0,0,0,0.4666666666666667,0.045454545454545456,831415.3181818182,0,1
UMKM-02568,116,35288891,31,2.1,5.0,153865.0,2.0,0,0,0,0,0,1,0,0,0,1.0333333333333334,0.042735042735042736,301614.452991453,0,1
UMKM-02571,89,33495926,3,1.1,0.0,435160.0,0.0,1,0,0,0,0,0,0,0,1,0.1,0.0,372176.9555555555,0,1
UMKM-02573,51,46560154,8,3.9,0.0,103166.0,0.0,0,0,0,0,0,1,0,0,0,0.26666666666666666,0.0,895387.5769230769,0,1
UMKM-02575,65,38458301,27,1.2,5.0,479598.0,0.0,0,0,0,0,0,1,0,0,0,0.9,0.07575757575757576,582701.5303030303,0,1
UMKM-02577,85,17018797,8,3.0,0.0,415590.0,0.0,1,0,1,0,0,0,0,0,1,0.26666666666666666,0.0,197892.98837209304,0,1
UMKM-02578,15,37752292,1,3.0,2.0,498439.0,4.0,1,0,1,0,0,0,0,0,0,0.03333333333333333,0.125,2359518.25,0,1
UMKM-02579,86,11740829,2,2.1,5.0,54806.0,0.0,1,0,0,0,0,0,0,0,0,0.06666666666666667,0.05747126436781609,134952.05747126436,0,1
UMKM-02581,50,3780596,4,2.5,2.0,341501.0,0.0,0,0,0,0,0,1,0,0,0,0.13333333333333333,0.0392156862745098,74129.33333333333,0,1
UMKM-02582,104,5040015,9,3.0,0.0,371021.0,0.0,1,0,1,0,0,0,0,0,1,0.3,0.0,48000.142857142855,0,1
UMKM-02583,81,5870807,27,2.1,0.0,0.0,0.0,0,0,0,1,0,0,0,0,1,0.9,0.0,71595.20731707317,0,0
UMKM-02584,110,21854627,14,2.3,0.0,103155.0,0.0,1,0,0,0,0,0,0,1,0,0.4666666666666667,0.0,196888.53153153154,0,1
UMKM-02585,14,7957038,13,2.3,30.0,370195.0,0.0,2,0,0,0,0,0,0,0,0,0.43333333333333335,2.0,530469.2,1,1
UMKM-02586,96,43920509,22,2.9,15.0,174503.0,0.0,2,0,0,0,0,0,1,0,0,0.7333333333333333,0.15463917525773196,452788.75257731957,1,1
UMKM-02587,48,23533373,12,4.4,0.0,123147.0,0.0,0,0,0,0,0,0,0,0,1,0.4,0.0,480272.9183673469,0,1
UMKM-02588,19,44250629,15,2.6,0.0,177117.0,2.0,2,1,0,0,0,0,1,0,0,0.5,0.0,2212531.45,0,0
UMKM-02589,22,30162052,29,4.2,0.0,207976.0,0.0,0,0,0,0,0,1,0,0,0,0.9666666666666667,0.0,1311393.5652173914,0,1
UMKM-02591,114,8356148,7,4.6,0.0,147486.0,0.0,0,0,0,0,0,0,1,0,0,0.23333333333333334,0.0,72662.15652173913,0,1
UMKM-02592,15,43649452,16,1.7,30.0,182779.0,1.0,0,0,0,0,0,1,0,0,0,0.5333333333333333,1.875,2728090.75,1,1
UMKM-02593,12,17304297,29,1.2,5.0,255101.0,0.0,0,0,0,0,0,0,0,1,0,0.9666666666666667,0.38461538461538464,1331099.7692307692,0,1
UMKM-02594,41,20578545,16,3.0,0.0,494812.0,1.0,2,0,1,0,0,0,0,0,0,0.5333333333333333,0.0,489965.35714285716,0,1
UMKM-02596,51,41079870,0,3.0,0.0,334434.0,0.0,0,0,0,0,0,0,0,0,1,0.0,0.0,789997.5,0,1
UMKM-02597,87,15370051,23,2.8,0.0,397019.0,0.0,0,0,0,0,0,1,0,0,0,0.7666666666666667,0.0,174659.67045454544,0,1
UMKM-02598,13,15885447,24,3.0,0.0,69311.0,0.0,0,0,1,0,0,1,0,0,0,0.8,0.0,1134674.7857142857,0,1
UMKM-02599,91,9577482,1,3.0,0.0,231081.0,0.0,1,0,1,0,0,1,0,0,0,0.03333333333333333,0.0,104103.06521739131,0,1
UMKM-02600,59,31980624,24,3.0,30.0,98175.0,0.0,1,0,0,0,0,0,0,0,1,0.8,0.5,533010.4,1,1
UMKM-02601,103,41777585,13,2.3,2.0,314864.0,0.0,0,0,0,0,0,0,0,0,1,0.43333333333333335,0.019230769230769232,401707.54807692306,0,1
UMKM-02604,15,32671087,16,1.1,0.0,0.0,0.0,0,0,0,1,0,0,0,1,0,0.5333333333333333,0.0,2041942.9375,0,0
UMKM-02605,93,33702379,30,2.7,0.0,402472.0,2.0,2,0,0,0,0,0,0,0,1,1.0,0.0,358535.94680851063,0,1
UMKM-02606,99,35028250,9,4.2,2.0,470688.0,0.0,0,0,0,0,0,0,0,0,1,0.3,0.02,350282.5,0,1
UMKM-02607,34,48466959,5,3.0,0.0,334586.0,0.0,0,0,1,0,0,1,0,0,0,0.16666666666666666,0.0,1384770.2571428572,0,1
UMKM-02609,19,13825630,24,3.0,0.0,235187.0,0.0,1,0,1,0,0,0,0,0,0,0.8,0.0,691281.5,0,1
UMKM-02612,103,26753195,29,3.3,0.0,217670.0,1.0,0,0,0,0,0,1,0,0,0,0.9666666666666667,0.0,257242.25961538462,0,1
UMKM-02614,78,40419151,17,3.0,0.0,219243.0,0.0,1,0,1,0,0,0,1,0,0,0.5666666666666667,0.0,511634.82278481015,0,1
UMKM-02615,46,11302122,23,3.3,0.0,469298.0,0.0,1,0,0,0,0,0,0,0,1,0.7666666666666667,0.0,240470.68085106384,0,1
UMKM-02616,38,26828467,26,2.5,0.0,141402.0,0.0,0,0,0,0,0,0,1,0,0,0.8666666666666667,0.0,687909.4102564103,0,1
UMKM-02617,103,38318472,26,3.0,0.0,51939.0,3.0,2,0,1,0,0,0,1,0,0,0.8666666666666667,0.0,368446.8461538461,0,1
UMKM-02619,79,7553855,20,2.3,5.0,344133.0,0.0,0,0,0,0,0,0,0,1,0,0.6666666666666666,0.0625,94423.1875,0,1
UMKM-02620,50,43150667,18,3.0,2.0,270317.0,2.0,1,0,1,0,0,1,0,0,0,0.6,0.0392156862745098,846091.5098039216,0,1
UMKM-02622,106,21423493,22,1.8,2.0,123251.0,0.0,2,0,0,0,1,1,0,0,0,0.7333333333333333,0.018691588785046728,200219.56074766355,0,1
UMKM-02625,109,7562344,14,2.6,0.0,0.0,0.0,0,0,0,1,0,0,0,0,1,0.4666666666666667,0.0,68748.58181818182,0,0
UMKM-02627,71,21661701,1,2.2,0.0,444593.0,0.0,1,0,0,0,0,0,0,0,1,0.03333333333333333,0.0,300856.9583333333,0,1
UMKM-02629,81,1829119,19,3.0,0.0,342951.0,2.0,1,0,0,0,0,0,0,0,1,0.6333333333333333,0.0,22306.329268292684,0,1
UMKM-02630,67,33658904,27,4.5,0.0,68467.0,2.0,0,0,0,0,0,0,1,0,0,0.9,0.0,494983.8823529412,0,1
UMKM-02631,75,11286479,14,3.8,0.0,87177.0,0.0,0,0,0,0,0,0,1,0,0,0.4666666666666667,0.0,148506.30263157896,0,1
UMKM-02632,119,45433999,15,3.8,0.0,193359.0,1.0,1,0,0,0,0,0,0,0,1,0.5,0.0,378616.6583333333,0,1
UMKM-02634,13,6042596,11,4.4,0.0,193910.0,0.0,0,0,0,0,0,0,0,0,1,0.36666666666666664,0.0,431614.0,0,1
UMKM-02638,112,43229925,19,3.0,5.0,349016.0,0.0,0,0,1,0,0,0,0,1,0,0.6333333333333333,0.04424778761061947,382565.70796460175,0,1
UMKM-02639,57,37999515,28,4.9,0.0,299912.0,0.0,0,0,0,0,0,1,0,0,0,0.9333333333333333,0.0,655164.051724138,0,1
UMKM-02641,36,39531469,2,3.0,0.0,164108.0,0.0,0,0,1,0,0,0,0,0,0,0.06666666666666667,0.0,1068418.0810810812,0,1
UMKM-02642,53,49669254,4,2.1,0.0,210204.0,1.0,1,0,0,0,0,0,1,0,0,0.13333333333333333,0.0,919801.0,0,1
UMKM-02643,14,16997653,1,4.9,0.0,90425.0,3.0,2,0,0,0,0,1,0,0,0,0.03333333333333333,0.0,1133176.8666666667,0,1
UMKM-02644,67,2535410,22,3.0,0.0,317622.0,0.0,0,1,1,0,0,0,1,0,0,0.7333333333333333,0.0,37285.44117647059,0,0
UMKM-02645,11,1349760,25,3.0,15.0,143873.0,0.0,2,0,1,0,0,1,0,0,0,0.8333333333333334,1.25,112480.0,1,1
UMKM-02646,21,32390940,25,4.7,0.0,240427.0,1.0,0,0,0,0,0,0,0,1,0,0.8333333333333334,0.0,1472315.4545454546,0,1
UMKM-02647,41,8490526,6,1.6,2.0,101793.0,1.0,2,0,0,0,0,0,0,0,1,0.2,0.047619047619047616,202155.38095238095,0,1
UMKM-02649,57,40381710,4,3.3,0.0,319908.0,1.0,0,0,0,0,0,0,0,0,1,0.13333333333333333,0.0,696236.3793103448,0,1
UMKM-02650,56,30579729,11,1.2,5.0,248720.0,4.0,1,0,0,0,0,0,1,0,0,0.36666666666666664,0.08771929824561403,536486.4736842106,0,1
UMKM-02651,94,12219042,31,3.7,0.0,381180.0,0.0,0,0,0,0,0,0,0,0,1,1.0333333333333334,0.0,128621.4947368421,0,1
UMKM-02653,11,35733850,30,1.5,2.0,343665.0,0.0,1,0,0,0,0,0,0,0,0,1.0,0.16666666666666666,2977820.8333333335,0,1
UMKM-02654,63,1994199,21,2.6,2.0,221464.0,0.0,2,0,0,0,0,1,0,0,0,0.7,0.03125,31159.359375,0,1
UMKM-02655,33,19696614,16,2.9,0.0,340951.0,0.0,2,1,0,0,0,1,0,0,0,0.5333333333333333,0.0,579312.1764705882,0,0
UMKM-02656,76,7716487,19,1.7,5.0,243273.0,0.0,0,0,0,0,0,0,0,0,1,0.6333333333333333,0.06493506493506493,100214.11688311688,0,1
UMKM-02657,111,39688215,19,1.2,5.0,330157.0,2.0,1,0,0,0,0,1,0,0,0,0.6333333333333333,0.044642857142857144,354359.0625,0,1
UMKM-02659,117,18962838,7,4.0,0.0,211699.0,0.0,0,0,0,0,0,0,0,1,0,0.23333333333333334,0.0,160702.01694915254,0,1
UMKM-02661,75,7630064,22,1.4,0.0,321185.0,0.0,0,1,0,0,0,0,1,0,0,0.7333333333333333,0.0,100395.57894736843,0,0
UMKM-02663,30,31662747,27,2.1,0.0,383940.0,2.0,0,1,0,0,0,0,0,0,1,0.9,0.0,1021378.9354838709,0,0
UMKM-02664,34,30108395,12,2.5,0.0,335450.0,2.0,0,0,0,0,0,0,0,0,1,0.4,0.0,860239.8571428572,0,1
UMKM-02665,39,22976255,28,4.7,0.0,224899.0,1.0,0,0,0,0,0,0,0,0,1,0.9333333333333333,0.0,574406.375,0,1
UMKM-02667,96,6567768,10,2.5,0.0,142151.0,0.0,0,0,0,0,0,0,1,0,0,0.3333333333333333,0.0,67708.94845360825,0,1
UMKM-02669,63,14404397,17,4.8,0.0,215150.0,0.0,0,0,0,0,0,0,1,0,0,0.5666666666666667,0.0,225068.703125,0,1
UMKM-02670,24,5639596,24,2.8,0.0,390503.0,4.0,1,1,0,0,0,1,0,0,0,0.8,0.0,225583.84,0,0
UMKM-02671,70,4465495,21,3.3,2.0,474429.0,4.0,0,0,0,0,0,0,0,1,0,0.7,0.028169014084507043,62894.295774647886,0,1
UMKM-02674,23,30677320,28,4.2,0.0,375885.0,0.0,0,0,0,0,0,1,0,0,0,0.9333333333333333,0.0,1278221.6666666667,0,1
UMKM-02675,67,9744047,20,1.1,5.0,279789.0,3.0,1,0,0,0,0,0,1,0,0,0.6666666666666666,0.07352941176470588,143294.8088235294,0,1
UMKM-02676,62,5206330,6,3.8,0.0,371144.0,2.0,0,0,0,0,0,1,0,0,0,0.2,0.0,82640.15873015873,0,1
UMKM-02677,45,43232028,11,3.4,0.0,339351.0,2.0,1,0,0,0,0,1,0,0,0,0.36666666666666664,0.0,939826.695652174,0,1
UMKM-02679,8,16937214,23,3.0,0.0,264386.0,2.0,0,1,1,0,0,0,1,0,0,0.7666666666666667,0.0,1881912.6666666667,0,0
UMKM-02680,63,33720196,31,3.0,2.0,363919.0,1.0,0,0,1,0,0,0,0,0,1,1.0333333333333334,0.03125,526878.0625,0,1
UMKM-02681,12,20331509,26,2.2,2.0,330818.0,0.0,2,0,0,0,0,1,0,0,0,0.8666666666666667,0.15384615384615385,1563962.2307692308,0,1
UMKM-02682,36,42489577,31,2.1,5.0,230862.0,3.0,0,0,0,0,0,1,0,0,0,1.0333333333333334,0.13513513513513514,1148366.945945946,0,1
UMKM-02683,51,27790262,31,1.2,0.0,326518.0,0.0,0,0,0,0,0,0,1,0,0,1.0333333333333334,0.0,534428.1153846154,0,1
UMKM-02684,77,23367788,31,3.0,15.0,146128.0,1.0,1,0,1,0,0,0,1,0,0,1.0333333333333334,0.19230769230769232,299587.0256410256,1,1
UMKM-02685,6,11897788,25,4.5,0.0,165040.0,0.0,0,0,0,0,0,0,0,0,1,0.8333333333333334,0.0,1699684.0,0,1
UMKM-02686,76,31641113,10,4.3,0.0,177401.0,1.0,0,0,0,0,0,0,0,0,1,0.3333333333333333,0.0,410923.54545454547,0,1
UMKM-02687,11,6831398,17,3.0,0.0,421788.0,0.0,0,0,1,0,0,0,0,0,1,0.5666666666666667,0.0,569283.1666666666,0,1
UMKM-02689,82,27468851,4,2.0,0.0,341325.0,1.0,1,0,0,0,0,0,0,0,1,0.13333333333333333,0.0,330950.0120481928,0,1
UMKM-02690,69,31187141,15,3.0,0.0,454996.0,0.0,1,0,1,0,0,1,0,0,0,0.5,0.0,445530.5857142857,0,1
UMKM-02691,93,16975814,10,4.3,0.0,287819.0,2.0,0,0,0,0,0,0,0,0,0,0.3333333333333333,0.0,180593.7659574468,0,1
UMKM-02693,75,31628404,10,4.1,2.0,365138.0,3.0,0,0,0,0,0,1,0,0,0,0.3333333333333333,0.02631578947368421,416163.2105263158,0,1
UMKM-02695,73,42760726,22,3.0,0.0,0.0,1.0,0,0,1,1,0,0,0,0,1,0.7333333333333333,0.0,577847.6486486486,0,0
UMKM-02697,118,22302821,16,2.3,0.0,204348.0,0.0,0,0,0,0,0,1,0,0,0,0.5333333333333333,0.0,187418.66386554623,0,1
UMKM-02698,3,33931514,9,1.9,2.0,122778.0,2.0,1,0,0,0,0,0,0,0,1,0.3,0.5,8482878.5,0,1
UMKM-02699,9,48181184,17,2.9,0.0,174889.0,0.0,2,0,0,0,0,0,0,0,1,0.5666666666666667,0.0,4818118.4,0,1
UMKM-02701,18,29013358,7,4.5,0.0,313196.0,0.0,0,0,0,0,0,0,1,0,0,0.23333333333333334,0.0,1527018.8421052631,0,1
UMKM-02702,54,30145634,25,2.4,5.0,65400.0,3.0,2,0,0,0,0,0,0,0,1,0.8333333333333334,0.09090909090909091,548102.4363636364,0,1
UMKM-02703,119,49427738,2,3.3,30.0,111980.0,1.0,2,0,0,0,0,0,0,0,0,0.06666666666666667,0.25,411897.81666666665,1,1
UMKM-02704,29,37574011,23,3.4,5.0,135483.0,1.0,1,0,0,0,0,1,0,0,0,0.7666666666666667,0.16666666666666666,1252467.0333333334,0,1
UMKM-02705,80,10095769,2,3.1,0.0,75699.0,0.0,0,0,0,0,0,1,0,0,0,0.06666666666666667,0.0,124639.12345679013,0,1
UMKM-02707,77,43024187,1,5.0,0.0,276002.0,0.0,1,1,0,0,0,0,0,0,0,0.03333333333333333,0.0,551592.141025641,0,0
UMKM-02709,70,36146495,16,3.0,0.0,172378.0,1.0,0,1,1,0,0,1,0,0,0,0.5333333333333333,0.0,509105.5633802817,0,0
UMKM-02710,14,42821034,8,4.2,0.0,131798.0,2.0,0,0,0,0,0,0,0,1,0,0.26666666666666666,0.0,2854735.6,0,1
UMKM-02712,79,40676034,21,4.7,0.0,420876.0,0.0,0,1,0,0,0,1,0,0,0,0.7,0.0,508450.425,0,0
UMKM-02713,43,15061279,30,3.0,2.0,228269.0,0.0,0,0,0,0,0,0,0,0,0,1.0,0.045454545454545456,342301.79545454547,0,1
UMKM-02716,4,16644301,8,3.0,0.0,110736.0,0.0,0,1,0,0,0,1,0,0,0,0.26666666666666666,0.0,3328860.2,0,0
UMKM-02718,117,40993951,1,4.0,0.0,336086.0,0.0,0,0,0,0,0,1,0,0,0,0.03333333333333333,0.0,347406.36440677964,0,1
UMKM-02719,53,7969369,20,3.3,0.0,200073.0,0.0,0,0,0,0,0,0,0,0,0,0.6666666666666666,0.0,147580.90740740742,0,1
UMKM-02721,56,9877241,26,3.8,2.0,72319.0,0.0,1,0,0,0,0,0,0,0,0,0.8666666666666667,0.03508771929824561,173284.9298245614,0,1
UMKM-02723,118,33228402,6,3.0,15.0,494381.0,1.0,1,0,1,0,0,0,1,0,0,0.2,0.12605042016806722,279230.268907563,1,1
UMKM-02724,80,45975994,21,1.4,0.0,461527.0,0.0,0,1,0,0,0,1,0,0,0,0.7,0.0,567604.8641975309,0,0
UMKM-02725,12,7371332,3,2.4,0.0,470336.0,0.0,2,0,0,0,0,0,0,0,1,0.1,0.0,567025.5384615385,0,1
UMKM-02726,106,7783564,13,1.2,0.0,284708.0,1.0,0,0,0,0,0,1,0,0,0,0.43333333333333335,0.0,72743.58878504673,0,1
UMKM-02728,26,42355189,22,4.6,0.0,382227.0,0.0,0,1,0,0,0,0,0,0,1,0.7333333333333333,0.0,1568710.7037037036,0,0
UMKM-02731,12,3665880,24,4.2,0.0,135639.0,0.0,0,0,0,0,0,1,0,0,0,0.8,0.0,281990.76923076925,0,1
UMKM-02732,117,14138855,0,1.0,0.0,295225.0,2.0,1,0,0,0,0,0,0,0,1,0.0,0.0,119820.80508474576,0,1
UMKM-02733,33,36968983,14,1.0,15.0,258473.0,1.0,2,0,0,0,0,1,0,0,0,0.4666666666666667,0.4411764705882353,1087323.0294117648,1,1
UMKM-02734,43,19623468,31,3.4,5.0,387423.0,0.0,1,0,0,0,0,0,0,0,1,1.0333333333333334,0.11363636363636363,445987.9090909091,0,1
UMKM-02735,87,25437987,13,4.2,2.0,215522.0,1.0,0,0,0,0,0,1,0,0,0,0.43333333333333335,0.022727272727272728,289068.0340909091,0,1
UMKM-02737,38,39467326,20,4.1,0.0,267700.0,3.0,0,1,0,0,0,1,0,0,0,0.6666666666666666,0.0,1011982.717948718,0,0
UMKM-02738,66,1366042,6,2.4,0.0,162033.0,2.0,0,0,0,0,0,1,0,0,0,0.2,0.0,20388.68656716418,0,1
UMKM-02740,89,41005838,20,1.1,0.0,335551.0,0.0,0,0,0,0,0,0,0,0,0,0.6666666666666666,0.0,455620.4222222222,0,1
UMKM-02742,65,16943412,11,3.0,0.0,316589.0,2.0,0,0,1,0,0,0,0,0,1,0.36666666666666664,0.0,256718.36363636365,0,1
UMKM-02743,30,27503724,14,1.7,2.0,263381.0,0.0,0,0,0,0,0,1,0,0,0,0.4666666666666667,0.06451612903225806,887216.9032258064,0,1
UMKM-02744,12,43808088,14,2.3,2.0,163443.0,0.0,0,0,0,0,0,0,0,0,1,0.4666666666666667,0.15384615384615385,3369852.923076923,0,1
UMKM-02745,118,44219177,16,3.3,0.0,474312.0,2.0,1,0,0,0,0,1,0,0,0,0.5333333333333333,0.0,371589.7226890756,0,1
UMKM-02751,104,3503821,13,2.3,15.0,400215.0,0.0,1,0,0,0,0,0,1,0,0,0.43333333333333335,0.14285714285714285,33369.723809523806,1,1
UMKM-02752,66,35793101,4,2.2,0.0,0.0,1.0,1,0,0,1,0,0,1,0,0,0.13333333333333333,0.0,534225.3880597015,0,0
UMKM-02753,45,33580032,29,1.5,0.0,111466.0,2.0,1,1,0,0,0,0,1,0,0,0.9666666666666667,0.0,730000.695652174,0,0
UMKM-02754,29,19969167,3,3.0,0.0,185195.0,0.0,0,0,1,0,0,0,0,0,1,0.1,0.0,665638.9,0,1
UMKM-02755,76,8051398,14,1.2,0.0,290784.0,0.0,1,0,0,0,0,0,0,0,0,0.4666666666666667,0.0,104563.61038961039,0,1
UMKM-02759,24,32442302,9,1.2,2.0,358090.0,2.0,1,0,0,0,0,0,1,0,0,0.3,0.08,1297692.08,0,1
UMKM-02762,78,25148407,23,3.0,30.0,386648.0,3.0,1,0,1,0,0,0,0,0,1,0.7666666666666667,0.379746835443038,318334.2658227848,1,1
UMKM-02763,58,5236343,27,4.7,5.0,189064.0,1.0,1,0,0,0,0,0,0,1,0,0.9,0.0847457627118644,88751.57627118644,0,1
UMKM-02764,19,20631630,21,2.9,0.0,171132.0,0.0,0,0,0,0,0,0,0,0,0,0.7,0.0,1031581.5,0,1
UMKM-02766,70,45343097,31,3.8,2.0,60125.0,0.0,0,0,0,0,0,0,0,0,1,1.0333333333333334,0.028169014084507043,638635.1690140845,0,1
UMKM-02767,60,30979042,30,4.2,0.0,203502.0,0.0,0,0,0,0,0,1,0,0,0,1.0,0.0,507853.1475409836,0,1
UMKM-02768,101,16847008,18,4.1,0.0,124165.0,1.0,0,0,0,0,0,0,0,0,0,0.6,0.0,165166.74509803922,0,1
UMKM-02769,72,3796175,20,1.8,0.0,321370.0,1.0,1,0,0,0,0,0,0,0,1,0.6666666666666666,0.0,52002.397260273974,0,1
UMKM-02770,16,8945223,2,3.0,0.0,460436.0,0.0,0,0,0,0,0,0,0,0,1,0.06666666666666667,0.0,526189.5882352941,0,1
UMKM-02771,25,37609500,5,4.8,5.0,0.0,0.0,0,0,0,1,0,0,0,0,1,0.16666666666666666,0.19230769230769232,1446519.2307692308,0,0
UMKM-02772,17,39916310,31,2.4,0.0,443857.0,1.0,0,0,0,0,0,0,0,0,1,1.0333333333333334,0.0,2217572.777777778,0,1
UMKM-02773,42,47647006,1,3.0,0.0,0.0,1.0,0,0,1,1,0,1,0,0,0,0.03333333333333333,0.0,1108069.9069767443,0,0
UMKM-02774,14,39177319,23,3.3,0.0,264800.0,3.0,0,0,0,0,0,0,1,0,0,0.7666666666666667,0.0,2611821.2666666666,0,1
UMKM-02776,32,7166197,26,3.6,5.0,236477.0,1.0,1,0,0,0,0,1,0,0,0,0.8666666666666667,0.15151515151515152,217157.48484848486,0,1
UMKM-02777,49,29633590,8,4.3,0.0,316019.0,0.0,1,0,0,0,0,1,0,0,0,0.26666666666666666,0.0,592671.8,0,1
UMKM-02778,62,49229050,12,2.6,0.0,484818.0,3.0,1,0,0,0,0,1,0,0,0,0.4,0.0,781413.4920634921,0,1
UMKM-02779,73,1837876,13,1.1,0.0,255502.0,0.0,0,0,0,0,0,1,0,0,0,0.43333333333333335,0.0,24836.162162162163,0,1
UMKM-02780,82,12437533,10,3.8,2.0,442284.0,1.0,0,0,0,0,0,0,0,0,1,0.3333333333333333,0.024096385542168676,149849.7951807229,0,1
UMKM-02781,83,32519028,13,4.8,0.0,197149.0,3.0,0,0,0,0,0,0,1,0,0,0.43333333333333335,0.0,387131.28571428574,0,1
UMKM-02783,1,9512686,9,1.8,0.0,0.0,1.0,1,0,0,1,0,0,1,0,0,0.3,0.0,4756343.0,0,0
UMKM-02784,51,47940274,19,2.0,2.0,122598.0,2.0,1,0,0,0,0,0,0,0,1,0.6333333333333333,0.038461538461538464,921928.3461538461,0,1
UMKM-02785,89,8835958,15,4.6,5.0,400384.0,3.0,0,0,0,0,0,0,0,0,1,0.5,0.05555555555555555,98177.3111111111,0,1
UMKM-02787,100,30739307,15,3.2,0.0,498330.0,1.0,0,0,0,0,0,0,1,0,0,0.5,0.0,304349.57425742573,0,1
UMKM-02789,102,39116111,27,2.1,0.0,471621.0,0.0,0,0,0,0,0,1,0,0,0,0.9,0.0,379768.06796116504,0,1
UMKM-02790,44,27198027,17,2.2,0.0,127510.0,0.0,2,0,0,0,0,0,0,0,1,0.5666666666666667,0.0,604400.6,0,1
UMKM-02791,36,24754131,25,1.9,30.0,410958.0,0.0,2,0,0,0,0,1,0,0,0,0.8333333333333334,0.8108108108108109,669030.5675675676,1,1
UMKM-02793,118,11771386,6,2.3,5.0,446135.0,1.0,0,0,0,0,0,0,1,0,0,0.2,0.04201680672268908,98919.21008403362,0,1
UMKM-02797,60,30840661,6,3.8,0.0,93910.0,0.0,0,0,0,0,0,0,1,0,0,0.2,0.0,505584.60655737703,0,1
UMKM-02801,102,6653020,20,4.5,0.0,442778.0,0.0,0,0,0,0,0,1,0,0,0,0.6666666666666666,0.0,64592.42718446602,0,1
UMKM-02802,116,13974549,27,2.3,0.0,60657.0,0.0,0,0,0,0,0,1,0,0,0,0.9,0.0,119440.58974358975,0,1
UMKM-02803,11,25177452,31,2.0,2.0,68394.0,1.0,1,0,0,0,0,0,0,1,0,1.0333333333333334,0.16666666666666666,2098121.0,0,1
UMKM-02805,65,26411080,15,3.0,0.0,88397.0,0.0,0,0,1,0,0,0,0,0,0,0.5,0.0,400167.8787878788,0,1
UMKM-02806,56,45061710,9,3.3,0.0,431589.0,0.0,0,0,0,0,0,0,0,0,1,0.3,0.0,790556.3157894737,0,1
UMKM-02807,35,18187491,22,1.6,5.0,73874.0,0.0,1,0,0,0,0,0,1,0,0,0.7333333333333333,0.1388888888888889,505208.0833333333,0,1
UMKM-02808,89,8887372,14,1.7,0.0,210945.0,0.0,0,0,0,0,0,0,0,0,0,0.4666666666666667,0.0,98748.57777777778,0,1
UMKM-02810,118,1594091,5,1.8,2.0,192023.0,2.0,1,0,0,0,0,0,0,0,0,0.16666666666666666,0.01680672268907563,13395.72268907563,0,1
UMKM-02813,97,36646627,11,3.5,2.0,196840.0,2.0,0,0,0,0,0,0,1,0,0,0.36666666666666664,0.02040816326530612,373945.17346938775,0,1
UMKM-02815,28,44113447,30,3.0,0.0,467679.0,2.0,0,0,1,0,0,0,0,0,1,1.0,0.0,1521153.3448275863,0,1
UMKM-02816,64,35323408,9,4.6,0.0,128905.0,2.0,0,1,0,0,0,0,0,0,1,0.3,0.0,543437.0461538462,0,0
UMKM-02819,39,35797949,9,1.7,0.0,329346.0,0.0,0,0,0,0,0,0,0,0,0,0.3,0.0,894948.725,0,1
UMKM-02820,52,28058432,10,1.4,0.0,57188.0,0.0,0,0,0,0,1,1,0,0,0,0.3333333333333333,0.0,529404.3773584906,0,1
UMKM-02821,45,40700211,13,1.6,0.0,365470.0,0.0,1,0,0,0,0,0,1,0,0,0.43333333333333335,0.0,884787.195652174,0,1
UMKM-02822,28,22312161,2,2.1,2.0,195207.0,2.0,2,0,0,0,0,0,0,0,1,0.06666666666666667,0.06896551724137931,769384.8620689656,0,1
UMKM-02824,9,21060503,6,4.5,0.0,181630.0,0.0,1,0,0,0,0,0,0,0,1,0.2,0.0,2106050.3,0,1
UMKM-02825,72,38547284,3,2.1,2.0,0.0,1.0,2,0,0,1,0,1,0,0,0,0.1,0.0273972602739726,528044.9863013698,0,0
UMKM-02827,44,16482856,9,2.9,5.0,76195.0,0.0,0,0,0,0,0,0,0,0,0,0.3,0.1111111111111111,366285.68888888886,0,1
UMKM-02828,95,42861378,14,3.6,2.0,64443.0,0.0,0,0,0,0,0,0,0,0,1,0.4666666666666667,0.020833333333333332,446472.6875,0,1
UMKM-02829,108,12243499,15,2.1,0.0,73215.0,1.0,0,1,0,0,0,0,0,0,1,0.5,0.0,112325.67889908257,0,0
UMKM-02831,61,22962191,3,4.5,0.0,352555.0,0.0,0,1,0,0,0,1,0,0,0,0.1,0.0,370357.9193548387,0,0
UMKM-02834,80,15403194,26,3.3,0.0,428021.0,3.0,0,0,0,0,0,0,0,0,0,0.8666666666666667,0.0,190162.88888888888,0,1
UMKM-02835,68,25561413,21,4.4,5.0,118438.0,1.0,0,0,0,0,0,0,1,0,0,0.7,0.07246376811594203,370455.26086956525,0,1
UMKM-02836,45,2762204,21,3.9,15.0,374665.0,0.0,2,0,0,0,0,0,1,0,0,0.7,0.32608695652173914,60047.913043478264,1,1
UMKM-02837,61,30950736,16,2.1,0.0,0.0,0.0,1,0,0,1,1,1,0,0,0,0.5333333333333333,0.0,499205.4193548387,0,0
UMKM-02840,87,42631125,31,2.9,2.0,121431.0,0.0,0,0,0,0,0,0,0,0,1,1.0333333333333334,0.022727272727272728,484444.6022727273,0,1
UMKM-02841,42,29707964,5,1.3,0.0,0.0,0.0,2,0,0,1,0,0,0,0,1,0.16666666666666666,0.0,690882.8837209302,0,0
UMKM-02843,1,39978098,7,1.4,0.0,94732.0,0.0,1,0,0,0,0,0,0,0,1,0.23333333333333334,0.0,19989049.0,0,1
UMKM-02845,114,41700855,4,3.0,0.0,402326.0,1.0,0,0,1,0,0,1,0,0,0,0.13333333333333333,0.0,362616.1304347826,0,1
UMKM-02846,60,3278569,4,4.7,0.0,400048.0,0.0,1,0,0,0,0,1,0,0,0,0.13333333333333333,0.0,53747.03278688525,0,1
UMKM-02849,97,34897707,6,2.2,0.0,473119.0,0.0,0,1,0,0,0,0,0,0,0,0.2,0.0,356099.05102040817,0,0
UMKM-02850,82,10459247,11,2.7,0.0,287332.0,2.0,1,0,0,0,0,0,0,0,1,0.36666666666666664,0.0,126015.02409638555,0,1
UMKM-02851,11,34147260,29,4.5,0.0,472609.0,0.0,0,0,0,0,0,1,0,0,0,0.9666666666666667,0.0,2845605.0,0,1
UMKM-02852,46,12999288,24,4.9,0.0,177277.0,0.0,0,0,0,0,0,1,0,0,0,0.8,0.0,276580.59574468085,0,1
UMKM-02853,0,7118225,27,2.0,15.0,227581.0,0.0,2,0,0,0,0,1,0,0,0,0.9,15.0,7118225.0,1,1
UMKM-02855,63,11496324,12,3.8,0.0,229306.0,2.0,0,0,0,0,0,1,0,0,0,0.4,0.0,179630.0625,0,1
UMKM-02856,90,29029388,21,3.0,2.0,434750.0,1.0,0,0,1,0,0,0,1,0,0,0.7,0.02197802197802198,319004.26373626373,0,1
UMKM-02857,68,21439883,17,3.2,0.0,473317.0,0.0,0,0,0,0,0,0,1,0,0,0.5666666666666667,0.0,310722.94202898553,0,1
UMKM-02858,3,11797629,26,4.8,0.0,195285.0,0.0,0,0,0,0,0,0,1,0,0,0.8666666666666667,0.0,2949407.25,0,1
UMKM-02859,85,3203092,7,4.6,0.0,307757.0,1.0,1,0,0,0,0,0,0,0,1,0.23333333333333334,0.0,37245.25581395349,0,1
UMKM-02860,71,22948964,5,1.5,15.0,177927.0,3.0,2,0,0,0,0,0,0,0,0,0.16666666666666666,0.20833333333333334,318735.6111111111,1,1
UMKM-02861,77,20460741,10,2.2,0.0,447567.0,1.0,0,1,0,0,0,1,0,0,0,0.3333333333333333,0.0,262317.1923076923,0,0
UMKM-02862,15,27486809,28,2.0,5.0,352380.0,0.0,0,0,0,0,0,0,0,1,0,0.9333333333333333,0.3125,1717925.5625,0,1
UMKM-02864,96,30546479,4,4.2,2.0,401131.0,0.0,0,0,0,0,0,0,0,0,1,0.13333333333333333,0.020618556701030927,314912.1546391753,0,1
UMKM-02866,18,29402632,21,3.9,5.0,203251.0,0.0,0,0,0,0,0,0,0,0,1,0.7,0.2631578947368421,1547506.9473684211,0,1
UMKM-02867,53,1456195,3,2.5,2.0,403803.0,0.0,2,0,0,0,0,1,0,0,0,0.1,0.037037037037037035,26966.574074074073,0,1
UMKM-02868,93,5512276,31,3.0,0.0,97665.0,1.0,2,1,1,0,0,0,0,0,1,1.0333333333333334,0.0,58641.234042553195,0,0
UMKM-02872,95,5973198,0,3.0,0.0,110899.0,0.0,0,0,1,0,0,0,0,0,1,0.0,0.0,62220.8125,0,1
UMKM-02876,29,27194344,7,1.6,5.0,321196.0,2.0,2,0,0,0,0,0,0,0,1,0.23333333333333334,0.16666666666666666,906478.1333333333,0,1
UMKM-02877,89,44316408,31,4.8,0.0,288557.0,2.0,0,0,0,0,0,1,0,0,0,1.0333333333333334,0.0,492404.5333333333,0,1
UMKM-02878,50,49943534,29,1.8,30.0,85691.0,2.0,2,0,0,0,0,0,0,0,1,0.9666666666666667,0.5882352941176471,979284.9803921569,1,1
UMKM-02879,102,21478555,27,4.4,2.0,67816.0,1.0,0,0,0,0,0,1,0,0,0,0.9,0.019417475728155338,208529.66019417476,0,1
UMKM-02881,34,18658253,31,4.5,0.0,368677.0,0.0,0,0,0,0,0,1,0,0,0,1.0333333333333334,0.0,533092.9428571429,0,1
UMKM-02882,71,12789876,24,3.4,0.0,158873.0,1.0,1,0,0,0,0,0,1,0,0,0.8,0.0,177637.16666666666,0,1
UMKM-02885,72,24378784,12,3.4,0.0,444414.0,0.0,0,0,0,0,0,0,1,0,0,0.4,0.0,333955.94520547945,0,1
UMKM-02886,7,34187735,24,4.7,0.0,480280.0,1.0,1,0,0,0,0,0,1,0,0,0.8,0.0,4273466.875,0,1
UMKM-02892,107,5650215,9,1.7,2.0,473464.0,0.0,0,0,0,0,0,1,0,0,0,0.3,0.018518518518518517,52316.805555555555,0,1
UMKM-02893,93,32910918,30,3.3,0.0,303873.0,2.0,1,0,0,0,0,0,0,0,1,1.0,0.0,350116.1489361702,0,1
UMKM-02895,99,15410703,10,4.2,0.0,317078.0,0.0,0,0,0,0,0,0,1,0,0,0.3333333333333333,0.0,154107.03,0,1
UMKM-02899,46,27383580,19,3.0,0.0,258439.0,0.0,1,0,0,0,0,0,0,0,0,0.6333333333333333,0.0,582629.3617021276,0,1
UMKM-02900,60,9332715,6,1.9,0.0,331615.0,0.0,0,0,0,0,0,1,0,0,0,0.2,0.0,152995.32786885247,0,1
UMKM-02903,37,28922268,28,1.8,0.0,348162.0,3.0,1,0,0,0,0,1,0,0,0,0.9333333333333333,0.0,761112.3157894737,0,1
UMKM-02904,117,33573821,11,2.0,30.0,370645.0,0.0,1,0,0,0,0,0,0,0,1,0.36666666666666664,0.2542372881355932,284523.906779661,1,1
UMKM-02905,84,15577200,4,1.5,15.0,50257.0,0.0,2,0,0,0,0,0,1,0,0,0.13333333333333333,0.17647058823529413,183261.17647058822,1,1
UMKM-02906,16,30826324,11,3.9,5.0,273293.0,1.0,0,0,0,0,0,1,0,0,0,0.36666666666666664,0.29411764705882354,1813313.1764705882,0,1
UMKM-02907,105,47409998,28,2.4,0.0,427313.0,0.0,0,0,0,0,0,0,0,0,1,0.9333333333333333,0.0,447264.1320754717,0,1
UMKM-02909,49,33971755,19,3.0,0.0,472887.0,3.0,0,0,0,0,0,1,0,0,0,0.6333333333333333,0.0,679435.1,0,1
UMKM-02911,93,20729934,0,4.7,0.0,61305.0,4.0,1,0,0,0,0,0,0,0,1,0.0,0.0,220531.21276595743,0,1
UMKM-02912,54,30861571,15,2.2,0.0,231620.0,0.0,0,1,0,0,0,1,0,0,0,0.5,0.0,561119.4727272728,0,0
UMKM-02913,52,28516954,29,4.5,0.0,475332.0,0.0,0,0,0,0,0,0,0,1,0,0.9666666666666667,0.0,538055.7358490566,0,1
UMKM-02914,6,31029270,8,3.0,0.0,284794.0,2.0,2,1,0,0,0,0,1,0,0,0.26666666666666666,0.0,4432752.857142857,0,0
UMKM-02916,63,34942120,9,3.0,0.0,0.0,0.0,0,1,1,1,0,0,0,0,1,0.3,0.0,545970.625,0,0
UMKM-02917,78,30180222,12,1.7,0.0,170761.0,0.0,0,1,0,0,0,1,0,0,0,0.4,0.0,382028.12658227846,0,0
UMKM-02918,97,30441143,19,4.4,0.0,0.0,4.0,0,1,0,1,0,0,0,1,0,0.6333333333333333,0.0,310623.9081632653,0,0
UMKM-02919,33,47362419,28,1.9,0.0,203911.0,2.0,0,0,0,0,0,0,0,0,1,0.9333333333333333,0.0,1393012.3235294118,0,1
UMKM-02920,7,4890026,3,4.0,30.0,60818.0,0.0,2,0,0,0,0,0,0,0,0,0.1,3.75,611253.25,1,1
UMKM-02921,35,47314118,27,2.4,0.0,56202.0,0.0,0,1,0,0,0,0,0,0,0,0.9,0.0,1314281.0555555555,0,0
UMKM-02923,47,15808323,12,4.6,0.0,88946.0,2.0,0,0,0,0,0,0,0,0,1,0.4,0.0,329340.0625,0,1
UMKM-02924,103,40876804,2,4.9,5.0,329175.0,1.0,1,0,0,0,0,1,0,0,0,0.06666666666666667,0.04807692307692308,393046.1923076923,0,1
UMKM-02926,7,46788106,18,2.5,5.0,280987.0,0.0,1,0,0,0,0,1,0,0,0,0.6,0.625,5848513.25,0,1
UMKM-02927,114,38742568,27,4.9,0.0,438849.0,1.0,0,0,0,0,0,0,1,0,0,0.9,0.0,336891.8956521739,0,1
UMKM-02928,68,11932559,18,4.4,2.0,162212.0,4.0,0,0,0,0,0,0,0,0,1,0.6,0.028985507246376812,172935.63768115942,0,1
UMKM-02929,91,28866664,16,1.2,0.0,474058.0,0.0,0,0,0,0,0,1,0,0,0,0.5333333333333333,0.0,313768.0869565217,0,1
UMKM-02930,51,13170205,17,3.3,0.0,276405.0,1.0,0,0,0,0,0,0,1,0,0,0.5666666666666667,0.0,253273.17307692306,0,1
UMKM-02931,34,25124291,17,1.7,0.0,202438.0,0.0,0,0,0,0,0,0,1,0,0,0.5666666666666667,0.0,717836.8857142857,0,1
UMKM-02932,112,48891710,22,5.0,15.0,414034.0,0.0,0,0,0,0,0,0,0,0,0,0.7333333333333333,0.13274336283185842,432670.0,1,1
UMKM-02934,39,8249602,8,3.2,15.0,467273.0,2.0,2,0,0,0,0,1,0,0,0,0.26666666666666666,0.375,206240.05,1,1
UMKM-02935,29,32619220,28,3.7,5.0,449296.0,0.0,1,0,0,0,0,1,0,0,0,0.9333333333333333,0.16666666666666666,1087307.3333333333,0,1
UMKM-02937,114,25636714,28,4.4,0.0,165446.0,0.0,0,0,0,0,0,1,0,0,0,0.9333333333333333,0.0,222927.94782608695,0,1
UMKM-02939,84,5058961,16,3.3,0.0,67016.0,2.0,0,0,0,0,0,0,1,0,0,0.5333333333333333,0.0,59517.18823529412,0,1
UMKM-02941,65,4246532,30,3.9,2.0,373072.0,0.0,0,0,0,0,0,1,0,0,0,1.0,0.030303030303030304,64341.393939393936,0,1
UMKM-02942,111,19677273,27,3.8,0.0,0.0,1.0,1,1,0,1,0,0,0,1,0,0.9,0.0,175689.9375,0,0
UMKM-02945,100,1784514,29,3.9,0.0,211667.0,2.0,1,1,0,0,0,0,0,0,1,0.9666666666666667,0.0,17668.455445544554,0,0
UMKM-02947,28,12927807,19,2.7,30.0,303961.0,4.0,2,0,0,0,0,0,0,0,0,0.6333333333333333,1.0344827586206897,445786.4482758621,1,1
UMKM-02948,61,13977630,15,4.6,15.0,389925.0,0.0,2,0,0,0,0,0,1,0,0,0.5,0.24193548387096775,225445.64516129033,1,1
UMKM-02950,25,34357712,13,2.7,30.0,427816.0,0.0,1,0,0,0,0,1,0,0,0,0.43333333333333335,1.1538461538461537,1321450.4615384615,1,1
UMKM-02951,69,7760510,25,2.1,0.0,437302.0,1.0,0,1,0,0,0,0,0,0,1,0.8333333333333334,0.0,110864.42857142857,0,0
UMKM-02952,103,45460833,19,3.0,0.0,96094.0,0.0,1,0,1,0,0,1,0,0,0,0.6333333333333333,0.0,437123.39423076925,0,1
UMKM-02954,103,29645390,23,3.8,0.0,66825.0,0.0,0,0,0,0,0,1,0,0,0,0.7666666666666667,0.0,285051.82692307694,0,1
UMKM-02956,64,19931099,17,3.0,0.0,447236.0,3.0,1,0,0,0,0,1,0,0,0,0.5666666666666667,0.0,306632.2923076923,0,1
UMKM-02958,57,11437221,8,1.6,2.0,336993.0,1.0,0,0,0,0,0,1,0,0,0,0.26666666666666666,0.034482758620689655,197193.4655172414,0,1
UMKM-02959,26,33800599,18,4.2,0.0,234937.0,2.0,0,0,0,0,0,0,0,0,1,0.6,0.0,1251874.037037037,0,1
UMKM-02960,14,5265630,19,2.5,0.0,75602.0,0.0,0,0,0,0,0,1,0,0,0,0.6333333333333333,0.0,351042.0,0,1
UMKM-02962,92,38233452,29,1.8,0.0,406604.0,0.0,0,0,0,0,0,0,0,0,1,0.9666666666666667,0.0,411112.3870967742,0,1
UMKM-02963,44,25232266,25,2.3,0.0,0.0,4.0,1,0,0,1,0,1,0,0,0,0.8333333333333334,0.0,560717.0222222222,0,0
UMKM-02964,74,17278720,30,1.4,2.0,479110.0,1.0,0,0,0,0,0,1,0,0,0,1.0,0.02666666666666667,230382.93333333332,0,1
UMKM-02966,6,32915408,2,4.5,0.0,435471.0,0.0,0,0,0,0,0,1,0,0,0,0.06666666666666667,0.0,4702201.142857143,0,1
UMKM-02968,33,6821934,28,1.4,5.0,209341.0,0.0,1,0,0,0,0,0,1,0,0,0.9333333333333333,0.14705882352941177,200645.11764705883,0,1
UMKM-02969,11,48365534,5,4.8,2.0,210212.0,0.0,0,0,0,0,0,1,0,0,0,0.16666666666666666,0.16666666666666666,4030461.1666666665,0,1
UMKM-02970,39,13064537,0,3.6,0.0,202711.0,0.0,1,0,0,0,0,0,0,0,0,0.0,0.0,326613.425,0,1
UMKM-02971,5,8976726,23,3.0,0.0,451282.0,0.0,0,0,1,0,0,0,0,1,0,0.7666666666666667,0.0,1496121.0,0,1
UMKM-02974,17,15361816,6,4.1,2.0,259376.0,1.0,0,0,0,0,0,0,0,1,0,0.2,0.1111111111111111,853434.2222222222,0,1
UMKM-02975,85,8602495,10,1.1,15.0,142689.0,0.0,2,0,0,0,0,1,0,0,0,0.3333333333333333,0.1744186046511628,100029.01162790698,1,1
UMKM-02976,104,25207253,10,3.5,2.0,447801.0,2.0,1,0,0,0,0,1,0,0,0,0.3333333333333333,0.01904761904761905,240069.0761904762,0,1
UMKM-02978,32,16733431,19,1.8,30.0,339776.0,0.0,2,0,0,0,0,0,0,0,0,0.6333333333333333,0.9090909090909091,507073.6666666667,1,1
UMKM-02980,80,45101224,4,3.0,0.0,0.0,0.0,1,1,1,1,0,0,1,0,0,0.13333333333333333,0.0,556805.2345679012,0,0
UMKM-02981,78,6069398,23,4.2,0.0,327760.0,0.0,0,0,0,0,0,1,0,0,0,0.7666666666666667,0.0,76827.82278481012,0,1
UMKM-02982,83,21468532,29,4.5,0.0,395877.0,4.0,0,1,0,0,0,0,0,0,1,0.9666666666666667,0.0,255577.7619047619,0,0
UMKM-02983,73,8153588,29,3.0,2.0,0.0,0.0,1,0,0,1,0,0,0,0,1,0.9666666666666667,0.02702702702702703,110183.62162162163,0,0
UMKM-02987,66,23345355,19,2.4,15.0,275707.0,1.0,2,0,0,0,0,1,0,0,0,0.6333333333333333,0.22388059701492538,348438.1343283582,1,1
UMKM-02988,31,39775193,21,3.0,0.0,320829.0,0.0,2,0,0,0,0,0,1,0,0,0.7,0.0,1242974.78125,0,1
UMKM-02990,46,15609069,20,5.0,15.0,195210.0,1.0,1,0,0,0,0,1,0,0,0,0.6666666666666666,0.3191489361702128,332107.8510638298,1,1
UMKM-02992,16,37396284,26,1.9,0.0,69067.0,2.0,1,0,0,0,0,1,0,0,0,0.8666666666666667,0.0,2199781.411764706,0,1
UMKM-02997,12,8269122,5,3.0,0.0,88211.0,0.0,0,0,1,0,0,0,0,0,1,0.16666666666666666,0.0,636086.3076923077,0,1
UMKM-02998,32,21047730,31,2.3,0.0,408660.0,4.0,1,0,0,0,0,1,0,0,0,1.0333333333333334,0.0,637810.0,0,1
UMKM-02999,112,21515379,15,3.0,0.0,254696.0,0.0,0,0,1,0,0,0,0,0,0,0.5,0.0,190401.58407079647,0,1
UMKM-03000,111,26712187,27,4.1,5.0,352871.0,0.0,0,0,0,0,0,0,1,0,0,0.9,0.044642857142857144,238501.66964285713,0,1
UMKM-03001,31,47123553,15,2.1,2.0,64464.0,1.0,0,0,0,0,0,0,1,0,0,0.5,0.0625,1472611.03125,0,1
UMKM-03002,88,13402783,26,2.5,5.0,492993.0,0.0,1,0,0,0,0,0,0,0,0,0.8666666666666667,0.056179775280898875,150593.06741573033,0,1
UMKM-03003,109,49964572,2,3.0,0.0,160875.0,0.0,0,0,1,0,0,0,0,0,1,0.06666666666666667,0.0,454223.38181818184,0,1
UMKM-03004,89,8349336,20,3.0,0.0,196478.0,1.0,0,0,1,0,0,0,0,0,1,0.6666666666666666,0.0,92770.4,0,1
UMKM-03007,73,10496806,29,2.0,5.0,114086.0,0.0,1,0,0,0,0,0,0,0,1,0.9666666666666667,0.06756756756756757,141848.72972972973,0,1
UMKM-03008,36,38016519,21,4.6,30.0,187869.0,0.0,1,0,0,0,0,1,0,0,0,0.7,0.8108108108108109,1027473.4864864865,1,1
UMKM-03009,117,11070126,18,1.4,0.0,54858.0,0.0,0,0,0,0,0,0,1,0,0,0.6,0.0,93814.62711864407,0,1
UMKM-03010,42,25522985,30,3.8,5.0,247445.0,4.0,1,0,0,0,0,0,0,0,0,1.0,0.11627906976744186,593557.7906976744,0,1
UMKM-03011,38,12783445,19,1.9,2.0,305967.0,4.0,1,0,0,0,0,0,0,0,1,0.6333333333333333,0.05128205128205128,327780.641025641,0,1
UMKM-03012,76,18063388,18,3.0,15.0,307031.0,2.0,2,0,1,0,0,0,0,0,1,0.6,0.19480519480519481,234589.45454545456,1,1
UMKM-03013,81,16243680,1,4.8,2.0,304023.0,1.0,0,0,0,0,0,0,0,1,0,0.03333333333333333,0.024390243902439025,198093.65853658537,0,1
UMKM-03016,48,42637100,26,1.7,2.0,360537.0,0.0,0,0,0,0,0,1,0,0,0,0.8666666666666667,0.04081632653061224,870144.8979591837,0,1
UMKM-03017,96,35115565,7,3.0,0.0,450450.0,0.0,0,0,1,0,0,0,0,0,0,0.23333333333333334,0.0,362016.13402061857,0,1
UMKM-03019,92,15985922,26,3.0,0.0,209526.0,0.0,0,0,1,0,0,0,1,0,0,0.8666666666666667,0.0,171891.63440860214,0,1
UMKM-03020,22,41975186,14,2.0,0.0,222061.0,1.0,0,1,0,0,0,0,0,1,0,0.4666666666666667,0.0,1825008.0869565217,0,0
UMKM-03022,88,21937178,13,3.8,30.0,365948.0,1.0,0,0,0,0,0,0,0,0,1,0.43333333333333335,0.33707865168539325,246485.14606741574,1,1
UMKM-03023,7,46138030,6,1.4,0.0,368085.0,3.0,1,1,0,0,0,0,0,0,1,0.2,0.0,5767253.75,0,0
UMKM-03024,35,16643927,16,2.8,0.0,335711.0,0.0,0,1,0,0,0,1,0,0,0,0.5333333333333333,0.0,462331.30555555556,0,0
UMKM-03025,74,14432140,25,4.8,30.0,314469.0,1.0,0,0,0,0,0,0,1,0,0,0.8333333333333334,0.4,192428.53333333333,1,1
UMKM-03027,63,29412360,19,2.7,0.0,367660.0,2.0,1,0,0,0,0,1,0,0,0,0.6333333333333333,0.0,459568.125,0,1
UMKM-03028,113,22226936,9,4.0,0.0,178192.0,0.0,0,0,0,0,0,0,1,0,0,0.3,0.0,194973.12280701756,0,1
UMKM-03029,86,40195767,18,4.1,2.0,333293.0,0.0,0,0,0,0,0,0,0,0,1,0.6,0.022988505747126436,462020.3103448276,0,1
UMKM-03030,47,12256100,17,4.1,0.0,315023.0,0.0,2,0,0,0,0,0,1,0,0,0.5666666666666667,0.0,255335.41666666666,0,1
UMKM-03031,97,23898479,29,5.0,0.0,412636.0,0.0,0,0,0,0,0,0,0,0,1,0.9666666666666667,0.0,243862.0306122449,0,1
UMKM-03032,39,45930048,29,1.3,2.0,134701.0,3.0,1,0,0,0,0,0,0,0,1,0.9666666666666667,0.05,1148251.2,0,1
UMKM-03033,14,7396153,24,3.0,2.0,132195.0,4.0,1,0,1,0,0,0,1,0,0,0.8,0.13333333333333333,493076.86666666664,0,1
UMKM-03034,18,46576843,23,4.8,30.0,327052.0,0.0,1,0,0,0,0,1,0,0,0,0.7666666666666667,1.5789473684210527,2451412.789473684,1,1
UMKM-03035,55,46320340,9,4.4,2.0,310987.0,0.0,0,0,0,0,0,1,0,0,0,0.3,0.03571428571428571,827148.9285714285,0,1
UMKM-03036,85,41603018,1,2.8,2.0,67650.0,1.0,1,0,0,0,0,0,0,0,1,0.03333333333333333,0.023255813953488372,483756.0232558139,0,1
UMKM-03038,52,28953010,31,1.9,0.0,312058.0,0.0,1,0,0,0,0,0,0,1,0,1.0333333333333334,0.0,546283.2075471698,0,1
UMKM-03041,20,25624205,6,4.3,0.0,425652.0,2.0,0,0,0,0,0,1,0,0,0,0.2,0.0,1220200.238095238,0,1
UMKM-03042,1,12697377,6,3.5,2.0,146003.0,2.0,0,0,0,0,0,1,0,0,0,0.2,1.0,6348688.5,0,1
UMKM-03043,36,15026520,26,1.4,0.0,131951.0,0.0,1,0,0,0,0,0,0,0,1,0.8666666666666667,0.0,406122.1621621622,0,1
UMKM-03044,41,44896963,9,4.6,0.0,427683.0,2.0,1,0,0,0,0,0,0,0,1,0.3,0.0,1068975.3095238095,0,1
UMKM-03047,32,2763190,6,2.1,0.0,367164.0,2.0,0,0,0,0,0,0,0,0,1,0.2,0.0,83733.0303030303,0,1
UMKM-03048,63,18934809,5,4.5,30.0,256864.0,0.0,0,0,0,0,1,0,1,0,0,0.16666666666666666,0.46875,295856.390625,1,1
UMKM-03049,81,1855817,5,3.2,2.0,221560.0,3.0,1,0,0,0,0,0,0,0,1,0.16666666666666666,0.024390243902439025,22631.914634146342,0,1
UMKM-03050,86,24286892,12,2.7,0.0,127272.0,2.0,0,0,0,0,0,1,0,0,0,0.4,0.0,279159.6781609195,0,1
UMKM-03051,92,4250881,12,3.1,0.0,142460.0,2.0,2,0,0,0,0,0,0,0,1,0.4,0.0,45708.397849462366,0,1
UMKM-03052,47,22605842,1,3.8,0.0,281183.0,1.0,1,0,0,0,0,1,0,0,0,0.03333333333333333,0.0,470955.0416666667,0,1
UMKM-03053,9,26098117,18,3.8,0.0,94819.0,3.0,1,1,0,0,0,1,0,0,0,0.6,0.0,2609811.7,0,0
UMKM-03054,90,36211538,18,2.4,0.0,105347.0,0.0,0,0,0,0,0,0,0,0,1,0.6,0.0,397928.989010989,0,1
UMKM-03056,42,36177396,1,3.2,0.0,252671.0,2.0,0,0,0,0,0,0,1,0,0,0.03333333333333333,0.0,841334.7906976744,0,1
UMKM-03057,89,40708914,25,4.7,15.0,289766.0,3.0,0,0,0,0,0,1,0,0,0,0.8333333333333334,0.16666666666666666,452321.26666666666,1,1
UMKM-03058,13,32330567,5,4.0,0.0,434243.0,0.0,0,0,0,0,0,0,0,0,1,0.16666666666666666,0.0,2309326.214285714,0,1
UMKM-03059,3,34912781,19,2.6,0.0,111216.0,2.0,2,0,0,0,0,0,0,1,0,0.6333333333333333,0.0,8728195.25,0,1
UMKM-03060,58,17776869,22,3.0,0.0,495566.0,0.0,1,0,1,0,0,0,0,0,1,0.7333333333333333,0.0,301302.86440677964,0,1
UMKM-03061,87,25081166,14,3.0,2.0,0.0,4.0,2,0,1,1,0,0,0,1,0,0.4666666666666667,0.022727272727272728,285013.25,0,0
UMKM-03062,48,10548310,5,4.5,0.0,251112.0,1.0,0,0,0,0,0,1,0,0,0,0.16666666666666666,0.0,215271.6326530612,0,1
UMKM-03063,119,43295505,27,1.0,0.0,287361.0,1.0,1,0,0,0,0,1,0,0,0,0.9,0.0,360795.875,0,1
UMKM-03065,45,42535003,10,2.2,0.0,278963.0,2.0,0,0,0,0,0,0,0,0,1,0.3333333333333333,0.0,924673.9782608695,0,1
UMKM-03066,33,11002457,7,1.8,0.0,455847.0,3.0,1,0,0,0,0,0,0,1,0,0.23333333333333334,0.0,323601.67647058825,0,1
UMKM-03070,58,14153865,6,1.2,0.0,372657.0,2.0,0,0,0,0,0,0,0,1,0,0.2,0.0,239896.01694915254,0,1
UMKM-03071,23,1818706,4,3.1,0.0,409491.0,4.0,2,0,0,0,0,0,0,0,1,0.13333333333333333,0.0,75779.41666666667,0,1
UMKM-03072,110,30240475,28,1.6,0.0,106141.0,0.0,0,0,0,0,0,1,0,0,0,0.9333333333333333,0.0,272436.7117117117,0,1
UMKM-03073,5,34400656,15,4.0,0.0,298707.0,0.0,0,1,0,0,0,0,1,0,0,0.5,0.0,5733442.666666667,0,0
UMKM-03074,91,11631835,5,3.7,30.0,381803.0,0.0,0,0,0,0,0,0,0,0,1,0.16666666666666666,0.32608695652173914,126432.98913043478,1,1
UMKM-03075,96,36289234,13,2.2,0.0,323436.0,0.0,0,1,0,0,0,0,0,0,1,0.43333333333333335,0.0,374115.8144329897,0,0
UMKM-03076,52,14784548,1,3.0,0.0,111265.0,2.0,1,0,1,0,0,1,0,0,0,0.03333333333333333,0.0,278953.7358490566,0,1
UMKM-03077,69,40692307,24,4.3,15.0,357833.0,0.0,2,0,0,0,0,0,0,0,0,0.8,0.21428571428571427,581318.6714285715,1,1
UMKM-03078,21,49456012,30,3.7,0.0,209955.0,0.0,1,0,0,0,0,1,0,0,0,1.0,0.0,2248000.5454545454,0,1
UMKM-03079,91,13195370,12,1.0,0.0,464383.0,3.0,2,0,0,0,0,0,0,0,1,0.4,0.0,143427.9347826087,0,1
UMKM-03080,15,19551690,17,3.5,15.0,258488.0,0.0,0,0,0,0,0,1,0,0,0,0.5666666666666667,0.9375,1221980.625,1,1
UMKM-03081,33,29666799,16,4.2,0.0,50071.0,2.0,0,0,0,0,0,0,0,0,1,0.5333333333333333,0.0,872552.9117647059,0,1
UMKM-03083,96,38782453,27,2.7,0.0,305088.0,1.0,0,0,0,0,0,0,0,0,1,0.9,0.0,399819.1030927835,0,1
UMKM-03084,40,32615003,11,3.3,5.0,186588.0,0.0,1,0,0,0,0,0,0,0,1,0.36666666666666664,0.12195121951219512,795487.8780487805,0,1
UMKM-03086,85,14544707,21,3.6,0.0,95037.0,0.0,0,0,0,0,0,1,0,0,0,0.7,0.0,169124.5,0,1
UMKM-03088,69,38858261,0,1.7,0.0,185432.0,1.0,0,0,0,0,0,0,0,0,1,0.0,0.0,555118.0142857142,0,1
UMKM-03090,76,3399009,20,1.8,2.0,394109.0,2.0,0,0,0,0,0,0,1,0,0,0.6666666666666666,0.025974025974025976,44142.97402597403,0,1
UMKM-03091,117,35933088,0,1.8,15.0,402238.0,0.0,2,0,0,0,0,1,0,0,0,0.0,0.1271186440677966,304517.69491525425,1,1
UMKM-03092,59,27389803,3,3.7,0.0,405897.0,4.0,0,0,0,0,0,1,0,0,0,0.1,0.0,456496.7166666667,0,1
UMKM-03093,57,39033065,31,4.7,2.0,352304.0,0.0,0,0,0,0,0,0,0,1,0,1.0333333333333334,0.034482758620689655,672983.8793103448,0,1
UMKM-03094,93,9735015,0,1.6,0.0,301831.0,0.0,1,0,0,0,0,1,0,0,0,0.0,0.0,103563.98936170213,0,1
UMKM-03095,29,41599904,12,4.8,2.0,133595.0,0.0,0,0,0,0,0,1,0,0,0,0.4,0.06666666666666667,1386663.4666666666,0,1
UMKM-03096,25,15226505,16,2.3,0.0,417716.0,1.0,0,0,0,0,0,0,0,1,0,0.5333333333333333,0.0,585634.8076923077,0,1
UMKM-03097,22,26443669,11,2.6,0.0,323688.0,0.0,1,0,0,0,0,1,0,0,0,0.36666666666666664,0.0,1149724.7391304348,0,1
UMKM-03098,97,6160025,6,1.6,0.0,56381.0,0.0,0,0,0,0,0,0,0,0,1,0.2,0.0,62857.397959183676,0,1
UMKM-03100,19,3836934,25,3.4,5.0,288837.0,3.0,1,0,0,0,0,0,1,0,0,0.8333333333333334,0.25,191846.7,0,1
UMKM-03101,37,49729835,30,2.8,0.0,275167.0,2.0,1,1,0,0,0,0,0,0,1,1.0,0.0,1308679.8684210526,0,0
UMKM-03103,78,11404819,25,3.5,0.0,275147.0,1.0,1,0,0,0,0,1,0,0,0,0.8333333333333334,0.0,144364.79746835443,0,1
UMKM-03104,61,41498507,2,3.3,0.0,233247.0,1.0,1,0,0,0,0,0,1,0,0,0.06666666666666667,0.0,669330.7580645161,0,1
UMKM-03106,45,28362256,27,3.0,2.0,372658.0,4.0,1,0,1,0,0,1,0,0,0,0.9,0.043478260869565216,616570.7826086957,0,1
UMKM-03108,76,27200296,16,1.8,0.0,465943.0,1.0,0,0,0,0,0,1,0,0,0,0.5333333333333333,0.0,353250.5974025974,0,1
UMKM-03110,119,11763861,29,4.2,0.0,0.0,1.0,1,0,0,1,0,1,0,0,0,0.9666666666666667,0.0,98032.175,0,0
UMKM-03111,58,46005823,1,1.4,0.0,136509.0,3.0,1,0,0,0,0,1,0,0,0,0.03333333333333333,0.0,779759.7118644068,0,1
UMKM-03112,68,14564005,7,4.0,0.0,233731.0,0.0,0,0,0,0,0,0,1,0,0,0.23333333333333334,0.0,211072.53623188406,0,1
UMKM-03113,63,13366776,13,2.4,0.0,284178.0,2.0,1,0,0,0,0,0,0,0,1,0.43333333333333335,0.0,208855.875,0,1
UMKM-03118,96,14826382,10,4.7,0.0,210481.0,0.0,0,0,0,0,0,0,0,0,1,0.3333333333333333,0.0,152849.29896907217,0,1
UMKM-03119,55,10377877,14,3.0,2.0,301107.0,0.0,0,0,1,0,0,0,1,0,0,0.4666666666666667,0.03571428571428571,185319.23214285713,0,1
UMKM-03120,25,23747869,1,4.4,0.0,396239.0,0.0,0,0,0,0,0,0,0,0,1,0.03333333333333333,0.0,913379.5769230769,0,1
UMKM-03123,70,27126699,31,1.9,0.0,109130.0,0.0,0,1,0,0,0,1,0,0,0,1.0333333333333334,0.0,382066.1830985916,0,0
UMKM-03125,112,34826041,12,4.7,0.0,363668.0,0.0,0,0,0,0,0,0,0,0,1,0.4,0.0,308195.0530973451,0,1
UMKM-03127,43,21258932,16,1.9,2.0,0.0,3.0,1,0,0,1,0,1,0,0,0,0.5333333333333333,0.045454545454545456,483157.54545454547,0,0
UMKM-03128,105,36847906,14,1.4,2.0,351140.0,0.0,0,0,0,0,0,0,0,0,1,0.4666666666666667,0.018867924528301886,347621.75471698114,0,1
UMKM-03130,106,7337479,15,3.1,0.0,211204.0,2.0,1,0,0,0,0,0,0,0,1,0.5,0.0,68574.57009345795,0,1
UMKM-03131,43,6868518,12,4.3,2.0,294162.0,0.0,0,0,0,0,0,0,0,0,1,0.4,0.045454545454545456,156102.68181818182,0,1
UMKM-03133,68,2589291,22,3.0,2.0,369346.0,2.0,1,0,1,0,0,0,0,0,1,0.7333333333333333,0.028985507246376812,37525.95652173913,0,1
UMKM-03136,84,36861668,9,3.0,0.0,292909.0,0.0,0,0,0,0,0,1,0,0,0,0.3,0.0,433666.6823529412,0,1
UMKM-03137,55,44126127,16,1.7,0.0,388913.0,0.0,1,0,0,0,0,0,1,0,0,0.5333333333333333,0.0,787966.5535714285,0,1
UMKM-03138,79,49713560,29,3.6,15.0,399208.0,0.0,1,0,0,0,0,0,0,0,1,0.9666666666666667,0.1875,621419.5,1,1
UMKM-03139,103,48928611,12,1.5,0.0,59250.0,3.0,1,0,0,0,0,0,0,0,0,0.4,0.0,470467.41346153844,0,1
UMKM-03140,84,4224400,29,3.9,5.0,337691.0,2.0,1,0,0,0,0,0,0,1,0,0.9666666666666667,0.058823529411764705,49698.82352941176,0,1
UMKM-03141,96,47610263,29,1.7,0.0,371878.0,0.0,0,0,0,0,0,0,0,0,1,0.9666666666666667,0.0,490827.45360824745,0,1
UMKM-03142,102,16745940,6,5.0,0.0,186527.0,3.0,0,0,0,0,0,1,0,0,0,0.2,0.0,162581.94174757283,0,1
UMKM-03143,20,6653278,9,4.3,0.0,491776.0,0.0,0,0,0,0,0,1,0,0,0,0.3,0.0,316822.7619047619,0,1
UMKM-03146,9,28282635,29,2.0,0.0,0.0,0.0,0,0,0,1,0,0,0,0,1,0.9666666666666667,0.0,2828263.5,0,0
UMKM-03147,117,18463979,18,4.1,5.0,474333.0,2.0,0,0,0,0,0,0,0,0,1,0.6,0.0423728813559322,156474.39830508476,0,1
UMKM-03150,10,46592215,2,1.1,15.0,402598.0,0.0,2,0,0,0,0,0,0,0,1,0.06666666666666667,1.3636363636363635,4235655.909090909,1,1
UMKM-03151,31,5590585,24,1.5,0.0,463460.0,0.0,1,0,0,0,0,0,0,0,1,0.8,0.0,174705.78125,0,1
UMKM-03153,46,13043146,21,1.4,2.0,159847.0,2.0,2,0,0,0,0,0,1,0,0,0.7,0.0425531914893617,277513.74468085106,0,1
UMKM-03155,89,39473927,13,1.2,5.0,294932.0,0.0,0,0,0,0,0,0,0,0,0,0.43333333333333335,0.05555555555555555,438599.18888888886,0,1
UMKM-03157,114,9890111,1,4.0,5.0,106235.0,1.0,1,0,0,0,0,1,0,0,0,0.03333333333333333,0.043478260869565216,86000.9652173913,0,1
UMKM-03158,74,45010951,31,1.9,0.0,80766.0,1.0,0,0,0,0,0,1,0,0,0,1.0333333333333334,0.0,600146.0133333333,0,1
UMKM-03160,101,38259027,2,2.8,0.0,186082.0,4.0,0,0,0,0,0,0,0,0,1,0.06666666666666667,0.0,375088.5,0,1
UMKM-03162,60,2844040,7,2.6,30.0,300150.0,1.0,2,0,0,0,0,1,0,0,0,0.23333333333333334,0.4918032786885246,46623.60655737705,1,1
UMKM-03163,48,3006811,25,1.1,0.0,215979.0,1.0,2,1,0,0,0,0,0,0,1,0.8333333333333334,0.0,61363.489795918365,0,0
UMKM-03164,21,46077633,31,2.1,0.0,305562.0,1.0,0,0,0,0,0,0,1,0,0,1.0333333333333334,0.0,2094437.8636363635,0,1
UMKM-03165,32,8977848,10,2.9,0.0,434167.0,0.0,0,0,0,0,0,1,0,0,0,0.3333333333333333,0.0,272056.0,0,1
UMKM-03166,84,49982058,0,4.9,0.0,161873.0,1.0,0,0,0,0,0,0,0,0,0,0.0,0.0,588024.2117647058,0,1
UMKM-03167,52,19211852,14,4.5,15.0,159293.0,1.0,2,0,0,0,0,0,1,0,0,0.4666666666666667,0.2830188679245283,362487.77358490566,1,1
UMKM-03168,56,28073134,3,1.7,0.0,238972.0,1.0,1,0,0,0,0,0,0,0,1,0.1,0.0,492511.1228070175,0,1
UMKM-03169,117,25110043,3,3.9,0.0,105270.0,0.0,0,1,0,0,0,1,0,0,0,0.1,0.0,212796.9745762712,0,0
UMKM-03170,96,18482530,27,4.7,2.0,144516.0,1.0,0,0,0,0,0,1,0,0,0,0.9,0.020618556701030927,190541.54639175258,0,1
UMKM-03171,40,4889453,9,1.0,30.0,326104.0,3.0,2,0,0,0,0,1,0,0,0,0.3,0.7317073170731707,119254.9512195122,1,1
UMKM-03172,83,43815229,10,3.0,2.0,242102.0,3.0,0,0,1,0,0,1,0,0,0,0.3333333333333333,0.023809523809523808,521609.86904761905,0,1
UMKM-03173,5,31312065,22,2.8,2.0,149456.0,2.0,2,0,0,0,0,0,1,0,0,0.7333333333333333,0.3333333333333333,5218677.5,0,1
UMKM-03174,66,4957874,2,3.7,2.0,217584.0,1.0,0,0,0,0,0,1,0,0,0,0.06666666666666667,0.029850746268656716,73998.11940298507,0,1
UMKM-03177,111,39329651,16,3.0,2.0,244735.0,0.0,0,0,1,0,0,0,0,0,1,0.5333333333333333,0.017857142857142856,351157.59821428574,0,1
UMKM-03178,65,46790115,21,4.1,2.0,170578.0,2.0,0,0,0,0,0,0,1,0,0,0.7,0.030303030303030304,708941.1363636364,0,1
UMKM-03179,58,44333570,26,1.9,0.0,176239.0,0.0,0,1,0,0,0,1,0,0,0,0.8666666666666667,0.0,751416.4406779661,0,0
UMKM-03180,96,42618168,15,2.7,0.0,370460.0,2.0,0,1,0,0,0,0,0,0,1,0.5,0.0,439362.55670103093,0,0
UMKM-03181,15,32259822,15,4.9,2.0,0.0,2.0,0,0,0,1,0,0,0,0,1,0.5,0.125,2016238.875,0,0
UMKM-03183,109,2431041,2,2.3,0.0,61603.0,2.0,2,0,0,0,0,0,0,0,1,0.06666666666666667,0.0,22100.372727272726,0,1
UMKM-03186,79,7142453,1,2.1,0.0,406569.0,0.0,1,0,0,0,0,0,0,0,1,0.03333333333333333,0.0,89280.6625,0,1
UMKM-03188,114,18049883,26,3.3,2.0,50163.0,0.0,0,0,0,0,0,0,0,0,0,0.8666666666666667,0.017391304347826087,156955.5043478261,0,1
UMKM-03189,14,21230618,14,2.9,2.0,307871.0,0.0,1,0,0,0,0,0,1,0,0,0.4666666666666667,0.13333333333333333,1415374.5333333334,0,1
UMKM-03190,2,9123445,6,3.8,0.0,150018.0,4.0,0,0,0,0,0,1,0,0,0,0.2,0.0,3041148.3333333335,0,1
UMKM-03193,25,44167333,8,2.8,0.0,497681.0,0.0,0,1,0,0,0,1,0,0,0,0.26666666666666666,0.0,1698743.576923077,0,0
UMKM-03195,115,30067672,5,4.4,0.0,241181.0,0.0,0,0,0,0,0,1,0,0,0,0.16666666666666666,0.0,259204.06896551725,0,1
UMKM-03196,87,49915413,11,2.6,2.0,56227.0,0.0,0,0,0,0,0,0,1,0,0,0.36666666666666664,0.022727272727272728,567220.6022727273,0,1
UMKM-03197,106,33216367,29,1.1,15.0,134580.0,0.0,0,0,0,0,0,0,0,1,0,0.9666666666666667,0.14018691588785046,310433.33644859813,1,1
UMKM-03198,3,10779110,19,3.5,5.0,100842.0,2.0,2,0,0,0,0,1,0,0,0,0.6333333333333333,1.25,2694777.5,0,1
UMKM-03199,9,18117742,19,4.0,5.0,212862.0,0.0,1,0,0,0,0,0,1,0,0,0.6333333333333333,0.5,1811774.2,0,1
UMKM-03200,88,18993949,26,3.0,30.0,83001.0,2.0,1,0,1,0,0,0,1,0,0,0.8666666666666667,0.33707865168539325,213415.1573033708,1,1
UMKM-03201,20,40241885,19,2.9,0.0,477860.0,1.0,0,0,0,0,0,0,1,0,0,0.6333333333333333,0.0,1916280.238095238,0,1
UMKM-03202,4,33354651,6,5.0,0.0,222993.0,0.0,0,0,0,0,0,1,0,0,0,0.2,0.0,6670930.2,0,1
UMKM-03205,74,35972569,29,3.5,2.0,161497.0,0.0,0,0,0,0,0,0,0,0,0,0.9666666666666667,0.02666666666666667,479634.25333333336,0,1
UMKM-03206,30,32070869,7,1.7,0.0,362341.0,3.0,1,1,0,0,0,0,0,0,1,0.23333333333333334,0.0,1034544.1612903225,0,0
UMKM-03207,78,33719252,1,3.0,5.0,219931.0,0.0,0,0,1,0,0,1,0,0,0,0.03333333333333333,0.06329113924050633,426825.9746835443,0,1
UMKM-03208,103,47003456,13,4.7,5.0,213009.0,1.0,0,0,0,0,0,0,0,0,1,0.43333333333333335,0.04807692307692308,451956.3076923077,0,1
UMKM-03209,112,46839012,9,2.0,0.0,316625.0,1.0,0,0,0,0,0,0,1,0,0,0.3,0.0,414504.5309734513,0,1
UMKM-03210,31,10368140,17,2.2,0.0,0.0,1.0,0,0,0,1,0,0,1,0,0,0.5666666666666667,0.0,324004.375,0,0
UMKM-03211,80,48367764,17,3.2,5.0,87227.0,0.0,0,0,0,0,0,0,0,0,1,0.5666666666666667,0.06172839506172839,597132.8888888889,0,1
UMKM-03212,65,35077229,15,4.6,0.0,287409.0,3.0,0,0,0,0,0,0,0,0,0,0.5,0.0,531473.1666666666,0,1
UMKM-03213,17,30281160,4,3.0,0.0,67791.0,2.0,0,0,1,0,0,1,0,0,0,0.13333333333333333,0.0,1682286.6666666667,0,1
UMKM-03214,35,6868590,30,1.2,0.0,443423.0,1.0,0,1,0,0,0,0,0,0,1,1.0,0.0,190794.16666666666,0,0
UMKM-03216,87,12532766,19,3.0,0.0,401214.0,1.0,1,0,0,0,0,1,0,0,0,0.6333333333333333,0.0,142417.79545454544,0,1
UMKM-03217,74,27076730,22,2.9,5.0,191016.0,4.0,1,0,0,0,0,0,1,0,0,0.7333333333333333,0.06666666666666667,361023.06666666665,0,1
UMKM-03218,96,41206901,31,3.8,0.0,410349.0,3.0,0,0,0,0,0,0,1,0,0,1.0333333333333334,0.0,424813.41237113404,0,1
UMKM-03220,42,23166027,16,4.9,2.0,198357.0,0.0,0,0,0,0,0,1,0,0,0,0.5333333333333333,0.046511627906976744,538744.8139534884,0,1
UMKM-03221,32,18191615,12,3.6,5.0,278890.0,0.0,1,0,0,0,1,0,0,0,1,0.4,0.15151515151515152,551261.0606060605,0,1
UMKM-03222,25,44949558,12,2.5,0.0,487774.0,0.0,0,0,0,0,0,0,0,0,1,0.4,0.0,1728829.1538461538,0,1
UMKM-03223,8,8175173,16,3.4,0.0,76782.0,4.0,1,0,0,0,0,1,0,0,0,0.5333333333333333,0.0,908352.5555555555,0,1
UMKM-03224,111,6884724,14,1.9,0.0,133669.0,1.0,1,0,0,0,0,0,1,0,0,0.4666666666666667,0.0,61470.75,0,1
UMKM-03225,91,48414415,25,3.5,0.0,54489.0,0.0,0,1,0,0,0,1,0,0,0,0.8333333333333334,0.0,526243.6413043478,0,0
UMKM-03227,67,8251204,27,2.4,0.0,114430.0,0.0,0,0,0,0,0,1,0,0,0,0.9,0.0,121341.23529411765,0,1
UMKM-03230,82,47578603,29,3.0,2.0,189102.0,0.0,0,0,1,0,0,0,1,0,0,0.9666666666666667,0.024096385542168676,573236.1807228916,0,1
UMKM-03233,23,31156915,21,2.7,0.0,323737.0,1.0,0,1,0,0,0,1,0,0,0,0.7,0.0,1298204.7916666667,0,0
UMKM-03234,45,32374900,9,1.9,0.0,379874.0,1.0,0,0,0,0,0,0,0,1,0,0.3,0.0,703802.1739130435,0,1
UMKM-03235,43,12190124,10,3.8,0.0,263951.0,0.0,0,0,0,0,0,0,0,0,1,0.3333333333333333,0.0,277048.2727272727,0,1
UMKM-03238,86,3075414,5,3.1,0.0,356736.0,0.0,1,1,0,0,0,0,0,1,0,0.16666666666666666,0.0,35349.58620689655,0,0
UMKM-03240,81,42437492,6,3.0,2.0,96652.0,1.0,0,0,1,0,0,1,0,0,0,0.2,0.024390243902439025,517530.39024390245,0,1
UMKM-03243,36,47871824,6,4.1,2.0,448058.0,0.0,0,0,0,0,0,0,1,0,0,0.2,0.05405405405405406,1293833.0810810812,0,1
UMKM-03244,1,40610527,1,2.5,5.0,163393.0,0.0,1,0,0,0,0,0,1,0,0,0.03333333333333333,2.5,20305263.5,0,1
UMKM-03245,36,1121701,0,2.9,5.0,297937.0,0.0,2,0,0,0,0,0,1,0,0,0.0,0.13513513513513514,30316.243243243243,0,1
UMKM-03246,30,11978041,22,1.7,0.0,141978.0,0.0,1,0,0,0,0,0,1,0,0,0.7333333333333333,0.0,386388.4193548387,0,1
UMKM-03247,99,48192083,24,1.1,0.0,232023.0,3.0,2,0,0,0,0,0,0,0,1,0.8,0.0,481920.83,0,1
UMKM-03248,21,33305783,17,3.0,0.0,483554.0,0.0,0,0,1,0,0,0,1,0,0,0.5666666666666667,0.0,1513899.2272727273,0,1
UMKM-03250,40,30077102,6,3.5,2.0,394783.0,2.0,2,0,0,0,0,0,1,0,0,0.2,0.04878048780487805,733587.8536585366,0,1
UMKM-03251,60,7637056,2,2.0,0.0,317917.0,2.0,0,0,0,0,0,1,0,0,0,0.06666666666666667,0.0,125197.6393442623,0,1
UMKM-03252,19,7789177,28,2.0,0.0,163680.0,4.0,1,0,0,0,0,1,0,0,0,0.9333333333333333,0.0,389458.85,0,1
UMKM-03253,67,34803356,9,3.0,0.0,85646.0,0.0,0,0,1,0,0,0,0,0,0,0.3,0.0,511814.0588235294,0,1
UMKM-03255,21,36495143,4,2.3,5.0,488553.0,0.0,1,0,0,0,0,0,0,0,1,0.13333333333333333,0.22727272727272727,1658870.1363636365,0,1
UMKM-03257,81,27989158,7,4.3,2.0,145651.0,1.0,0,0,0,0,0,0,0,0,1,0.23333333333333334,0.024390243902439025,341331.1951219512,0,1
UMKM-03258,68,33817713,13,4.6,0.0,298180.0,3.0,1,0,0,0,0,1,0,0,0,0.43333333333333335,0.0,490111.7826086957,0,1
UMKM-03260,46,13099015,5,4.3,5.0,224365.0,0.0,0,0,0,0,0,0,0,0,0,0.16666666666666666,0.10638297872340426,278702.44680851063,0,1
UMKM-03261,19,4218451,0,2.4,0.0,305091.0,0.0,1,0,0,0,0,0,0,0,1,0.0,0.0,210922.55,0,1
UMKM-03264,61,10603204,10,3.4,0.0,438777.0,3.0,1,0,0,0,0,0,1,0,0,0.3333333333333333,0.0,171019.4193548387,0,1
UMKM-03265,0,28101096,23,3.6,2.0,389062.0,2.0,1,0,0,0,0,0,0,1,0,0.7666666666666667,2.0,28101096.0,0,1
UMKM-03266,119,40767847,9,2.6,5.0,370183.0,0.0,0,0,0,0,1,0,0,1,0,0.3,0.041666666666666664,339732.05833333335,0,1
UMKM-03268,64,49648783,22,3.9,0.0,94807.0,0.0,0,0,0,0,0,0,1,0,0,0.7333333333333333,0.0,763827.4307692308,0,1
UMKM-03269,47,39470214,15,2.9,0.0,295474.0,2.0,1,0,0,0,0,0,0,0,1,0.5,0.0,822296.125,0,1
UMKM-03271,52,23636109,15,3.0,5.0,0.0,0.0,0,0,1,1,0,0,0,0,1,0.5,0.09433962264150944,445964.320754717,0,0
UMKM-03273,76,47873771,30,3.0,2.0,195719.0,0.0,0,0,1,0,0,1,0,0,0,1.0,0.025974025974025976,621737.2857142857,0,1
UMKM-03274,81,27582827,5,4.1,5.0,66504.0,0.0,0,0,0,0,0,0,0,0,1,0.16666666666666666,0.06097560975609756,336375.93902439025,0,1
UMKM-03277,16,41495982,0,1.9,0.0,465462.0,4.0,2,0,0,0,0,0,0,0,1,0.0,0.0,2440940.117647059,0,1
UMKM-03279,14,28807983,24,2.0,0.0,86499.0,0.0,1,0,0,0,0,0,1,0,0,0.8,0.0,1920532.2,0,1
UMKM-03280,97,11470822,20,2.7,0.0,311403.0,0.0,0,1,0,0,0,0,1,0,0,0.6666666666666666,0.0,117049.20408163265,0,0
UMKM-03283,78,37202197,4,1.2,0.0,94536.0,2.0,0,1,0,0,0,1,0,0,0,0.13333333333333333,0.0,470913.88607594935,0,0
UMKM-03284,59,20814469,11,3.0,5.0,228944.0,0.0,0,0,1,0,0,1,0,0,0,0.36666666666666664,0.08333333333333333,346907.81666666665,0,1
UMKM-03285,59,10373551,4,3.3,0.0,494782.0,1.0,1,0,0,0,0,0,1,0,0,0.13333333333333333,0.0,172892.51666666666,0,1
UMKM-03286,75,43298471,8,3.5,0.0,468632.0,2.0,0,0,0,0,0,1,0,0,0,0.26666666666666666,0.0,569716.7236842106,0,1
UMKM-03290,110,42540810,0,4.3,0.0,110777.0,1.0,1,0,0,0,0,1,0,0,0,0.0,0.0,383250.54054054053,0,1
UMKM-03291,103,45758303,9,1.9,0.0,415809.0,0.0,0,0,0,0,0,0,0,1,0,0.3,0.0,439983.6826923077,0,1
UMKM-03296,40,20114315,16,4.1,2.0,146057.0,0.0,0,0,0,0,0,1,0,0,0,0.5333333333333333,0.04878048780487805,490593.0487804878,0,1
UMKM-03297,49,8155738,12,1.4,0.0,318714.0,0.0,1,1,0,0,0,0,1,0,0,0.4,0.0,163114.76,0,0
UMKM-03298,69,36499173,5,2.1,0.0,337132.0,0.0,0,0,0,0,0,0,1,0,0,0.16666666666666666,0.0,521416.7571428571,0,1
UMKM-03300,80,45607852,31,4.7,0.0,234473.0,2.0,0,0,0,0,0,0,1,0,0,1.0333333333333334,0.0,563059.9012345679,0,1
UMKM-03301,58,46657190,10,3.0,0.0,482330.0,3.0,0,0,1,0,0,0,0,0,0,0.3333333333333333,0.0,790799.8305084746,0,1
UMKM-03302,102,14178358,16,1.4,5.0,58408.0,0.0,0,0,0,0,0,0,0,0,1,0.5333333333333333,0.04854368932038835,137653.96116504853,0,1
UMKM-03303,39,49068428,4,2.2,2.0,302385.0,2.0,2,0,0,0,0,0,0,0,1,0.13333333333333333,0.05,1226710.7,0,1
UMKM-03304,20,27198388,5,4.5,0.0,131210.0,3.0,1,0,0,0,0,0,0,0,0,0.16666666666666666,0.0,1295161.3333333333,0,1
UMKM-03305,71,7004327,9,4.4,0.0,295352.0,0.0,0,0,0,0,0,0,0,0,0,0.3,0.0,97282.31944444444,0,1
UMKM-03307,18,10807664,29,2.6,0.0,265805.0,3.0,1,0,0,0,0,1,0,0,0,0.9666666666666667,0.0,568824.4210526316,0,1
UMKM-03308,68,37732072,20,3.0,2.0,228678.0,4.0,1,0,1,0,0,0,0,0,0,0.6666666666666666,0.028985507246376812,546841.6231884058,0,1
UMKM-03310,18,9902284,16,1.7,5.0,214645.0,2.0,1,0,0,0,0,0,0,0,1,0.5333333333333333,0.2631578947368421,521172.84210526315,0,1
UMKM-03311,22,43433953,26,1.1,2.0,495184.0,4.0,1,0,0,0,0,0,0,0,1,0.8666666666666667,0.08695652173913043,1888432.7391304348,0,1
UMKM-03312,94,33438749,2,1.9,0.0,208457.0,0.0,1,0,0,0,0,1,0,0,0,0.06666666666666667,0.0,351986.83157894737,0,1
UMKM-03313,74,36930236,28,3.0,2.0,469063.0,2.0,0,0,1,0,0,1,0,0,0,0.9333333333333333,0.02666666666666667,492403.14666666667,0,1
UMKM-03314,98,6550616,1,4.6,0.0,498599.0,0.0,0,1,0,0,0,1,0,0,0,0.03333333333333333,0.0,66167.83838383839,0,0
UMKM-03315,10,20507905,28,3.0,0.0,304385.0,2.0,0,0,1,0,0,1,0,0,0,0.9333333333333333,0.0,1864355.0,0,1
UMKM-03320,73,34788157,0,2.6,0.0,54257.0,1.0,1,1,0,0,0,1,0,0,0,0.0,0.0,470110.2297297297,0,0
UMKM-03321,10,7568056,25,2.0,2.0,0.0,0.0,1,0,0,1,0,0,0,1,0,0.8333333333333334,0.18181818181818182,688005.0909090909,0,0
UMKM-03322,9,43753712,0,3.8,30.0,68696.0,0.0,2,0,0,0,0,0,1,0,0,0.0,3.0,4375371.2,1,1
UMKM-03323,115,7640981,3,4.0,0.0,84763.0,1.0,0,0,0,0,0,0,0,1,0,0.1,0.0,65870.52586206897,0,1
UMKM-03325,5,10968904,13,2.4,0.0,424611.0,0.0,1,0,0,0,0,0,0,0,0,0.43333333333333335,0.0,1828150.6666666667,0,1
UMKM-03326,59,15024141,17,4.1,0.0,120531.0,0.0,0,0,0,0,0,0,1,0,0,0.5666666666666667,0.0,250402.35,0,1
UMKM-03328,84,48875190,0,4.8,0.0,83923.0,2.0,0,0,0,0,0,0,0,1,0,0.0,0.0,575002.2352941176,0,1
UMKM-03329,109,9549906,21,2.7,0.0,298964.0,1.0,0,1,0,0,0,0,1,0,0,0.7,0.0,86817.32727272727,0,0
UMKM-03330,62,48298477,15,5.0,0.0,484569.0,0.0,0,0,0,0,0,0,0,0,1,0.5,0.0,766642.4920634921,0,1
UMKM-03331,37,5736605,21,4.0,0.0,294395.0,2.0,0,1,0,0,0,0,0,0,1,0.7,0.0,150963.2894736842,0,0
UMKM-03332,63,25662982,15,4.1,2.0,261495.0,0.0,0,0,0,0,0,0,0,0,1,0.5,0.03125,400984.09375,0,1
UMKM-03333,93,19858746,27,1.1,5.0,401011.0,1.0,1,0,0,0,0,1,0,0,0,0.9,0.05319148936170213,211263.25531914894,0,1
UMKM-03334,7,20766009,27,3.0,0.0,319346.0,0.0,0,0,0,0,0,0,1,0,0,0.9,0.0,2595751.125,0,1
UMKM-03335,4,32953689,21,3.1,0.0,422282.0,0.0,1,0,0,0,1,1,0,0,0,0.7,0.0,6590737.8,0,1
UMKM-03336,69,8017191,5,1.2,5.0,244240.0,0.0,0,0,0,0,0,0,0,0,1,0.16666666666666666,0.07142857142857142,114531.3,0,1
UMKM-03337,76,12465773,24,2.2,5.0,415265.0,2.0,1,0,0,0,0,0,0,0,0,0.8,0.06493506493506493,161893.15584415584,0,1
UMKM-03339,97,21871114,1,2.7,0.0,297838.0,0.0,1,0,0,0,0,0,0,0,1,0.03333333333333333,0.0,223174.6326530612,0,1
UMKM-03340,35,34198605,6,1.7,0.0,309245.0,0.0,0,0,0,0,0,0,0,0,1,0.2,0.0,949961.25,0,1
UMKM-03341,100,20577428,16,3.1,0.0,282240.0,0.0,1,0,0,0,0,1,0,0,0,0.5333333333333333,0.0,203736.91089108912,0,1
UMKM-03343,81,37316540,19,3.1,15.0,303202.0,0.0,1,0,0,0,0,0,0,0,1,0.6333333333333333,0.18292682926829268,455079.756097561,1,1
UMKM-03345,53,28859798,1,2.4,0.0,492025.0,1.0,1,0,0,0,0,1,0,0,0,0.03333333333333333,0.0,534440.7037037037,0,1
UMKM-03346,33,47593954,6,4.1,0.0,325485.0,0.0,0,1,0,0,0,0,0,0,1,0.2,0.0,1399822.1764705882,0,0
UMKM-03348,70,24658315,18,4.5,2.0,377554.0,3.0,0,0,0,0,0,0,1,0,0,0.6,0.028169014084507043,347300.21126760566,0,1
UMKM-03349,1,21120689,11,3.0,5.0,332784.0,0.0,0,0,1,0,0,0,0,0,0,0.36666666666666664,2.5,10560344.5,0,1
UMKM-03350,43,19724228,8,1.0,5.0,206977.0,0.0,0,0,0,0,0,1,0,0,0,0.26666666666666666,0.11363636363636363,448277.9090909091,0,1
UMKM-03351,20,46340134,26,4.4,5.0,312046.0,1.0,0,0,0,0,0,1,0,0,0,0.8666666666666667,0.23809523809523808,2206673.0476190476,0,1
UMKM-03352,27,12923274,13,3.0,5.0,190910.0,0.0,0,0,0,0,0,1,0,0,0,0.43333333333333335,0.17857142857142858,461545.5,0,1
UMKM-03353,95,14439546,1,2.8,0.0,336419.0,0.0,1,0,0,0,0,0,0,0,0,0.03333333333333333,0.0,150411.9375,0,1
UMKM-03354,42,5871482,20,2.0,2.0,187411.0,0.0,0,0,0,0,0,0,1,0,0,0.6666666666666666,0.046511627906976744,136546.09302325582,0,1
UMKM-03355,73,21970729,3,3.0,5.0,109999.0,0.0,0,0,1,0,1,0,0,0,0,0.1,0.06756756756756757,296901.74324324325,0,1
UMKM-03357,99,48996556,21,1.8,0.0,456665.0,0.0,0,0,0,0,1,0,0,0,1,0.7,0.0,489965.56,0,1
UMKM-03358,65,22098829,1,1.7,15.0,126565.0,0.0,2,0,0,0,0,0,0,0,1,0.03333333333333333,0.22727272727272727,334830.74242424243,1,1
UMKM-03359,26,31050416,16,2.0,5.0,228622.0,0.0,0,0,0,0,0,1,0,0,0,0.5333333333333333,0.18518518518518517,1150015.4074074074,0,1
UMKM-03362,108,4700568,23,3.0,5.0,299065.0,0.0,0,0,1,0,0,0,0,0,1,0.7666666666666667,0.045871559633027525,43124.477064220184,0,1
UMKM-03363,111,13565280,19,2.0,0.0,0.0,0.0,1,1,0,1,0,0,0,0,1,0.6333333333333333,0.0,121118.57142857143,0,0
UMKM-03365,26,31717885,11,3.0,0.0,0.0,0.0,1,0,1,1,0,0,0,0,1,0.36666666666666664,0.0,1174736.4814814816,0,0
UMKM-03366,22,10455545,24,1.2,5.0,258958.0,2.0,1,0,0,0,0,1,0,0,0,0.8,0.21739130434782608,454588.9130434783,0,1
UMKM-03367,71,32236471,22,3.0,2.0,431746.0,1.0,0,0,0,0,0,0,0,0,1,0.7333333333333333,0.027777777777777776,447728.7638888889,0,1
UMKM-03369,54,46599339,31,4.4,5.0,207952.0,0.0,0,0,0,0,0,1,0,0,0,1.0333333333333334,0.09090909090909091,847260.7090909091,0,1
UMKM-03370,50,30910232,23,3.2,0.0,337991.0,4.0,1,0,0,0,0,0,0,0,0,0.7666666666666667,0.0,606082.9803921569,0,1
UMKM-03372,106,26400119,24,4.8,0.0,64802.0,1.0,0,0,0,0,0,0,1,0,0,0.8,0.0,246730.08411214955,0,1
UMKM-03373,24,30386947,2,4.8,15.0,317088.0,0.0,1,0,0,0,0,0,1,0,0,0.06666666666666667,0.6,1215477.88,1,1
UMKM-03374,48,21852189,24,1.4,15.0,50360.0,0.0,2,0,0,0,0,0,0,0,1,0.8,0.30612244897959184,445963.0408163265,1,1
UMKM-03375,30,16720865,27,4.8,0.0,375619.0,1.0,0,0,0,0,0,1,0,0,0,0.9,0.0,539382.7419354839,0,1
UMKM-03376,115,12918810,11,4.2,2.0,396038.0,1.0,0,0,0,0,0,1,0,0,0,0.36666666666666664,0.017241379310344827,111369.05172413793,0,1
UMKM-03377,49,22652023,25,4.1,15.0,175807.0,2.0,1,0,0,0,0,0,0,0,1,0.8333333333333334,0.3,453040.46,1,1
UMKM-03379,74,6668843,7,3.0,0.0,199682.0,0.0,0,0,1,0,1,0,1,0,0,0.23333333333333334,0.0,88917.90666666666,0,1
UMKM-03380,52,42662694,4,3.0,0.0,342751.0,0.0,0,0,1,0,0,0,0,0,1,0.13333333333333333,0.0,804956.4905660377,0,1
UMKM-03381,77,21677491,10,1.9,0.0,448260.0,0.0,0,1,0,0,0,0,0,0,1,0.3333333333333333,0.0,277916.5512820513,0,0
UMKM-03384,45,22505223,26,4.7,0.0,240962.0,0.0,0,0,0,0,0,0,0,0,1,0.8666666666666667,0.0,489243.97826086957,0,1
UMKM-03388,103,25518584,18,1.9,0.0,381455.0,1.0,0,0,0,0,0,0,0,0,1,0.6,0.0,245371.0,0,1
UMKM-03389,110,9059777,31,3.0,0.0,357491.0,0.0,0,0,1,0,0,0,0,0,1,1.0333333333333334,0.0,81619.61261261262,0,1
UMKM-03390,95,28205260,27,3.5,0.0,181889.0,0.0,0,1,0,0,0,0,0,1,0,0.9,0.0,293804.7916666667,0,0
UMKM-03392,94,21987779,17,3.0,0.0,140292.0,0.0,0,0,1,0,0,0,0,0,1,0.5666666666666667,0.0,231450.3052631579,0,1
UMKM-03393,30,24352915,9,1.9,15.0,204552.0,0.0,2,0,0,0,0,0,0,1,0,0.3,0.4838709677419355,785577.9032258064,1,1
UMKM-03394,62,18966513,31,3.0,0.0,344290.0,3.0,0,1,1,0,0,0,0,0,1,1.0333333333333334,0.0,301055.7619047619,0,0
UMKM-03395,30,2013295,17,3.7,2.0,287209.0,1.0,0,0,0,0,0,0,0,0,1,0.5666666666666667,0.06451612903225806,64945.0,0,1
UMKM-03396,46,8661434,11,2.5,2.0,431301.0,0.0,1,0,0,0,0,0,1,0,0,0.36666666666666664,0.0425531914893617,184285.82978723405,0,1
UMKM-03397,47,16983239,7,1.3,0.0,475827.0,1.0,0,0,0,0,0,1,0,0,0,0.23333333333333334,0.0,353817.4791666667,0,1
UMKM-03400,74,31585829,13,4.7,2.0,186030.0,0.0,0,0,0,0,0,0,0,0,1,0.43333333333333335,0.02666666666666667,421144.38666666666,0,1
UMKM-03401,35,9757529,1,2.5,0.0,367561.0,0.0,0,0,0,0,0,0,0,1,0,0.03333333333333333,0.0,271042.47222222225,0,1
UMKM-03402,12,27836529,8,1.2,30.0,460041.0,3.0,2,0,0,0,0,1,0,0,0,0.26666666666666666,2.3076923076923075,2141271.4615384615,1,1
UMKM-03404,60,49624999,4,3.7,2.0,158788.0,0.0,0,0,0,0,0,1,0,0,0,0.13333333333333333,0.03278688524590164,813524.5737704918,0,1
UMKM-03406,94,17739967,18,2.1,2.0,172346.0,0.0,0,0,0,0,0,1,0,0,0,0.6,0.021052631578947368,186736.4947368421,0,1
UMKM-03407,38,25391783,6,3.8,0.0,108214.0,0.0,0,0,0,0,1,0,0,0,1,0.2,0.0,651071.358974359,0,1
UMKM-03410,33,26462332,16,1.6,5.0,261239.0,2.0,2,0,0,0,0,0,0,0,0,0.5333333333333333,0.14705882352941177,778303.8823529412,0,1
UMKM-03411,23,5538847,25,3.2,2.0,113211.0,0.0,0,0,0,0,0,0,0,0,1,0.8333333333333334,0.08333333333333333,230785.29166666666,0,1
UMKM-03412,48,44481867,26,3.6,0.0,331740.0,2.0,1,0,0,0,0,0,0,1,0,0.8666666666666667,0.0,907793.2040816327,0,1
UMKM-03414,79,3611212,27,2.7,2.0,248504.0,0.0,0,0,0,0,0,0,0,0,1,0.9,0.025,45140.15,0,1
UMKM-03415,11,36875986,19,4.1,30.0,442712.0,4.0,1,0,0,0,0,1,0,0,0,0.6333333333333333,2.5,3072998.8333333335,1,1
UMKM-03416,74,5761515,5,1.5,30.0,346001.0,3.0,2,0,0,0,0,0,0,0,1,0.16666666666666666,0.4,76820.2,1,1
UMKM-03417,54,12721304,7,4.6,0.0,304434.0,4.0,0,0,0,0,0,0,1,0,0,0.23333333333333334,0.0,231296.43636363637,0,1
UMKM-03418,25,30861982,31,3.0,0.0,181380.0,2.0,2,0,1,0,0,1,0,0,0,1.0333333333333334,0.0,1186999.3076923077,0,1
UMKM-03419,109,48533882,18,3.5,0.0,206240.0,0.0,0,0,0,0,0,0,1,0,0,0.6,0.0,441217.10909090907,0,1
UMKM-03420,67,26082148,31,1.6,0.0,209491.0,0.0,0,1,0,0,0,0,0,1,0,1.0333333333333334,0.0,383561.0,0,0
UMKM-03421,89,10770488,18,1.2,0.0,296778.0,0.0,1,0,0,0,0,0,0,0,1,0.6,0.0,119672.08888888889,0,1
UMKM-03422,72,6371045,23,3.8,2.0,120029.0,0.0,1,0,0,0,0,0,0,0,1,0.7666666666666667,0.0273972602739726,87274.5890410959,0,1
UMKM-03423,43,12764650,23,1.5,2.0,62756.0,0.0,0,0,0,0,0,0,0,1,0,0.7666666666666667,0.045454545454545456,290105.6818181818,0,1
UMKM-03424,95,3498544,16,1.5,2.0,472504.0,1.0,1,0,0,0,0,0,0,0,0,0.5333333333333333,0.020833333333333332,36443.166666666664,0,1
UMKM-03426,110,35080389,11,1.4,0.0,455600.0,0.0,0,0,0,0,0,0,0,0,1,0.36666666666666664,0.0,316039.54054054053,0,1
UMKM-03428,104,49541499,22,2.7,0.0,196267.0,0.0,0,0,0,0,0,0,1,0,0,0.7333333333333333,0.0,471823.8,0,1
UMKM-03429,8,14289355,17,3.0,0.0,136210.0,1.0,0,0,1,0,0,0,0,0,1,0.5666666666666667,0.0,1587706.111111111,0,1
UMKM-03430,53,38244771,15,2.8,0.0,171789.0,0.0,1,0,0,0,1,0,0,0,0,0.5,0.0,708236.5,0,1
UMKM-03431,91,36882086,15,4.4,2.0,346269.0,1.0,0,0,0,0,0,1,0,0,0,0.5,0.021739130434782608,400892.23913043475,0,1
UMKM-03433,52,13556581,22,2.9,0.0,123978.0,0.0,0,0,0,0,0,0,0,1,0,0.7333333333333333,0.0,255784.54716981133,0,1
UMKM-03434,97,1301951,21,3.3,0.0,0.0,2.0,2,0,0,1,0,0,1,0,0,0.7,0.0,13285.214285714286,0,0
UMKM-03437,45,1312499,23,4.0,0.0,395472.0,0.0,1,0,0,0,0,0,0,0,1,0.7666666666666667,0.0,28532.58695652174,0,1
UMKM-03438,78,43438695,19,3.0,2.0,491019.0,0.0,0,0,0,0,0,0,0,0,1,0.6333333333333333,0.02531645569620253,549856.8987341772,0,1
UMKM-03440,109,13496572,30,3.3,0.0,393180.0,2.0,0,1,0,0,0,0,0,0,1,1.0,0.0,122696.10909090909,0,0
UMKM-03442,77,4734049,7,4.6,0.0,439219.0,0.0,0,1,0,0,0,0,0,0,0,0.23333333333333334,0.0,60692.9358974359,0,0
UMKM-03443,117,25873195,9,4.1,15.0,479712.0,0.0,1,0,0,0,0,0,1,0,0,0.3,0.1271186440677966,219264.36440677967,1,1
UMKM-03444,95,40670222,0,3.0,2.0,317438.0,1.0,1,0,1,0,0,1,0,0,0,0.0,0.020833333333333332,423648.1458333333,0,1
UMKM-03445,76,49354531,20,2.0,0.0,94852.0,0.0,0,1,0,0,1,0,1,0,0,0.6666666666666666,0.0,640967.935064935,0,0
UMKM-03446,10,23206264,24,4.4,0.0,115858.0,0.0,1,0,0,0,0,0,0,0,0,0.8,0.0,2109660.3636363638,0,1
UMKM-03448,6,9096173,9,3.4,0.0,216900.0,0.0,0,0,0,0,0,0,1,0,0,0.3,0.0,1299453.2857142857,0,1
UMKM-03449,23,32722517,8,3.0,0.0,180093.0,0.0,2,0,1,0,0,0,0,0,1,0.26666666666666666,0.0,1363438.2083333333,0,1
UMKM-03450,1,29253223,19,2.9,0.0,492194.0,1.0,2,0,0,0,0,0,0,0,1,0.6333333333333333,0.0,14626611.5,0,1
UMKM-03451,8,3290860,19,2.8,2.0,135620.0,0.0,1,0,0,0,0,0,1,0,0,0.6333333333333333,0.2222222222222222,365651.1111111111,0,1
UMKM-03453,6,2173077,6,1.3,0.0,381064.0,3.0,2,0,0,0,0,0,0,0,0,0.2,0.0,310439.5714285714,0,1
UMKM-03454,93,39365534,10,4.1,0.0,190525.0,0.0,0,0,0,0,0,1,0,0,0,0.3333333333333333,0.0,418782.27659574465,0,1
UMKM-03457,116,43973689,18,2.8,2.0,234449.0,0.0,0,0,0,0,0,0,0,1,0,0.6,0.017094017094017096,375843.49572649575,0,1
UMKM-03458,100,39309327,14,3.0,0.0,307776.0,0.0,0,0,0,0,0,0,0,0,1,0.4666666666666667,0.0,389201.2574257426,0,1
UMKM-03459,26,35106173,5,3.0,0.0,0.0,2.0,0,0,1,1,0,0,0,1,0,0.16666666666666666,0.0,1300228.6296296297,0,0
UMKM-03460,68,23867223,9,2.8,5.0,479080.0,2.0,1,0,0,0,0,0,1,0,0,0.3,0.07246376811594203,345901.7826086957,0,1
UMKM-03461,37,10960710,15,3.0,0.0,270420.0,0.0,0,0,0,0,0,0,0,0,0,0.5,0.0,288439.7368421053,0,1
UMKM-03463,63,48581476,10,1.1,0.0,385245.0,1.0,2,0,0,0,0,0,0,0,1,0.3333333333333333,0.0,759085.5625,0,1
UMKM-03465,100,44738691,7,3.6,0.0,207001.0,2.0,0,1,0,0,0,0,0,0,1,0.23333333333333334,0.0,442957.3366336634,0,0
UMKM-03466,3,48148257,27,3.8,0.0,164836.0,1.0,1,1,0,0,0,1,0,0,0,0.9,0.0,12037064.25,0,0
UMKM-03467,43,19388137,2,3.0,2.0,0.0,3.0,1,0,1,1,0,0,0,0,1,0.06666666666666667,0.045454545454545456,440639.4772727273,0,0
UMKM-03468,27,34219204,1,4.2,0.0,277906.0,1.0,0,0,0,0,0,0,0,0,0,0.03333333333333333,0.0,1222114.4285714286,0,1
UMKM-03469,94,48804863,13,3.0,5.0,139083.0,1.0,0,0,0,0,0,1,0,0,0,0.43333333333333335,0.05263157894736842,513735.4,0,1
UMKM-03470,94,41471382,28,3.1,0.0,207431.0,1.0,2,0,0,0,0,0,0,1,0,0.9333333333333333,0.0,436540.86315789475,0,1
UMKM-03471,12,16915509,2,4.8,0.0,367558.0,0.0,0,0,0,0,0,0,1,0,0,0.06666666666666667,0.0,1301193.0,0,1
UMKM-03472,3,20471886,0,2.1,0.0,170241.0,2.0,2,0,0,0,0,0,0,1,0,0.0,0.0,5117971.5,0,1
UMKM-03473,56,17650974,14,4.0,2.0,126003.0,1.0,0,0,0,0,0,0,0,0,0,0.4666666666666667,0.03508771929824561,309666.2105263158,0,1
UMKM-03474,51,5161460,19,3.3,5.0,404080.0,2.0,0,0,0,0,0,0,0,1,0,0.6333333333333333,0.09615384615384616,99258.84615384616,0,1
UMKM-03475,23,43679704,21,3.8,0.0,287807.0,2.0,1,0,0,0,0,0,0,0,0,0.7,0.0,1819987.6666666667,0,1
UMKM-03478,72,30034608,8,3.2,0.0,132078.0,3.0,0,0,0,0,0,0,0,0,1,0.26666666666666666,0.0,411432.98630136985,0,1
UMKM-03479,19,2506440,2,2.5,2.0,262592.0,0.0,1,0,0,0,0,0,1,0,0,0.06666666666666667,0.1,125322.0,0,1
UMKM-03480,9,9181494,1,1.9,15.0,79234.0,4.0,2,0,0,0,0,0,1,0,0,0.03333333333333333,1.5,918149.4,1,1
UMKM-03481,0,38965477,3,4.4,0.0,308523.0,0.0,0,1,0,0,0,0,0,0,1,0.1,0.0,38965477.0,0,0
UMKM-03482,114,16841429,15,2.9,5.0,50547.0,0.0,0,0,0,0,0,1,0,0,0,0.5,0.043478260869565216,146447.20869565217,0,1
UMKM-03484,23,12229526,8,2.9,0.0,249508.0,2.0,0,1,0,0,0,0,0,0,1,0.26666666666666666,0.0,509563.5833333333,0,0
UMKM-03488,76,41175936,15,2.1,2.0,61020.0,1.0,0,0,0,0,0,0,0,0,0,0.5,0.025974025974025976,534752.4155844155,0,1
UMKM-03489,108,15400309,7,4.5,0.0,185389.0,0.0,0,0,0,0,0,0,0,0,0,0.23333333333333334,0.0,141287.2385321101,0,1
UMKM-03490,51,7528925,22,2.6,0.0,306287.0,3.0,0,1,0,0,0,1,0,0,0,0.7333333333333333,0.0,144787.01923076922,0,0
UMKM-03492,38,32987176,2,3.3,2.0,443739.0,0.0,0,0,0,0,0,1,0,0,0,0.06666666666666667,0.05128205128205128,845825.0256410256,0,1
UMKM-03493,97,28253227,14,4.9,0.0,403766.0,1.0,0,0,0,0,0,1,0,0,0,0.4666666666666667,0.0,288298.2346938776,0,1
UMKM-03496,8,8231445,17,4.1,0.0,130195.0,0.0,0,0,0,0,0,0,0,0,1,0.5666666666666667,0.0,914605.0,0,1
UMKM-03499,108,21927338,2,3.6,5.0,393978.0,0.0,0,0,0,0,0,0,0,0,1,0.06666666666666667,0.045871559633027525,201168.2385321101,0,1
UMKM-03500,56,42752776,29,3.0,2.0,100012.0,0.0,0,0,0,0,0,1,0,0,0,0.9666666666666667,0.03508771929824561,750048.701754386,0,1
UMKM-03502,58,35455927,16,4.0,0.0,361095.0,2.0,0,0,0,0,0,0,0,0,1,0.5333333333333333,0.0,600947.9152542372,0,1
UMKM-03503,96,11700361,31,2.1,5.0,0.0,1.0,0,0,0,1,0,1,0,0,0,1.0333333333333334,0.05154639175257732,120622.27835051547,0,0
UMKM-03504,39,29143626,6,2.4,15.0,465480.0,2.0,2,0,0,0,0,0,0,1,0,0.2,0.375,728590.65,1,1
UMKM-03506,76,49918271,13,3.9,2.0,139821.0,1.0,0,0,0,0,0,0,0,0,1,0.43333333333333335,0.025974025974025976,648289.2337662338,0,1
UMKM-03507,52,39685563,14,3.0,0.0,373976.0,0.0,0,0,1,0,0,0,0,0,1,0.4666666666666667,0.0,748784.2075471698,0,1
UMKM-03509,52,33627122,11,3.4,2.0,297067.0,2.0,0,0,0,0,0,0,0,0,1,0.36666666666666664,0.03773584905660377,634474.0,0,1
UMKM-03510,106,22946027,7,1.6,0.0,260709.0,2.0,1,0,0,0,0,1,0,0,0,0.23333333333333334,0.0,214448.8504672897,0,1
UMKM-03511,83,4149407,15,4.6,0.0,269338.0,1.0,1,0,0,0,0,0,0,1,0,0.5,0.0,49397.70238095238,0,1
UMKM-03514,71,24763874,23,1.5,5.0,103017.0,0.0,0,0,0,0,0,0,1,0,0,0.7666666666666667,0.06944444444444445,343942.69444444444,0,1
UMKM-03515,62,10371520,28,1.7,2.0,327647.0,1.0,0,0,0,0,0,1,0,0,0,0.9333333333333333,0.031746031746031744,164627.3015873016,0,1
UMKM-03516,113,8278492,15,4.7,5.0,192578.0,0.0,0,0,0,0,0,1,0,0,0,0.5,0.043859649122807015,72618.35087719298,0,1
UMKM-03517,72,3544306,4,3.0,0.0,90994.0,1.0,1,0,1,0,0,1,0,0,0,0.13333333333333333,0.0,48552.13698630137,0,1
UMKM-03518,91,35084415,4,3.9,0.0,459385.0,1.0,0,0,0,0,0,0,0,0,1,0.13333333333333333,0.0,381352.3369565217,0,1
UMKM-03519,86,34577814,29,1.3,2.0,199556.0,2.0,1,0,0,0,0,0,0,0,0,0.9666666666666667,0.022988505747126436,397446.1379310345,0,1
UMKM-03520,46,13192062,4,3.6,0.0,370867.0,0.0,0,0,0,0,0,0,0,0,1,0.13333333333333333,0.0,280682.170212766,0,1
UMKM-03522,2,41901228,12,2.2,2.0,492804.0,0.0,1,0,0,0,0,0,1,0,0,0.4,0.6666666666666666,13967076.0,0,1
UMKM-03524,92,2342643,24,4.8,2.0,431194.0,0.0,0,0,0,0,0,0,0,0,0,0.8,0.021505376344086023,25189.709677419356,0,1
UMKM-03525,102,44246649,13,3.9,0.0,389851.0,0.0,0,1,0,0,0,0,0,0,1,0.43333333333333335,0.0,429579.11650485435,0,0
UMKM-03527,112,32473572,25,2.5,0.0,408485.0,0.0,0,0,0,0,0,1,0,0,0,0.8333333333333334,0.0,287376.7433628319,0,1
UMKM-03528,63,43854385,17,1.3,15.0,427140.0,0.0,2,0,0,0,0,1,0,0,0,0.5666666666666667,0.234375,685224.765625,1,1
UMKM-03529,25,42813582,19,4.4,0.0,160856.0,1.0,0,0,0,0,0,0,1,0,0,0.6333333333333333,0.0,1646676.2307692308,0,1
UMKM-03531,3,27458172,6,4.8,0.0,0.0,1.0,0,0,0,1,0,0,0,0,1,0.2,0.0,6864543.0,0,0
UMKM-03532,100,10455984,9,1.1,0.0,0.0,1.0,0,0,0,1,0,0,0,0,1,0.3,0.0,103524.59405940594,0,0
UMKM-03533,26,37068046,14,3.0,2.0,415756.0,0.0,1,0,1,0,0,1,0,0,0,0.4666666666666667,0.07407407407407407,1372890.5925925926,0,1
UMKM-03534,27,22623329,16,1.4,2.0,263513.0,0.0,0,0,0,0,0,0,0,1,0,0.5333333333333333,0.07142857142857142,807976.0357142857,0,1
UMKM-03535,61,4791343,10,2.4,0.0,243701.0,0.0,1,1,0,0,0,0,0,0,1,0.3333333333333333,0.0,77279.7258064516,0,0
UMKM-03537,108,1450067,26,2.3,0.0,260470.0,1.0,2,1,0,0,0,1,0,0,0,0.8666666666666667,0.0,13303.366972477064,0,0
UMKM-03538,70,23969288,20,4.3,0.0,52925.0,0.0,0,0,0,0,0,1,0,0,0,0.6666666666666666,0.0,337595.6056338028,0,1
UMKM-03539,23,39564932,30,1.6,0.0,436392.0,1.0,0,0,0,0,0,1,0,0,0,1.0,0.0,1648538.8333333333,0,1
UMKM-03542,51,24238245,16,5.0,5.0,0.0,0.0,0,0,0,1,0,1,0,0,0,0.5333333333333333,0.09615384615384616,466120.0961538461,0,0
UMKM-03543,119,25174455,19,3.0,0.0,277178.0,0.0,0,0,1,0,0,0,1,0,0,0.6333333333333333,0.0,209787.125,0,1
UMKM-03544,24,33568013,24,3.0,5.0,111473.0,0.0,0,0,1,0,0,0,1,0,0,0.8,0.2,1342720.52,0,1
UMKM-03546,20,25794680,22,2.7,0.0,113903.0,2.0,2,0,0,0,0,0,1,0,0,0.7333333333333333,0.0,1228318.0952380951,0,1
UMKM-03550,40,15848268,14,4.2,0.0,197688.0,2.0,0,0,0,0,0,1,0,0,0,0.4666666666666667,0.0,386543.1219512195,0,1
UMKM-03552,19,44055802,4,3.2,0.0,170938.0,0.0,0,0,0,0,0,0,1,0,0,0.13333333333333333,0.0,2202790.1,0,1
UMKM-03553,45,32962629,15,2.5,0.0,346128.0,3.0,1,0,0,0,0,1,0,0,0,0.5,0.0,716578.8913043478,0,1
UMKM-03555,97,21990301,31,1.6,2.0,476505.0,1.0,0,0,0,0,0,0,0,0,1,1.0333333333333334,0.02040816326530612,224390.82653061225,0,1
UMKM-03556,38,33743533,21,2.3,0.0,243148.0,1.0,1,0,0,0,0,0,0,0,0,0.7,0.0,865218.7948717949,0,1
UMKM-03558,49,12565462,31,4.6,30.0,147558.0,3.0,1,0,0,0,0,0,0,1,0,1.0333333333333334,0.6,251309.24,1,1
UMKM-03559,81,30775922,12,3.4,0.0,61391.0,4.0,2,0,0,0,0,0,0,0,1,0.4,0.0,375316.1219512195,0,1
UMKM-03562,55,10755715,16,3.0,0.0,94906.0,0.0,0,0,1,0,0,0,0,0,1,0.5333333333333333,0.0,192066.3392857143,0,1
UMKM-03563,112,38372499,4,3.0,0.0,127666.0,0.0,0,0,1,0,0,0,1,0,0,0.13333333333333333,0.0,339579.6371681416,0,1
UMKM-03565,38,9649769,26,2.8,0.0,230207.0,0.0,0,0,0,0,0,0,1,0,0,0.8666666666666667,0.0,247429.97435897434,0,1
UMKM-03566,58,30884472,4,3.0,0.0,441135.0,0.0,0,0,1,0,0,1,0,0,0,0.13333333333333333,0.0,523465.6271186441,0,1
UMKM-03568,102,8735491,6,3.0,0.0,202137.0,0.0,1,0,0,0,0,0,1,0,0,0.2,0.0,84810.59223300971,0,1
UMKM-03569,41,48634167,17,1.5,0.0,366929.0,0.0,0,1,0,0,0,0,0,0,1,0.5666666666666667,0.0,1157956.357142857,0,0
UMKM-03571,90,38411901,5,3.3,15.0,279603.0,0.0,1,0,0,0,0,0,0,0,0,0.16666666666666666,0.16483516483516483,422108.8021978022,1,1
UMKM-03572,76,1335983,1,4.1,2.0,187775.0,0.0,1,0,0,0,0,1,0,0,0,0.03333333333333333,0.025974025974025976,17350.428571428572,0,1
UMKM-03573,71,16809276,12,2.9,0.0,161109.0,0.0,0,0,0,0,0,0,0,1,0,0.4,0.0,233462.16666666666,0,1
UMKM-03575,63,20244209,10,1.1,30.0,407520.0,1.0,0,0,0,0,0,0,0,0,0,0.3333333333333333,0.46875,316315.765625,1,1
UMKM-03576,52,2115059,25,3.2,0.0,382110.0,1.0,0,0,0,0,0,0,0,0,1,0.8333333333333334,0.0,39906.77358490566,0,1
UMKM-03577,100,31429209,20,1.6,5.0,87621.0,1.0,0,0,0,0,0,0,1,0,0,0.6666666666666666,0.04950495049504951,311180.28712871287,0,1
UMKM-03578,38,43342809,1,1.7,0.0,164595.0,0.0,0,0,0,0,0,0,1,0,0,0.03333333333333333,0.0,1111354.076923077,0,1
UMKM-03580,50,23116104,19,3.0,5.0,211511.0,4.0,1,0,1,0,0,1,0,0,0,0.6333333333333333,0.09803921568627451,453256.9411764706,0,1
UMKM-03581,37,27258748,16,2.1,0.0,144071.0,0.0,0,0,0,0,0,1,0,0,0,0.5333333333333333,0.0,717335.4736842106,0,1
UMKM-03582,83,5920851,15,1.5,0.0,0.0,0.0,0,0,0,1,0,0,0,0,0,0.5,0.0,70486.32142857143,0,0
UMKM-03584,95,4472108,4,1.5,0.0,0.0,0.0,2,1,0,1,0,1,0,0,0,0.13333333333333333,0.0,46584.458333333336,0,0
UMKM-03585,24,5925233,13,2.4,0.0,248201.0,3.0,0,0,0,0,0,1,0,0,0,0.43333333333333335,0.0,237009.32,0,1
UMKM-03586,65,11175568,23,2.2,2.0,163089.0,1.0,0,0,0,0,0,0,0,0,1,0.7666666666666667,0.030303030303030304,169326.78787878787,0,1
UMKM-03587,64,6768076,3,4.5,0.0,406335.0,0.0,0,0,0,0,0,0,0,0,1,0.1,0.0,104124.24615384615,0,1
UMKM-03588,112,40049611,23,3.0,5.0,404286.0,0.0,0,0,1,0,0,0,0,0,1,0.7666666666666667,0.04424778761061947,354421.33628318587,0,1
UMKM-03589,49,37901385,8,1.5,2.0,0.0,1.0,0,0,0,1,0,1,0,0,0,0.26666666666666666,0.04,758027.7,0,0
UMKM-03590,61,2156928,2,3.0,5.0,328085.0,0.0,1,0,1,0,0,1,0,0,0,0.06666666666666667,0.08064516129032258,34789.16129032258,0,1
UMKM-03591,7,21018911,8,3.9,0.0,0.0,3.0,1,1,0,1,0,1,0,0,0,0.26666666666666666,0.0,2627363.875,0,0
UMKM-03594,51,32441685,18,1.5,0.0,105590.0,0.0,0,1,0,0,0,1,0,0,0,0.6,0.0,623878.5576923077,0,0
UMKM-03595,18,13694801,23,2.5,0.0,0.0,2.0,0,0,0,1,0,1,0,0,0,0.7666666666666667,0.0,720779.0,0,0
UMKM-03596,47,30341377,3,3.4,5.0,442057.0,0.0,0,0,0,0,0,0,0,0,1,0.1,0.10416666666666667,632112.0208333334,0,1
UMKM-03597,64,47399407,8,3.0,5.0,406775.0,0.0,0,0,1,0,0,0,0,0,1,0.26666666666666666,0.07692307692307693,729221.6461538462,0,1
UMKM-03599,54,33420104,0,3.2,0.0,473723.0,0.0,1,0,0,0,0,1,0,0,0,0.0,0.0,607638.2545454545,0,1
UMKM-03601,43,29357657,9,3.5,2.0,410458.0,0.0,0,0,0,0,0,1,0,0,0,0.3,0.045454545454545456,667219.4772727273,0,1
UMKM-03602,36,8763412,11,3.6,0.0,146602.0,0.0,0,0,0,0,0,1,0,0,0,0.36666666666666664,0.0,236848.97297297296,0,1
UMKM-03603,70,38881693,17,3.0,2.0,396070.0,1.0,1,0,1,0,0,1,0,0,0,0.5666666666666667,0.028169014084507043,547629.4788732395,0,1
UMKM-03604,107,46015515,13,2.6,0.0,442019.0,2.0,1,0,0,0,0,0,0,1,0,0.43333333333333335,0.0,426069.5833333333,0,1
UMKM-03605,94,32458329,9,3.2,0.0,374612.0,0.0,1,0,0,0,0,0,0,1,0,0.3,0.0,341666.6210526316,0,1
UMKM-03606,60,5771873,9,2.1,0.0,375324.0,0.0,0,0,0,0,0,0,0,0,1,0.3,0.0,94620.86885245901,0,1
UMKM-03607,5,25422663,17,2.1,0.0,307393.0,0.0,1,1,0,0,0,0,0,0,1,0.5666666666666667,0.0,4237110.5,0,0
UMKM-03608,97,29378249,23,1.2,2.0,195656.0,3.0,2,0,0,0,0,0,1,0,0,0.7666666666666667,0.02040816326530612,299778.05102040817,0,1
UMKM-03609,92,47596911,0,2.1,2.0,238850.0,3.0,0,0,0,0,0,0,0,1,0,0.0,0.021505376344086023,511794.7419354839,0,1
UMKM-03610,84,2085110,29,1.3,0.0,176371.0,1.0,1,1,0,0,0,0,0,0,0,0.9666666666666667,0.0,24530.70588235294,0,0
UMKM-03611,12,10530218,14,4.9,2.0,465848.0,3.0,0,0,0,0,0,0,0,0,0,0.4666666666666667,0.15384615384615385,810016.7692307692,0,1
UMKM-03612,79,41952561,7,3.5,0.0,68673.0,2.0,0,1,0,0,0,0,0,0,1,0.23333333333333334,0.0,524407.0125,0,0
UMKM-03614,98,49786062,17,1.5,15.0,331094.0,0.0,2,0,0,0,0,1,0,0,0,0.5666666666666667,0.15151515151515152,502889.51515151514,1,1
UMKM-03616,40,42255781,15,2.2,15.0,392744.0,0.0,2,0,0,0,0,0,0,0,1,0.5,0.36585365853658536,1030628.8048780488,1,1
UMKM-03617,38,35379158,20,2.1,30.0,333691.0,1.0,2,0,0,0,0,1,0,0,0,0.6666666666666666,0.7692307692307693,907157.8974358974,1,1
UMKM-03618,16,6840445,14,2.9,0.0,147305.0,1.0,0,0,0,0,0,0,1,0,0,0.4666666666666667,0.0,402379.1176470588,0,1
UMKM-03619,47,13547682,4,4.7,0.0,103027.0,1.0,0,0,0,0,0,0,0,0,0,0.13333333333333333,0.0,282243.375,0,1
UMKM-03621,88,29903310,6,3.1,0.0,245163.0,2.0,0,0,0,0,0,0,0,0,1,0.2,0.0,335992.2471910112,0,1
UMKM-03622,108,39294580,6,4.2,5.0,228603.0,0.0,0,0,0,0,0,0,1,0,0,0.2,0.045871559633027525,360500.7339449541,0,1
UMKM-03623,101,40764671,26,1.0,0.0,484443.0,0.0,0,0,0,0,0,1,0,0,0,0.8666666666666667,0.0,399653.637254902,0,1
UMKM-03624,119,33030654,24,1.8,0.0,228755.0,0.0,0,1,0,0,1,0,0,0,1,0.8,0.0,275255.45,0,0
UMKM-03625,118,10062875,21,3.0,0.0,499387.0,0.0,0,0,0,0,0,1,0,0,0,0.7,0.0,84561.97478991597,0,1
UMKM-03626,24,12258447,12,3.8,2.0,191462.0,0.0,0,0,0,0,0,0,0,1,0,0.4,0.08,490337.88,0,1
UMKM-03627,2,19814991,16,2.9,0.0,455095.0,1.0,0,0,0,0,0,1,0,0,0,0.5333333333333333,0.0,6604997.0,0,1
UMKM-03630,105,15594753,12,2.3,0.0,432749.0,2.0,1,0,0,0,0,0,1,0,0,0.4,0.0,147120.31132075473,0,1
UMKM-03631,67,46069813,25,4.2,0.0,0.0,3.0,0,0,0,1,0,0,1,0,0,0.8333333333333334,0.0,677497.25,0,0
UMKM-03632,109,22595276,8,4.6,30.0,230738.0,0.0,1,0,0,0,0,0,0,1,0,0.26666666666666666,0.2727272727272727,205411.6,1,1
UMKM-03633,14,37471403,4,2.4,0.0,133663.0,0.0,2,0,0,0,0,0,1,0,0,0.13333333333333333,0.0,2498093.533333333,0,1
UMKM-03636,13,3613456,3,4.6,2.0,471723.0,0.0,2,0,0,0,0,0,0,0,1,0.1,0.14285714285714285,258104.0,0,1
UMKM-03638,69,5266660,25,4.7,2.0,229627.0,1.0,0,0,0,0,0,0,0,1,0,0.8333333333333334,0.02857142857142857,75238.0,0,1
UMKM-03639,73,7551381,3,1.3,2.0,149752.0,0.0,1,0,0,0,0,0,0,0,1,0.1,0.02702702702702703,102045.68918918919,0,1
UMKM-03640,66,17616818,15,4.2,0.0,459798.0,0.0,0,0,0,0,0,1,0,0,0,0.5,0.0,262937.58208955225,0,1
UMKM-03642,81,35163351,21,1.7,0.0,441046.0,0.0,0,0,0,0,0,0,1,0,0,0.7,0.0,428821.35365853657,0,1
UMKM-03646,20,17585982,24,1.9,2.0,0.0,0.0,0,0,0,1,1,0,0,0,0,0.8,0.09523809523809523,837427.7142857143,0,0
UMKM-03647,21,6924216,7,3.0,0.0,137633.0,3.0,0,0,1,0,0,0,0,0,1,0.23333333333333334,0.0,314737.0909090909,0,1
UMKM-03648,56,11155660,16,2.6,0.0,498111.0,0.0,0,0,0,0,0,0,0,1,0,0.5333333333333333,0.0,195713.33333333334,0,1
UMKM-03649,77,43283862,17,2.6,0.0,229046.0,0.0,1,0,0,0,0,1,0,0,0,0.5666666666666667,0.0,554921.3076923077,0,1
UMKM-03650,44,5704863,11,2.8,2.0,454500.0,0.0,0,0,0,0,0,0,0,0,1,0.36666666666666664,0.044444444444444446,126774.73333333334,0,1
UMKM-03652,23,22217984,22,3.4,2.0,179278.0,0.0,0,0,0,0,0,1,0,0,0,0.7333333333333333,0.08333333333333333,925749.3333333334,0,1
UMKM-03653,33,16531310,11,1.1,5.0,135424.0,0.0,0,0,0,0,0,0,1,0,0,0.36666666666666664,0.14705882352941177,486215.0,0,1
UMKM-03654,54,6276473,10,3.1,2.0,483656.0,0.0,0,0,0,0,0,0,1,0,0,0.3333333333333333,0.03636363636363636,114117.6909090909,0,1
UMKM-03655,35,1115064,12,3.0,0.0,489322.0,0.0,0,0,1,0,0,0,0,0,1,0.4,0.0,30974.0,0,1
UMKM-03657,77,45093557,26,2.7,0.0,71009.0,0.0,0,0,0,0,0,0,1,0,0,0.8666666666666667,0.0,578122.5256410256,0,1
UMKM-03658,95,48950852,24,2.8,0.0,270082.0,0.0,1,1,0,0,0,0,1,0,0,0.8,0.0,509904.7083333333,0,0
UMKM-03660,91,31629215,2,2.9,0.0,251960.0,4.0,2,0,0,0,0,0,0,0,1,0.06666666666666667,0.0,343795.8152173913,0,1
UMKM-03661,105,44483890,24,3.0,0.0,92290.0,0.0,1,1,1,0,0,1,0,0,0,0.8,0.0,419659.3396226415,0,0
UMKM-03663,17,17694935,9,4.1,0.0,418318.0,0.0,0,0,0,0,0,0,0,0,0,0.3,0.0,983051.9444444445,0,1
UMKM-03664,1,48665791,16,2.3,0.0,148727.0,1.0,2,0,0,0,0,1,0,0,0,0.5333333333333333,0.0,24332895.5,0,1
UMKM-03665,20,15887035,2,2.7,2.0,213989.0,0.0,1,0,0,0,0,0,1,0,0,0.06666666666666667,0.09523809523809523,756525.4761904762,0,1
UMKM-03667,6,36755284,21,4.7,30.0,469305.0,0.0,0,0,0,0,0,0,1,0,0,0.7,4.285714285714286,5250754.857142857,1,1
UMKM-03670,100,45881364,26,3.8,2.0,407422.0,0.0,0,0,0,0,0,0,0,0,1,0.8666666666666667,0.019801980198019802,454270.9306930693,0,1
UMKM-03672,111,20881016,19,2.0,0.0,107247.0,2.0,1,0,0,0,0,0,0,0,0,0.6333333333333333,0.0,186437.64285714287,0,1
UMKM-03673,63,35893050,17,2.2,0.0,164826.0,4.0,1,0,0,0,0,0,0,0,0,0.5666666666666667,0.0,560828.90625,0,1
UMKM-03674,43,8735167,12,2.5,2.0,351977.0,0.0,1,0,0,0,0,0,0,0,0,0.4,0.045454545454545456,198526.52272727274,0,1
UMKM-03677,16,26539745,9,3.0,0.0,396125.0,1.0,0,0,1,0,0,0,0,0,1,0.3,0.0,1561161.4705882352,0,1
UMKM-03679,7,47184347,28,2.7,30.0,159314.0,0.0,2,0,0,0,0,0,0,1,0,0.9333333333333333,3.75,5898043.375,1,1
UMKM-03680,22,8912798,5,1.9,15.0,96827.0,0.0,1,0,0,0,0,0,1,0,0,0.16666666666666666,0.6521739130434783,387512.95652173914,1,1
UMKM-03682,101,45748613,10,3.0,2.0,63830.0,0.0,1,0,1,0,0,0,1,0,0,0.3333333333333333,0.0196078431372549,448515.8137254902,0,1
UMKM-03683,17,31803919,24,1.2,0.0,418629.0,3.0,1,1,0,0,0,0,0,0,1,0.8,0.0,1766884.388888889,0,0
UMKM-03686,12,18547664,29,1.7,0.0,55696.0,0.0,1,0,0,0,0,1,0,0,0,0.9666666666666667,0.0,1426743.3846153845,0,1
UMKM-03687,108,13040556,19,1.7,5.0,378422.0,0.0,0,0,0,0,0,1,0,0,0,0.6333333333333333,0.045871559633027525,119638.12844036697,0,1
UMKM-03689,24,17747076,15,4.2,30.0,480165.0,0.0,2,0,0,0,1,0,0,0,1,0.5,1.2,709883.04,1,1
UMKM-03690,20,38373560,30,2.1,0.0,455641.0,0.0,0,0,0,0,0,0,0,0,1,1.0,0.0,1827312.380952381,0,1
UMKM-03691,10,25903926,28,4.2,2.0,225569.0,0.0,1,0,0,0,0,1,0,0,0,0.9333333333333333,0.18181818181818182,2354902.3636363638,0,1
UMKM-03692,71,6274033,5,3.2,2.0,107420.0,0.0,0,0,0,0,0,0,0,0,1,0.16666666666666666,0.027777777777777776,87139.34722222222,0,1
UMKM-03693,33,26300235,28,3.0,5.0,281367.0,0.0,0,0,1,0,0,0,0,0,0,0.9333333333333333,0.14705882352941177,773536.3235294118,0,1
UMKM-03694,27,38706342,31,3.2,2.0,202712.0,0.0,1,0,0,0,0,0,0,0,1,1.0333333333333334,0.07142857142857142,1382369.357142857,0,1
UMKM-03695,20,20454894,8,2.3,0.0,283081.0,0.0,0,0,0,0,0,0,1,0,0,0.26666666666666666,0.0,974042.5714285715,0,1
UMKM-03697,59,46404783,22,3.9,0.0,292439.0,4.0,2,0,0,0,0,1,0,0,0,0.7333333333333333,0.0,773413.05,0,1
UMKM-03698,107,30656879,15,2.9,0.0,411464.0,1.0,0,0,0,0,0,0,0,0,1,0.5,0.0,283859.99074074073,0,1
UMKM-03699,32,1052055,17,3.5,0.0,174434.0,2.0,1,1,0,0,0,0,0,0,0,0.5666666666666667,0.0,31880.454545454544,0,0
UMKM-03702,0,15039994,1,2.7,2.0,418722.0,3.0,1,0,0,0,0,0,0,0,1,0.03333333333333333,2.0,15039994.0,0,1
UMKM-03703,40,2136263,9,2.3,5.0,97150.0,4.0,2,0,0,0,0,0,0,0,1,0.3,0.12195121951219512,52103.9756097561,0,1
UMKM-03704,44,17055862,11,5.0,5.0,207183.0,0.0,0,0,0,0,0,0,1,0,0,0.36666666666666664,0.1111111111111111,379019.15555555554,0,1
UMKM-03705,32,12931243,17,3.0,2.0,218365.0,3.0,0,0,1,0,0,0,1,0,0,0.5666666666666667,0.06060606060606061,391855.8484848485,0,1
UMKM-03706,100,3497838,18,1.4,0.0,153513.0,0.0,0,1,0,0,0,0,0,0,1,0.6,0.0,34632.05940594059,0,0
UMKM-03709,21,6129584,26,2.2,5.0,145896.0,1.0,0,0,0,0,0,0,0,0,1,0.8666666666666667,0.22727272727272727,278617.45454545453,0,1
UMKM-03710,35,23539942,13,2.8,0.0,258285.0,1.0,0,0,0,0,0,0,1,0,0,0.43333333333333335,0.0,653887.2777777778,0,1
UMKM-03713,68,10989056,1,4.9,0.0,316897.0,0.0,0,0,0,0,0,0,0,1,0,0.03333333333333333,0.0,159261.6811594203,0,1
UMKM-03716,56,2838346,18,4.3,0.0,476781.0,1.0,0,0,0,0,0,0,0,0,0,0.6,0.0,49795.54385964912,0,1
UMKM-03717,23,41957065,26,3.0,30.0,205724.0,0.0,1,0,1,0,0,1,0,0,0,0.8666666666666667,1.25,1748211.0416666667,1,1
UMKM-03718,52,30496687,29,4.0,0.0,400288.0,0.0,0,0,0,0,0,0,0,1,0,0.9666666666666667,0.0,575409.1886792453,0,1
UMKM-03719,64,32493562,6,4.5,0.0,262748.0,0.0,0,0,0,0,1,0,0,0,1,0.2,0.0,499900.95384615386,0,1
UMKM-03720,72,8566169,26,3.6,15.0,0.0,3.0,2,0,0,1,0,0,0,0,0,0.8666666666666667,0.2054794520547945,117344.78082191781,1,0
UMKM-03721,16,29689143,20,2.3,0.0,400761.0,0.0,0,0,0,0,0,1,0,0,0,0.6666666666666666,0.0,1746420.1764705882,0,1
UMKM-03722,112,7911542,6,4.7,2.0,60875.0,1.0,0,0,0,0,0,0,0,0,1,0.2,0.017699115044247787,70013.64601769911,0,1
UMKM-03723,0,44985936,24,4.5,15.0,140853.0,0.0,2,0,0,0,0,0,0,0,1,0.8,15.0,44985936.0,1,1
UMKM-03725,33,10053883,17,3.0,5.0,215065.0,0.0,0,0,1,0,0,0,0,0,1,0.5666666666666667,0.14705882352941177,295702.4411764706,0,1
UMKM-03728,8,13593459,31,2.0,0.0,422842.0,0.0,0,0,0,0,0,1,0,0,0,1.0333333333333334,0.0,1510384.3333333333,0,1
UMKM-03729,16,10788041,24,3.1,0.0,129139.0,0.0,2,0,0,0,0,1,0,0,0,0.8,0.0,634590.6470588235,0,1
UMKM-03730,45,48166637,13,5.0,2.0,350834.0,3.0,1,0,0,0,0,0,0,0,0,0.43333333333333335,0.043478260869565216,1047100.804347826,0,1
UMKM-03733,65,21288665,3,2.8,0.0,52646.0,0.0,2,0,0,0,1,1,0,0,0,0.1,0.0,322555.5303030303,0,1
UMKM-03735,44,45672241,17,4.4,0.0,265723.0,2.0,0,0,0,0,0,0,1,0,0,0.5666666666666667,0.0,1014938.6888888889,0,1
UMKM-03736,83,3180122,9,3.0,0.0,0.0,0.0,0,0,1,1,0,1,0,0,0,0.3,0.0,37858.59523809524,0,0
UMKM-03740,4,47697209,22,4.5,30.0,148718.0,0.0,2,0,0,0,0,1,0,0,0,0.7333333333333333,6.0,9539441.8,1,1
UMKM-03741,111,10440105,24,2.6,5.0,159702.0,0.0,0,0,0,0,0,0,1,0,0,0.8,0.044642857142857144,93215.22321428571,0,1
UMKM-03742,49,37573764,0,1.1,2.0,272726.0,0.0,1,0,0,0,0,0,0,1,0,0.0,0.04,751475.28,0,1
UMKM-03743,117,1479177,17,3.0,0.0,140883.0,0.0,0,0,1,0,1,0,1,0,0,0.5666666666666667,0.0,12535.398305084746,0,1
UMKM-03744,3,35075749,14,4.7,0.0,234703.0,3.0,0,0,0,0,0,0,0,0,0,0.4666666666666667,0.0,8768937.25,0,1
UMKM-03745,73,21603778,24,3.8,15.0,89967.0,0.0,1,0,0,0,0,1,0,0,0,0.8,0.20270270270270271,291942.9459459459,1,1
UMKM-03746,46,49884318,31,3.9,0.0,224619.0,0.0,0,0,0,0,0,1,0,0,0,1.0333333333333334,0.0,1061368.4680851065,0,1
UMKM-03748,19,4926888,16,3.0,0.0,358995.0,0.0,0,0,1,0,1,0,0,0,0,0.5333333333333333,0.0,246344.4,0,1
UMKM-03749,7,3024676,10,3.0,0.0,75062.0,3.0,1,0,1,0,0,0,0,0,1,0.3333333333333333,0.0,378084.5,0,1
UMKM-03750,92,13655740,12,1.7,5.0,109123.0,1.0,0,0,0,0,0,0,0,0,1,0.4,0.053763440860215055,146835.91397849462,0,1
UMKM-03751,45,26813761,24,4.9,0.0,254140.0,1.0,0,0,0,0,0,0,0,0,1,0.8,0.0,582907.8478260869,0,1
UMKM-03752,52,14982694,19,2.4,0.0,401373.0,2.0,2,0,0,0,0,0,0,0,1,0.6333333333333333,0.0,282692.3396226415,0,1
UMKM-03753,28,41069281,24,2.3,0.0,451437.0,0.0,1,0,0,0,0,0,0,0,1,0.8,0.0,1416182.103448276,0,1
UMKM-03757,100,5878154,0,2.0,5.0,317333.0,0.0,1,0,0,0,0,0,1,0,0,0.0,0.04950495049504951,58199.544554455446,0,1
UMKM-03758,114,47259881,15,4.2,0.0,152518.0,1.0,0,0,0,0,0,1,0,0,0,0.5,0.0,410955.48695652175,0,1
UMKM-03759,53,32511086,27,2.6,2.0,445590.0,0.0,2,0,0,0,0,1,0,0,0,0.9,0.037037037037037035,602057.1481481482,0,1
UMKM-03760,64,49103684,20,3.0,5.0,250591.0,1.0,1,0,1,0,0,1,0,0,0,0.6666666666666666,0.07692307692307693,755441.2923076923,0,1
UMKM-03761,113,25717528,29,3.6,0.0,454549.0,3.0,0,1,0,0,0,0,0,1,0,0.9666666666666667,0.0,225592.35087719298,0,0
UMKM-03762,42,14915952,2,4.0,0.0,246815.0,2.0,0,0,0,0,0,0,0,0,1,0.06666666666666667,0.0,346882.6046511628,0,1
UMKM-03764,107,48969060,5,4.9,0.0,0.0,1.0,0,0,0,1,0,1,0,0,0,0.16666666666666666,0.0,453417.22222222225,0,0
UMKM-03766,61,12729096,28,1.0,0.0,59173.0,0.0,0,0,0,0,0,1,0,0,0,0.9333333333333333,0.0,205308.0,0,1
UMKM-03767,76,16225106,2,2.7,0.0,447518.0,0.0,0,0,0,0,0,0,0,0,1,0.06666666666666667,0.0,210715.66233766233,0,1
UMKM-03769,67,40459879,10,3.0,0.0,220751.0,3.0,0,1,1,0,0,0,1,0,0,0.3333333333333333,0.0,594998.2205882353,0,0
UMKM-03771,70,30578939,4,2.3,0.0,469963.0,2.0,0,1,0,0,0,1,0,0,0,0.13333333333333333,0.0,430689.28169014084,0,0
UMKM-03773,61,49845865,17,2.1,30.0,433985.0,4.0,2,0,0,0,0,0,1,0,0,0.5666666666666667,0.4838709677419355,803965.5645161291,1,1
UMKM-03774,5,44802064,19,3.9,0.0,393246.0,0.0,0,1,0,0,0,0,0,0,1,0.6333333333333333,0.0,7467010.666666667,0,0
UMKM-03777,62,21440391,27,3.0,0.0,464640.0,0.0,0,0,1,0,0,0,0,0,1,0.9,0.0,340323.6666666667,0,1
UMKM-03778,63,23927424,12,3.0,2.0,264401.0,0.0,0,0,1,0,0,0,0,0,0,0.4,0.03125,373866.0,0,1
UMKM-03780,85,19797364,15,4.3,0.0,350784.0,0.0,0,0,0,0,0,1,0,0,0,0.5,0.0,230201.90697674418,0,1
UMKM-03781,86,2160675,24,1.1,0.0,326626.0,0.0,0,0,0,0,0,0,1,0,0,0.8,0.0,24835.344827586207,0,1
UMKM-03782,57,23695558,9,2.3,5.0,402196.0,2.0,1,0,0,0,0,1,0,0,0,0.3,0.08620689655172414,408544.1034482759,0,1
UMKM-03783,23,5036589,28,2.7,2.0,170963.0,2.0,1,0,0,0,0,0,0,0,1,0.9333333333333333,0.08333333333333333,209857.875,0,1
UMKM-03785,6,22550141,19,3.0,0.0,106145.0,0.0,0,0,0,0,0,0,0,0,1,0.6333333333333333,0.0,3221448.714285714,0,1
UMKM-03786,71,36604708,25,2.1,2.0,201655.0,4.0,2,0,0,0,0,0,0,0,1,0.8333333333333334,0.027777777777777776,508398.72222222225,0,1
UMKM-03787,35,33683027,31,2.6,0.0,429432.0,1.0,0,0,0,0,0,0,1,0,0,1.0333333333333334,0.0,935639.6388888889,0,1
UMKM-03790,39,37804492,23,1.2,15.0,54857.0,2.0,2,0,0,0,0,0,0,1,0,0.7666666666666667,0.375,945112.3,1,1
UMKM-03791,74,25784815,30,3.0,0.0,0.0,0.0,0,0,1,1,0,0,0,0,0,1.0,0.0,343797.5333333333,0,0
UMKM-03793,18,32987904,11,2.1,0.0,434638.0,2.0,1,0,0,0,0,0,0,0,1,0.36666666666666664,0.0,1736205.4736842106,0,1
UMKM-03795,16,8021982,9,2.4,2.0,319642.0,3.0,0,0,0,0,0,1,0,0,0,0.3,0.11764705882352941,471881.29411764705,0,1
UMKM-03796,94,48465320,5,4.0,0.0,218879.0,1.0,0,0,0,0,0,0,1,0,0,0.16666666666666666,0.0,510161.2631578947,0,1
UMKM-03797,5,20629173,6,1.2,0.0,206495.0,2.0,1,0,0,0,0,0,0,0,1,0.2,0.0,3438195.5,0,1
UMKM-03798,113,41026777,30,4.7,0.0,495311.0,4.0,0,0,0,0,0,1,0,0,0,1.0,0.0,359884.00877192983,0,1
UMKM-03799,52,19325712,26,1.7,30.0,156371.0,4.0,2,0,0,0,0,0,0,0,0,0.8666666666666667,0.5660377358490566,364636.07547169813,1,1
UMKM-03800,40,1295863,7,3.0,0.0,94180.0,2.0,1,0,1,0,0,0,0,0,1,0.23333333333333334,0.0,31606.414634146342,0,1
UMKM-03801,23,28308680,2,4.4,0.0,353272.0,2.0,1,0,0,0,0,0,1,0,0,0.06666666666666667,0.0,1179528.3333333333,0,1
UMKM-03803,106,32799415,20,1.4,0.0,280360.0,2.0,1,1,0,0,0,0,1,0,0,0.6666666666666666,0.0,306536.5887850467,0,0
UMKM-03804,112,42751154,0,4.6,30.0,149411.0,0.0,1,0,0,0,0,0,1,0,0,0.0,0.26548672566371684,378328.796460177,1,1
UMKM-03806,54,1226884,14,3.5,0.0,107450.0,0.0,0,0,0,0,0,1,0,0,0,0.4666666666666667,0.0,22306.98181818182,0,1
UMKM-03807,89,4417932,6,1.3,15.0,95940.0,0.0,0,0,0,0,0,0,1,0,0,0.2,0.16666666666666666,49088.13333333333,1,1
UMKM-03808,36,8339096,14,3.0,5.0,106584.0,0.0,1,0,1,0,0,1,0,0,0,0.4666666666666667,0.13513513513513514,225380.97297297296,0,1
UMKM-03809,99,16604223,24,2.8,0.0,191342.0,3.0,1,1,0,0,0,1,0,0,0,0.8,0.0,166042.23,0,0
UMKM-03810,37,5506371,2,3.4,0.0,311875.0,2.0,1,0,0,0,0,1,0,0,0,0.06666666666666667,0.0,144904.5,0,1
UMKM-03811,74,1078563,29,3.1,0.0,316486.0,1.0,0,1,0,0,0,0,0,0,1,0.9666666666666667,0.0,14380.84,0,0
UMKM-03812,68,34165246,13,2.8,0.0,356077.0,1.0,0,0,0,0,0,0,1,0,0,0.43333333333333335,0.0,495148.49275362317,0,1
UMKM-03813,43,40059069,3,3.0,2.0,379233.0,0.0,0,0,1,0,1,1,0,0,0,0.1,0.045454545454545456,910433.3863636364,0,1
UMKM-03815,26,2372407,2,1.6,0.0,205560.0,1.0,1,0,0,0,0,0,0,0,1,0.06666666666666667,0.0,87866.92592592593,0,1
UMKM-03816,58,19910859,4,3.9,2.0,146279.0,1.0,1,0,0,0,0,0,0,0,1,0.13333333333333333,0.03389830508474576,337472.18644067796,0,1
UMKM-03817,109,29013885,24,1.3,0.0,165185.0,4.0,0,0,0,0,0,1,0,0,0,0.8,0.0,263762.5909090909,0,1
UMKM-03819,18,29657474,10,3.0,2.0,488575.0,0.0,1,0,1,0,1,1,0,0,0,0.3333333333333333,0.10526315789473684,1560919.6842105263,0,1
UMKM-03820,81,24990957,7,3.0,2.0,182493.0,0.0,0,0,1,0,0,0,0,0,1,0.23333333333333334,0.024390243902439025,304767.76829268294,0,1
UMKM-03821,60,35623456,25,4.7,0.0,250082.0,0.0,0,0,0,0,0,0,0,0,0,0.8333333333333334,0.0,583991.0819672131,0,1
UMKM-03822,32,30864521,1,2.1,0.0,242827.0,0.0,1,1,0,0,0,0,0,0,1,0.03333333333333333,0.0,935288.5151515151,0,0
UMKM-03823,25,35916702,27,2.2,2.0,170668.0,0.0,0,0,0,0,0,0,0,0,1,0.9,0.07692307692307693,1381411.6153846155,0,1
UMKM-03824,109,8913614,9,1.9,0.0,365669.0,1.0,0,0,0,0,0,0,1,0,0,0.3,0.0,81032.85454545454,0,1
UMKM-03828,61,1901111,20,4.0,2.0,426217.0,2.0,1,0,0,0,0,1,0,0,0,0.6666666666666666,0.03225806451612903,30663.08064516129,0,1
UMKM-03829,116,33591471,27,4.3,2.0,304307.0,2.0,0,0,0,0,0,0,0,0,1,0.9,0.017094017094017096,287106.58974358975,0,1
UMKM-03832,42,5809073,10,4.9,0.0,387098.0,1.0,0,1,0,0,0,0,1,0,0,0.3333333333333333,0.0,135094.72093023255,0,0
UMKM-03835,61,2620706,0,4.3,0.0,309539.0,0.0,0,1,0,0,0,0,0,0,1,0.0,0.0,42269.45161290323,0,0
UMKM-03837,84,31966709,2,2.5,2.0,274579.0,3.0,0,0,0,0,0,0,1,0,0,0.06666666666666667,0.023529411764705882,376078.9294117647,0,1
UMKM-03838,12,12457860,25,1.8,0.0,406225.0,2.0,1,0,0,0,0,0,1,0,0,0.8333333333333334,0.0,958296.9230769231,0,1
UMKM-03839,3,35325001,14,3.4,2.0,476515.0,0.0,2,0,0,0,0,0,1,0,0,0.4666666666666667,0.5,8831250.25,0,1
UMKM-03841,81,8813516,13,3.0,0.0,198747.0,1.0,0,1,1,0,0,0,0,0,1,0.43333333333333335,0.0,107481.90243902439,0,0
UMKM-03842,15,17182143,22,3.0,0.0,397188.0,0.0,1,0,1,0,1,0,1,0,0,0.7333333333333333,0.0,1073883.9375,0,1
UMKM-03843,115,28390898,7,1.8,2.0,431712.0,0.0,0,0,0,0,0,0,0,0,1,0.23333333333333334,0.017241379310344827,244749.12068965516,0,1
UMKM-03845,15,12879882,19,4.4,0.0,59319.0,0.0,0,1,0,0,1,1,0,0,0,0.6333333333333333,0.0,804992.625,0,0
UMKM-03846,21,6547631,5,1.8,0.0,488423.0,4.0,1,0,0,0,0,0,0,1,0,0.16666666666666666,0.0,297619.5909090909,0,1
UMKM-03848,117,25130071,27,1.3,0.0,276980.0,0.0,0,0,0,0,0,0,0,0,0,0.9,0.0,212966.7033898305,0,1
UMKM-03850,113,13044455,29,1.6,0.0,161464.0,3.0,1,0,0,0,0,0,0,1,0,0.9666666666666667,0.0,114425.04385964913,0,1
UMKM-03852,94,11736236,16,2.1,0.0,149411.0,4.0,1,0,0,0,0,1,0,0,0,0.5333333333333333,0.0,123539.32631578947,0,1
UMKM-03853,22,41952235,8,4.3,2.0,350339.0,0.0,0,0,0,0,0,1,0,0,0,0.26666666666666666,0.08695652173913043,1824010.2173913044,0,1
UMKM-03854,39,7277609,27,4.7,2.0,366566.0,1.0,0,0,0,0,0,0,0,0,1,0.9,0.05,181940.225,0,1
UMKM-03855,11,48855970,6,2.6,0.0,423284.0,2.0,1,0,0,0,0,0,0,1,0,0.2,0.0,4071330.8333333335,0,1
UMKM-03856,117,9165571,27,1.5,2.0,359705.0,0.0,2,0,0,0,0,0,0,0,1,0.9,0.01694915254237288,77674.33050847458,0,1
UMKM-03857,34,4727904,16,1.9,0.0,416944.0,0.0,1,1,0,0,0,0,0,0,0,0.5333333333333333,0.0,135082.9714285714,0,0
UMKM-03861,70,38916341,4,1.1,2.0,78879.0,1.0,1,0,0,0,0,0,0,0,1,0.13333333333333333,0.028169014084507043,548117.4788732395,0,1
UMKM-03862,97,24585426,4,4.0,0.0,203137.0,1.0,0,0,0,0,0,0,0,0,0,0.13333333333333333,0.0,250871.693877551,0,1
UMKM-03863,70,7216618,13,3.0,2.0,328235.0,1.0,1,0,0,0,0,1,0,0,0,0.43333333333333335,0.028169014084507043,101642.50704225352,0,1
UMKM-03864,60,23349834,5,4.6,0.0,193819.0,4.0,0,0,0,0,0,1,0,0,0,0.16666666666666666,0.0,382784.1639344262,0,1
UMKM-03865,114,47673151,6,3.3,5.0,479459.0,1.0,0,0,0,0,0,0,1,0,0,0.2,0.043478260869565216,414549.1391304348,0,1
UMKM-03866,40,39435211,16,2.8,0.0,491902.0,1.0,0,1,0,0,0,1,0,0,0,0.5333333333333333,0.0,961834.4146341464,0,0
UMKM-03867,80,27149594,8,3.7,0.0,494900.0,1.0,0,0,0,0,0,0,0,1,0,0.26666666666666666,0.0,335180.1728395062,0,1
UMKM-03868,81,11487592,30,4.3,0.0,332745.0,2.0,0,0,0,0,0,1,0,0,0,1.0,0.0,140092.58536585365,0,1
UMKM-03869,24,48096216,21,2.1,0.0,478013.0,0.0,0,0,0,0,0,0,0,0,0,0.7,0.0,1923848.64,0,1
UMKM-03871,3,21561154,8,3.0,5.0,170646.0,0.0,0,0,1,0,0,1,0,0,0,0.26666666666666666,1.25,5390288.5,0,1
UMKM-03872,79,33051283,15,1.9,2.0,415866.0,1.0,0,0,0,0,0,0,1,0,0,0.5,0.025,413141.0375,0,1
UMKM-03876,85,38786306,12,3.8,0.0,177871.0,0.0,2,1,0,0,0,0,0,1,0,0.4,0.0,451003.5581395349,0,0
UMKM-03877,107,1481193,18,3.7,0.0,389615.0,0.0,0,0,0,0,0,0,1,0,0,0.6,0.0,13714.75,0,1
UMKM-03878,60,3759127,11,4.3,2.0,94550.0,3.0,0,0,0,0,0,0,1,0,0,0.36666666666666664,0.03278688524590164,61625.03278688525,0,1
UMKM-03880,25,14983877,9,3.6,0.0,186991.0,0.0,2,0,0,0,0,0,0,0,1,0.3,0.0,576302.9615384615,0,1
UMKM-03881,27,1627475,15,2.9,15.0,205865.0,0.0,2,0,0,0,0,0,0,0,0,0.5,0.5357142857142857,58124.107142857145,1,1
UMKM-03882,33,30121418,27,2.3,0.0,348327.0,3.0,2,0,0,0,0,0,0,0,1,0.9,0.0,885924.0588235294,0,1
UMKM-03883,88,46175647,18,2.4,0.0,400016.0,0.0,0,1,0,0,0,0,0,0,1,0.6,0.0,518827.4943820225,0,0
UMKM-03885,31,11584340,5,2.3,0.0,51716.0,0.0,1,1,0,0,0,0,0,0,1,0.16666666666666666,0.0,362010.625,0,0
UMKM-03886,109,36351787,3,3.0,0.0,270889.0,2.0,1,1,1,0,0,1,0,0,0,0.1,0.0,330470.7909090909,0,0
UMKM-03887,86,29391151,29,3.0,0.0,181361.0,0.0,0,0,1,0,0,1,0,0,0,0.9666666666666667,0.0,337829.3218390805,0,1
UMKM-03889,25,48826978,30,4.9,15.0,491315.0,0.0,2,0,0,0,0,1,0,0,0,1.0,0.5769230769230769,1877960.6923076923,1,1
UMKM-03890,5,4482837,26,2.7,0.0,176148.0,1.0,1,0,0,0,0,0,0,0,1,0.8666666666666667,0.0,747139.5,0,1
UMKM-03892,115,12189741,20,3.8,2.0,113041.0,1.0,1,0,0,0,0,0,0,0,1,0.6666666666666666,0.017241379310344827,105083.97413793103,0,1
UMKM-03894,98,45990622,8,2.2,0.0,378289.0,0.0,2,0,0,0,0,0,0,0,0,0.26666666666666666,0.0,464551.7373737374,0,1
UMKM-03897,93,13773924,20,3.3,15.0,70141.0,0.0,1,0,0,0,0,0,0,0,0,0.6666666666666666,0.1595744680851064,146531.10638297873,1,1
UMKM-03899,97,47300120,23,3.5,0.0,124484.0,1.0,0,0,0,0,0,1,0,0,0,0.7666666666666667,0.0,482654.28571428574,0,1
UMKM-03900,95,20258714,30,1.9,0.0,164289.0,4.0,1,1,0,0,0,0,0,0,1,1.0,0.0,211028.27083333334,0,0
UMKM-03901,15,48607527,5,4.1,5.0,384837.0,2.0,0,0,0,0,0,1,0,0,0,0.16666666666666666,0.3125,3037970.4375,0,1
UMKM-03904,46,8233646,12,4.4,2.0,156849.0,0.0,1,0,0,0,0,0,0,0,0,0.4,0.0425531914893617,175183.95744680852,0,1
UMKM-03905,39,32268475,24,2.4,2.0,225923.0,0.0,0,0,0,0,0,0,0,1,0,0.8,0.05,806711.875,0,1
UMKM-03906,79,23288814,31,2.5,2.0,218170.0,0.0,0,0,0,0,0,0,0,0,1,1.0333333333333334,0.025,291110.175,0,1
UMKM-03907,87,45311069,0,3.8,0.0,173185.0,0.0,0,0,0,0,0,0,0,0,1,0.0,0.0,514898.51136363635,0,1
UMKM-03909,55,34590483,18,1.3,0.0,212105.0,0.0,0,1,0,0,0,0,0,0,1,0.6,0.0,617687.1964285715,0,0
UMKM-03910,32,23097434,11,1.5,0.0,216835.0,0.0,1,0,0,0,0,0,1,0,0,0.36666666666666664,0.0,699922.2424242424,0,1
UMKM-03916,26,30764622,28,1.7,0.0,272393.0,0.0,0,0,0,0,0,1,0,0,0,0.9333333333333333,0.0,1139430.4444444445,0,1
UMKM-03917,20,12467529,15,3.0,0.0,197731.0,0.0,0,1,1,0,0,0,0,0,1,0.5,0.0,593691.8571428572,0,0
UMKM-03918,64,36577294,13,3.7,2.0,457903.0,2.0,1,0,0,0,0,0,1,0,0,0.43333333333333335,0.03076923076923077,562727.6,0,1
UMKM-03919,35,30153399,6,2.2,2.0,56553.0,0.0,1,0,0,0,0,1,0,0,0,0.2,0.05555555555555555,837594.4166666666,0,1
UMKM-03920,115,22783250,5,3.0,0.0,123874.0,1.0,0,0,1,0,0,0,0,0,0,0.16666666666666666,0.0,196407.3275862069,0,1
UMKM-03921,61,18454767,20,3.3,2.0,168236.0,1.0,0,0,0,0,0,0,0,0,1,0.6666666666666666,0.03225806451612903,297657.53225806454,0,1
UMKM-03926,7,4732529,24,4.4,0.0,0.0,0.0,0,1,0,1,0,0,0,0,0,0.8,0.0,591566.125,0,0
UMKM-03927,13,25016455,2,2.9,0.0,255287.0,1.0,0,1,0,0,0,0,0,1,0,0.06666666666666667,0.0,1786889.642857143,0,0
UMKM-03931,51,27439695,10,1.2,0.0,255383.0,0.0,0,0,0,0,0,0,0,1,0,0.3333333333333333,0.0,527686.4423076923,0,1
UMKM-03933,29,4093348,26,1.5,0.0,79287.0,0.0,1,0,0,0,0,0,0,0,1,0.8666666666666667,0.0,136444.93333333332,0,1
UMKM-03935,88,34294467,1,3.0,0.0,261935.0,1.0,0,0,1,0,0,1,0,0,0,0.03333333333333333,0.0,385331.08988764044,0,1
UMKM-03937,92,18382959,1,3.5,0.0,205212.0,3.0,2,0,0,0,0,0,0,0,1,0.03333333333333333,0.0,197666.2258064516,0,1
UMKM-03939,97,35752110,16,2.1,2.0,80657.0,0.0,0,0,0,0,0,0,0,0,1,0.5333333333333333,0.02040816326530612,364817.44897959183,0,1
UMKM-03941,51,12345743,13,4.7,2.0,252499.0,1.0,0,0,0,0,0,0,0,1,0,0.43333333333333335,0.038461538461538464,237418.13461538462,0,1
UMKM-03942,41,24247397,9,4.0,30.0,402211.0,0.0,0,0,0,0,0,1,0,0,0,0.3,0.7142857142857143,577318.9761904762,1,1
UMKM-03946,47,12029513,11,4.5,0.0,359449.0,0.0,1,0,0,0,0,0,0,0,0,0.36666666666666664,0.0,250614.85416666666,0,1
UMKM-03947,78,14117852,31,1.9,0.0,455275.0,0.0,0,0,0,0,0,0,0,1,0,1.0333333333333334,0.0,178706.98734177215,0,1
UMKM-03948,25,7749645,23,3.8,2.0,336865.0,0.0,1,0,0,0,0,1,0,0,0,0.7666666666666667,0.07692307692307693,298063.26923076925,0,1
UMKM-03949,63,34470507,13,2.6,5.0,306769.0,0.0,0,0,0,0,0,0,0,0,1,0.43333333333333335,0.078125,538601.671875,0,1
UMKM-03950,82,7380798,4,1.5,0.0,260859.0,0.0,1,0,0,0,0,0,1,0,0,0.13333333333333333,0.0,88925.27710843373,0,1
UMKM-03951,98,12815651,4,4.1,0.0,477895.0,0.0,0,1,0,0,0,0,1,0,0,0.13333333333333333,0.0,129451.0202020202,0,0
UMKM-03952,112,2235340,31,1.7,2.0,410039.0,1.0,1,0,0,0,0,1,0,0,0,1.0333333333333334,0.017699115044247787,19781.769911504423,0,1
UMKM-03955,82,48902624,3,4.0,0.0,166934.0,1.0,0,0,0,0,0,0,0,0,1,0.1,0.0,589188.2409638554,0,1
UMKM-03956,44,12054356,29,3.0,0.0,457980.0,0.0,0,0,1,0,0,1,0,0,0,0.9666666666666667,0.0,267874.5777777778,0,1
UMKM-03958,118,49124750,16,1.9,5.0,298711.0,0.0,0,0,0,0,0,0,0,0,1,0.5333333333333333,0.04201680672268908,412813.02521008404,0,1
UMKM-03959,10,22133380,2,5.0,5.0,197953.0,0.0,0,0,0,0,0,1,0,0,0,0.06666666666666667,0.45454545454545453,2012125.4545454546,0,1
UMKM-03960,108,4079676,12,4.0,0.0,126676.0,0.0,0,0,0,0,0,0,1,0,0,0.4,0.0,37428.220183486235,0,1
UMKM-03963,71,43569794,17,2.3,0.0,320345.0,0.0,0,0,0,0,0,0,0,1,0,0.5666666666666667,0.0,605136.0277777778,0,1
UMKM-03964,103,26461039,22,1.8,5.0,295360.0,1.0,0,0,0,0,0,1,0,0,0,0.7333333333333333,0.04807692307692308,254433.0673076923,0,1
UMKM-03968,40,43722720,16,4.0,2.0,314960.0,1.0,0,0,0,0,0,1,0,0,0,0.5333333333333333,0.04878048780487805,1066407.8048780488,0,1
UMKM-03971,106,12959322,11,3.0,0.0,0.0,0.0,1,0,1,1,0,0,0,0,1,0.36666666666666664,0.0,121115.15887850468,0,0
UMKM-03972,41,23186567,4,3.0,2.0,415450.0,4.0,1,0,1,0,0,0,1,0,0,0.13333333333333333,0.047619047619047616,552061.119047619,0,1
UMKM-03974,3,33750269,26,3.0,2.0,55235.0,0.0,0,0,1,0,0,0,0,1,0,0.8666666666666667,0.5,8437567.25,0,1
UMKM-03976,108,40323969,12,1.8,5.0,197233.0,0.0,0,0,0,0,0,1,0,0,0,0.4,0.045871559633027525,369944.66972477065,0,1
UMKM-03977,81,25345877,25,3.0,30.0,496634.0,2.0,2,0,1,0,0,0,1,0,0,0.8333333333333334,0.36585365853658536,309096.06097560975,1,1
UMKM-03978,44,37438544,13,3.0,0.0,457763.0,0.0,0,0,1,0,0,0,1,0,0,0.43333333333333335,0.0,831967.6444444444,0,1
UMKM-03979,71,29420358,31,1.4,30.0,179947.0,1.0,2,0,0,0,0,0,1,0,0,1.0333333333333334,0.4166666666666667,408616.0833333333,1,1
UMKM-03980,54,33667242,10,3.2,2.0,271104.0,1.0,0,0,0,0,0,1,0,0,0,0.3333333333333333,0.03636363636363636,612131.6727272727,0,1
UMKM-03982,90,17534820,15,3.0,0.0,489785.0,2.0,0,1,1,0,0,1,0,0,0,0.5,0.0,192690.32967032967,0,0
UMKM-03983,108,27249509,21,2.7,0.0,0.0,2.0,1,1,0,1,0,0,0,0,0,0.7,0.0,249995.49541284403,0,0
UMKM-03984,9,42432671,15,3.1,2.0,308434.0,0.0,0,0,0,0,0,0,0,0,1,0.5,0.2,4243267.1,0,1
UMKM-03985,30,23329738,12,5.0,15.0,366403.0,0.0,2,0,0,0,0,0,0,0,0,0.4,0.4838709677419355,752572.1935483871,1,1
UMKM-03986,107,35920960,11,3.1,0.0,237093.0,2.0,0,0,0,0,0,0,1,0,0,0.36666666666666664,0.0,332601.48148148146,0,1
UMKM-03987,57,37387736,17,3.3,0.0,432552.0,1.0,0,0,0,0,0,1,0,0,0,0.5666666666666667,0.0,644616.1379310344,0,1
UMKM-03988,63,37027571,28,5.0,0.0,387025.0,1.0,0,0,0,0,0,1,0,0,0,0.9333333333333333,0.0,578555.796875,0,1
UMKM-03989,80,37158359,17,5.0,2.0,52070.0,0.0,0,0,0,0,0,0,0,0,1,0.5666666666666667,0.024691358024691357,458745.1728395062,0,1
UMKM-03990,74,27550964,1,2.7,0.0,401410.0,0.0,0,0,0,0,0,0,0,0,1,0.03333333333333333,0.0,367346.18666666665,0,1
UMKM-03991,35,38122282,1,3.0,0.0,415048.0,0.0,1,0,1,0,1,0,0,0,0,0.03333333333333333,0.0,1058952.2777777778,0,1
UMKM-03992,68,35972599,2,2.9,2.0,345832.0,1.0,1,0,0,0,0,1,0,0,0,0.06666666666666667,0.028985507246376812,521342.0144927536,0,1
UMKM-03993,18,20339070,28,3.9,0.0,168170.0,0.0,1,0,0,0,0,0,1,0,0,0.9333333333333333,0.0,1070477.3684210526,0,1
UMKM-03994,76,46155664,7,4.8,0.0,489827.0,2.0,1,0,0,0,0,0,0,0,1,0.23333333333333334,0.0,599424.2077922078,0,1
UMKM-03995,43,44095047,10,2.2,0.0,335000.0,1.0,0,0,0,0,0,1,0,0,0,0.3333333333333333,0.0,1002160.1590909091,0,1
UMKM-03996,12,34969594,11,4.3,0.0,228646.0,0.0,0,0,0,0,0,0,0,1,0,0.36666666666666664,0.0,2689968.769230769,0,1
UMKM-03997,1,29516890,31,3.0,0.0,198899.0,3.0,2,0,1,0,0,0,0,0,1,1.0333333333333334,0.0,14758445.0,0,1
UMKM-03999,84,30387866,8,4.2,0.0,151105.0,1.0,0,0,0,0,0,0,1,0,0,0.26666666666666666,0.0,357504.3058823529,0,1
UMKM-04000,63,42553749,23,2.7,0.0,133695.0,0.0,1,0,0,0,0,0,0,0,1,0.7666666666666667,0.0,664902.328125,0,1
UMKM-04001,54,30417281,15,1.5,0.0,461892.0,0.0,0,0,0,0,0,1,0,0,0,0.5,0.0,553041.4727272728,0,1
UMKM-04002,49,21661252,16,3.0,0.0,53703.0,2.0,0,1,1,0,0,0,0,0,1,0.5333333333333333,0.0,433225.04,0,0
UMKM-04003,10,30421137,21,3.0,0.0,147193.0,1.0,0,0,1,0,0,1,0,0,0,0.7,0.0,2765557.909090909,0,1
UMKM-04004,93,40671682,6,3.2,2.0,476809.0,2.0,1,0,0,0,0,1,0,0,0,0.2,0.02127659574468085,432677.4680851064,0,1
UMKM-04005,84,45926170,9,4.2,0.0,424645.0,0.0,0,0,0,0,0,0,0,0,1,0.3,0.0,540307.8823529412,0,1
UMKM-04006,76,21619856,28,4.8,0.0,156015.0,4.0,0,0,0,0,0,0,0,1,0,0.9333333333333333,0.0,280777.3506493507,0,1
UMKM-04008,17,22767749,23,3.1,0.0,168429.0,1.0,1,1,0,0,0,0,0,0,1,0.7666666666666667,0.0,1264874.9444444445,0,0
UMKM-04009,111,22043462,13,3.2,0.0,205786.0,4.0,1,0,0,0,0,0,0,0,1,0.43333333333333335,0.0,196816.625,0,1
UMKM-04010,8,28381041,13,2.1,2.0,398516.0,0.0,1,0,0,0,0,0,1,0,0,0.43333333333333335,0.2222222222222222,3153449.0,0,1
UMKM-04011,73,42170573,24,2.9,2.0,429091.0,0.0,0,0,0,0,0,0,0,0,1,0.8,0.02702702702702703,569872.6081081082,0,1
UMKM-04012,43,36122798,21,4.8,0.0,395226.0,0.0,0,0,0,0,1,0,1,0,0,0.7,0.0,820972.6818181818,0,1
UMKM-04013,27,10070894,22,3.9,0.0,0.0,4.0,1,1,0,1,0,0,0,0,1,0.7333333333333333,0.0,359674.78571428574,0,0
UMKM-04014,19,1684143,31,1.0,0.0,295358.0,2.0,1,0,0,0,0,1,0,0,0,1.0333333333333334,0.0,84207.15,0,1
UMKM-04015,15,1607648,25,1.5,0.0,216373.0,0.0,2,0,0,0,0,0,1,0,0,0.8333333333333334,0.0,100478.0,0,1
UMKM-04016,11,16896106,26,3.0,0.0,219452.0,1.0,0,0,1,0,0,1,0,0,0,0.8666666666666667,0.0,1408008.8333333333,0,1
UMKM-04018,51,35952068,11,2.9,0.0,156234.0,0.0,0,0,0,0,0,1,0,0,0,0.36666666666666664,0.0,691385.9230769231,0,1
UMKM-04019,101,15377180,18,3.5,2.0,330753.0,0.0,0,0,0,0,0,0,0,0,0,0.6,0.0196078431372549,150756.66666666666,0,1
UMKM-04020,75,33972639,18,2.2,0.0,404816.0,0.0,1,0,0,0,0,1,0,0,0,0.6,0.0,447008.40789473685,0,1
UMKM-04022,8,32198324,31,3.4,0.0,183232.0,0.0,0,0,0,0,0,0,0,0,1,1.0333333333333334,0.0,3577591.5555555555,0,1
UMKM-04023,87,34389637,28,3.8,0.0,238698.0,1.0,0,1,0,0,0,0,0,0,1,0.9333333333333333,0.0,390791.32954545453,0,0
UMKM-04024,14,34692269,20,2.5,0.0,179567.0,1.0,1,0,0,0,0,0,0,0,1,0.6666666666666666,0.0,2312817.933333333,0,1
UMKM-04027,47,28404855,4,4.8,0.0,454387.0,0.0,1,0,0,0,0,0,0,0,1,0.13333333333333333,0.0,591767.8125,0,1
UMKM-04028,97,45050396,11,3.0,0.0,403446.0,1.0,0,0,1,0,0,1,0,0,0,0.36666666666666664,0.0,459697.9183673469,0,1
UMKM-04029,50,40545274,6,4.3,0.0,229030.0,0.0,0,0,0,0,0,0,1,0,0,0.2,0.0,795005.3725490196,0,1
UMKM-04031,76,34970306,1,3.7,0.0,204525.0,1.0,0,0,0,0,0,0,0,0,1,0.03333333333333333,0.0,454159.8181818182,0,1
UMKM-04032,17,5975279,24,1.9,2.0,123429.0,0.0,0,0,0,0,0,1,0,0,0,0.8,0.1111111111111111,331959.94444444444,0,1
UMKM-04033,56,45905946,9,4.0,0.0,332936.0,3.0,2,0,0,0,0,1,0,0,0,0.3,0.0,805367.4736842106,0,1
UMKM-04036,97,20448960,5,2.1,30.0,265510.0,0.0,2,0,0,0,0,1,0,0,0,0.16666666666666666,0.30612244897959184,208662.85714285713,1,1
UMKM-04037,98,46409460,26,2.7,0.0,374738.0,2.0,1,0,0,0,0,0,0,0,1,0.8666666666666667,0.0,468782.42424242425,0,1
UMKM-04039,67,2612850,9,1.4,0.0,50133.0,3.0,0,0,0,0,0,0,0,1,0,0.3,0.0,38424.26470588235,0,1
UMKM-04040,27,13919151,8,1.4,0.0,490838.0,2.0,1,0,0,0,0,0,1,0,0,0.26666666666666666,0.0,497112.53571428574,0,1
UMKM-04041,26,18127641,19,3.7,2.0,268667.0,0.0,1,0,0,0,0,0,0,0,0,0.6333333333333333,0.07407407407407407,671394.1111111111,0,1
UMKM-04046,85,10610804,7,4.0,2.0,423807.0,2.0,1,0,0,0,0,0,0,0,0,0.23333333333333334,0.023255813953488372,123381.44186046511,0,1
UMKM-04047,64,30501881,30,3.7,0.0,368449.0,1.0,0,0,0,0,0,0,1,0,0,1.0,0.0,469259.7076923077,0,1
UMKM-04049,114,34383098,15,4.9,0.0,101689.0,1.0,0,0,0,0,0,0,0,0,1,0.5,0.0,298983.4608695652,0,1
UMKM-04050,95,28497323,27,1.9,2.0,483980.0,0.0,1,0,0,0,0,0,0,0,1,0.9,0.020833333333333332,296847.1145833333,0,1
UMKM-04051,28,34216149,5,1.9,0.0,203440.0,2.0,1,0,0,0,0,0,0,1,0,0.16666666666666666,0.0,1179867.2068965517,0,1
UMKM-04052,78,46509383,31,2.8,2.0,347383.0,1.0,0,0,0,0,0,1,0,0,0,1.0333333333333334,0.02531645569620253,588726.3670886076,0,1
UMKM-04053,19,3783993,27,2.3,0.0,117970.0,1.0,0,0,0,0,0,0,0,1,0,0.9,0.0,189199.65,0,1
UMKM-04054,62,5812585,10,4.9,15.0,0.0,0.0,2,0,0,1,0,0,0,1,0,0.3333333333333333,0.23809523809523808,92263.25396825396,1,0
UMKM-04056,68,18603494,22,3.0,0.0,131559.0,1.0,0,0,1,0,0,1,0,0,0,0.7333333333333333,0.0,269615.85507246375,0,1
UMKM-04057,82,10127634,29,2.5,15.0,265297.0,0.0,2,0,0,0,0,1,0,0,0,0.9666666666666667,0.18072289156626506,122019.68674698795,1,1
UMKM-04058,79,27509140,8,3.0,30.0,177019.0,3.0,2,0,0,0,0,0,0,0,1,0.26666666666666666,0.375,343864.25,1,1
UMKM-04059,5,28891351,27,1.1,0.0,404066.0,2.0,0,1,0,0,0,0,0,0,0,0.9,0.0,4815225.166666667,0,0
UMKM-04060,85,14575703,23,1.3,0.0,489486.0,1.0,0,0,0,0,0,0,0,0,1,0.7666666666666667,0.0,169484.91860465117,0,1
UMKM-04061,10,16473403,27,2.0,5.0,137601.0,0.0,1,0,0,0,0,1,0,0,0,0.9,0.45454545454545453,1497582.0909090908,0,1
UMKM-04062,84,30615163,23,3.2,0.0,254051.0,4.0,1,0,0,0,0,1,0,0,0,0.7666666666666667,0.0,360178.38823529414,0,1
UMKM-04063,55,23179282,14,4.1,2.0,170632.0,2.0,0,0,0,0,0,0,1,0,0,0.4666666666666667,0.03571428571428571,413915.75,0,1
UMKM-04067,74,47942772,21,4.5,15.0,352686.0,0.0,1,0,0,0,0,0,0,0,1,0.7,0.2,639236.96,1,1
UMKM-04068,1,44390879,28,2.8,0.0,398913.0,0.0,1,0,0,0,0,0,0,1,0,0.9333333333333333,0.0,22195439.5,0,1
UMKM-04071,116,25395739,9,3.8,30.0,382702.0,0.0,0,0,0,0,0,0,1,0,0,0.3,0.2564102564102564,217057.59829059828,1,1
UMKM-04073,34,19354343,29,1.1,5.0,359098.0,1.0,0,0,0,0,0,0,0,0,0,0.9666666666666667,0.14285714285714285,552981.2285714286,0,1
UMKM-04074,6,16050793,10,1.4,0.0,170156.0,0.0,1,0,0,0,0,0,0,0,1,0.3333333333333333,0.0,2292970.4285714286,0,1
UMKM-04076,107,8436391,20,1.2,0.0,59145.0,1.0,0,0,0,0,0,0,0,0,1,0.6666666666666666,0.0,78114.73148148147,0,1
UMKM-04077,15,38169102,12,3.4,0.0,281049.0,0.0,0,0,0,0,0,0,1,0,0,0.4,0.0,2385568.875,0,1
UMKM-04078,44,7987659,24,1.7,0.0,231566.0,0.0,0,0,0,0,0,0,0,0,1,0.8,0.0,177503.53333333333,0,1
UMKM-04079,37,34582122,20,1.9,0.0,110835.0,2.0,1,0,0,0,0,0,1,0,0,0.6666666666666666,0.0,910055.8421052631,0,1
UMKM-04080,94,14735021,0,2.1,0.0,175622.0,1.0,1,0,0,0,0,1,0,0,0,0.0,0.0,155105.4842105263,0,1
UMKM-04081,106,4213274,4,1.2,30.0,115506.0,2.0,2,0,0,0,0,0,1,0,0,0.13333333333333333,0.2803738317757009,39376.392523364484,1,1
UMKM-04082,11,6643473,21,3.0,2.0,93064.0,2.0,1,0,1,0,0,0,1,0,0,0.7,0.16666666666666666,553622.75,0,1
UMKM-04083,26,43283756,6,3.6,5.0,287807.0,2.0,0,0,0,0,0,0,0,0,1,0.2,0.18518518518518517,1603102.0740740742,0,1
UMKM-04084,35,5745059,12,3.0,0.0,311076.0,0.0,0,0,0,0,0,1,0,0,0,0.4,0.0,159584.97222222222,0,1
UMKM-04086,82,17237722,22,1.2,0.0,146872.0,0.0,0,0,0,0,0,0,0,0,1,0.7333333333333333,0.0,207683.39759036145,0,1
UMKM-04087,21,9902280,20,4.6,0.0,159120.0,2.0,0,0,0,0,0,1,0,0,0,0.6666666666666666,0.0,450103.63636363635,0,1
UMKM-04088,14,5030272,5,3.0,2.0,220123.0,1.0,0,0,1,0,0,0,0,0,1,0.16666666666666666,0.13333333333333333,335351.4666666667,0,1
UMKM-04089,19,23617798,19,3.0,0.0,142221.0,1.0,0,0,1,0,0,0,0,0,1,0.6333333333333333,0.0,1180889.9,0,1
UMKM-04090,60,16559641,11,4.9,15.0,56574.0,0.0,1,0,0,0,1,1,0,0,0,0.36666666666666664,0.2459016393442623,271469.52459016396,1,1
UMKM-04092,86,7863859,8,3.8,0.0,469255.0,0.0,1,0,0,0,0,0,0,1,0,0.26666666666666666,0.0,90389.18390804598,0,1
UMKM-04093,47,18653254,27,2.2,0.0,317475.0,0.0,0,0,0,0,0,1,0,0,0,0.9,0.0,388609.4583333333,0,1
UMKM-04094,55,27779335,10,3.1,0.0,296159.0,0.0,1,1,0,0,0,0,0,1,0,0.3333333333333333,0.0,496059.5535714286,0,0
UMKM-04095,32,2103183,31,3.0,5.0,80412.0,2.0,2,0,1,0,0,0,0,1,0,1.0333333333333334,0.15151515151515152,63732.818181818184,0,1
UMKM-04097,78,37722156,23,3.9,5.0,161132.0,3.0,0,0,0,0,0,0,0,0,1,0.7666666666666667,0.06329113924050633,477495.64556962025,0,1
UMKM-04098,64,39721161,14,3.0,0.0,67458.0,1.0,0,0,1,0,0,1,0,0,0,0.4666666666666667,0.0,611094.7846153846,0,1
UMKM-04101,49,35381012,16,4.8,0.0,85165.0,0.0,0,0,0,0,0,0,1,0,0,0.5333333333333333,0.0,707620.24,0,1
UMKM-04104,64,5433494,18,2.0,30.0,132559.0,0.0,2,0,0,0,0,1,0,0,0,0.6,0.46153846153846156,83592.21538461538,1,1
UMKM-04106,92,36347034,30,1.9,0.0,349501.0,0.0,0,0,0,0,0,0,1,0,0,1.0,0.0,390828.32258064515,0,1
UMKM-04107,41,38656823,16,4.9,0.0,394422.0,0.0,0,0,0,0,0,0,1,0,0,0.5333333333333333,0.0,920400.5476190476,0,1
UMKM-04108,73,14018325,22,1.6,2.0,133723.0,2.0,1,0,0,0,0,0,0,0,0,0.7333333333333333,0.02702702702702703,189436.82432432432,0,1
UMKM-04109,103,22973350,0,2.5,0.0,481188.0,2.0,2,0,0,0,0,1,0,0,0,0.0,0.0,220897.59615384616,0,1
UMKM-04110,20,35824440,9,1.8,5.0,483873.0,0.0,0,0,0,0,0,1,0,0,0,0.3,0.23809523809523808,1705925.7142857143,0,1
UMKM-04111,115,40739290,7,1.9,15.0,163290.0,3.0,2,0,0,0,0,1,0,0,0,0.23333333333333334,0.12931034482758622,351200.775862069,1,1
UMKM-04113,116,32958896,25,3.6,0.0,382119.0,0.0,0,0,0,0,0,0,0,1,0,0.8333333333333334,0.0,281699.9658119658,0,1
UMKM-04115,65,18007703,18,3.3,0.0,207866.0,0.0,0,0,0,0,0,0,0,1,0,0.6,0.0,272843.98484848486,0,1
UMKM-04116,40,47791318,13,4.3,0.0,453121.0,0.0,0,0,0,0,0,1,0,0,0,0.43333333333333335,0.0,1165641.9024390243,0,1
UMKM-04117,116,30827247,7,4.1,0.0,247473.0,1.0,0,0,0,0,0,1,0,0,0,0.23333333333333334,0.0,263480.74358974356,0,1
UMKM-04118,25,22955282,0,1.6,0.0,142179.0,0.0,2,1,0,0,0,1,0,0,0,0.0,0.0,882895.4615384615,0,0
UMKM-04119,82,37425474,24,4.7,0.0,339070.0,0.0,0,0,0,0,0,1,0,0,0,0.8,0.0,450909.3253012048,0,1
UMKM-04120,53,48366846,23,4.1,0.0,227124.0,1.0,0,1,0,0,0,0,0,0,1,0.7666666666666667,0.0,895682.3333333334,0,0
UMKM-04121,89,18369168,19,1.0,0.0,94228.0,0.0,0,0,0,0,0,1,0,0,0,0.6333333333333333,0.0,204101.86666666667,0,1
UMKM-04122,23,47747785,29,3.9,0.0,343190.0,0.0,0,0,0,0,0,1,0,0,0,0.9666666666666667,0.0,1989491.0416666667,0,1
UMKM-04123,100,4967445,4,3.9,2.0,447887.0,0.0,2,0,0,0,0,1,0,0,0,0.13333333333333333,0.019801980198019802,49182.623762376235,0,1
UMKM-04124,90,10693533,2,3.0,0.0,242043.0,1.0,0,0,0,0,0,0,0,0,1,0.06666666666666667,0.0,117511.35164835164,0,1
UMKM-04125,11,1950128,31,1.2,0.0,426563.0,0.0,2,0,0,0,0,0,1,0,0,1.0333333333333334,0.0,162510.66666666666,0,1
UMKM-04126,8,16251348,16,3.3,0.0,362331.0,3.0,1,0,0,0,0,0,1,0,0,0.5333333333333333,0.0,1805705.3333333333,0,1
UMKM-04128,30,49655668,4,3.0,0.0,167507.0,0.0,0,0,1,0,0,1,0,0,0,0.13333333333333333,0.0,1601795.7419354839,0,1
UMKM-04129,52,13371798,10,3.7,5.0,74871.0,2.0,0,0,0,0,0,0,1,0,0,0.3333333333333333,0.09433962264150944,252298.0754716981,0,1
UMKM-04131,18,38529035,3,3.3,0.0,274693.0,0.0,0,1,0,0,0,0,0,1,0,0.1,0.0,2027843.9473684211,0,0
UMKM-04133,57,25769555,18,3.0,2.0,114140.0,1.0,1,0,1,0,0,1,0,0,0,0.6,0.034482758620689655,444302.6724137931,0,1
UMKM-04135,85,5377577,22,4.0,30.0,214532.0,0.0,1,0,0,0,0,0,0,1,0,0.7333333333333333,0.3488372093023256,62529.96511627907,1,1
UMKM-04136,19,37296326,16,2.4,0.0,79171.0,0.0,0,0,0,0,0,1,0,0,0,0.5333333333333333,0.0,1864816.3,0,1
UMKM-04137,53,26540143,12,3.0,0.0,368889.0,0.0,0,0,1,0,0,0,1,0,0,0.4,0.0,491484.1296296296,0,1
UMKM-04138,26,36956188,26,3.8,5.0,131772.0,0.0,0,0,0,0,0,0,0,0,1,0.8666666666666667,0.18518518518518517,1368747.7037037036,0,1
UMKM-04139,110,4299596,0,4.2,0.0,345979.0,1.0,1,0,0,0,0,1,0,0,0,0.0,0.0,38735.0990990991,0,1
UMKM-04140,76,20037186,1,3.7,0.0,116668.0,0.0,0,1,0,0,0,1,0,0,0,0.03333333333333333,0.0,260223.1948051948,0,0
UMKM-04141,104,20354369,17,3.2,2.0,239537.0,0.0,0,0,0,0,0,1,0,0,0,0.5666666666666667,0.01904761904761905,193851.13333333333,0,1
UMKM-04146,118,11648708,1,2.6,0.0,277476.0,0.0,1,1,0,0,0,0,0,0,0,0.03333333333333333,0.0,97888.3025210084,0,0
UMKM-04147,93,43659127,3,4.2,2.0,182018.0,2.0,0,0,0,0,0,0,0,0,1,0.1,0.02127659574468085,464458.7978723404,0,1
UMKM-04148,58,10484230,15,1.2,0.0,487323.0,0.0,0,0,0,0,0,0,0,0,0,0.5,0.0,177698.81355932204,0,1
UMKM-04149,66,29850657,3,3.0,0.0,313759.0,0.0,1,0,1,0,0,0,1,0,0,0.1,0.0,445532.19402985077,0,1
UMKM-04150,14,21931454,8,2.3,2.0,128387.0,0.0,0,0,0,0,0,0,1,0,0,0.26666666666666666,0.13333333333333333,1462096.9333333333,0,1
UMKM-04151,48,2058335,20,1.6,30.0,123790.0,0.0,2,0,0,0,0,1,0,0,0,0.6666666666666666,0.6122448979591837,42006.836734693876,1,1
UMKM-04152,100,48365424,22,2.5,0.0,137635.0,1.0,0,0,0,0,0,0,0,0,0,0.7333333333333333,0.0,478865.58415841585,0,1
UMKM-04153,80,18846842,1,3.7,0.0,236293.0,0.0,0,0,0,0,0,0,0,0,1,0.03333333333333333,0.0,232677.06172839506,0,1
UMKM-04154,77,2973915,2,2.4,0.0,345305.0,0.0,1,0,0,0,0,0,0,0,0,0.06666666666666667,0.0,38127.11538461538,0,1
UMKM-04155,24,46188921,22,3.3,2.0,475814.0,1.0,2,0,0,0,0,1,0,0,0,0.7333333333333333,0.08,1847556.84,0,1
UMKM-04156,47,3328481,25,3.4,30.0,125229.0,0.0,2,0,0,0,0,1,0,0,0,0.8333333333333334,0.625,69343.35416666667,1,1
UMKM-04157,86,34087876,6,3.0,0.0,285578.0,2.0,0,0,1,0,0,0,0,0,1,0.2,0.0,391814.6666666667,0,1
UMKM-04162,25,24206584,3,3.0,5.0,151801.0,4.0,1,0,1,0,0,1,0,0,0,0.1,0.19230769230769232,931022.4615384615,0,1
UMKM-04163,43,41342474,22,3.8,0.0,307013.0,0.0,1,0,0,0,0,0,0,0,0,0.7333333333333333,0.0,939601.6818181818,0,1
UMKM-04164,106,3652880,24,3.3,0.0,391581.0,2.0,1,0,0,0,0,1,0,0,0,0.8,0.0,34139.06542056075,0,1
UMKM-04166,94,39387539,25,4.2,0.0,123205.0,2.0,1,1,0,0,0,0,0,0,0,0.8333333333333334,0.0,414605.6736842105,0,0
UMKM-04167,88,48571247,27,1.3,2.0,150875.0,0.0,0,0,0,0,0,0,1,0,0,0.9,0.02247191011235955,545744.3483146067,0,1
UMKM-04168,81,36980027,27,4.8,5.0,238695.0,0.0,0,0,0,0,0,1,0,0,0,0.9,0.06097560975609756,450975.93902439025,0,1
UMKM-04169,13,4890549,20,1.9,0.0,269700.0,4.0,2,1,0,0,0,1,0,0,0,0.6666666666666666,0.0,349324.9285714286,0,0
UMKM-04170,6,35564021,9,3.0,0.0,372960.0,0.0,0,0,0,0,0,1,0,0,0,0.3,0.0,5080574.428571428,0,1
UMKM-04171,9,14670511,26,1.3,0.0,142096.0,2.0,1,0,0,0,0,0,1,0,0,0.8666666666666667,0.0,1467051.1,0,1
UMKM-04172,25,47439429,14,4.6,2.0,245957.0,1.0,1,0,0,0,0,0,0,0,1,0.4666666666666667,0.07692307692307693,1824593.423076923,0,1
UMKM-04173,37,47095265,16,4.9,0.0,357385.0,0.0,0,1,0,0,0,0,0,0,1,0.5333333333333333,0.0,1239349.0789473683,0,0
UMKM-04176,73,31102447,4,1.1,0.0,427541.0,3.0,1,0,0,0,0,0,0,0,1,0.13333333333333333,0.0,420303.3378378378,0,1
UMKM-04177,23,22047574,15,4.1,0.0,299422.0,4.0,0,0,0,0,0,0,0,0,1,0.5,0.0,918648.9166666666,0,1
UMKM-04178,108,15674301,22,2.2,0.0,178167.0,2.0,2,0,0,0,0,0,0,0,0,0.7333333333333333,0.0,143800.9266055046,0,1
UMKM-04180,20,33499243,8,1.2,0.0,84198.0,0.0,1,0,0,0,0,1,0,0,0,0.26666666666666666,0.0,1595202.0476190476,0,1
UMKM-04184,9,46930676,23,3.0,15.0,267983.0,0.0,0,0,1,0,0,0,0,1,0,0.7666666666666667,1.5,4693067.6,1,1
UMKM-04185,110,45199437,23,1.4,2.0,251675.0,1.0,0,0,0,0,0,1,0,0,0,0.7666666666666667,0.018018018018018018,407202.13513513515,0,1
UMKM-04187,80,48427363,18,3.0,2.0,162932.0,0.0,0,0,1,0,0,1,0,0,0,0.6,0.024691358024691357,597868.6790123457,0,1
UMKM-04189,32,8589077,24,1.7,0.0,199494.0,0.0,0,0,0,0,0,0,1,0,0,0.8,0.0,260275.0606060606,0,1
UMKM-04190,17,25687765,30,4.2,15.0,332661.0,2.0,0,0,0,0,0,0,1,0,0,1.0,0.8333333333333334,1427098.0555555555,1,1
UMKM-04192,84,7141018,24,3.0,0.0,78514.0,0.0,0,0,1,0,0,0,0,0,1,0.8,0.0,84011.97647058824,0,1
UMKM-04193,109,49297079,26,3.0,0.0,445431.0,2.0,1,0,1,0,0,0,0,1,0,0.8666666666666667,0.0,448155.2636363636,0,1
UMKM-04194,69,1255931,31,2.7,30.0,266348.0,0.0,1,0,0,0,0,1,0,0,0,1.0333333333333334,0.42857142857142855,17941.871428571427,1,1
UMKM-04195,22,44151612,10,2.3,2.0,66486.0,0.0,0,0,0,0,0,1,0,0,0,0.3333333333333333,0.08695652173913043,1919635.3043478262,0,1
UMKM-04196,114,27864699,4,1.3,0.0,402400.0,2.0,0,0,0,0,0,0,0,0,0,0.13333333333333333,0.0,242301.7304347826,0,1
UMKM-04199,2,35378458,18,3.0,0.0,204259.0,0.0,0,0,1,0,0,0,0,0,0,0.6,0.0,11792819.333333334,0,1
UMKM-04201,5,25914208,15,4.9,2.0,351208.0,1.0,1,0,0,0,0,0,1,0,0,0.5,0.3333333333333333,4319034.666666667,0,1
UMKM-04203,12,18429908,10,1.8,30.0,486006.0,3.0,2,0,0,0,0,0,0,1,0,0.3333333333333333,2.3076923076923075,1417685.2307692308,1,1
UMKM-04204,49,47076451,10,4.6,0.0,127437.0,0.0,0,0,0,0,0,0,0,1,0,0.3333333333333333,0.0,941529.02,0,1
UMKM-04205,44,6444544,9,3.0,0.0,96783.0,0.0,1,0,1,0,0,0,0,0,1,0.3,0.0,143212.0888888889,0,1
UMKM-04207,112,12343171,4,3.6,0.0,246690.0,3.0,2,0,0,0,0,0,0,1,0,0.13333333333333333,0.0,109231.6017699115,0,1
UMKM-04208,68,20415897,22,2.8,0.0,311652.0,1.0,0,1,0,0,0,0,0,0,1,0.7333333333333333,0.0,295882.5652173913,0,0
UMKM-04209,93,3929795,24,4.8,0.0,92271.0,0.0,0,0,0,0,0,1,0,0,0,0.8,0.0,41806.32978723404,0,1
UMKM-04210,3,38287920,28,2.3,0.0,467563.0,1.0,2,0,0,0,0,1,0,0,0,0.9333333333333333,0.0,9571980.0,0,1
UMKM-04212,5,17808562,12,1.3,0.0,293176.0,0.0,1,0,0,0,0,1,0,0,0,0.4,0.0,2968093.6666666665,0,1
UMKM-04213,57,13139820,31,4.4,0.0,110683.0,0.0,0,0,0,0,0,0,1,0,0,1.0333333333333334,0.0,226548.62068965516,0,1
UMKM-04215,70,5926788,11,3.8,0.0,416670.0,0.0,0,0,0,0,0,0,0,0,1,0.36666666666666664,0.0,83475.88732394367,0,1
UMKM-04216,61,31844140,23,3.0,0.0,291499.0,0.0,1,0,1,0,0,0,0,1,0,0.7666666666666667,0.0,513615.1612903226,0,1
UMKM-04218,33,19661391,20,3.0,0.0,315812.0,0.0,0,0,0,0,0,0,1,0,0,0.6666666666666666,0.0,578276.2058823529,0,1
UMKM-04219,72,28243492,28,2.1,0.0,100767.0,0.0,0,0,0,0,0,1,0,0,0,0.9333333333333333,0.0,386897.1506849315,0,1
UMKM-04220,50,11290759,22,3.5,0.0,267238.0,3.0,1,0,0,0,0,0,0,0,1,0.7333333333333333,0.0,221387.431372549,0,1
UMKM-04222,69,17584182,7,4.3,5.0,353883.0,4.0,0,0,0,0,0,0,0,0,1,0.23333333333333334,0.07142857142857142,251202.6,0,1
UMKM-04224,19,1531562,12,1.1,0.0,0.0,0.0,1,0,0,1,0,0,0,0,1,0.4,0.0,76578.1,0,0
UMKM-04225,15,12511503,4,3.0,0.0,347310.0,2.0,1,0,0,0,0,0,0,0,1,0.13333333333333333,0.0,781968.9375,0,1
UMKM-04227,37,44405007,9,2.3,30.0,0.0,1.0,2,0,0,1,0,0,0,1,0,0.3,0.7894736842105263,1168552.8157894737,1,0
UMKM-04228,9,25615174,13,3.8,0.0,226764.0,1.0,2,0,0,0,0,0,0,1,0,0.43333333333333335,0.0,2561517.4,0,1
UMKM-04229,77,23556210,23,4.7,0.0,494127.0,1.0,0,0,0,0,0,0,0,0,1,0.7666666666666667,0.0,302002.6923076923,0,1
UMKM-04230,42,6443961,10,3.0,0.0,276976.0,2.0,0,0,1,0,0,0,1,0,0,0.3333333333333333,0.0,149859.55813953487,0,1
UMKM-04231,80,13309678,2,3.0,0.0,226652.0,1.0,0,1,1,0,0,0,1,0,0,0.06666666666666667,0.0,164317.01234567902,0,0
UMKM-04232,15,43835095,28,4.7,5.0,263419.0,4.0,1,0,0,0,0,0,0,0,0,0.9333333333333333,0.3125,2739693.4375,0,1
UMKM-04233,54,17949723,29,2.9,0.0,235253.0,4.0,2,0,0,0,0,0,1,0,0,0.9666666666666667,0.0,326358.6,0,1
UMKM-04235,102,34431880,6,3.0,30.0,470282.0,0.0,1,0,1,0,0,0,0,1,0,0.2,0.2912621359223301,334290.0970873786,1,1
UMKM-04236,90,32977420,16,2.7,0.0,179649.0,0.0,1,0,0,0,0,1,0,0,0,0.5333333333333333,0.0,362389.23076923075,0,1
UMKM-04237,44,13805935,19,3.7,2.0,376775.0,0.0,0,0,0,0,0,0,0,1,0,0.6333333333333333,0.044444444444444446,306798.55555555556,0,1
UMKM-04238,17,38045410,10,3.0,5.0,412564.0,0.0,0,0,1,0,0,1,0,0,0,0.3333333333333333,0.2777777777777778,2113633.888888889,0,1
UMKM-04240,63,25186320,24,4.0,0.0,99711.0,0.0,0,0,0,0,0,1,0,0,0,0.8,0.0,393536.25,0,1
UMKM-04242,86,47069235,1,1.8,0.0,490240.0,0.0,1,1,0,0,0,0,1,0,0,0.03333333333333333,0.0,541025.6896551724,0,0
UMKM-04243,72,26667599,26,3.0,2.0,141497.0,1.0,0,0,1,0,0,1,0,0,0,0.8666666666666667,0.0273972602739726,365309.5753424658,0,1
UMKM-04244,66,15018356,18,4.5,15.0,232841.0,0.0,0,0,0,0,0,1,0,0,0,0.6,0.22388059701492538,224154.5671641791,1,1
UMKM-04245,3,17962855,28,2.0,2.0,322290.0,2.0,0,0,0,0,0,0,0,0,1,0.9333333333333333,0.5,4490713.75,0,1
UMKM-04247,109,32352046,10,3.7,0.0,410946.0,0.0,2,1,0,0,0,1,0,0,0,0.3333333333333333,0.0,294109.5090909091,0,0
UMKM-04248,29,21306500,18,3.5,0.0,367643.0,3.0,1,0,0,0,0,0,0,0,1,0.6,0.0,710216.6666666666,0,1
UMKM-04249,95,32373317,27,2.8,0.0,66313.0,0.0,0,0,0,0,0,1,0,0,0,0.9,0.0,337222.0520833333,0,1
UMKM-04251,52,28681786,20,1.4,2.0,0.0,1.0,1,0,0,1,0,0,0,0,1,0.6666666666666666,0.03773584905660377,541165.7735849057,0,0
UMKM-04252,12,41150781,25,4.1,0.0,174518.0,0.0,0,0,0,0,0,0,0,1,0,0.8333333333333334,0.0,3165444.6923076925,0,1
UMKM-04253,91,48877572,21,2.8,15.0,452540.0,0.0,2,0,0,0,0,0,0,0,1,0.7,0.16304347826086957,531277.9565217391,1,1
UMKM-04254,66,25759728,5,3.0,0.0,450648.0,0.0,0,0,1,0,0,0,1,0,0,0.16666666666666666,0.0,384473.552238806,0,1
UMKM-04255,109,47998310,10,3.3,0.0,70867.0,3.0,0,0,0,0,0,0,0,0,1,0.3333333333333333,0.0,436348.2727272727,0,1
UMKM-04256,107,29563301,13,3.5,2.0,304367.0,1.0,0,0,0,0,0,0,0,1,0,0.43333333333333335,0.018518518518518517,273734.26851851854,0,1
UMKM-04260,92,5463588,1,1.2,2.0,80971.0,0.0,1,0,0,0,0,0,1,0,0,0.03333333333333333,0.021505376344086023,58748.25806451613,0,1
UMKM-04262,80,8053905,19,1.6,5.0,299643.0,0.0,0,0,0,0,0,0,0,0,1,0.6333333333333333,0.06172839506172839,99430.92592592593,0,1
UMKM-04263,72,43818287,21,1.8,5.0,362903.0,0.0,2,0,0,0,0,0,1,0,0,0.7,0.0684931506849315,600250.506849315,0,1
UMKM-04265,6,13748964,3,3.0,0.0,172243.0,0.0,1,0,1,0,0,0,0,1,0,0.1,0.0,1964137.7142857143,0,1
UMKM-04266,94,46315365,28,4.6,2.0,403971.0,0.0,0,0,0,0,0,0,0,0,1,0.9333333333333333,0.021052631578947368,487530.15789473685,0,1
UMKM-04267,6,33513934,23,2.8,0.0,295962.0,0.0,0,0,0,0,0,0,0,0,1,0.7666666666666667,0.0,4787704.857142857,0,1
UMKM-04268,103,45656134,0,3.0,0.0,496222.0,1.0,0,1,1,0,0,1,0,0,0,0.0,0.0,439001.28846153844,0,0
UMKM-04269,60,43072141,23,1.1,0.0,160455.0,1.0,0,0,0,0,0,0,1,0,0,0.7666666666666667,0.0,706100.6721311476,0,1
UMKM-04271,9,30901413,11,3.3,2.0,342435.0,1.0,1,0,0,0,0,0,0,0,1,0.36666666666666664,0.2,3090141.3,0,1
UMKM-04272,17,41318914,18,1.1,2.0,198224.0,2.0,1,0,0,0,0,0,0,0,1,0.6,0.1111111111111111,2295495.222222222,0,1
UMKM-04276,1,6618735,3,3.1,0.0,0.0,0.0,1,0,0,1,0,0,0,0,1,0.1,0.0,3309367.5,0,0
UMKM-04277,88,34706065,14,5.0,0.0,101539.0,1.0,0,0,0,0,0,0,1,0,0,0.4666666666666667,0.0,389955.78651685396,0,1
UMKM-04278,22,47022526,19,1.4,0.0,314669.0,0.0,0,0,0,0,0,1,0,0,0,0.6333333333333333,0.0,2044457.652173913,0,1
UMKM-04280,38,7516682,19,3.1,0.0,321781.0,0.0,0,0,0,0,0,0,0,0,0,0.6333333333333333,0.0,192735.4358974359,0,1
UMKM-04281,24,37908627,20,1.3,0.0,360468.0,2.0,1,1,0,0,0,0,1,0,0,0.6666666666666666,0.0,1516345.08,0,0
UMKM-04282,75,3941449,9,3.5,0.0,368252.0,0.0,2,0,0,0,0,0,1,0,0,0.3,0.0,51861.17105263158,0,1
UMKM-04283,26,8232540,29,2.1,0.0,346521.0,0.0,1,0,0,0,0,0,1,0,0,0.9666666666666667,0.0,304908.8888888889,0,1
UMKM-04284,104,7755631,23,1.4,0.0,130069.0,0.0,1,1,0,0,0,0,1,0,0,0.7666666666666667,0.0,73863.15238095238,0,0
UMKM-04288,0,43255849,2,2.9,30.0,110207.0,2.0,2,0,0,0,0,1,0,0,0,0.06666666666666667,30.0,43255849.0,1,1
UMKM-04289,21,27940172,28,1.8,0.0,72368.0,2.0,0,0,0,0,0,0,1,0,0,0.9333333333333333,0.0,1270007.8181818181,0,1
UMKM-04290,76,5375979,7,1.6,2.0,75736.0,1.0,0,0,0,0,0,1,0,0,0,0.23333333333333334,0.025974025974025976,69817.90909090909,0,1
UMKM-04291,82,7909286,28,3.0,2.0,67753.0,0.0,0,0,1,0,0,0,0,0,1,0.9333333333333333,0.024096385542168676,95292.60240963855,0,1
UMKM-04292,95,18664959,9,3.0,0.0,277314.0,1.0,0,0,0,0,0,0,0,0,1,0.3,0.0,194426.65625,0,1
UMKM-04293,114,15432245,4,2.0,2.0,446787.0,4.0,0,0,0,0,0,0,0,0,1,0.13333333333333333,0.017391304347826087,134193.4347826087,0,1
UMKM-04294,18,18172185,10,1.4,0.0,76798.0,0.0,1,0,0,0,0,0,0,1,0,0.3333333333333333,0.0,956430.7894736842,0,1
UMKM-04295,96,33469851,3,3.0,0.0,214328.0,0.0,0,0,1,0,0,1,0,0,0,0.1,0.0,345050.0103092783,0,1
UMKM-04298,41,44721259,11,3.0,0.0,388739.0,1.0,1,0,1,0,0,1,0,0,0,0.36666666666666664,0.0,1064791.880952381,0,1
UMKM-04299,73,4059867,20,1.3,2.0,404683.0,0.0,1,0,0,0,0,0,0,0,1,0.6666666666666666,0.02702702702702703,54863.06756756757,0,1
UMKM-04300,69,3213889,15,3.3,5.0,211696.0,0.0,0,0,0,0,0,0,0,0,1,0.5,0.07142857142857142,45912.7,0,1
UMKM-04301,80,20330404,13,2.4,0.0,308489.0,3.0,2,0,0,0,0,1,0,0,0,0.43333333333333335,0.0,250992.64197530865,0,1
UMKM-04302,112,46853473,20,1.4,5.0,452272.0,2.0,1,0,0,0,0,0,0,0,1,0.6666666666666666,0.04424778761061947,414632.50442477874,0,1
UMKM-04303,18,1642006,26,1.7,0.0,113279.0,4.0,2,0,0,0,0,0,0,0,1,0.8666666666666667,0.0,86421.36842105263,0,1
UMKM-04305,12,17138732,0,4.2,15.0,192292.0,0.0,1,0,0,0,0,0,0,0,1,0.0,1.1538461538461537,1318364.0,1,1
UMKM-04306,38,38065372,0,1.7,30.0,61290.0,0.0,1,0,0,0,0,0,0,0,1,0.0,0.7692307692307693,976035.1794871795,1,1
UMKM-04307,70,5119586,21,1.4,2.0,233552.0,1.0,0,0,0,0,0,0,1,0,0,0.7,0.028169014084507043,72106.84507042254,0,1
UMKM-04308,51,30827146,14,3.1,0.0,332162.0,0.0,2,0,0,0,0,1,0,0,0,0.4666666666666667,0.0,592829.7307692308,0,1
UMKM-04309,101,23793504,19,3.2,0.0,296415.0,0.0,0,0,0,0,0,1,0,0,0,0.6333333333333333,0.0,233269.64705882352,0,1
UMKM-04310,22,15410098,2,1.4,0.0,367282.0,0.0,0,0,0,0,0,0,0,0,1,0.06666666666666667,0.0,670004.2608695652,0,1
UMKM-04311,98,45520010,13,2.1,2.0,305331.0,4.0,1,0,0,0,0,0,1,0,0,0.43333333333333335,0.020202020202020204,459798.0808080808,0,1
UMKM-04312,118,40698760,8,2.1,0.0,132155.0,0.0,1,0,0,0,0,0,0,1,0,0.26666666666666666,0.0,342006.38655462186,0,1
UMKM-04313,65,39020862,18,1.7,0.0,131567.0,0.0,1,1,0,0,0,1,0,0,0,0.6,0.0,591225.1818181818,0,0
UMKM-04316,28,38894447,3,3.6,2.0,260190.0,3.0,1,0,0,0,0,0,0,0,1,0.1,0.06896551724137931,1341187.8275862068,0,1
UMKM-04320,29,39845894,1,3.7,0.0,396550.0,3.0,1,0,0,0,0,0,0,0,1,0.03333333333333333,0.0,1328196.4666666666,0,1
UMKM-04321,110,19119030,26,3.3,0.0,199121.0,0.0,0,0,0,0,0,1,0,0,0,0.8666666666666667,0.0,172243.51351351352,0,1
UMKM-04323,36,2332907,16,3.5,0.0,381666.0,0.0,0,1,0,0,0,0,0,1,0,0.5333333333333333,0.0,63051.54054054054,0,0
UMKM-04324,22,14487357,30,3.5,0.0,90954.0,0.0,1,0,0,0,0,0,0,0,0,1.0,0.0,629885.0869565217,0,1
UMKM-04326,76,15441860,5,2.7,0.0,244006.0,2.0,1,0,0,0,0,1,0,0,0,0.16666666666666666,0.0,200543.63636363635,0,1
UMKM-04327,72,22490902,30,2.4,30.0,367124.0,0.0,2,0,0,0,1,0,1,0,0,1.0,0.410958904109589,308094.5479452055,1,1
UMKM-04328,76,44560310,2,1.0,30.0,497798.0,2.0,2,0,0,0,0,0,1,0,0,0.06666666666666667,0.38961038961038963,578705.3246753247,1,1
UMKM-04330,18,7438505,2,2.9,30.0,398152.0,1.0,2,0,0,0,0,0,1,0,0,0.06666666666666667,1.5789473684210527,391500.2631578947,1,1
UMKM-04332,100,19276882,12,4.7,0.0,479852.0,0.0,1,0,0,0,0,0,0,0,1,0.4,0.0,190860.21782178216,0,1
UMKM-04333,112,28059246,20,2.0,2.0,267317.0,4.0,2,0,0,0,0,1,0,0,0,0.6666666666666666,0.017699115044247787,248311.9115044248,0,1
UMKM-04335,47,38643202,15,4.5,2.0,267427.0,4.0,0,0,0,0,0,1,0,0,0,0.5,0.041666666666666664,805066.7083333334,0,1
UMKM-04336,66,43179034,20,4.8,2.0,438590.0,2.0,0,0,0,0,0,0,0,0,1,0.6666666666666666,0.029850746268656716,644463.1940298508,0,1
UMKM-04338,85,20983425,12,1.5,0.0,494531.0,0.0,0,0,0,0,0,1,0,0,0,0.4,0.0,243993.31395348837,0,1
UMKM-04339,94,9189792,3,2.9,0.0,0.0,0.0,1,0,0,1,0,0,0,1,0,0.1,0.0,96734.65263157895,0,0
UMKM-04341,91,21419677,8,4.5,0.0,202628.0,0.0,0,0,0,0,0,0,0,0,1,0.26666666666666666,0.0,232822.5760869565,0,1
UMKM-04345,66,38346644,23,3.6,0.0,248987.0,4.0,1,0,0,0,0,0,0,0,1,0.7666666666666667,0.0,572337.9701492537,0,1
UMKM-04346,97,29873017,24,4.8,0.0,203561.0,0.0,0,0,0,0,0,1,0,0,0,0.8,0.0,304826.70408163266,0,1
UMKM-04348,41,46407443,28,3.0,0.0,423838.0,0.0,1,1,1,0,0,0,1,0,0,0.9333333333333333,0.0,1104939.119047619,0,0
UMKM-04351,31,14748382,14,4.8,2.0,326561.0,1.0,2,0,0,0,0,0,1,0,0,0.4666666666666667,0.0625,460886.9375,0,1
UMKM-04353,1,22403485,17,3.3,0.0,85207.0,3.0,1,0,0,0,0,0,0,0,0,0.5666666666666667,0.0,11201742.5,0,1
UMKM-04354,34,18870781,19,1.7,0.0,205362.0,0.0,1,1,0,0,0,0,0,0,0,0.6333333333333333,0.0,539165.1714285715,0,0
UMKM-04355,86,30120090,4,1.7,0.0,174947.0,0.0,0,0,0,0,0,0,0,0,1,0.13333333333333333,0.0,346207.9310344828,0,1
UMKM-04356,33,46921753,17,4.1,0.0,458331.0,3.0,0,1,0,0,0,0,0,1,0,0.5666666666666667,0.0,1380051.5588235294,0,0
UMKM-04358,97,2590745,0,3.2,2.0,227474.0,0.0,1,0,0,0,0,1,0,0,0,0.0,0.02040816326530612,26436.173469387755,0,1
UMKM-04359,86,23387904,18,2.9,15.0,291107.0,0.0,0,0,0,0,0,1,0,0,0,0.6,0.1724137931034483,268826.4827586207,1,1
UMKM-04360,72,38127690,22,3.9,5.0,467457.0,0.0,1,0,0,0,0,0,1,0,0,0.7333333333333333,0.0684931506849315,522297.12328767125,0,1
UMKM-04361,47,15260288,25,4.4,2.0,0.0,0.0,0,0,0,1,0,0,0,0,1,0.8333333333333334,0.041666666666666664,317922.6666666667,0,0
UMKM-04362,108,20152862,28,2.2,0.0,439771.0,0.0,0,0,0,0,0,1,0,0,0,0.9333333333333333,0.0,184888.64220183485,0,1
UMKM-04365,100,40138965,17,3.0,0.0,376223.0,0.0,0,0,1,0,0,0,0,0,1,0.5666666666666667,0.0,397415.49504950497,0,1
UMKM-04366,76,43485097,1,2.4,2.0,139979.0,2.0,2,0,0,0,0,1,0,0,0,0.03333333333333333,0.025974025974025976,564741.5194805195,0,1
UMKM-04367,102,7243246,26,2.1,30.0,86533.0,3.0,2,0,0,0,0,1,0,0,0,0.8666666666666667,0.2912621359223301,70322.77669902913,1,1
UMKM-04368,106,37277456,5,1.9,2.0,172514.0,0.0,0,0,0,0,0,1,0,0,0,0.16666666666666666,0.018691588785046728,348387.43925233645,0,1
UMKM-04370,1,18089545,5,1.5,30.0,255453.0,4.0,2,0,0,0,0,1,0,0,0,0.16666666666666666,15.0,9044772.5,1,1
UMKM-04371,96,2706722,5,3.4,5.0,129283.0,1.0,0,0,0,0,0,1,0,0,0,0.16666666666666666,0.05154639175257732,27904.350515463917,0,1
UMKM-04372,22,11193081,30,2.1,5.0,296221.0,0.0,0,0,0,0,1,0,1,0,0,1.0,0.21739130434782608,486655.6956521739,0,1
UMKM-04375,102,40062338,29,1.5,15.0,442942.0,1.0,2,0,0,0,0,0,0,0,1,0.9666666666666667,0.14563106796116504,388954.7378640777,1,1
UMKM-04376,89,17708392,20,3.0,0.0,96963.0,0.0,0,0,1,0,0,0,0,0,1,0.6666666666666666,0.0,196759.9111111111,0,1
UMKM-04379,116,32473141,17,4.3,5.0,64143.0,0.0,1,0,0,0,0,0,0,1,0,0.5666666666666667,0.042735042735042736,277548.2136752137,0,1
UMKM-04380,14,26781819,22,3.0,0.0,249929.0,0.0,0,0,1,0,0,1,0,0,0,0.7333333333333333,0.0,1785454.6,0,1
UMKM-04382,106,47125082,22,3.2,0.0,431201.0,2.0,0,0,0,0,0,1,0,0,0,0.7333333333333333,0.0,440421.32710280374,0,1
UMKM-04383,118,2364981,27,4.5,5.0,0.0,1.0,0,0,0,1,0,0,0,0,1,0.9,0.04201680672268908,19873.789915966387,0,0
UMKM-04385,98,7627735,24,2.6,0.0,119662.0,0.0,0,1,0,0,0,0,0,0,1,0.8,0.0,77047.82828282828,0,0
UMKM-04386,61,42893415,6,3.3,0.0,200249.0,0.0,0,0,0,0,0,0,0,0,1,0.2,0.0,691829.2741935484,0,1
UMKM-04387,81,16258732,17,2.3,0.0,255907.0,3.0,2,0,0,0,0,0,0,1,0,0.5666666666666667,0.0,198277.21951219512,0,1
UMKM-04388,1,44864137,19,3.8,0.0,489267.0,3.0,1,0,0,0,0,0,1,0,0,0.6333333333333333,0.0,22432068.5,0,1
UMKM-04389,17,37280897,4,2.0,0.0,121721.0,1.0,0,0,0,0,0,0,1,0,0,0.13333333333333333,0.0,2071160.9444444445,0,1
UMKM-04390,55,13239527,17,4.3,2.0,234009.0,0.0,0,0,0,0,1,0,0,0,1,0.5666666666666667,0.03571428571428571,236420.125,0,1
UMKM-04394,100,27899280,14,3.0,0.0,280996.0,0.0,0,0,1,0,0,0,0,1,0,0.4666666666666667,0.0,276230.49504950497,0,1
UMKM-04396,52,3141549,0,2.0,0.0,123993.0,2.0,2,0,0,0,0,0,0,0,1,0.0,0.0,59274.50943396227,0,1
UMKM-04397,3,37515101,20,1.9,0.0,459158.0,0.0,2,0,0,0,0,0,0,0,1,0.6666666666666666,0.0,9378775.25,0,1
UMKM-04398,42,9182420,7,4.4,0.0,162022.0,3.0,0,0,0,0,0,0,1,0,0,0.23333333333333334,0.0,213544.6511627907,0,1
UMKM-04399,109,36058569,6,2.2,0.0,117659.0,1.0,0,0,0,0,0,0,1,0,0,0.2,0.0,327805.17272727273,0,1
UMKM-04404,100,19782403,29,2.0,0.0,277212.0,2.0,1,1,0,0,0,0,0,0,0,0.9666666666666667,0.0,195865.37623762377,0,0
UMKM-04407,72,40054965,1,3.0,0.0,320575.0,0.0,0,0,1,0,0,0,0,0,1,0.03333333333333333,0.0,548698.1506849315,0,1
UMKM-04408,102,26112550,7,4.5,0.0,238466.0,0.0,1,0,0,0,0,0,0,0,1,0.23333333333333334,0.0,253519.90291262136,0,1
UMKM-04410,13,6708593,3,1.3,0.0,213410.0,0.0,2,0,0,0,0,1,0,0,0,0.1,0.0,479185.21428571426,0,1
UMKM-04412,113,40231026,20,4.1,0.0,474799.0,1.0,0,0,0,0,0,0,0,0,0,0.6666666666666666,0.0,352903.7368421053,0,1
UMKM-04413,73,41663603,12,2.2,0.0,194985.0,0.0,2,1,0,0,0,0,1,0,0,0.4,0.0,563021.6621621621,0,0
UMKM-04414,74,10634425,8,1.4,0.0,276173.0,0.0,0,1,0,0,0,0,0,0,1,0.26666666666666666,0.0,141792.33333333334,0,0
UMKM-04416,98,46618794,28,4.1,15.0,82924.0,3.0,1,0,0,0,0,0,1,0,0,0.9333333333333333,0.15151515151515152,470896.9090909091,1,1
UMKM-04418,57,28991969,23,2.0,5.0,407375.0,0.0,1,0,0,0,0,0,1,0,0,0.7666666666666667,0.08620689655172414,499861.5344827586,0,1
UMKM-04419,62,4748688,15,4.3,0.0,123134.0,0.0,0,0,0,0,0,1,0,0,0,0.5,0.0,75376.0,0,1
UMKM-04420,109,14931876,11,1.9,30.0,480745.0,0.0,0,0,0,0,1,1,0,0,0,0.36666666666666664,0.2727272727272727,135744.32727272727,1,1
UMKM-04421,13,2712189,1,3.7,0.0,213525.0,0.0,1,0,0,0,0,0,0,1,0,0.03333333333333333,0.0,193727.7857142857,0,1
UMKM-04422,22,40638077,18,1.3,0.0,257583.0,1.0,0,0,0,0,0,1,0,0,0,0.6,0.0,1766872.9130434783,0,1
UMKM-04423,79,6368229,29,3.3,0.0,166707.0,0.0,0,1,0,0,0,1,0,0,0,0.9666666666666667,0.0,79602.8625,0,0
UMKM-04424,117,39323993,15,2.1,0.0,104389.0,1.0,0,0,0,0,0,1,0,0,0,0.5,0.0,333254.1779661017,0,1
UMKM-04425,105,16295096,23,4.7,0.0,0.0,0.0,0,0,0,1,0,0,1,0,0,0.7666666666666667,0.0,153727.320754717,0,0
UMKM-04426,72,13700198,12,2.2,0.0,156227.0,3.0,1,0,0,0,0,0,0,1,0,0.4,0.0,187673.94520547945,0,1
UMKM-04427,27,6156219,4,3.0,5.0,398234.0,4.0,1,0,1,0,0,1,0,0,0,0.13333333333333333,0.17857142857142858,219864.9642857143,0,1
UMKM-04428,106,20997972,22,4.4,2.0,104199.0,0.0,0,0,0,0,0,0,0,0,1,0.7333333333333333,0.018691588785046728,196242.7289719626,0,1
UMKM-04430,77,10323634,30,2.0,30.0,491328.0,1.0,2,0,0,0,0,0,0,0,1,1.0,0.38461538461538464,132354.28205128206,1,1
UMKM-04431,24,32044108,16,3.0,0.0,330942.0,0.0,0,0,1,0,0,0,1,0,0,0.5333333333333333,0.0,1281764.32,0,1
UMKM-04432,16,1605599,2,4.4,2.0,372291.0,0.0,0,0,0,0,1,0,0,1,0,0.06666666666666667,0.11764705882352941,94447.0,0,1
UMKM-04434,95,27161938,12,1.5,2.0,248763.0,0.0,0,0,0,0,0,0,0,0,1,0.4,0.020833333333333332,282936.8541666667,0,1
UMKM-04437,69,4041658,21,1.3,0.0,266749.0,0.0,1,0,0,0,0,0,0,0,1,0.7,0.0,57737.97142857143,0,1
UMKM-04438,42,44597123,20,2.6,0.0,82860.0,0.0,0,0,0,0,0,0,0,0,0,0.6666666666666666,0.0,1037142.3953488372,0,1
UMKM-04442,0,34733732,4,4.8,0.0,108014.0,3.0,0,0,0,0,0,0,1,0,0,0.13333333333333333,0.0,34733732.0,0,1
UMKM-04443,101,4753281,13,1.1,5.0,478127.0,0.0,1,0,0,0,0,0,1,0,0,0.43333333333333335,0.049019607843137254,46600.794117647056,0,1
UMKM-04444,117,37755274,17,4.0,30.0,140343.0,0.0,1,0,0,0,0,0,1,0,0,0.5666666666666667,0.2542372881355932,319959.9491525424,1,1
UMKM-04445,34,31764588,3,4.4,0.0,310346.0,2.0,0,0,0,0,0,0,1,0,0,0.1,0.0,907559.6571428571,0,1
UMKM-04448,117,17898500,19,3.0,2.0,85719.0,2.0,2,0,1,0,0,0,1,0,0,0.6333333333333333,0.01694915254237288,151682.2033898305,0,1
UMKM-04449,88,13453580,12,4.1,0.0,371260.0,0.0,0,1,0,0,0,1,0,0,0,0.4,0.0,151163.8202247191,0,0
UMKM-04452,105,27548135,3,3.5,0.0,287343.0,1.0,0,0,0,0,0,0,0,0,1,0.1,0.0,259888.06603773584,0,1
UMKM-04454,87,45861346,7,3.0,0.0,375942.0,3.0,0,1,0,0,0,0,0,0,1,0.23333333333333334,0.0,521151.6590909091,0,0
UMKM-04457,92,40352521,5,4.5,0.0,332306.0,0.0,1,1,0,0,0,0,0,0,1,0.16666666666666666,0.0,433898.0752688172,0,0
UMKM-04458,102,31759595,21,3.6,0.0,166274.0,2.0,1,0,0,0,0,0,1,0,0,0.7,0.0,308345.58252427186,0,1
UMKM-04459,49,34716118,5,1.5,2.0,328905.0,3.0,1,0,0,0,0,0,1,0,0,0.16666666666666666,0.04,694322.36,0,1
UMKM-04462,112,2666196,8,1.9,5.0,193451.0,2.0,1,0,0,0,0,1,0,0,0,0.26666666666666666,0.04424778761061947,23594.65486725664,0,1
UMKM-04463,54,44377014,15,3.0,0.0,97770.0,0.0,1,0,1,0,0,0,1,0,0,0.5,0.0,806854.8,0,1
UMKM-04467,102,24449820,17,4.4,2.0,361082.0,4.0,0,0,0,0,0,0,1,0,0,0.5666666666666667,0.019417475728155338,237376.8932038835,0,1
UMKM-04468,98,4030948,11,3.0,0.0,323118.0,4.0,0,0,1,0,0,0,1,0,0,0.36666666666666664,0.0,40716.64646464647,0,1
UMKM-04469,103,27114838,26,4.1,15.0,310274.0,0.0,1,0,0,0,0,1,0,0,0,0.8666666666666667,0.14423076923076922,260719.59615384616,1,1
UMKM-04470,13,49524640,0,1.0,0.0,173617.0,4.0,2,0,0,0,0,0,1,0,0,0.0,0.0,3537474.285714286,0,1
UMKM-04471,90,25247687,14,1.5,0.0,314644.0,0.0,2,0,0,0,0,1,0,0,0,0.4666666666666667,0.0,277447.1098901099,0,1
UMKM-04472,21,6482571,26,1.8,0.0,372634.0,3.0,1,0,0,0,0,1,0,0,0,0.8666666666666667,0.0,294662.3181818182,0,1
UMKM-04474,101,27357257,20,1.8,0.0,0.0,2.0,1,0,0,1,0,0,0,1,0,0.6666666666666666,0.0,268208.40196078434,0,0
UMKM-04475,110,17423028,0,2.5,0.0,385793.0,0.0,2,0,0,0,0,0,0,0,0,0.0,0.0,156964.2162162162,0,1
UMKM-04476,27,1810713,28,3.0,0.0,143116.0,0.0,2,0,1,0,0,0,1,0,0,0.9333333333333333,0.0,64668.32142857143,0,1
UMKM-04477,34,32986409,2,2.3,30.0,162742.0,4.0,2,0,0,0,0,0,0,1,0,0.06666666666666667,0.8571428571428571,942468.8285714285,1,1
UMKM-04478,26,35663163,11,4.8,0.0,146296.0,0.0,0,0,0,0,0,0,0,0,1,0.36666666666666664,0.0,1320857.888888889,0,1
UMKM-04479,63,49130342,27,5.0,15.0,434333.0,0.0,0,0,0,0,1,0,1,0,0,0.9,0.234375,767661.59375,1,1
UMKM-04482,51,21440897,30,3.8,0.0,0.0,3.0,2,0,0,1,0,0,0,0,1,1.0,0.0,412324.9423076923,0,0
UMKM-04483,36,21706821,30,4.1,0.0,172098.0,1.0,0,0,0,0,0,0,0,0,0,1.0,0.0,586670.8378378379,0,1
UMKM-04487,81,35372840,10,2.4,0.0,407454.0,0.0,0,0,0,0,0,1,0,0,0,0.3333333333333333,0.0,431376.0975609756,0,1
UMKM-04488,29,28930327,28,2.5,0.0,412932.0,0.0,0,0,0,0,0,0,0,1,0,0.9333333333333333,0.0,964344.2333333333,0,1
UMKM-04489,108,37804565,24,2.4,0.0,232979.0,1.0,1,0,0,0,0,0,1,0,0,0.8,0.0,346830.871559633,0,1
UMKM-04490,65,38278192,12,4.1,0.0,418076.0,1.0,0,0,0,0,0,0,1,0,0,0.4,0.0,579972.6060606061,0,1
UMKM-04492,47,41372649,18,1.0,0.0,61294.0,1.0,0,0,0,0,0,0,0,0,0,0.6,0.0,861930.1875,0,1
UMKM-04494,78,25670251,27,3.5,0.0,160621.0,0.0,0,0,0,0,0,0,0,0,1,0.9,0.0,324939.88607594935,0,1
UMKM-04495,108,3341978,3,1.5,0.0,212928.0,0.0,0,0,0,0,0,0,0,1,0,0.1,0.0,30660.34862385321,0,1
UMKM-04496,19,4399584,2,1.3,0.0,57817.0,0.0,1,0,0,0,0,0,0,0,1,0.06666666666666667,0.0,219979.2,0,1
UMKM-04500,49,10420626,24,3.0,0.0,246997.0,1.0,0,0,1,0,0,1,0,0,0,0.8,0.0,208412.52,0,1
UMKM-04503,92,16733529,28,1.7,5.0,256043.0,1.0,0,0,0,0,0,1,0,0,0,0.9333333333333333,0.053763440860215055,179930.4193548387,0,1
UMKM-04505,16,33317460,28,1.5,30.0,443227.0,2.0,2,0,0,0,0,0,1,0,0,0.9333333333333333,1.7647058823529411,1959850.5882352942,1,1
UMKM-04506,5,14401315,11,2.9,0.0,125244.0,0.0,1,0,0,0,0,0,1,0,0,0.36666666666666664,0.0,2400219.1666666665,0,1
UMKM-04508,2,1658561,19,4.8,0.0,272941.0,2.0,0,1,0,0,0,0,0,0,0,0.6333333333333333,0.0,552853.6666666666,0,0
UMKM-04509,33,46325998,16,4.6,0.0,334681.0,0.0,0,0,0,0,0,0,1,0,0,0.5333333333333333,0.0,1362529.3529411764,0,1
UMKM-04510,101,27847645,11,2.8,2.0,303938.0,0.0,0,0,0,0,0,1,0,0,0,0.36666666666666664,0.0196078431372549,273016.1274509804,0,1
UMKM-04512,43,32757382,9,1.9,0.0,189583.0,1.0,1,0,0,0,0,0,0,0,1,0.3,0.0,744485.9545454546,0,1
UMKM-04513,40,34240467,17,3.0,0.0,193545.0,2.0,0,1,1,0,0,0,0,0,1,0.5666666666666667,0.0,835133.3414634146,0,0
UMKM-04514,32,4413553,29,3.0,15.0,322612.0,0.0,1,0,1,0,0,1,0,0,0,0.9666666666666667,0.45454545454545453,133744.0303030303,1,1
UMKM-04515,2,36698454,7,1.1,15.0,150231.0,0.0,2,0,0,0,0,0,0,0,0,0.23333333333333334,5.0,12232818.0,1,1
UMKM-04517,31,36864912,12,4.5,0.0,249440.0,0.0,0,0,0,0,0,0,0,0,1,0.4,0.0,1152028.5,0,1
UMKM-04518,85,3256376,30,1.5,0.0,401042.0,1.0,1,0,0,0,0,0,0,0,1,1.0,0.0,37864.83720930233,0,1
UMKM-04519,86,36177357,5,4.9,5.0,0.0,3.0,0,0,0,1,0,0,1,0,0,0.16666666666666666,0.05747126436781609,415831.6896551724,0,0
UMKM-04520,34,32645971,6,3.0,0.0,0.0,2.0,0,0,1,1,0,0,1,0,0,0.2,0.0,932742.0285714286,0,0
UMKM-04521,28,22554043,20,4.5,0.0,328130.0,0.0,0,0,0,0,1,0,0,0,0,0.6666666666666666,0.0,777725.6206896552,0,1
UMKM-04524,102,40645145,27,1.6,0.0,311007.0,0.0,0,0,0,0,0,0,1,0,0,0.9,0.0,394613.0582524272,0,1
UMKM-04526,27,28573471,20,4.5,0.0,458565.0,0.0,0,0,0,0,0,1,0,0,0,0.6666666666666666,0.0,1020481.1071428572,0,1
UMKM-04527,41,6014477,20,3.0,0.0,378743.0,1.0,1,0,1,0,0,1,0,0,0,0.6666666666666666,0.0,143201.83333333334,0,1
UMKM-04528,104,28676846,23,3.0,15.0,328803.0,0.0,1,0,1,0,0,0,0,0,1,0.7666666666666667,0.14285714285714285,273112.81904761906,1,1
UMKM-04529,46,35795394,26,3.0,0.0,93751.0,0.0,0,1,1,0,0,1,0,0,0,0.8666666666666667,0.0,761604.1276595745,0,0
UMKM-04530,112,44255168,26,1.0,0.0,202378.0,0.0,0,0,0,0,0,0,0,0,1,0.8666666666666667,0.0,391638.65486725664,0,1
UMKM-04531,74,32979097,12,3.7,0.0,0.0,0.0,0,0,0,1,0,0,0,0,1,0.4,0.0,439721.29333333333,0,0
UMKM-04532,87,40364503,28,2.2,0.0,392620.0,2.0,1,0,0,0,0,0,1,0,0,0.9333333333333333,0.0,458687.5340909091,0,1
UMKM-04534,27,5962317,27,1.4,0.0,247939.0,0.0,0,0,0,0,0,0,1,0,0,0.9,0.0,212939.89285714287,0,1
UMKM-04536,107,12715980,28,3.5,5.0,469348.0,1.0,0,0,0,0,0,0,0,0,1,0.9333333333333333,0.046296296296296294,117740.55555555556,0,1
UMKM-04537,87,29239278,21,1.9,0.0,390916.0,1.0,2,0,0,0,0,1,0,0,0,0.7,0.0,332264.5227272727,0,1
UMKM-04539,15,7675789,29,4.7,30.0,0.0,2.0,0,0,0,1,0,1,0,0,0,0.9666666666666667,1.875,479736.8125,1,0
UMKM-04540,52,22605076,27,1.0,0.0,249654.0,0.0,2,1,0,0,0,1,0,0,0,0.9,0.0,426510.8679245283,0,0
UMKM-04541,79,17283033,22,4.1,0.0,143706.0,0.0,0,1,0,0,0,0,0,0,1,0.7333333333333333,0.0,216037.9125,0,0
UMKM-04543,4,42274034,3,1.2,0.0,194792.0,1.0,2,1,0,0,0,0,0,0,0,0.1,0.0,8454806.8,0,0
UMKM-04544,0,32595971,2,4.2,5.0,425857.0,1.0,0,0,0,0,0,0,0,0,0,0.06666666666666667,5.0,32595971.0,0,1
UMKM-04545,114,40202467,31,1.9,0.0,303912.0,3.0,1,0,0,0,0,0,0,0,1,1.0333333333333334,0.0,349586.6695652174,0,1
UMKM-04546,109,23038322,3,2.1,2.0,77400.0,2.0,1,0,0,0,0,0,0,1,0,0.1,0.01818181818181818,209439.29090909092,0,1
UMKM-04547,115,4171050,0,1.4,0.0,134012.0,4.0,2,0,0,0,0,0,0,0,1,0.0,0.0,35957.3275862069,0,1
UMKM-04548,7,44895552,11,3.1,5.0,427661.0,2.0,1,0,0,0,0,0,1,0,0,0.36666666666666664,0.625,5611944.0,0,1
UMKM-04549,59,16614446,12,3.0,5.0,276574.0,0.0,0,0,1,0,0,0,0,0,1,0.4,0.08333333333333333,276907.43333333335,0,1
UMKM-04551,51,1073079,28,3.0,0.0,76510.0,0.0,1,0,1,0,0,0,0,1,0,0.9333333333333333,0.0,20636.134615384617,0,1
UMKM-04552,105,14655434,8,4.4,2.0,491378.0,1.0,0,0,0,0,0,1,0,0,0,0.26666666666666666,0.018867924528301886,138258.81132075473,0,1
UMKM-04553,40,24056282,30,4.5,0.0,211271.0,1.0,0,0,0,0,0,1,0,0,0,1.0,0.0,586738.5853658536,0,1
UMKM-04554,2,11124284,6,3.0,0.0,467255.0,2.0,2,1,1,0,0,0,0,0,1,0.2,0.0,3708094.6666666665,0,0
UMKM-04555,4,10285773,12,2.0,2.0,429532.0,0.0,1,0,0,0,0,0,0,0,1,0.4,0.4,2057154.6,0,1
UMKM-04556,67,4152981,1,1.4,0.0,156639.0,2.0,2,0,0,0,0,1,0,0,0,0.03333333333333333,0.0,61073.25,0,1
UMKM-04558,99,18759051,6,3.0,2.0,69188.0,0.0,0,0,1,0,0,0,0,0,1,0.2,0.02,187590.51,0,1
UMKM-04559,61,25427757,17,1.1,0.0,158382.0,1.0,0,0,0,0,0,1,0,0,0,0.5666666666666667,0.0,410125.1129032258,0,1
UMKM-04560,5,38292041,7,2.9,5.0,320134.0,1.0,1,0,0,0,0,1,0,0,0,0.23333333333333334,0.8333333333333334,6382006.833333333,0,1
UMKM-04561,6,35509372,11,3.9,0.0,171024.0,0.0,0,0,0,0,0,1,0,0,0,0.36666666666666664,0.0,5072767.428571428,0,1
UMKM-04563,19,3323985,29,3.0,0.0,432848.0,1.0,0,0,1,0,0,0,0,1,0,0.9666666666666667,0.0,166199.25,0,1
UMKM-04564,43,2247880,8,3.8,2.0,54273.0,0.0,0,0,0,0,0,0,1,0,0,0.26666666666666666,0.045454545454545456,51088.181818181816,0,1
UMKM-04565,43,31258064,27,3.6,0.0,384141.0,2.0,0,1,0,0,0,1,0,0,0,0.9,0.0,710410.5454545454,0,0
UMKM-04566,83,34308389,3,3.7,2.0,90326.0,0.0,0,0,0,0,0,0,1,0,0,0.1,0.023809523809523808,408433.20238095237,0,1
UMKM-04568,56,27528441,16,4.2,0.0,143630.0,0.0,0,1,0,0,0,0,1,0,0,0.5333333333333333,0.0,482955.1052631579,0,0
UMKM-04569,112,44997361,10,2.9,0.0,451948.0,0.0,0,0,0,0,0,0,0,1,0,0.3333333333333333,0.0,398206.73451327434,0,1
UMKM-04570,30,8754757,1,3.1,5.0,385055.0,3.0,0,0,0,0,0,0,1,0,0,0.03333333333333333,0.16129032258064516,282411.51612903224,0,1
UMKM-04571,33,27782243,22,3.0,2.0,63660.0,2.0,0,0,1,0,0,0,0,0,1,0.7333333333333333,0.058823529411764705,817124.7941176471,0,1
UMKM-04572,47,48593798,21,2.1,0.0,437333.0,2.0,2,0,0,0,0,1,0,0,0,0.7,0.0,1012370.7916666666,0,1
UMKM-04573,84,18667864,25,2.0,0.0,205345.0,0.0,0,0,0,0,0,0,0,0,0,0.8333333333333334,0.0,219621.9294117647,0,1
UMKM-04574,72,20172877,11,1.0,0.0,247020.0,0.0,0,0,0,0,0,0,1,0,0,0.36666666666666664,0.0,276340.7808219178,0,1
UMKM-04575,97,33830188,31,2.6,30.0,105020.0,1.0,2,0,0,0,0,1,0,0,0,1.0333333333333334,0.30612244897959184,345206.0,1,1
UMKM-04576,50,40528732,8,2.9,30.0,469575.0,0.0,1,0,0,0,0,0,0,0,1,0.26666666666666666,0.5882352941176471,794681.0196078431,1,1
UMKM-04579,50,7701828,25,4.7,30.0,252335.0,0.0,1,0,0,0,0,0,1,0,0,0.8333333333333334,0.5882352941176471,151016.23529411765,1,1
UMKM-04580,112,46670343,6,2.1,0.0,459123.0,1.0,0,0,0,0,0,1,0,0,0,0.2,0.0,413011.88495575223,0,1
UMKM-04583,24,37644439,23,3.6,0.0,397574.0,4.0,2,0,0,0,0,0,0,0,1,0.7666666666666667,0.0,1505777.56,0,1
UMKM-04584,6,34604583,24,3.8,2.0,179060.0,1.0,0,0,0,0,0,0,1,0,0,0.8,0.2857142857142857,4943511.857142857,0,1
UMKM-04585,114,6834552,30,4.7,2.0,149941.0,2.0,0,0,0,0,0,1,0,0,0,1.0,0.017391304347826087,59430.88695652174,0,1
UMKM-04586,29,26238671,28,2.3,0.0,0.0,1.0,1,0,0,1,0,0,1,0,0,0.9333333333333333,0.0,874622.3666666667,0,0
UMKM-04587,71,3839611,4,2.0,30.0,200852.0,2.0,1,0,0,0,0,1,0,0,0,0.13333333333333333,0.4166666666666667,53327.930555555555,1,1
UMKM-04590,96,4883755,10,4.7,0.0,96548.0,1.0,0,0,0,0,0,0,0,0,1,0.3333333333333333,0.0,50347.989690721646,0,1
UMKM-04591,101,5617663,31,1.8,5.0,319266.0,0.0,0,0,0,0,0,0,0,1,0,1.0333333333333334,0.049019607843137254,55075.12745098039,0,1
UMKM-04592,81,8233469,7,3.8,0.0,100794.0,0.0,0,0,0,0,0,0,0,0,1,0.23333333333333334,0.0,100408.15853658537,0,1
UMKM-04593,62,46438692,19,3.0,0.0,444510.0,2.0,0,0,1,0,0,0,1,0,0,0.6333333333333333,0.0,737122.0952380953,0,1
UMKM-04596,1,34654351,7,3.6,2.0,221627.0,0.0,0,0,0,0,0,0,0,0,0,0.23333333333333334,1.0,17327175.5,0,1
UMKM-04597,16,44208362,1,3.0,0.0,451771.0,0.0,0,1,1,0,0,0,0,0,1,0.03333333333333333,0.0,2600491.882352941,0,0
UMKM-04598,87,12728356,20,1.2,2.0,52116.0,1.0,0,0,0,0,0,0,0,0,0,0.6666666666666666,0.022727272727272728,144640.4090909091,0,1
UMKM-04599,69,21321666,14,2.3,0.0,453763.0,0.0,0,0,0,0,0,0,0,0,1,0.4666666666666667,0.0,304595.22857142857,0,1
UMKM-04600,50,12088638,5,3.0,0.0,455926.0,0.0,0,0,1,0,0,1,0,0,0,0.16666666666666666,0.0,237032.11764705883,0,1
UMKM-04601,91,41136263,4,2.0,15.0,0.0,0.0,1,0,0,1,0,1,0,0,0,0.13333333333333333,0.16304347826086957,447133.29347826086,1,0
UMKM-04602,52,15235173,2,1.2,0.0,274300.0,0.0,1,0,0,0,0,1,0,0,0,0.06666666666666667,0.0,287456.09433962265,0,1
UMKM-04605,117,35952363,15,2.4,2.0,0.0,0.0,0,0,0,1,0,0,0,0,0,0.5,0.01694915254237288,304681.0423728814,0,0
UMKM-04607,6,16887604,8,4.8,0.0,408235.0,2.0,2,0,0,0,0,0,1,0,0,0.26666666666666666,0.0,2412514.8571428573,0,1
UMKM-04609,117,2987881,18,4.1,2.0,347454.0,3.0,2,0,0,0,0,1,0,0,0,0.6,0.01694915254237288,25321.025423728814,0,1
UMKM-04613,56,8737726,9,3.8,2.0,436808.0,0.0,1,0,0,0,0,0,1,0,0,0.3,0.03508771929824561,153293.43859649124,0,1
UMKM-04614,106,21561612,9,3.0,0.0,0.0,1.0,0,0,1,1,0,1,0,0,0,0.3,0.0,201510.39252336448,0,0
UMKM-04615,84,40274344,19,4.7,5.0,137515.0,2.0,0,0,0,0,0,1,0,0,0,0.6333333333333333,0.058823529411764705,473815.81176470587,0,1
UMKM-04616,98,47832838,0,2.4,0.0,103826.0,0.0,1,0,0,0,0,0,0,1,0,0.0,0.0,483159.9797979798,0,1
UMKM-04617,67,7141092,5,3.1,30.0,392365.0,0.0,1,0,0,0,0,0,0,0,1,0.16666666666666666,0.4411764705882353,105016.05882352941,1,1
UMKM-04618,99,30299953,1,1.6,5.0,209616.0,0.0,1,0,0,0,0,0,0,0,1,0.03333333333333333,0.05,302999.53,0,1
UMKM-04621,71,13443843,2,1.2,2.0,486851.0,0.0,2,0,0,0,0,0,1,0,0,0.06666666666666667,0.027777777777777776,186720.04166666666,0,1
UMKM-04623,113,17600267,12,2.6,0.0,207742.0,0.0,0,0,0,0,0,0,0,0,1,0.4,0.0,154388.30701754385,0,1
UMKM-04625,83,7574909,14,2.2,0.0,109665.0,1.0,0,0,0,0,0,0,0,0,1,0.4666666666666667,0.0,90177.48809523809,0,1
UMKM-04627,38,32747600,21,3.6,2.0,236912.0,0.0,0,0,0,0,0,1,0,0,0,0.7,0.05128205128205128,839682.0512820513,0,1
UMKM-04630,7,15558408,16,3.8,0.0,208011.0,2.0,0,1,0,0,0,0,0,0,0,0.5333333333333333,0.0,1944801.0,0,0
UMKM-04631,25,9297530,4,3.0,0.0,102385.0,0.0,0,1,1,0,0,1,0,0,0,0.13333333333333333,0.0,357597.3076923077,0,0
UMKM-04632,87,27936182,20,3.0,0.0,426882.0,0.0,0,0,1,0,0,1,0,0,0,0.6666666666666666,0.0,317456.61363636365,0,1
UMKM-04633,108,31155144,23,3.1,5.0,393445.0,1.0,2,0,0,0,0,1,0,0,0,0.7666666666666667,0.045871559633027525,285827.00917431194,0,1
UMKM-04634,22,10037451,30,2.7,0.0,443359.0,2.0,1,1,0,0,0,0,1,0,0,1.0,0.0,436410.9130434783,0,0
UMKM-04636,21,43851880,29,3.0,0.0,121337.0,0.0,2,0,0,0,0,0,0,0,1,0.9666666666666667,0.0,1993267.2727272727,0,1
UMKM-04638,89,35344455,6,3.7,0.0,399316.0,2.0,0,0,0,0,0,1,0,0,0,0.2,0.0,392716.1666666667,0,1
UMKM-04639,98,39891190,6,2.9,0.0,497986.0,0.0,0,1,0,0,0,0,1,0,0,0.2,0.0,402941.31313131313,0,0
UMKM-04640,73,47778501,26,2.9,2.0,267477.0,0.0,0,0,0,0,0,1,0,0,0,0.8666666666666667,0.02702702702702703,645655.4189189189,0,1
UMKM-04641,27,24326388,23,2.4,0.0,253945.0,0.0,0,0,0,0,0,0,1,0,0,0.7666666666666667,0.0,868799.5714285715,0,1
UMKM-04642,14,8099283,18,1.4,0.0,467751.0,1.0,0,0,0,0,0,1,0,0,0,0.6,0.0,539952.2,0,1
UMKM-04645,95,35736711,21,1.9,2.0,0.0,1.0,0,0,0,1,0,0,1,0,0,0.7,0.020833333333333332,372257.40625,0,0
UMKM-04646,67,2721841,26,4.7,0.0,58116.0,0.0,0,0,0,0,0,0,0,0,1,0.8666666666666667,0.0,40027.07352941176,0,1
UMKM-04647,17,44534960,5,1.9,0.0,266722.0,1.0,0,0,0,0,0,1,0,0,0,0.16666666666666666,0.0,2474164.4444444445,0,1
UMKM-04648,66,46853802,9,3.1,0.0,310914.0,3.0,0,0,0,0,0,0,0,0,1,0.3,0.0,699310.4776119404,0,1
UMKM-04650,106,17112440,30,1.5,0.0,63998.0,0.0,0,0,0,0,0,0,0,0,1,1.0,0.0,159929.34579439252,0,1
UMKM-04651,8,41536695,24,1.2,15.0,80279.0,3.0,2,0,0,0,0,1,0,0,0,0.8,1.6666666666666667,4615188.333333333,1,1
UMKM-04652,85,10212230,1,2.5,15.0,310479.0,2.0,2,0,0,0,0,0,0,0,1,0.03333333333333333,0.1744186046511628,118746.86046511628,1,1
UMKM-04653,19,27942759,9,1.2,0.0,157370.0,3.0,0,0,0,0,0,0,0,0,1,0.3,0.0,1397137.95,0,1
UMKM-04654,71,30074829,9,1.4,0.0,377294.0,3.0,1,0,0,0,0,0,0,0,1,0.3,0.0,417705.9583333333,0,1
UMKM-04655,113,47318694,25,1.6,0.0,233168.0,0.0,0,1,0,0,0,0,0,1,0,0.8333333333333334,0.0,415076.2631578947,0,0
UMKM-04656,79,16592059,4,1.0,5.0,366099.0,3.0,1,0,0,0,0,1,0,0,0,0.13333333333333333,0.0625,207400.7375,0,1
UMKM-04657,103,37439796,21,1.6,0.0,493576.0,1.0,0,0,0,0,0,0,0,0,1,0.7,0.0,359998.03846153844,0,1
UMKM-04658,25,18262075,3,3.3,5.0,496101.0,0.0,0,0,0,0,0,0,0,1,0,0.1,0.19230769230769232,702387.5,0,1
UMKM-04660,106,26208016,6,1.8,0.0,195977.0,0.0,0,0,0,0,0,0,0,1,0,0.2,0.0,244934.7289719626,0,1
UMKM-04661,116,10279915,16,1.3,2.0,277546.0,0.0,0,0,0,0,0,1,0,0,0,0.5333333333333333,0.017094017094017096,87862.52136752137,0,1
UMKM-04662,101,43951048,10,3.9,0.0,324444.0,4.0,1,0,0,0,0,0,0,0,0,0.3333333333333333,0.0,430892.6274509804,0,1
UMKM-04663,48,35964281,7,1.0,0.0,171254.0,0.0,0,1,0,0,0,0,0,0,1,0.23333333333333334,0.0,733964.918367347,0,0
UMKM-04667,37,48712603,24,1.5,0.0,417992.0,0.0,0,0,0,0,0,1,0,0,0,0.8,0.0,1281910.605263158,0,1
UMKM-04668,83,8704625,20,3.0,0.0,0.0,2.0,0,0,1,1,0,0,1,0,0,0.6666666666666666,0.0,103626.48809523809,0,0
UMKM-04669,109,12918227,11,4.2,0.0,160219.0,0.0,0,0,0,0,0,0,1,0,0,0.36666666666666664,0.0,117438.42727272728,0,1
UMKM-04670,93,12238504,25,1.5,0.0,217319.0,0.0,0,0,0,0,1,1,0,0,0,0.8333333333333334,0.0,130196.85106382979,0,1
UMKM-04671,41,48594915,28,5.0,2.0,188001.0,2.0,0,0,0,0,0,0,0,1,0,0.9333333333333333,0.047619047619047616,1157021.7857142857,0,1
UMKM-04678,103,3976760,28,4.2,0.0,493391.0,0.0,0,0,0,0,0,0,0,0,1,0.9333333333333333,0.0,38238.07692307692,0,1
UMKM-04679,33,13262024,23,2.8,0.0,128610.0,4.0,1,1,0,0,0,0,0,0,1,0.7666666666666667,0.0,390059.5294117647,0,0
UMKM-04680,31,8629100,14,3.8,2.0,300202.0,0.0,0,0,0,0,0,0,0,0,0,0.4666666666666667,0.0625,269659.375,0,1
UMKM-04681,113,28708895,5,1.7,0.0,179960.0,0.0,0,0,0,0,0,0,1,0,0,0.16666666666666666,0.0,251832.41228070174,0,1
UMKM-04682,108,30498911,31,3.0,2.0,335214.0,1.0,0,0,1,0,0,0,1,0,0,1.0333333333333334,0.01834862385321101,279806.5229357798,0,1
UMKM-04686,46,42130299,19,4.7,0.0,166813.0,0.0,0,1,0,0,0,1,0,0,0,0.6333333333333333,0.0,896389.340425532,0,0
UMKM-04687,85,17650240,11,4.8,0.0,424312.0,0.0,0,0,0,0,0,0,0,1,0,0.36666666666666664,0.0,205235.3488372093,0,1
UMKM-04690,75,47524898,16,2.7,30.0,334683.0,1.0,2,0,0,0,0,0,0,1,0,0.5333333333333333,0.39473684210526316,625327.6052631579,1,1
UMKM-04691,36,37404899,26,3.0,15.0,238151.0,0.0,2,0,1,0,0,0,0,0,0,0.8666666666666667,0.40540540540540543,1010943.2162162162,1,1
UMKM-04692,70,11956096,16,4.8,0.0,312372.0,0.0,0,0,0,0,0,0,0,1,0,0.5333333333333333,0.0,168395.71830985916,0,1
UMKM-04693,106,16603533,10,4.8,0.0,366234.0,4.0,0,0,0,0,0,0,0,0,1,0.3333333333333333,0.0,155173.20560747664,0,1
UMKM-04695,21,12743383,1,3.0,0.0,115202.0,0.0,0,0,1,0,0,0,0,1,0,0.03333333333333333,0.0,579244.6818181818,0,1
UMKM-04696,106,26092739,1,4.5,0.0,274596.0,0.0,0,0,0,0,0,1,0,0,0,0.03333333333333333,0.0,243857.3738317757,0,1
UMKM-04697,2,17907725,28,1.3,0.0,73199.0,1.0,1,0,0,0,0,1,0,0,0,0.9333333333333333,0.0,5969241.666666667,0,1
UMKM-04699,118,32420184,23,4.9,0.0,324595.0,2.0,1,1,0,0,0,0,0,0,1,0.7666666666666667,0.0,272438.5210084034,0,0
UMKM-04700,100,37179145,23,4.4,0.0,129527.0,1.0,0,0,0,0,0,1,0,0,0,0.7666666666666667,0.0,368110.34653465345,0,1
UMKM-04701,119,35094050,15,4.6,0.0,324813.0,3.0,0,0,0,0,0,0,0,1,0,0.5,0.0,292450.4166666667,0,1
UMKM-04702,107,20026934,30,1.6,0.0,243957.0,2.0,1,0,0,0,0,1,0,0,0,1.0,0.0,185434.57407407407,0,1
UMKM-04704,117,1908521,8,3.4,0.0,0.0,0.0,1,0,0,1,0,0,0,0,0,0.26666666666666666,0.0,16173.906779661016,0,0
UMKM-04705,87,1003212,26,3.0,2.0,157582.0,1.0,1,0,0,0,0,0,0,0,1,0.8666666666666667,0.022727272727272728,11400.136363636364,0,1
UMKM-04707,14,1476657,13,3.0,0.0,275525.0,0.0,0,1,1,0,0,1,0,0,0,0.43333333333333335,0.0,98443.8,0,0
UMKM-04709,11,42026616,24,2.2,0.0,328301.0,3.0,1,0,0,0,0,1,0,0,0,0.8,0.0,3502218.0,0,1
UMKM-04712,114,1638093,21,3.0,0.0,0.0,0.0,0,0,1,1,0,0,0,0,1,0.7,0.0,14244.286956521739,0,0
UMKM-04715,32,22804767,26,2.8,15.0,376300.0,1.0,2,0,0,0,0,1,0,0,0,0.8666666666666667,0.45454545454545453,691053.5454545454,1,1
UMKM-04717,47,13046500,25,2.2,30.0,81626.0,2.0,2,0,0,0,0,0,0,0,0,0.8333333333333334,0.625,271802.0833333333,1,1
UMKM-04718,87,40923926,18,3.2,2.0,284843.0,0.0,0,0,0,0,0,1,0,0,0,0.6,0.022727272727272728,465044.61363636365,0,1
UMKM-04722,25,8356505,25,3.4,0.0,327042.0,2.0,0,0,0,0,0,0,0,0,0,0.8333333333333334,0.0,321404.03846153844,0,1
UMKM-04723,38,22624579,5,4.6,2.0,91001.0,0.0,0,0,0,0,0,0,0,0,1,0.16666666666666666,0.05128205128205128,580117.4102564103,0,1
UMKM-04724,54,39923113,2,2.0,0.0,326902.0,0.0,1,0,0,0,0,1,0,0,0,0.06666666666666667,0.0,725874.7818181819,0,1
UMKM-04725,70,40748835,5,3.0,0.0,490454.0,3.0,0,0,1,0,0,0,0,0,1,0.16666666666666666,0.0,573927.2535211268,0,1
UMKM-04726,113,35448462,27,3.2,2.0,458337.0,0.0,0,0,0,0,0,0,0,0,1,0.9,0.017543859649122806,310951.4210526316,0,1
UMKM-04727,11,49845407,2,5.0,0.0,264274.0,0.0,0,0,0,0,0,0,0,0,1,0.06666666666666667,0.0,4153783.9166666665,0,1
UMKM-04728,73,13042588,12,1.8,2.0,227342.0,0.0,0,0,0,0,0,1,0,0,0,0.4,0.02702702702702703,176251.1891891892,0,1
UMKM-04729,67,6467977,12,1.6,2.0,278607.0,0.0,0,0,0,0,1,0,0,0,1,0.4,0.029411764705882353,95117.30882352941,0,1
UMKM-04730,33,15979028,12,3.4,2.0,0.0,3.0,0,0,0,1,0,0,0,0,1,0.4,0.058823529411764705,469971.4117647059,0,0
UMKM-04731,36,29527485,0,1.9,0.0,241981.0,0.0,1,0,0,0,0,0,0,1,0,0.0,0.0,798040.1351351351,0,1
UMKM-04734,90,44272174,30,3.0,0.0,285485.0,0.0,0,0,1,0,0,0,0,0,0,1.0,0.0,486507.4065934066,0,1
UMKM-04735,83,42283986,16,1.9,0.0,84888.0,0.0,1,0,0,0,0,0,0,0,1,0.5333333333333333,0.0,503380.78571428574,0,1
UMKM-04736,97,49258716,8,1.7,0.0,290713.0,0.0,0,0,0,0,0,0,1,0,0,0.26666666666666666,0.0,502639.9591836735,0,1
UMKM-04738,73,31780850,12,3.3,2.0,136416.0,2.0,0,0,0,0,0,0,0,1,0,0.4,0.02702702702702703,429470.9459459459,0,1
UMKM-04740,0,24078059,13,4.0,30.0,212784.0,1.0,2,0,0,0,0,0,0,0,1,0.43333333333333335,30.0,24078059.0,1,1
UMKM-04741,116,32703032,10,3.4,15.0,79943.0,0.0,1,0,0,0,0,1,0,0,0,0.3333333333333333,0.1282051282051282,279513.094017094,1,1
UMKM-04742,102,24669775,24,3.0,5.0,317450.0,2.0,0,0,1,0,0,0,1,0,0,0.8,0.04854368932038835,239512.3786407767,0,1
UMKM-04743,37,22523392,30,4.2,0.0,115461.0,2.0,1,0,0,0,0,0,0,0,1,1.0,0.0,592720.8421052631,0,1
UMKM-04744,110,22540591,13,1.3,5.0,166521.0,1.0,0,0,0,0,0,1,0,0,0,0.43333333333333335,0.04504504504504504,203068.3873873874,0,1
UMKM-04745,29,14292599,6,1.1,0.0,467323.0,3.0,1,0,0,0,0,0,0,0,1,0.2,0.0,476419.9666666667,0,1
UMKM-04746,92,21563046,23,4.1,5.0,285254.0,0.0,0,0,0,0,0,1,0,0,0,0.7666666666666667,0.053763440860215055,231860.70967741936,0,1
UMKM-04752,63,41705908,2,3.4,0.0,442467.0,3.0,1,0,0,0,0,1,0,0,0,0.06666666666666667,0.0,651654.8125,0,1
UMKM-04754,10,35333071,25,3.8,2.0,377470.0,1.0,0,0,0,0,0,0,0,0,0,0.8333333333333334,0.18181818181818182,3212097.3636363638,0,1
UMKM-04755,2,46434358,25,4.2,0.0,66151.0,0.0,0,0,0,0,0,0,0,0,1,0.8333333333333334,0.0,15478119.333333334,0,1
UMKM-04756,83,48028309,0,2.8,0.0,0.0,4.0,1,0,0,1,0,1,0,0,0,0.0,0.0,571765.5833333334,0,0
UMKM-04757,90,39527295,14,4.5,0.0,448225.0,0.0,0,0,0,0,0,0,1,0,0,0.4666666666666667,0.0,434365.8791208791,0,1
UMKM-04758,84,26771086,10,4.4,2.0,397926.0,1.0,0,0,0,0,0,0,1,0,0,0.3333333333333333,0.023529411764705882,314953.9529411765,0,1
UMKM-04760,80,11698925,6,3.0,5.0,373962.0,0.0,0,0,1,0,0,0,0,1,0,0.2,0.06172839506172839,144431.17283950618,0,1
UMKM-04761,25,47589545,11,2.2,0.0,241602.0,1.0,0,0,0,0,0,0,0,0,1,0.36666666666666664,0.0,1830367.1153846155,0,1
UMKM-04763,4,38490238,2,3.8,2.0,177439.0,0.0,0,0,0,0,0,0,0,0,1,0.06666666666666667,0.4,7698047.6,0,1
UMKM-04765,115,38472571,25,3.0,2.0,89900.0,0.0,0,0,1,0,0,0,0,0,1,0.8333333333333334,0.017241379310344827,331660.0948275862,0,1
UMKM-04766,70,3402112,29,3.2,0.0,398706.0,0.0,0,1,0,0,0,0,0,0,1,0.9666666666666667,0.0,47917.07042253521,0,0
UMKM-04767,111,12623796,31,1.4,15.0,79289.0,0.0,2,0,0,0,0,0,0,0,0,1.0333333333333334,0.13392857142857142,112712.46428571429,1,1
UMKM-04771,14,30143736,17,4.6,2.0,200932.0,0.0,1,0,0,0,0,1,0,0,0,0.5666666666666667,0.13333333333333333,2009582.4,0,1
UMKM-04773,17,23877254,20,3.2,0.0,470330.0,1.0,0,0,0,0,0,0,0,1,0,0.6666666666666666,0.0,1326514.111111111,0,1
UMKM-04774,3,18800021,27,2.1,0.0,241270.0,0.0,0,0,0,0,0,0,1,0,0,0.9,0.0,4700005.25,0,1
UMKM-04775,52,39055668,15,3.2,2.0,456689.0,3.0,1,0,0,0,0,0,0,0,1,0.5,0.03773584905660377,736899.3962264151,0,1
UMKM-04776,53,7558347,27,1.7,15.0,113634.0,0.0,2,0,0,0,0,0,0,1,0,0.9,0.2777777777777778,139969.38888888888,1,1
UMKM-04777,87,45564525,21,4.0,5.0,420075.0,0.0,0,0,0,0,0,0,0,0,0,0.7,0.056818181818181816,517778.6931818182,0,1
UMKM-04778,74,16692846,18,3.0,0.0,336975.0,0.0,0,0,1,0,0,0,1,0,0,0.6,0.0,222571.28,0,1
UMKM-04779,48,43854548,0,4.4,0.0,203178.0,0.0,1,0,0,0,0,0,0,1,0,0.0,0.0,894990.775510204,0,1
UMKM-04780,40,2727373,30,1.4,0.0,388289.0,0.0,1,0,0,0,1,0,0,0,1,1.0,0.0,66521.29268292683,0,1
UMKM-04784,117,23696804,5,1.4,0.0,102563.0,0.0,1,1,0,0,0,0,0,0,1,0.16666666666666666,0.0,200820.37288135593,0,0
UMKM-04785,14,31574072,27,4.3,0.0,66459.0,4.0,1,0,0,0,0,0,0,0,0,0.9,0.0,2104938.1333333333,0,1
UMKM-04786,45,26660320,2,4.2,2.0,343432.0,4.0,2,0,0,0,0,1,0,0,0,0.06666666666666667,0.043478260869565216,579572.1739130435,0,1
UMKM-04787,72,49968680,30,2.8,5.0,217451.0,3.0,2,0,0,0,0,0,1,0,0,1.0,0.0684931506849315,684502.4657534247,0,1
UMKM-04788,33,40768837,15,1.4,0.0,254609.0,1.0,0,1,0,0,0,0,0,0,1,0.5,0.0,1199083.4411764706,0,0
UMKM-04789,31,40262451,16,3.1,0.0,173384.0,0.0,0,1,0,0,0,0,1,0,0,0.5333333333333333,0.0,1258201.59375,0,0
UMKM-04791,28,24501181,26,3.0,0.0,194021.0,1.0,0,0,1,0,0,1,0,0,0,0.8666666666666667,0.0,844868.3103448276,0,1
UMKM-04792,69,42387110,23,2.8,0.0,415559.0,0.0,1,0,0,0,0,1,0,0,0,0.7666666666666667,0.0,605530.1428571428,0,1
UMKM-04793,112,22584360,19,3.3,2.0,225410.0,2.0,1,0,0,0,0,0,0,0,0,0.6333333333333333,0.017699115044247787,199861.59292035399,0,1
UMKM-04794,98,14415460,31,3.9,5.0,383799.0,2.0,0,0,0,0,0,0,0,1,0,1.0333333333333334,0.050505050505050504,145610.70707070708,0,1
UMKM-04796,25,30924900,12,3.6,30.0,346328.0,0.0,1,0,0,0,0,0,0,1,0,0.4,1.1538461538461537,1189419.2307692308,1,1
UMKM-04798,48,14975270,19,2.6,0.0,123379.0,0.0,0,1,0,0,0,1,0,0,0,0.6333333333333333,0.0,305617.7551020408,0,0
UMKM-04799,38,20533132,1,1.3,0.0,0.0,0.0,1,0,0,1,0,0,0,0,1,0.03333333333333333,0.0,526490.5641025641,0,0
UMKM-04800,28,30528460,3,2.8,0.0,320575.0,0.0,0,0,0,0,0,0,0,0,1,0.1,0.0,1052705.5172413792,0,1
UMKM-04801,108,12634983,26,4.9,0.0,170741.0,0.0,0,0,0,0,0,1,0,0,0,0.8666666666666667,0.0,115917.2752293578,0,1
UMKM-04802,65,13124266,24,3.6,0.0,264769.0,0.0,1,0,0,0,0,0,1,0,0,0.8,0.0,198852.51515151514,0,1
UMKM-04803,116,21659035,3,1.6,5.0,0.0,0.0,1,0,0,1,0,1,0,0,0,0.1,0.042735042735042736,185119.95726495725,0,0
UMKM-04804,107,10221049,31,2.1,0.0,154618.0,0.0,0,0,0,0,0,1,0,0,0,1.0333333333333334,0.0,94639.3425925926,0,1
UMKM-04805,112,6204497,16,3.0,5.0,78836.0,1.0,1,0,1,0,0,0,0,0,1,0.5333333333333333,0.04424778761061947,54907.05309734513,0,1
UMKM-04806,56,39926136,0,1.7,0.0,152462.0,0.0,0,0,0,0,0,0,0,1,0,0.0,0.0,700458.5263157894,0,1
UMKM-04808,40,29946719,29,2.4,15.0,0.0,3.0,2,0,0,1,0,0,0,0,1,0.9666666666666667,0.36585365853658536,730407.7804878049,1,0
UMKM-04809,50,23975169,4,1.8,0.0,80762.0,1.0,0,1,0,0,0,1,0,0,0,0.13333333333333333,0.0,470101.35294117645,0,0
UMKM-04810,1,47405068,11,1.6,0.0,422546.0,0.0,1,0,0,0,0,0,0,0,1,0.36666666666666664,0.0,23702534.0,0,1
UMKM-04812,83,9222496,31,3.2,2.0,120976.0,0.0,0,0,0,0,0,0,1,0,0,1.0333333333333334,0.023809523809523808,109791.61904761905,0,1
UMKM-04817,78,14965345,31,3.0,2.0,201017.0,2.0,0,0,1,0,0,1,0,0,0,1.0333333333333334,0.02531645569620253,189434.74683544305,0,1
UMKM-04818,28,1728165,23,2.1,0.0,170921.0,0.0,2,0,0,0,0,0,0,0,1,0.7666666666666667,0.0,59591.89655172414,0,1
UMKM-04819,107,27098302,11,2.6,0.0,465141.0,0.0,0,0,0,0,0,0,0,0,1,0.36666666666666664,0.0,250910.2037037037,0,1
UMKM-04820,38,49379605,30,2.8,0.0,450874.0,0.0,0,0,0,0,0,0,0,0,1,1.0,0.0,1266143.717948718,0,1
UMKM-04821,102,35488103,18,1.3,5.0,75191.0,0.0,0,0,0,0,0,0,0,1,0,0.6,0.04854368932038835,344544.68932038837,0,1
UMKM-04822,24,48274674,28,3.0,2.0,87426.0,3.0,0,0,1,0,0,1,0,0,0,0.9333333333333333,0.08,1930986.96,0,1
UMKM-04823,11,7513231,20,1.5,0.0,321466.0,0.0,0,0,0,0,0,0,1,0,0,0.6666666666666666,0.0,626102.5833333334,0,1
UMKM-04824,53,46394060,25,2.9,30.0,499829.0,0.0,2,0,0,0,0,0,0,0,0,0.8333333333333334,0.5555555555555556,859149.2592592592,1,1
UMKM-04825,4,3824665,27,2.5,0.0,72014.0,1.0,1,0,0,0,0,1,0,0,0,0.9,0.0,764933.0,0,1
UMKM-04826,93,31106483,16,3.0,5.0,120891.0,0.0,0,0,0,0,0,0,0,1,0,0.5333333333333333,0.05319148936170213,330920.0319148936,0,1
UMKM-04827,78,37560806,8,4.5,0.0,256321.0,0.0,0,1,0,0,0,0,0,0,1,0.26666666666666666,0.0,475453.2405063291,0,0
UMKM-04828,12,25174127,20,5.0,15.0,245394.0,0.0,1,0,0,0,0,0,0,1,0,0.6666666666666666,1.1538461538461537,1936471.3076923077,1,1
UMKM-04830,102,27443703,10,2.6,2.0,332979.0,0.0,0,0,0,0,0,0,0,0,1,0.3333333333333333,0.019417475728155338,266443.71844660194,0,1
UMKM-04831,85,21926874,19,4.3,0.0,413112.0,0.0,0,0,0,0,0,0,0,0,1,0.6333333333333333,0.0,254963.6511627907,0,1
UMKM-04833,56,47628943,15,3.6,0.0,140415.0,1.0,1,0,0,0,0,1,0,0,0,0.5,0.0,835595.4912280702,0,1
UMKM-04834,53,28880207,28,5.0,0.0,488155.0,0.0,0,0,0,0,0,0,0,0,1,0.9333333333333333,0.0,534818.6481481482,0,1
UMKM-04835,43,1742476,0,3.6,0.0,180579.0,0.0,1,0,0,0,0,1,0,0,0,0.0,0.0,39601.72727272727,0,1
UMKM-04836,94,47285532,17,1.4,0.0,322230.0,0.0,1,0,0,0,0,0,0,0,0,0.5666666666666667,0.0,497742.4421052632,0,1
UMKM-04837,57,35115464,21,4.4,2.0,215355.0,1.0,0,0,0,0,0,0,1,0,0,0.7,0.034482758620689655,605439.0344827586,0,1
UMKM-04838,81,7416153,7,4.9,30.0,378263.0,0.0,1,0,0,0,0,0,1,0,0,0.23333333333333334,0.36585365853658536,90440.89024390244,1,1
UMKM-04839,26,13015131,6,3.0,0.0,344004.0,2.0,0,0,1,0,0,1,0,0,0,0.2,0.0,482041.8888888889,0,1
UMKM-04840,4,13174696,24,2.7,0.0,435390.0,0.0,0,0,0,0,0,1,0,0,0,0.8,0.0,2634939.2,0,1
UMKM-04841,5,45435532,29,3.0,0.0,293329.0,2.0,0,0,1,0,0,1,0,0,0,0.9666666666666667,0.0,7572588.666666667,0,1
UMKM-04845,99,21699597,10,4.2,2.0,102436.0,0.0,0,0,0,0,0,0,0,0,1,0.3333333333333333,0.02,216995.97,0,1
UMKM-04846,56,36061042,14,3.0,15.0,352820.0,2.0,0,0,1,0,0,1,0,0,0,0.4666666666666667,0.2631578947368421,632649.8596491228,1,1
UMKM-04848,28,35648185,22,3.1,0.0,375253.0,4.0,0,0,0,0,0,0,1,0,0,0.7333333333333333,0.0,1229247.7586206896,0,1
UMKM-04850,95,4671013,20,3.0,0.0,473389.0,1.0,1,0,1,0,0,1,0,0,0,0.6666666666666666,0.0,48656.385416666664,0,1
UMKM-04851,11,45492738,27,4.5,0.0,0.0,0.0,0,0,0,1,0,0,1,0,0,0.9,0.0,3791061.5,0,0
UMKM-04852,98,6155577,12,1.6,2.0,290870.0,1.0,0,0,0,0,0,1,0,0,0,0.4,0.020202020202020204,62177.545454545456,0,1
UMKM-04855,70,24713139,5,4.6,0.0,216371.0,1.0,0,0,0,0,0,0,0,0,1,0.16666666666666666,0.0,348072.38028169016,0,1
UMKM-04857,34,47017503,3,4.0,30.0,276229.0,0.0,0,0,0,0,0,0,0,1,0,0.1,0.8571428571428571,1343357.2285714287,1,1
UMKM-04858,13,1095287,4,3.5,0.0,285765.0,0.0,1,0,0,0,0,0,0,0,1,0.13333333333333333,0.0,78234.78571428571,0,1
UMKM-04860,76,9330512,5,2.8,15.0,428775.0,0.0,2,0,0,0,0,0,1,0,0,0.16666666666666666,0.19480519480519481,121175.48051948052,1,1
UMKM-04861,47,12266511,20,3.6,0.0,430128.0,0.0,0,1,0,0,0,0,0,0,1,0.6666666666666666,0.0,255552.3125,0,0
UMKM-04862,109,14752997,27,4.9,2.0,366572.0,0.0,0,0,0,0,0,0,0,1,0,0.9,0.01818181818181818,134118.15454545454,0,1
UMKM-04863,58,19173383,2,4.0,0.0,273862.0,0.0,0,0,0,0,0,1,0,0,0,0.06666666666666667,0.0,324972.593220339,0,1
UMKM-04864,77,12983517,22,1.3,0.0,104877.0,2.0,1,0,0,0,0,1,0,0,0,0.7333333333333333,0.0,166455.34615384616,0,1
UMKM-04865,41,40570105,7,1.7,0.0,0.0,1.0,1,0,0,1,0,0,0,0,1,0.23333333333333334,0.0,965954.880952381,0,0
UMKM-04866,0,5158433,18,4.3,2.0,343228.0,0.0,0,0,0,0,0,0,1,0,0,0.6,2.0,5158433.0,0,1
UMKM-04867,10,45396651,10,2.3,5.0,444117.0,0.0,1,0,0,0,0,0,1,0,0,0.3333333333333333,0.45454545454545453,4126968.272727273,0,1
UMKM-04868,66,39237456,9,3.8,15.0,474121.0,3.0,1,0,0,0,0,0,0,0,0,0.3,0.22388059701492538,585633.671641791,1,1
UMKM-04869,106,34319675,27,3.8,0.0,350877.0,0.0,0,0,0,0,0,0,1,0,0,0.9,0.0,320744.6261682243,0,1
UMKM-04870,12,7150158,19,3.0,5.0,413704.0,0.0,0,0,1,0,1,1,0,0,0,0.6333333333333333,0.38461538461538464,550012.1538461539,0,1
UMKM-04872,42,46230036,27,4.0,0.0,212071.0,0.0,0,1,0,0,0,0,1,0,0,0.9,0.0,1075117.1162790698,0,0
UMKM-04873,37,21839536,28,3.0,5.0,422626.0,0.0,1,0,1,0,0,0,1,0,0,0.9333333333333333,0.13157894736842105,574724.6315789474,0,1
UMKM-04874,33,49064167,7,2.9,2.0,304693.0,0.0,0,0,0,0,0,1,0,0,0,0.23333333333333334,0.058823529411764705,1443063.7352941176,0,1
UMKM-04875,43,27844000,18,1.7,2.0,168241.0,0.0,0,0,0,0,0,0,1,0,0,0.6,0.045454545454545456,632818.1818181818,0,1
UMKM-04876,107,21253948,20,4.4,0.0,499800.0,0.0,0,0,0,0,0,0,0,1,0,0.6666666666666666,0.0,196795.8148148148,0,1
UMKM-04877,6,3837689,17,4.4,0.0,182765.0,1.0,0,0,0,0,0,0,0,0,0,0.5666666666666667,0.0,548241.2857142857,0,1
UMKM-04878,103,4488271,8,1.9,0.0,498863.0,0.0,1,0,0,0,0,1,0,0,0,0.26666666666666666,0.0,43156.45192307692,0,1
UMKM-04879,4,33292507,3,2.3,0.0,179612.0,1.0,2,0,0,0,0,0,0,1,0,0.1,0.0,6658501.4,0,1
UMKM-04881,104,31512680,24,4.0,2.0,86779.0,1.0,0,0,0,0,0,1,0,0,0,0.8,0.01904761904761905,300120.7619047619,0,1
UMKM-04884,43,47069355,8,4.5,0.0,189459.0,0.0,0,0,0,0,0,0,0,0,1,0.26666666666666666,0.0,1069758.0681818181,0,1
UMKM-04885,30,23664352,17,2.7,0.0,252811.0,2.0,1,0,0,0,0,0,1,0,0,0.5666666666666667,0.0,763366.1935483871,0,1
UMKM-04886,15,40907488,10,2.3,0.0,345062.0,1.0,0,0,0,0,0,1,0,0,0,0.3333333333333333,0.0,2556718.0,0,1
UMKM-04887,31,38358719,12,3.0,0.0,186252.0,0.0,0,1,1,0,0,0,1,0,0,0.4,0.0,1198709.96875,0,0
UMKM-04889,18,14407382,8,2.9,0.0,169211.0,0.0,0,0,0,0,0,0,0,0,1,0.26666666666666666,0.0,758283.2631578947,0,1
UMKM-04890,49,29497662,15,3.0,0.0,0.0,2.0,1,0,1,1,0,0,1,0,0,0.5,0.0,589953.24,0,0
UMKM-04891,19,48830486,3,1.1,2.0,410778.0,0.0,1,0,0,0,0,0,0,1,0,0.1,0.1,2441524.3,0,1
UMKM-04893,100,18366045,6,4.1,0.0,435913.0,0.0,0,0,0,0,1,0,1,0,0,0.2,0.0,181842.0297029703,0,1
UMKM-04894,75,46195736,14,2.6,0.0,493322.0,2.0,2,1,0,0,0,0,0,0,1,0.4666666666666667,0.0,607838.6315789474,0,0
UMKM-04896,88,20800143,10,1.4,0.0,169137.0,0.0,1,0,0,0,0,1,0,0,0,0.3333333333333333,0.0,233709.47191011236,0,1
UMKM-04897,65,23446669,31,3.0,0.0,356052.0,0.0,0,0,1,0,0,0,1,0,0,1.0333333333333334,0.0,355252.5606060606,0,1
UMKM-04898,91,5662608,26,4.1,0.0,208889.0,0.0,0,0,0,0,1,0,0,1,0,0.8666666666666667,0.0,61550.086956521736,0,1
UMKM-04899,65,31164828,29,3.5,0.0,236584.0,0.0,0,0,0,0,0,0,0,0,0,0.9666666666666667,0.0,472194.36363636365,0,1
UMKM-04900,116,7930207,16,1.4,15.0,126123.0,2.0,2,0,0,0,0,0,0,0,1,0.5333333333333333,0.1282051282051282,67779.54700854702,1,1
UMKM-04902,5,22853299,18,2.8,0.0,350557.0,2.0,1,0,0,0,0,0,0,0,1,0.6,0.0,3808883.1666666665,0,1
UMKM-04903,67,4336460,6,2.1,0.0,269546.0,1.0,1,0,0,0,0,0,0,0,1,0.2,0.0,63771.470588235294,0,1
UMKM-04906,57,24765303,20,2.4,0.0,0.0,0.0,0,0,0,1,0,0,0,1,0,0.6666666666666666,0.0,426987.9827586207,0,0
UMKM-04907,62,12863092,27,3.6,0.0,186082.0,4.0,1,0,0,0,0,1,0,0,0,0.9,0.0,204176.0634920635,0,1
UMKM-04908,94,43081347,2,4.6,2.0,103142.0,3.0,0,0,0,0,0,0,0,0,1,0.06666666666666667,0.021052631578947368,453487.86315789475,0,1
UMKM-04909,86,18914549,13,2.5,0.0,399709.0,0.0,0,0,0,0,0,0,0,0,1,0.43333333333333335,0.0,217408.6091954023,0,1
UMKM-04910,51,32866913,1,3.8,0.0,94974.0,0.0,0,0,0,0,0,1,0,0,0,0.03333333333333333,0.0,632056.0192307692,0,1
UMKM-04911,7,7588209,28,1.5,0.0,490562.0,1.0,1,0,0,0,0,0,0,0,0,0.9333333333333333,0.0,948526.125,0,1
UMKM-04912,17,12374977,17,3.2,0.0,131726.0,0.0,1,0,0,0,0,1,0,0,0,0.5666666666666667,0.0,687498.7222222222,0,1
UMKM-04916,33,43267417,23,1.5,2.0,52213.0,4.0,1,0,0,0,0,0,0,0,1,0.7666666666666667,0.058823529411764705,1272571.0882352942,0,1
UMKM-04917,82,6616467,11,3.1,0.0,231450.0,1.0,1,0,0,0,0,1,0,0,0,0.36666666666666664,0.0,79716.46987951807,0,1
UMKM-04919,91,43737243,31,3.0,0.0,386235.0,0.0,0,0,1,0,0,1,0,0,0,1.0333333333333334,0.0,475404.8152173913,0,1
UMKM-04920,6,23978935,17,1.3,2.0,491495.0,2.0,1,0,0,0,0,0,0,0,1,0.5666666666666667,0.2857142857142857,3425562.1428571427,0,1
UMKM-04921,28,25584915,12,4.5,15.0,55544.0,0.0,1,0,0,0,0,0,0,0,1,0.4,0.5172413793103449,882238.448275862,1,1
UMKM-04922,65,26638474,3,2.8,0.0,333281.0,0.0,1,0,0,0,0,0,1,0,0,0.1,0.0,403613.24242424243,0,1
UMKM-04923,69,32917945,22,2.9,5.0,383268.0,0.0,0,0,0,0,0,0,0,1,0,0.7333333333333333,0.07142857142857142,470256.35714285716,0,1
UMKM-04924,25,20239113,9,4.8,15.0,438505.0,0.0,1,0,0,0,0,1,0,0,0,0.3,0.5769230769230769,778427.4230769231,1,1
UMKM-04925,87,29797372,4,2.3,0.0,351570.0,3.0,1,0,0,0,0,0,0,0,0,0.13333333333333333,0.0,338606.5,0,1
UMKM-04927,7,46764516,13,4.9,0.0,376732.0,1.0,0,0,0,0,0,1,0,0,0,0.43333333333333335,0.0,5845564.5,0,1
UMKM-04930,97,43783212,7,3.1,0.0,219978.0,1.0,0,0,0,0,0,0,0,0,0,0.23333333333333334,0.0,446767.4693877551,0,1
UMKM-04931,9,24265617,15,4.5,2.0,389328.0,2.0,0,0,0,0,0,0,0,0,0,0.5,0.2,2426561.7,0,1
UMKM-04932,51,36174320,30,2.2,30.0,219819.0,0.0,2,0,0,0,0,0,1,0,0,1.0,0.5769230769230769,695660.0,1,1
UMKM-04933,69,19504602,6,4.2,0.0,327882.0,0.0,0,1,0,0,0,0,0,1,0,0.2,0.0,278637.17142857146,0,0
UMKM-04934,28,14331521,2,4.9,0.0,391219.0,2.0,1,0,0,0,0,1,0,0,0,0.06666666666666667,0.0,494190.3793103448,0,1
UMKM-04935,97,1795415,28,3.0,0.0,322501.0,0.0,0,1,1,0,0,0,0,0,1,0.9333333333333333,0.0,18320.561224489797,0,0
UMKM-04938,23,13697499,3,4.6,2.0,262202.0,0.0,0,0,0,0,0,0,0,0,0,0.1,0.08333333333333333,570729.125,0,1
UMKM-04939,60,14864564,8,1.7,2.0,481271.0,1.0,0,0,0,0,0,1,0,0,0,0.26666666666666666,0.03278688524590164,243681.37704918033,0,1
UMKM-04940,119,26636721,16,3.0,0.0,93779.0,1.0,0,0,1,0,0,0,1,0,0,0.5333333333333333,0.0,221972.675,0,1
UMKM-04941,10,2087462,19,3.9,2.0,229105.0,0.0,1,0,0,0,0,0,0,0,0,0.6333333333333333,0.18181818181818182,189769.27272727274,0,1
UMKM-04942,33,25468417,13,2.8,0.0,371216.0,4.0,2,0,0,0,0,0,0,1,0,0.43333333333333335,0.0,749071.0882352941,0,1
UMKM-04943,71,30455277,28,1.3,2.0,157191.0,2.0,0,0,0,0,0,0,0,1,0,0.9333333333333333,0.027777777777777776,422989.9583333333,0,1
UMKM-04944,31,47755652,12,3.0,0.0,54617.0,0.0,0,1,1,0,0,0,0,0,0,0.4,0.0,1492364.125,0,0
UMKM-04947,38,23884041,16,2.6,5.0,354486.0,2.0,2,0,0,0,0,0,0,0,0,0.5333333333333333,0.1282051282051282,612411.3076923077,0,1
UMKM-04949,13,15917690,3,2.2,15.0,450012.0,0.0,1,0,0,0,0,1,0,0,0,0.1,1.0714285714285714,1136977.857142857,1,1
UMKM-04950,65,17607617,19,3.0,0.0,233829.0,1.0,1,0,1,0,0,0,0,0,1,0.6333333333333333,0.0,266782.07575757575,0,1
UMKM-04951,96,46598734,10,3.0,0.0,109191.0,3.0,0,0,1,0,0,1,0,0,0,0.3333333333333333,0.0,480399.3195876289,0,1
UMKM-04953,71,25710820,21,3.1,0.0,56747.0,0.0,0,0,0,0,0,1,0,0,0,0.7,0.0,357094.72222222225,0,1
UMKM-04955,60,5165666,7,4.2,0.0,57936.0,0.0,0,0,0,0,0,0,0,0,1,0.23333333333333334,0.0,84683.04918032787,0,1
UMKM-04956,35,9814324,27,4.0,30.0,475509.0,0.0,0,0,0,0,0,0,0,0,1,0.9,0.8333333333333334,272620.1111111111,1,1
UMKM-04959,64,40739862,29,3.0,5.0,455912.0,0.0,1,0,1,0,0,1,0,0,0,0.9666666666666667,0.07692307692307693,626767.1076923077,0,1
UMKM-04963,115,39151590,26,4.6,0.0,491272.0,0.0,0,0,0,0,0,1,0,0,0,0.8666666666666667,0.0,337513.7068965517,0,1
UMKM-04964,97,7050485,19,2.3,2.0,106868.0,2.0,0,0,0,0,0,0,0,0,1,0.6333333333333333,0.02040816326530612,71943.72448979592,0,1
UMKM-04966,64,1181136,24,4.0,0.0,234417.0,3.0,0,0,0,0,0,1,0,0,0,0.8,0.0,18171.323076923076,0,1
UMKM-04969,101,6366434,18,4.9,2.0,161133.0,0.0,0,0,0,0,0,0,0,0,1,0.6,0.0196078431372549,62416.01960784314,0,1
UMKM-04970,97,45952238,20,3.9,0.0,248134.0,0.0,0,0,0,0,0,0,0,1,0,0.6666666666666666,0.0,468900.387755102,0,1
UMKM-04973,62,48799231,2,3.3,2.0,117409.0,0.0,1,0,0,0,1,0,0,1,0,0.06666666666666667,0.031746031746031744,774590.9682539683,0,1
UMKM-04974,52,15262957,13,3.1,0.0,189030.0,0.0,0,0,0,0,0,0,0,0,1,0.43333333333333335,0.0,287980.320754717,0,1
UMKM-04975,64,7513766,14,3.0,0.0,257815.0,4.0,1,0,1,0,0,0,1,0,0,0.4666666666666667,0.0,115596.4,0,1
UMKM-04978,31,11137641,21,3.0,0.0,451562.0,0.0,0,0,1,0,0,0,0,1,0,0.7,0.0,348051.28125,0,1
UMKM-04979,55,3993518,0,5.0,15.0,438015.0,0.0,2,0,0,0,0,0,1,0,0,0.0,0.26785714285714285,71312.82142857143,1,1
UMKM-04980,86,27791964,30,3.8,0.0,219446.0,1.0,0,1,0,0,0,0,1,0,0,1.0,0.0,319447.8620689655,0,0
UMKM-04982,65,30153293,19,3.0,30.0,266894.0,4.0,2,0,1,0,0,0,1,0,0,0.6333333333333333,0.45454545454545453,456868.07575757575,1,1
UMKM-04983,67,30565847,31,2.2,0.0,93235.0,0.0,0,0,0,0,0,1,0,0,0,1.0333333333333334,0.0,449497.75,0,1
UMKM-04984,19,22667768,11,4.7,0.0,351572.0,0.0,0,0,0,0,0,1,0,0,0,0.36666666666666664,0.0,1133388.4,0,1
UMKM-04985,91,40547697,15,3.0,15.0,179664.0,0.0,1,0,1,0,0,0,1,0,0,0.5,0.16304347826086957,440735.8369565217,1,1
UMKM-04986,59,30476324,7,2.3,0.0,160665.0,0.0,0,1,0,0,0,0,0,0,1,0.23333333333333334,0.0,507938.73333333334,0,0
UMKM-04987,109,2057980,13,3.6,0.0,0.0,2.0,1,0,0,1,0,0,0,0,1,0.43333333333333335,0.0,18708.909090909092,0,0
UMKM-04988,0,36586911,17,3.1,0.0,311946.0,0.0,1,0,0,0,0,0,1,0,0,0.5666666666666667,0.0,36586911.0,0,1
UMKM-04989,12,21560419,29,3.2,0.0,228638.0,1.0,0,0,0,0,0,0,0,0,1,0.9666666666666667,0.0,1658493.7692307692,0,1
UMKM-04994,59,34819258,6,4.8,2.0,446587.0,0.0,0,0,0,0,0,0,1,0,0,0.2,0.03333333333333333,580320.9666666667,0,1
UMKM-04995,71,28169950,5,2.5,30.0,109435.0,1.0,1,0,0,0,0,0,0,1,0,0.16666666666666666,0.4166666666666667,391249.30555555556,1,1
UMKM-04996,95,20641837,5,3.4,0.0,354164.0,0.0,0,0,0,0,0,0,1,0,0,0.16666666666666666,0.0,215019.13541666666,0,1
UMKM-04997,78,4691848,21,2.8,2.0,311638.0,1.0,1,0,0,0,0,0,0,0,1,0.7,0.02531645569620253,59390.48101265823,0,1
UMKM-04998,59,8881317,7,3.7,0.0,293161.0,4.0,1,1,0,0,0,0,0,0,1,0.23333333333333334,0.0,148021.95,0,0
UMKM-05000,61,40267410,14,2.6,15.0,410908.0,0.0,1,0,0,0,0,0,0,0,1,0.4666666666666667,0.24193548387096775,649474.3548387097,1,1
