business_age_months,qris_volume_monthly,qris_active_days,ecommerce_rating,pln_delay_days,pdam_bill_avg,pdam_late_payments,ecommerce_rating_isna,business_category_fnb,business_category_jasa,business_category_nan,business_category_retail,volume_per_active_day,pln_delay_ratio,volume_to_age_ratio,chronic_pln_delay
0.8403361344537815,0.5491364169747894,0.45161290322580644,0.5,0.0,0.5621842670193206,0.0,1,0,0,1,0,0.036499094170450976,0.0,0.005949353822042438,0
0.680672268907563,0.7763945071306907,0.0,0.5,0.0,0.18560947844162703,0.0,1,0,0,0,1,0.7807202546977066,0.0,0.010390407519179561,0
0.20168067226890757,0.7046281776422417,0.9354838709677419,0.95,0.0,0.7951099275952376,0.0,0,0,0,0,1,0.022961902892310045,0.0,0.03139270426040934,0
0.4369747899159664,0.022700555256038497,0.8064516129032258,0.55,0.0,0.7644814526568086,0.25,0,0,0,0,1,0.0008878896758459263,0.0,0.0006950640570818246,0
0.29411764705882354,0.33275014278613263,0.4838709677419355,0.22499999999999998,0.0,0.2648745871087912,0.0,0,1,0,0,0,0.020909084895272326,0.0,0.010492777576994046,0
0.15126050420168066,0.20017727653281173,0.9354838709677419,0.4,0.0,0.5317918728205046,0.75,0,1,0,0,0,0.006472167079269614,0.0,0.01245472391845134,0
0.6890756302521008,0.3314596264681287,0.7096774193548387,0.04999999999999999,0.0,0.29384449481722746,0.0,0,0,0,0,1,0.014264944664490915,0.0,0.004425315903355179,0
0.31932773109243695,0.9876997306143146,0.967741935483871,0.44999999999999996,0.0,0.9020565033241368,0.0,0,0,0,0,1,0.031151987942337533,0.0,0.027958532092610802,0
0.680672268907563,0.741408403129792,0.6129032258064516,0.525,0.5,0.6066114611197029,0.0,0,0,0,0,1,0.03661672343259816,0.006097560975609756,0.009925788502283955,1
0.3949579831932773,0.5782327742062359,0.8709677419354839,0.4,0.0,0.2562976537975988,0.0,0,1,0,0,0,0.02022816413520589,0.0,0.013390758215770196,0
0.13445378151260504,0.21603632719317234,0.03225806451612903,0.5,0.0,0.6967642933883388,0.5,1,0,1,0,0,0.1152307919988128,0.0,0.014958480011030189,0
0.31092436974789917,0.4729064053489541,0.4838709677419355,0.5,0.0,0.17562606411392695,0.25,1,0,0,0,1,0.029499389733864668,0.0,0.013946876914394344,0
0.5378151260504201,0.7424733526796445,0.29032258064516125,0.9750000000000001,0.0,0.4878748531997943,0.0,0,1,0,0,0,0.07407875024717767,0.0,0.012589873361456295,0
0.8319327731092436,0.164531847075368,0.3870967741935484,0.5,0.0,0.6367357636311618,0.0,1,1,0,0,0,0.01321568662389671,0.0,0.0018225473919198933,0
0.9831932773109243,0.1974115927516953,0.9354838709677419,0.65,0.5,0.11132207214867484,0.0,0,1,0,0,0,0.006381761065933685,0.00423728813559322,0.0018186451289074156,1
0.7394957983193277,0.9222845920052914,0.5806451612903225,0.35,0.0,0.8003057045509564,0.0,0,0,0,0,1,0.04791854715485798,0.0,0.011343120146909434,0
0.226890756302521,0.012745563666404062,0.4838709677419355,0.475,0.5,0.41187085983406324,0.0,0,0,0,0,0,0.0012957131192393495,0.017857142857142856,0.0011000980869507074,1
0.7310924369747899,0.3118626968058823,0.25806451612903225,0.375,0.06666666666666667,0.2279059438327908,0.25,0,0,0,0,1,0.035472007733053826,0.0007575757575757576,0.003920452042392164,0
0.37815126050420167,0.6243649554340255,0.4193548387096774,0.35,0.0,0.7930912372031235,0.0,0,0,1,0,0,0.044428606439162605,0.0,0.015073419144598404,0
0.5966386554621849,0.6013221503830449,0.9032258064516129,0.07500000000000001,0.06666666666666667,0.31448955542795637,0.5,0,0,0,1,0,0.0202858768657519,0.0009259259259259259,0.009212321843468266,0
0.6302521008403361,0.6731360514292232,0.5806451612903225,0.30000000000000004,0.0,0.8099089888741949,0.0,0,1,0,0,0,0.03505914444922582,0.0,0.009746334649794226,0
0.9495798319327731,0.338861699599864,0.3870967741935484,0.4,0.0,0.4156261441412963,0.0,0,0,0,0,1,0.026366253093450635,0.0,0.003240382595839742,0
0.3361344537815126,0.17825922235897515,0.5806451612903225,0.275,0.06666666666666667,0.8534558819116137,0.0,0,1,0,0,0,0.009516869868822836,0.0016260162601626016,0.005086421174146139,0
0.453781512605042,0.34599653491223537,0.9354838709677419,0.475,0.0,0.4706669681030912,1.0,0,0,1,0,0,0.01123877774810172,0.0,0.007063874138267706,0
0.7478991596638656,0.34239551091097575,0.9032258064516129,0.375,0.0,0.7890938701035753,0.25,0,1,0,0,0,0.01153009794722677,0.0,0.00419849606306979,0
0.47058823529411764,0.15791539882340225,0.29032258064516125,0.7,0.06666666666666667,0.8739148788885799,0.0,0,0,1,0,0,0.016753808184620654,0.0011695906432748538,0.0032160399022537448,0
0.3949579831932773,0.4647973331180567,0.5483870967741935,0.55,0.5,0.4831392336178973,0.75,0,0,0,0,0,0.025697572215346895,0.010416666666666666,0.010817266480493937,1
0.3445378151260504,0.9113890106761601,0.3225806451612903,0.7749999999999999,0.0,0.8589357560285618,0.0,0,0,0,0,1,0.08233586758422647,0.0,0.023969195033715,0
0.49579831932773105,0.6324651258627041,0.7741935483870968,0.5,1.0,0.1964171746737384,0.0,0,0,0,0,1,0.024871776174856336,0.016666666666666666,0.011658454956991565,1
0.4621848739495798,0.24982856884786547,0.5483870967741935,0.825,0.06666666666666667,0.46817811691598527,0.0,0,0,0,0,1,0.013985900101254617,0.0011904761904761904,0.005064232266770457,0
0.4117647058823529,0.6731180028210546,0.6129032258064516,0.5,0.0,0.9460975653673556,0.75,0,1,0,0,0,0.0332682588233133,0.0,0.014913980038347716,0
0.7983193277310924,0.4846870830725575,0.3225806451612903,0.8500000000000001,0.06666666666666667,0.23457822575320758,0.0,0,0,0,0,0,0.04429521401080319,0.0006944444444444444,0.005538150590263451,0
0.18487394957983191,0.5194172398426864,0.3548387096774194,0.4,0.0,0.6475974783375914,0.0,0,1,0,0,0,0.04338039766356041,0.0,0.025370137474156458,0
0.5126050420168067,0.8547623192265493,0.6129032258064516,0.8999999999999999,0.0,0.7540898987453709,0.75,0,0,1,0,0,0.042174775144959764,0.0,0.015180604838042067,0
0.4117647058823529,0.7075394957243378,0.7096774193548387,0.35,0.0,0.4619779964747944,0.0,0,1,0,0,0,0.03029992019323932,0.0,0.015663658353930455,0
0.058823529411764705,0.5882457091782032,0.25806451612903225,0.8500000000000001,0.0,0.13953572121665608,0.75,0,1,0,0,0,0.06558714776094465,0.0,0.08266852483696115,0
0.6890756302521008,0.19306365446013163,0.3548387096774194,0.42500000000000004,0.0,0.5748606023259955,0.5,0,0,0,0,1,0.01671038680243667,0.0,0.002609546854395539,0
0.9159663865546218,0.02153517459353779,0.4193548387096774,0.65,0.0,0.0,0.5,0,0,0,0,1,0.0022023370818812617,0.0,0.00022376256538407922,0
0.08403361344537814,0.8024870573716661,0.7096774193548387,0.44999999999999996,0.0,0.893385537853946,0.5,0,0,1,0,0,0.034348214058423664,0.0,0.08127942182367312,0
0.31092436974789917,0.6855798521671989,0.6451612903225806,0.22499999999999998,0.0,0.22174583707628007,0.5,0,0,1,0,0,0.032230717961098464,0.0,0.02004147294224066,0
0.5798319327731092,0.77288568620012,0.0,0.175,0.0,0.37099087888057714,0.25,0,0,0,0,1,0.7772793134663719,0.0,0.012149983317958602,0
1.0,0.8118736607228353,0.29032258064516125,0.4,0.16666666666666666,0.7406192917977948,0.0,0,0,0,1,0,0.0808845230733873,0.0013888888888888887,0.007361212149058496,0
0.7983193277310924,0.11496820484500594,0.5161290322580645,0.32499999999999996,0.0,0.6712315611939283,0.5,0,1,0,0,0,0.007072684710271317,0.0,0.0013442740188549286,0
0.907563025210084,0.10599886326435703,0.1935483870967742,0.15000000000000002,0.16666666666666666,0.8629431265492798,0.25,0,0,0,0,1,0.016978357226037664,0.0015290519877675841,0.0010714161963708562,0
0.09243697478991596,0.9331784583083073,0.8709677419354839,0.44999999999999996,0.0,0.7026483057205564,0.0,0,0,0,0,1,0.03265956064252649,0.0,0.08635001969333612,0
0.025210084033613446,0.5866167406230846,0.06451612903225806,0.7,0.0,0.891646943254593,0.0,0,1,0,0,0,0.1977106953762394,0.0,0.16508577676114644,0
0.9663865546218487,0.26561950847106525,0.03225806451612903,0.0,0.16666666666666666,0.2602109921593185,0.5,0,0,0,0,1,0.13954277830643114,0.0014367816091954023,0.0024936274768600376,0
0.13445378151260504,0.4676280245557439,0.0967741935483871,0.55,0.06666666666666667,0.20669468958383766,0.0,0,0,1,0,0,0.11892609774991478,0.00392156862745098,0.03107467951184573,0
0.1092436974789916,0.03262622806588787,0.5483870967741935,0.8999999999999999,0.06666666666666667,0.24430955386742265,0.5,0,0,0,0,1,0.0021525409325961215,0.0047619047619047615,0.0039387837680107335,0
0.3025210084033613,0.0024191872548405893,0.0,0.475,0.16666666666666666,0.5960778586276506,0.0,0,0,1,0,0,0.021717831122038872,0.0045045045045045045,0.00048183355655295767,0
0.5966386554621849,0.057910694751771005,0.12903225806451613,0.25,1.0,0.40184142976898096,0.5,0,1,0,0,0,0.014634471256963747,0.01388888888888889,0.000993462572761001,1
0.42857142857142855,0.08489885613066507,0.6129032258064516,0.575,0.16666666666666666,0.8084364852779651,0.5,0,0,0,1,0,0.004426269520396546,0.0032051282051282055,0.0020146649227735843,0
0.6974789915966386,0.9601103504970289,0.0,0.44999999999999996,0.0,0.0,1.0,0,1,0,0,0,0.9608820334824171,0.0,0.012520116079563253,0
0.7394957983193277,0.4606637118400054,0.22580645161290322,0.375,0.0,0.35623783333900194,0.25,0,0,0,1,0,0.05823891644120045,0.0,0.005694912048117361,0
0.058823529411764705,0.07614138152622052,0.7741935483870968,0.8500000000000001,0.0,0.0,0.0,0,0,0,0,0,0.0030493195977234853,0.0,0.012960350275161884,0
0.8907563025210083,0.25346956929119974,0.7741935483870968,0.825,0.0,0.41251908152588185,0.75,0,1,0,0,0,0.01000522740643706,0.0,0.0025958850113539855,0
0.8571428571428571,0.5398349115861162,0.3225806451612903,0.4,0.06666666666666667,0.66618583555576,0.0,0,0,0,0,1,0.049211665763417976,0.0006472491909385112,0.005731760091637797,0
0.04201680672268907,0.5086072464835125,0.4838709677419355,0.9750000000000001,0.06666666666666667,0.7026563084574924,0.25,0,0,1,0,0,0.03168752676557634,0.01111111111111111,0.09583480606958641,0
0.7226890756302521,0.6754888426730185,0.1935483870967742,0.5,0.0,0.5713514021795454,0.5,1,0,0,0,1,0.0967602062025594,0.0,0.008519187802972185,0
0.2689075630252101,0.9142301351893836,0.03225806451612903,0.9750000000000001,0.0,0.5201418885258758,0.0,0,0,1,0,0,0.4575742613484896,0.0,0.03065242102937032,0
0.5882352941176471,0.2369189751836946,0.9032258064516129,0.925,0.0,0.6122193790276275,0.0,0,0,1,0,0,0.00796333776448546,0.0,0.0037557162679651397,0
0.5042016806722689,0.43270576444369474,0.8064516129032258,0.25,1.0,0.20871538066018577,0.25,0,1,0,0,0,0.016352254149876573,0.01639344262295082,0.007898089795778463,1
0.23529411764705882,0.042433421154920645,0.5161290322580645,0.9750000000000001,0.0,0.6647113312752961,0.25,0,1,0,0,0,0.0028884749405347666,0.0,0.002170333871102751,0
0.4789915966386554,0.6964690838163071,0.6774193548387096,0.8500000000000001,0.06666666666666667,0.43085735321479945,0.25,0,0,1,0,0,0.031217399235936916,0.0011494252873563218,0.013268792804137557,0
0.226890756302521,0.3600087882838236,0.7419354838709677,0.5,0.0,0.4884670557330607,0.0,1,0,0,0,1,0.014806238511051582,0.0,0.014605764342504962,0
0.226890756302521,0.10124993553339334,0.8709677419354839,0.09999999999999998,0.0,0.4960476482957171,0.0,0,0,1,0,0,0.0035226143558647833,0.0,0.004542185886227172,0
0.4621848739495798,0.5796696598364118,0.22580645161290322,0.32499999999999996,0.0,0.7166771035694207,0.0,0,0,0,0,0,0.07282688207615139,0.0,0.011478276968980126,0
0.7647058823529411,0.9276709581928492,0.7419354838709677,0.525,0.06666666666666667,0.44044663274839996,0.0,0,0,0,0,1,0.03800125905782457,0.0007246376811594203,0.011030724702678853,0
0.9915966386554621,0.06798320646427644,0.5483870967741935,0.375,0.0,0.974595311596566,0.25,0,0,0,1,0,0.004078817707516348,0.0,0.0006173488247777772,0
0.47058823529411764,0.6038630840751128,0.3548387096774194,0.04999999999999999,0.16666666666666666,0.49761018268247736,1.0,0,0,1,0,0,0.05028141448620557,0.0029239766081871343,0.011735740039792414,0
0.8907563025210083,0.8517351756307202,0.16129032258064516,0.2,0.0,0.9493886909322988,0.0,0,0,0,0,1,0.14181651356823224,0.0,0.008684598101056847,0
0.5546218487394958,0.0807422453358742,0.06451612903225806,0.675,0.06666666666666667,0.43531687837240335,0.25,0,1,0,0,0,0.032347985873779767,0.0009950248756218905,0.0014530320185524215,0
0.7310924369747899,0.23539864536620564,0.6129032258064516,0.5,0.0,0.802702524263298,0.25,0,1,0,0,0,0.011805684719044326,0.0,0.0029742369207589317,0
0.8571428571428571,0.2349297490594205,0.3225806451612903,0.875,0.5,0.2531945925506523,0.75,0,1,0,0,0,0.02202924424128838,0.0048543689320388345,0.0025081477921133754,1
0.48739495798319327,0.9321162446334484,0.3225806451612903,0.5,0.0,0.9649900265890934,0.75,1,0,0,0,0,0.08418370907613787,0.0,0.01739000131992663,0
0.6722689075630252,0.1695368445389669,0.4193548387096774,0.25,0.0,0.533884588529277,0.0,0,0,0,0,1,0.012569373646879382,0.0,0.002362430119418699,0
0.08403361344537814,0.03368378666986152,0.16129032258064516,0.875,0.0,0.3644946571727531,0.25,0,1,0,0,0,0.008112209980031416,0.0,0.005170111202272866,0
0.20168067226890757,0.35684076754278776,0.45161290322580644,0.8,0.16666666666666666,0.0,0.0,0,0,0,0,1,0.02392738719101241,0.006666666666666667,0.0162435251985464,0
1.0,0.29349219456905945,0.3870967741935484,0.32499999999999996,0.0,0.569026607099628,0.5,0,0,0,0,1,0.02294380603141047,0.0,0.0026570371361360166,0
0.3529411764705882,0.023858177467064045,0.12903225806451613,0.925,0.0,0.2023672095856783,0.5,0,1,0,0,0,0.007955720014071214,0.0,0.0009307213433000125,0
0.3529411764705882,0.5765575407799522,0.0,0.5,0.0,0.5294730797932893,0.5,1,0,1,0,0,0.5847492232124268,0.0,0.014927747037367448,0
0.6218487394957983,0.6406608477463924,0.22580645161290322,0.725,0.0,0.6399488625109787,0.0,0,1,0,0,0,0.08030329286271558,0.0,0.009407322210874971,0
0.8319327731092436,0.3625205665319269,0.1935483870967742,0.5,0.06666666666666667,0.13842334078254762,0.0,1,0,0,0,1,0.05291538251056387,0.0006666666666666666,0.003978581851605089,0
0.12605042016806722,0.6181256291746849,0.7096774193548387,0.275,0.06666666666666667,0.196563224622821,0.75,0,1,0,0,0,0.026487567341463306,0.004166666666666667,0.043271804896756964,0
0.8403361344537815,0.6547232452148831,0.3870967741935484,0.44999999999999996,0.06666666666666667,0.42565357352214456,0.0,0,1,0,0,0,0.0501932579961404,0.0006600660066006601,0.007087776717450574,0
0.6890756302521008,0.8397492460316439,0.7096774193548387,0.025000000000000022,0.06666666666666667,0.8698054734719274,0.0,0,0,0,0,0,0.03593696775718465,0.0008032128514056225,0.011094126748930727,0
0.13445378151260504,0.3345201109883234,0.7741935483870968,0.725,0.16666666666666666,0.5499360781387235,0.25,0,1,0,0,0,0.013184530725313188,0.00980392156862745,0.02254819110750702,0
0.2184873949579832,0.6076380403082587,0.9032258064516129,0.175,0.0,0.5449723805541495,0.0,0,1,0,0,0,0.020499452942634784,0.0,0.025141259869864884,0
0.2857142857142857,0.3091596727289165,0.8387096774193548,0.32499999999999996,0.16666666666666666,0.5961198729965648,0.5,0,0,0,0,1,0.011231914873193014,0.0047619047619047615,0.010064083393627654,0
0.6722689075630252,0.9003481217176901,0.12903225806451613,0.5,0.0,0.0,0.0,1,0,1,0,0,0.17986249141671445,0.0,0.012187496032319176,0
0.6134453781512604,0.2657292701424611,0.7096774193548387,0.15000000000000002,0.06666666666666667,0.2675374978242559,0.5,0,0,0,0,0,0.011462389299688996,0.0009009009009009009,0.0040196317741311716,0
0.8739495798319328,0.887404186697253,0.8064516129032258,0.525,0.0,0.7415936250197567,0.0,0,0,0,0,0,0.033502334124293175,0.0,0.009223607829802352,0
0.10084033613445378,0.013395272726515441,0.6774193548387096,0.375,0.0,0.968147106310358,0.0,0,0,0,1,0,0.0007692426519293053,0.0,0.0026456363258827425,0
0.42857142857142855,0.7135500089160941,0.3548387096774194,0.475,0.0,0.3125749006160107,0.0,0,1,0,0,0,0.059245163033362205,0.0,0.015179687970614425,0
0.2184873949579832,0.23614805052777277,0.9032258064516129,0.725,0.0,0.707527974567302,0.0,0,1,0,0,0,0.007937268427379573,0.0,0.010158265971632807,0
0.37815126050420167,0.20578459525159087,0.5161290322580645,0.175,0.0,0.5130114499158712,0.5,0,1,0,0,0,0.012311479239734874,0.0,0.005164272243420008,0
0.4117647058823529,0.22937424862970435,0.5483870967741935,0.8,0.06666666666666667,0.7200262489771502,1.0,0,1,0,0,0,0.012871532195177534,0.0013333333333333333,0.005249522104252683,0
0.5630252100840336,0.7248328390587234,0.5806451612903225,0.5,0.0,0.43415047946397667,0.5,1,1,0,0,0,0.03772739130781947,0.0,0.011743458898896319,0
0.680672268907563,0.9338290861324091,0.7419354838709677,0.4,0.0,0.4480272253110564,1.0,0,0,0,0,0,0.03825288390030904,0.0,0.012481154728965285,0
0.42857142857142855,0.751932375050241,0.6451612903225806,0.625,0.06666666666666667,0.397874072932943,0.0,0,0,0,0,1,0.03532923719250086,0.001282051282051282,0.015983479918736696,0
0.6386554621848739,0.08927868574118712,0.22580645161290322,0.15000000000000002,0.06666666666666667,0.15152382114683222,0.25,0,1,0,0,0,0.012713864212479015,0.0008658008658008658,0.0013600915548444064,0
0.8067226890756303,0.35687484347834575,0.8709677419354839,0.925,0.06666666666666667,0.2891308827619046,0.25,0,1,0,0,0,0.01247546187632428,0.0006872852233676975,0.00404419354819279,0
0.0,0.650053127017325,0.8387096774193548,0.025000000000000022,0.0,0.5459587178815155,0.0,0,1,0,0,0,0.02361334891089383,0.0,0.7299999256902783,0
0.4369747899159664,0.7769161404905293,0.4838709677419355,0.55,0.06666666666666667,0.9136904821448936,0.75,0,0,0,0,1,0.04813242297128633,0.0012578616352201257,0.016191609138134666,0
0.7899159663865546,0.16714522020384065,0.0967741935483871,0.475,0.0,0.0,0.0,0,0,0,1,0,0.045258639987020274,0.0,0.0019585434123867602,0
0.36134453781512604,0.8798050284810712,0.3225806451612903,0.30000000000000004,0.0,0.6702292183926902,0.25,0,1,0,0,0,0.07952014249036496,0.0,0.022089268936003652,0
0.08403361344537814,0.1340342726735538,0.8064516129032258,0.25,0.06666666666666667,0.0,0.0,0,0,0,1,0,0.005087117260793951,0.006060606060606061,0.015104520434548218,0
0.19327731092436973,0.423619882755098,0.5161290322580645,0.375,0.06666666666666667,0.0,0.5,0,0,1,0,0,0.024877430246908448,0.0027777777777777775,0.019958361361667287,0
0.05042016806722689,0.3243112751166085,0.25806451612903225,0.95,0.0,0.8167493282702684,0.5,0,0,1,0,0,0.03682842495912654,0.0,0.05344630837755005,0
0.26050420168067223,0.791606666273844,0.6774193548387096,0.5,0.0,0.6418775221125624,0.0,0,0,1,0,0,0.035458176675595234,0.0,0.02744340688128355,0
0.2689075630252101,0.5162184711334359,0.6451612903225806,0.5,0.0,0.7557204563960874,0.0,1,0,0,0,1,0.024321907965810408,0.0,0.01751841803840922,0
0.8991596638655461,0.8043004524851403,0.0,0.5,0.5,0.21779848708258223,0.0,0,1,0,0,0,0.8080863471457124,0.004629629629629629,0.008124119300898241,1
0.907563025210084,0.29394520646729816,0.22580645161290322,0.875,0.0,0.3709048494585148,0.0,0,0,0,0,0,0.037802258710774465,0.0,0.002949100748945781,0
0.9159663865546218,0.1744976596631125,0.6774193548387096,0.42500000000000004,0.0,0.5981325613359769,0.25,0,0,1,0,0,0.007950414911596102,0.0,0.0017380471337827337,0
0.9411764705882353,0.09302587488484314,0.4193548387096774,0.525,0.16666666666666666,0.39356059772442176,0.0,0,0,0,0,1,0.0072100285778661285,0.0014749262536873156,0.000901667153450754,0
0.6134453781512604,0.14598906638184167,0.9354838709677419,0.5,0.06666666666666667,0.0,0.0,0,0,0,0,1,0.004700836573950176,0.0009009009009009009,0.002257560284987251,0
0.7058823529411764,0.6982267814149806,0.9354838709677419,0.25,0.0,0.28260665147480435,0.0,0,1,0,0,0,0.022752650946501286,0.0,0.009015466304578862,0
0.8571428571428571,0.7815689246741337,0.5483870967741935,0.475,0.0,0.34471189146688164,0.0,0,0,0,0,1,0.042955544683853916,0.0,0.008287494902246994,0
0.9411764705882353,0.9361237502410734,0.6451612903225806,0.09999999999999998,0.16666666666666666,0.90485345988328,0.5,0,0,0,0,1,0.04393057582273263,0.0014749262536873156,0.009026506876351533,0
0.6554621848739496,0.40379124081445283,0.6129032258064516,0.7,0.16666666666666666,0.12478667704354889,0.0,0,0,0,0,1,0.02006243301419139,0.0021097046413502112,0.005656162798327991,0
0.15966386554621848,0.6357904594158874,0.3870967741935484,0.65,0.16666666666666666,0.3378755534392762,0.75,0,0,1,0,0,0.048765063946193996,0.008333333333333333,0.03554082577915223,0
0.24369747899159663,0.8288617498256288,0.3870967741935484,0.95,0.06666666666666667,0.26728141024230284,0.0,0,1,0,0,0,0.0633293901423576,0.0022222222222222222,0.030638100940967822,0
0.7983193277310924,0.09828641123966049,1.0,0.025000000000000022,0.06666666666666667,0.8661982397980109,0.0,0,0,0,0,1,0.0028988604339785654,0.0006944444444444444,0.0011550454252112154,0
0.8907563025210083,0.41974039159681303,0.29032258064516125,0.5,0.0,0.0,0.25,1,1,0,0,0,0.04242979538529486,0.0,0.004288068752956733,0
0.10084033613445378,0.8620387054443871,0.3225806451612903,0.15000000000000002,0.06666666666666667,0.9512213176906502,1.0,0,0,1,0,0,0.07793626743334887,0.005128205128205128,0.07373377671424794,0
0.05042016806722689,0.7547551038666774,0.45161290322580644,0.35,1.0,0.14438337911565755,0.0,0,0,0,0,1,0.049941820975436875,0.14285714285714285,0.1204091225282975,1
0.8991596638655461,0.4379326332025054,0.06451612903225806,0.0,0.06666666666666667,0.8336831196269123,0.75,0,0,0,0,0,0.14910811293321158,0.0006172839506172839,0.004430017877018733,0
0.05042016806722689,0.13810456048719483,0.0967741935483871,0.675,0.0,0.42519741751679074,0.25,0,1,0,0,0,0.038138926172791,0.0,0.024478706120228358,0
0.7058823529411764,0.6819143921847404,0.06451612903225806,0.55,0.16666666666666666,0.762332717789484,0.5,0,0,1,0,0,0.22886205409913707,0.00196078431372549,0.008806481889015538,0
0.7983193277310924,0.047342458823958405,0.8709677419354839,0.825,0.5,0.3655010013424591,0.5,0,0,0,0,1,0.0016345924761807273,0.005208333333333333,0.0005771667690943738,1
0.9411764705882353,0.8982275531767326,0.3225806451612903,0.475,0.0,0.9042052381914615,0.0,0,0,0,1,0,0.08116251819705857,0.0,0.008661305472985244,0
0.8991596638655461,0.15176304888849362,0.6451612903225806,0.04999999999999999,0.0,0.11833046902040498,0.25,0,0,0,0,1,0.007302628430571466,0.0,0.0015445584746200025,0
1.0,0.04653357900674099,0.06451612903225806,0.5,0.06666666666666667,0.4639826820772704,0.0,1,0,1,0,0,0.021165691045021192,0.0005555555555555556,0.0004159528682629785,0
0.9663865546218487,0.7742213036215676,1.0,0.875,0.0,0.3520904149219033,0.0,0,0,0,0,1,0.023613192674391582,0.0,0.0072682072140292904,0
0.42857142857142855,0.28062394528446016,0.0,0.575,0.0,0.32502515860424264,0.25,0,0,0,0,0,0.2945405945515425,0.0,0.00611348077371644,0
0.48739495798319327,0.6100850150695669,0.12903225806451613,0.5,0.0,0.8825718395691327,0.0,1,1,0,0,0,0.12293292382898646,0.0,0.011446241802304533,0
0.10084033613445378,0.2718412148787662,0.0,0.7,1.0,0.23814944711091193,0.0,0,1,0,0,0,0.2859277699661246,0.07692307692307691,0.0242948245599598,1
0.9411764705882353,0.10619451916037384,0.5161290322580645,0.5,0.16666666666666666,0.1577259422722571,0.25,1,0,0,0,1,0.006566569719771204,0.0014749262536873156,0.0010285719022752895,0
0.01680672268907563,0.7018386264143504,0.5806451612903225,0.5,0.0,0.40865776095424633,0.0,1,0,0,0,0,0.036540581866314224,0.0,0.26200276431015895,0
0.7394957983193277,0.6218739208351295,0.3870967741935484,0.30000000000000004,0.16666666666666666,0.24370934859722024,0.5,0,0,0,1,0,0.04771527033378528,0.0018726591760299626,0.007667415561667692,0
0.21008403361344538,0.15013201821864075,0.8064516129032258,0.6,0.0,0.6543077732584544,0.5,0,0,0,0,0,0.005694283703417096,0.0,0.006953717181445639,0
0.15966386554621848,0.13854889516996788,0.9032258064516129,0.25,0.0,0.32747199542243444,1.0,0,1,0,0,0,0.004636887173870472,0.0,0.008466809889646015,0
0.01680672268907563,0.4010491590594029,0.6774193548387096,0.625,0.06666666666666667,0.35960098353636943,0.25,0,1,0,0,0,0.018048994912715756,0.02222222222222222,0.1528193625979024,0
0.907563025210084,0.6156113192213635,0.7419354838709677,0.525,0.16666666666666666,0.7871592084492897,0.25,0,1,0,0,0,0.025250312946826576,0.0015290519877675841,0.006162717362667057,0
0.9747899159663865,0.3522006418852743,0.06451612903225806,0.125,0.0,0.9842146013936766,0.0,0,0,1,0,0,0.12108362364321534,0.0,0.003276518795223722,0
0.8823529411764706,0.5988760739687496,0.4193548387096774,0.07500000000000001,0.06666666666666667,0.6314239469898705,0.0,0,0,0,0,0,0.04264319302964601,0.0006289308176100629,0.00617064757576851,0
0.1092436974789916,0.6326866296523197,0.6451612903225806,0.07500000000000001,0.06666666666666667,0.6954698506889356,0.0,0,0,0,0,0,0.029760718930886984,0.0047619047619047615,0.05061355346715543,0
0.7563025210084033,0.30390148432651926,0.7419354838709677,0.675,0.06666666666666667,0.8890080407499364,0.0,0,0,0,0,0,0.012513660042554593,0.0007326007326007326,0.0036896007560304773,0
0.3025210084033613,0.0459001218607723,0.7419354838709677,0.825,0.0,0.0,0.75,0,0,0,0,0,0.0019715678956576345,0.0,0.0017615460137592718,0
0.7731092436974789,0.3437252890768394,0.5161290322580645,0.375,1.0,0.7125436899419602,0.0,0,0,1,0,0,0.020268665700976587,0.01075268817204301,0.0040724314983684885,1
0.38655462184873945,0.1563577467709223,0.3548387096774194,0.375,0.06666666666666667,0.8628971108118977,0.0,0,0,1,0,0,0.013710735502172612,0.0014184397163120566,0.003905107435618435,0
0.7983193277310924,0.2743293298498703,0.03225806451612903,0.44999999999999996,0.0,0.6730681893207476,0.0,0,0,0,0,0,0.14381344131444837,0.0,0.003151974214623294,0
0.5294117647058824,0.5034779708774682,0.4838709677419355,0.7749999999999999,0.06666666666666667,0.52316892377193,0.0,0,0,0,0,1,0.03137314879736156,0.0010416666666666667,0.008723055728612174,0
1.0,0.9034335557844707,0.16129032258064516,0.675,0.0,0.9005839997279069,0.0,0,0,0,0,1,0.1502662222398057,0.0,0.008192094035578296,0
0.008403361344537815,0.36099821543365884,0.8709677419354839,1.0,0.0,0.6468672285921785,0.25,0,0,0,0,1,0.012619876286808907,0.0,0.20751803966042853,0
0.3529411764705882,0.8900559029095949,0.6451612903225806,0.4,0.0,0.1657766956299054,0.0,0,0,0,0,0,0.04177930704343537,0.0,0.022867044458436764,0
0.1764705882352941,0.6584089792560649,0.12903225806451613,0.5,0.16666666666666666,0.5347528854868365,0.25,0,0,0,0,1,0.13241074695652988,0.007575757575757575,0.03341195298585086,0
0.7142857142857143,0.23448582271619872,0.6451612903225806,0.5,0.0,0.3247890778646297,0.25,1,1,0,0,0,0.011165602955773773,0.0,0.0030363164631119336,0
0.9327731092436974,0.7898308383990917,0.6129032258064516,0.04999999999999999,0.16666666666666666,0.6605399046473894,0.5,0,1,0,0,0,0.03899100752028262,0.001488095238095238,0.007686420798485022,0
0.47058823529411764,0.5526859901925824,0.0967741935483871,0.175,0.0,0.4781075127693671,0.25,0,0,0,0,1,0.1397792181288475,0.0,0.010758016624670927,0
0.2184873949579832,0.18542204934758977,0.29032258064516125,0.4,0.0,0.0,0.5,0,0,0,0,1,0.019451260399977615,0.0,0.008112376749655396,0
0.6722689075630252,0.21103494353460267,0.06451612903225806,0.375,0.16666666666666666,0.0,0.0,0,0,0,0,0,0.07493869523598133,0.0020576131687242796,0.0029203327826974987,0
0.6638655462184874,0.4463430804392574,0.6451612903225806,0.32499999999999996,0.0,0.8656560543705947,1.0,0,0,1,0,0,0.021058878431133864,0.0,0.006162278326128168,0
0.5798319327731092,0.10473209189126262,0.03225806451612903,0.375,0.16666666666666666,0.2112162359526958,0.5,0,0,0,0,1,0.06065528927998128,0.0023809523809523807,0.0017557246548064393,0
0.12605042016806722,0.13623385491769244,0.9354838709677419,0.925,1.0,0.0,0.5,0,1,0,0,0,0.004381953488420176,0.0625,0.0104739997367994,1
0.15966386554621848,0.0473831702772254,0.9354838709677419,0.5,0.0,0.865992169321908,0.25,1,0,0,1,0,0.001477559198892992,0.0,0.0035029805121329187,0
0.8655462184873949,0.5257368252408396,0.9354838709677419,0.575,0.0,0.43548893721652804,0.25,0,1,0,0,0,0.01711421556763873,0.0,0.005527179989987638,0
0.36134453781512604,0.9140361330685496,0.9032258064516129,0.125,0.16666666666666666,0.0,0.0,0,0,0,0,1,0.030860511066035233,0.0037878787878787876,0.022936464139005252,0
0.5798319327731092,0.1432042518927457,0.16129032258064516,0.04999999999999999,0.16666666666666666,0.4886471173141214,0.0,0,0,0,0,1,0.02601250051053516,0.0023809523809523807,0.002354224140241731,0
0.05042016806722689,0.6589268150580763,0.03225806451612903,0.75,0.0,0.33379215691766584,0.0,0,0,0,0,1,0.33239207933934006,0.0,0.1055014122412012,0
0.6890756302521008,0.23345427534164442,0.3225806451612903,0.7,0.06666666666666667,0.8848706257540079,0.25,0,0,0,0,1,0.021897705148250228,0.0008032128514056225,0.003139475855946798,0
0.3361344537815126,0.023133476848352038,0.29032258064516125,0.32499999999999996,0.16666666666666666,0.19436647333388019,1.0,0,0,0,0,1,0.003536357601098288,0.004065040650406504,0.0009662498414082986,0
0.9243697478991596,0.5969365427678717,0.9032258064516129,0.15000000000000002,0.0,0.21235462528184637,0.0,0,1,0,0,0,0.02013757458685101,0.0,0.00586500496007163,0
0.008403361344537815,0.5342515215650446,0.1935483870967742,0.475,0.06666666666666667,0.659453533108323,0.0,0,0,1,0,0,0.07697377443042294,0.03333333333333333,0.3018517217254856,0
0.7394957983193277,0.212553231654335,0.5483870967741935,0.9750000000000001,0.06666666666666667,0.8942558354957395,0.0,0,0,0,1,0,0.011955109587874938,0.0007490636704119849,0.0026591316408746866,0
0.40336134453781514,0.1981959721958333,0.7419354838709677,0.0,0.06666666666666667,0.4235708612345422,0.0,0,0,0,0,0,0.008194468707026002,0.0013605442176870747,0.004667676537744006,0
0.7310924369747899,0.1909930666802562,0.5161290322580645,0.65,0.06666666666666667,0.9669066820852731,0.0,0,0,0,0,1,0.011458221599621782,0.0007575757575757576,0.00242473386348675,0
0.680672268907563,0.13929480902837116,0.06451612903225806,0.4,0.0,0.8351276136438661,0.0,0,0,1,0,0,0.051487931988298645,0.0,0.0019296587776453874,0
0.7058823529411764,0.7321212917103028,0.29032258064516125,0.5,0.0,0.5860184182990582,0.0,0,1,0,0,0,0.07306357067194343,0.0,0.009449702168185005,0
0.14285714285714285,0.8231247832993044,0.5806451612903225,0.025000000000000022,0.06666666666666667,0.3965836316020079,0.5,0,0,0,0,1,0.04280057251444694,0.0037037037037037034,0.0508445591064553,0
0.7226890756302521,0.04230810174661935,0.16129032258064516,0.525,0.0,0.7137160909030889,0.0,0,0,0,1,0,0.009521788958593971,0.0,0.0005937420956262209,0
0.08403361344537814,0.9540588808482747,0.0,0.35,0.06666666666666667,0.5443961834947552,0.0,0,0,0,1,0,0.9549476322015911,0.006060606060606061,0.09628459601329716,0
0.2773109243697479,0.027102414785354478,0.7741935483870968,0.125,0.06666666666666667,0.6635029179979552,0.0,0,0,1,0,0,0.0011257081517184993,0.00196078431372549,0.001331873452788848,0
0.1764705882352941,0.2851747058311664,0.7741935483870968,0.5,0.0,0.8507269486164268,0.5,1,1,0,0,0,0.011248898870146894,0.0,0.014937393671920542,0
0.6218487394957983,0.2396256334826672,0.8709677419354839,0.725,0.0,0.9989256325663376,0.0,0,0,0,1,0,0.008368998592191982,0.0,0.003584460222420178,0
0.15966386554621848,0.6883617470285028,0.4193548387096774,0.5,0.0,0.8202585284167185,0.0,1,0,0,0,0,0.04891137395622602,0.0,0.038403249153421526,0
0.9663865546218487,0.0313592525230178,0.6774193548387096,0.5,0.0,0.7779520596043846,0.75,1,1,0,0,0,0.0015699907714380945,0.0,0.00029447229900099686,0
0.12605042016806722,0.814724707887156,0.3225806451612903,0.32499999999999996,0.0,0.6903601031552791,0.25,0,1,0,0,0,0.07371820495503625,0.0,0.056652440596921594,0
0.1764705882352941,0.8748402932972328,0.9354838709677419,0.5,0.0,0.2427570229018324,0.0,0,0,0,0,1,0.02852587911508345,0.0,0.0441249915070841,0
0.12605042016806722,0.012340756252199162,0.8064516129032258,0.125,0.0,0.4328940497650196,0.0,0,0,1,0,0,0.000497144133879543,0.0,0.0020417709091555655,0
0.5126050420168067,0.8016562497205426,0.45161290322580644,0.4,0.5,0.8220971572277719,0.0,0,0,0,0,1,0.05300807579927886,0.008064516129032258,0.014247849547189459,1
0.4117647058823529,0.914012163536887,0.9354838709677419,0.07500000000000001,0.0,0.3233225763211018,0.0,0,1,0,0,0,0.029806348215513256,0.0,0.020160502295432526,0
0.058823529411764705,0.8961489211076962,0.3548387096774194,0.525,0.16666666666666666,0.8556146202001084,0.5,0,0,1,0,0,0.07416736762832889,0.020833333333333332,0.124580630801248,0
0.6386554621848739,0.30533669576453476,0.7741935483870968,0.0,0.0,0.4711991501093374,0.0,0,0,0,0,1,0.012039776761498236,0.0,0.004415680271893584,0
0.9747899159663865,0.2648354965325235,0.8709677419354839,0.32499999999999996,0.0,0.12135550358222512,0.0,0,1,0,0,0,0.009251933129798282,0.0,0.002463374549236258,0
0.6638655462184874,0.5700517933803504,0.967741935483871,0.65,0.0,0.48265306734903335,0.0,0,0,0,0,1,0.017940105606764373,0.0,0.007846214213968118,0
0.9579831932773109,0.8309228641279135,0.12903225806451613,0.5,0.0,0.8049272851315149,0.25,1,1,0,0,0,0.16624605238698986,0.0,0.0078700038398718,0
0.04201680672268907,0.34311445394201406,0.3870967741935484,0.07500000000000001,0.0,0.5865526009895384,0.0,0,1,0,0,0,0.026687059471963863,0.0,0.06579873764033668,0
0.40336134453781514,0.040907435834645844,0.8064516129032258,0.025000000000000022,0.0,0.43210578017682044,0.25,0,0,0,0,1,0.001574607383068683,0.0,0.001172120713428008,0
0.2689075630252101,0.32267995860906973,0.9354838709677419,0.8500000000000001,0.0,0.5262679836504084,0.25,0,0,0,0,1,0.010476594188793547,0.0,0.011131832840233039,0
0.5294117647058824,0.7355085295394669,0.9032258064516129,1.0,0.0,0.774314815666958,0.25,0,1,0,0,0,0.024823479764266167,0.0,0.012671085898812736,0
0.36134453781512604,0.24013301579216462,0.7419354838709677,0.125,0.06666666666666667,0.12555493978940796,0.0,0,0,0,1,0,0.009908041742981016,0.0015151515151515152,0.006257846982922593,0
0.5378151260504201,0.048524724326906354,0.3870967741935484,0.4,0.0,0.6132397279869716,0.0,0,1,0,0,0,0.004464693282518287,0.0,0.0009639028742604116,0
0.8151260504201681,0.2520509772729231,0.7419354838709677,0.95,0.06666666666666667,0.0,0.0,0,1,0,0,0,0.010395016877269327,0.0006802721088435374,0.0028361704321799813,0
0.3277310924369748,0.1616283895296349,0.16129032258064516,0.525,0.06666666666666667,0.5238131440952806,0.5,0,0,0,1,0,0.029023786262500673,0.0016666666666666668,0.004765625467553653,0
0.058823529411764705,0.9428791972763099,0.9032258064516129,0.42500000000000004,1.0,0.3187370080567554,0.0,0,0,0,1,0,0.031835858732273396,0.125,0.1309416046743228,1
0.6134453781512604,0.6145354057545578,0.12903225806451613,0.025000000000000022,0.0,0.8553745380920275,0.75,0,0,0,0,1,0.12380578300912373,0.0,0.009152589022385681,0
0.42857142857142855,0.8182442273139714,0.0,0.5,0.0,0.6690968311162417,0.0,0,0,0,0,1,0.8217603734577837,0.0,0.0173721627510658,0
0.10084033613445378,0.5478552312155334,0.25806451612903225,0.04999999999999999,1.0,0.9203967756972884,0.75,0,1,0,0,0,0.06118613595780006,0.07692307692307691,0.047415634061384,1
0.6302521008403361,0.4159796659970306,0.45161290322580644,0.30000000000000004,0.06666666666666667,0.34421172040837966,1.0,0,0,0,0,1,0.027793709204274687,0.0008771929824561403,0.006061661483872921,0
0.5798319327731092,0.18018213414011428,0.1935483870967742,1.0,0.0,0.25728399112496475,0.0,0,0,0,0,0,0.02737095187667508,0.0,0.002929477609157533,0
0.6134453781512604,0.8301622908796177,0.3870967741935484,0.30000000000000004,0.0,0.3901034153680559,0.0,0,0,1,0,0,0.06342749641233486,0.0,0.012325708614960976,0
0.6218487394957983,0.9757391793183531,0.45161290322580644,0.2,0.0,0.4433076112030314,0.0,0,0,0,1,0,0.06438909033335856,0.0,0.014272518110560094,0
0.5882352941176471,0.3113987618246457,0.06451612903225806,0.5,0.06666666666666667,0.6202281180163616,0.25,0,0,0,0,0,0.10774610711989416,0.0009389671361502347,0.0048980561154543,0
0.6554621848739496,0.6679626547346583,0.03225806451612903,0.5,0.16666666666666666,0.4400124842696202,0.0,1,1,0,0,0,0.33682259801186504,0.0021097046413502112,0.009297609690673034,0
0.5378151260504201,0.7007146717993314,0.29032258064516125,0.8999999999999999,0.0,0.2578982011848052,0.5,0,0,0,0,1,0.06998366618189189,0.0,0.011890275189973239,0
0.6890756302521008,0.1862931192784738,0.9354838709677419,0.375,0.5,0.5307755252296286,0.0,0,1,0,0,0,0.006018315010401814,0.006024096385542169,0.002520716752988858,1
0.6218487394957983,0.6244046052044591,0.4193548387096774,0.925,0.06666666666666667,0.37218728805251394,0.0,0,0,0,0,1,0.044431383776877977,0.0008888888888888889,0.009171288432778174,0
0.4453781512605042,0.7739885704942905,0.25806451612903225,0.5,0.0,0.5537333768148707,0.0,0,1,0,0,0,0.0858259903356096,0.0,0.015829167637392384,0
0.3361344537815126,0.9006068456574089,0.12903225806451613,0.25,0.06666666666666667,0.15447082902352605,0.0,0,0,0,0,1,0.17991323517875457,0.0016260162601626016,0.024272120878530208,0
0.5294117647058824,0.6833010112161483,0.4193548387096774,0.4,0.16666666666666666,0.6137479017824096,0.0,0,0,0,0,1,0.04855688583976206,0.0026041666666666665,0.011782768176180292,0
0.8823529411764706,0.41348863139813463,0.8709677419354839,0.275,0.06666666666666667,0.7769137044869345,0.5,0,0,0,0,1,0.014458267913796383,0.0006289308176100629,0.004266109326029585,0
0.5882352941176471,0.7740715042571644,0.12903225806451613,0.025000000000000022,0.06666666666666667,0.15781197169431946,0.25,0,0,0,0,1,0.15509574337393436,0.0009389671361502347,0.011994337319583782,0
0.7058823529411764,0.7567613577502418,0.7419354838709677,0.25,0.0,0.10884922643544091,0.0,0,1,0,0,0,0.031017789127914752,0.0,0.009765375717173909,0
0.5714285714285714,0.87560513369384,0.25806451612903225,0.275,0.0,0.3193552194850639,0.25,0,1,0,0,0,0.09689829540834322,0.0,0.01394998925709765,0
0.9159663865546218,0.8061767114725406,0.6451612903225806,0.525,0.0,0.7178655100044214,0.0,0,0,0,1,0,0.03786233031837072,0.0,0.007991487903267027,0
0.3445378151260504,0.3996691347117488,0.5161290322580645,0.5,0.0,0.9899625671979817,0.25,1,0,0,0,0,0.023495817883057445,0.0,0.010701415491317541,0
0.226890756302521,0.18513465997136805,0.7096774193548387,0.725,0.0,0.0,1.0,0,0,0,0,1,0.008026064445613712,0.0,0.007804607622495277,0
0.5210084033613445,0.1003445038292654,0.12903225806451613,0.675,0.0,0.7367359636995853,0.25,0,0,0,1,0,0.0229570528960092,0.0,0.0018963204371229825,0
0.7563025210084033,0.49499890217911624,0.45161290322580644,0.125,0.0,0.6295032901252228,0.0,0,1,0,0,0,0.03295974746855436,0.0,0.005976403357591697,0
0.6554621848739496,0.25872818645012585,0.3225806451612903,0.5,0.16666666666666666,0.1622294824830092,1.0,1,0,0,0,1,0.02415088479129227,0.0021097046413502112,0.0036565542840297084,0
0.26050420168067223,0.4691350629208373,0.3548387096774194,0.35,0.0,0.35403307931312505,0.25,0,0,0,0,1,0.03927127717372514,0.0,0.016469614235934647,0
0.8571428571428571,0.6279523817282261,0.6774193548387096,0.65,0.0,0.3326617703254513,0.5,0,0,1,0,0,0.02816325305154535,0.0,0.0066633827581717275,0
0.1680672268907563,0.39714455501871154,0.25806451612903225,0.32499999999999996,0.0,0.5663556936472274,0.0,0,0,1,0,0,0.04476445693198763,0.0,0.021464118180277533,0
0.008403361344537815,0.9731258061898804,0.5161290322580645,0.32499999999999996,0.0,0.2975557640713124,0.25,0,1,0,0,0,0.05657598832337243,0.0,0.5408118209973152,0
0.4621848739495798,0.19140232499557053,0.45161290322580644,0.5,0.06666666666666667,0.6024200276494561,0.0,1,0,1,0,0,0.013111523030893926,0.0011904761904761904,0.003928083527000991,0
0.907563025210084,0.2995392949846144,0.7096774193548387,0.30000000000000004,0.0,0.3564559079205088,0.5,0,0,0,0,0,0.012903952556032721,0.0,0.0030049886870439405,0
0.9411764705882353,0.08665202116031889,1.0,0.675,1.0,0.2604930886363136,0.5,0,0,0,0,0,0.0025423192578472387,0.008849557522123894,0.0008402430395457195,1
0.3025210084033613,0.849269519334939,0.12903225806451613,0.07500000000000001,0.16666666666666666,0.7558705077136381,0.0,0,0,0,0,1,0.16984439858977915,0.0045045045045045045,0.02540597396829938,0
0.07563025210084033,0.4750067814990986,0.8709677419354839,0.875,0.16666666666666666,0.5588851387174414,0.25,0,1,0,0,0,0.01661284127686347,0.016666666666666666,0.053765019052089386,0
0.8907563025210083,0.14255682953412174,0.29032258064516125,1.0,0.0,0.4091679354339184,0.75,0,0,0,0,1,0.01524766309008604,0.0,0.0014670956522169327,0
0.20168067226890757,0.6648748114645249,0.7741935483870968,0.5,0.16666666666666666,0.2230222736175772,0.0,1,0,1,0,0,0.02614308440846013,0.006666666666666667,0.02966109798298308,0
0.7478991596638656,0.16097071784827272,0.45161290322580644,0.175,0.0,0.422034335742824,0.0,0,0,0,0,0,0.011121996751442133,0.0,0.0020033199004070475,0
0.23529411764705882,0.4846433090726555,0.4838709677419355,0.5,1.0,0.5248755074235388,0.0,1,1,0,0,0,0.030218755240651162,0.034482758620689655,0.018775594729870435,1
0.7478991596638656,0.917074179330399,0.29032258064516125,0.5,1.0,0.4686562804479132,1.0,1,0,0,0,1,0.0912010598587419,0.01111111111111111,0.01115190575316151,1
0.0,0.4711186335423256,0.4193548387096774,0.75,1.0,0.4257135940491648,0.25,0,0,0,0,1,0.033694199029513025,1.0,0.5351459284437022,1
0.18487394957983191,0.7128890909352988,0.0,0.825,0.0,0.7895640308985673,0.75,0,0,0,0,1,0.7184433789825798,0.0,0.034530342663353766,0
0.6302521008403361,0.6554888818736154,0.3548387096774194,0.22499999999999998,0.16666666666666666,0.2694381478465635,0.25,0,0,0,0,0,0.054500337303879764,0.0021929824561403508,0.009493476638873254,0
0.9915966386554621,0.6579409812962926,0.1935483870967742,0.5,0.5,0.9891002722931242,0.25,1,0,1,0,0,0.09430186474469462,0.004201680672268907,0.006016049120262645,1
0.1680672268907563,0.1485511112287129,0.9354838709677419,0.675,0.0,0.36665339546124776,0.5,0,0,0,1,0,0.004784585938998697,0.0,0.008573147308079229,0
0.8067226890756303,0.2045038994997963,0.3225806451612903,0.625,0.0,0.7563046561924178,0.0,0,0,0,0,1,0.019316767151543488,0.0,0.002333604548115551,0
0.5042016806722689,0.26397424716784873,0.06451612903225806,0.07500000000000001,0.0,0.16993811883664212,0.0,0,0,1,0,0,0.09224375166701723,0.0,0.00488590488998174,0
0.36974789915966383,0.8671381518462072,0.03225806451612903,0.5,0.06666666666666667,0.25535133015491296,0.5,1,1,0,0,0,0.43448377734301175,0.0014814814814814816,0.02128759566129045,0
0.8403361344537815,0.799033791037053,0.5483870967741935,0.5,0.0,0.7527034245712033,0.0,1,0,0,0,1,0.04390704472644551,0.0,0.008643713496224083,0
0.18487394957983191,0.5953353821361982,0.9354838709677419,0.8,0.0,0.4160943042520542,0.0,0,1,0,0,0,0.019389286964377823,0.0,0.02896459194938839,0
0.9579831932773109,0.5824213171539403,0.5806451612903225,0.5,1.0,0.6884614538172055,1.0,1,0,0,0,0,0.030377048793826564,0.008695652173913044,0.0055168706607977005,1
0.8655462184873949,0.07115437141985746,0.25806451612903225,0.22499999999999998,0.0,0.9980673390299482,0.0,0,1,0,0,0,0.00924403929657835,0.0,0.0007673155920773296,0
0.19327731092436973,0.09922420385323084,0.22580645161290322,0.625,0.0,0.7584533910597424,0.5,0,0,0,0,1,0.013933003918375536,0.0,0.0052393354451668196,0
0.6722689075630252,0.2897107865710025,0.3548387096774194,0.8999999999999999,0.0,0.1160476883094018,0.5,0,1,0,0,0,0.02460850767054947,0.0,0.0039780550260785355,0
0.008403361344537815,0.576779840831693,0.6129032258064516,0.475,0.0,0.9847247758733486,0.25,0,0,0,0,1,0.028544535950310077,0.0,0.32500771821434266,0
0.6386554621848739,0.1331190408201941,0.1935483870967742,0.09999999999999998,0.06666666666666667,0.5255677441685056,0.75,0,1,0,0,0,0.020777718036956504,0.0008658008658008658,0.0019801014045897018,0
0.42857142857142855,0.5397530803400309,0.3225806451612903,0.04999999999999999,0.0,0.5109407417336729,0.0,0,0,0,1,0,0.049204370473937345,0.0,0.011540085052191439,0
0.5966386554621849,0.1076142341124166,0.16129032258064516,0.55,0.06666666666666667,0.21491350041714266,0.0,0,0,0,0,1,0.02019558166384121,0.0009259259259259259,0.0017452067456670526,0
0.3529411764705882,0.5860642776271209,0.16129032258064516,0.07500000000000001,0.0,0.0,0.0,0,0,0,0,1,0.09839461748619678,0.0,0.015168503674246775,0
0.7731092436974789,0.47724107260509974,0.4193548387096774,0.5,1.0,0.30734511202831366,0.0,1,1,0,0,0,0.034123056012371096,0.01075268817204301,0.005635812792405952,1
1.0,0.523358778195795,0.5161290322580645,0.5,0.0,0.1876221667810391,0.25,1,0,1,0,0,0.030630924494699813,0.0,0.00474301572450239,0
0.04201680672268907,0.9071736806538888,0.9354838709677419,0.5,0.0,0.5868587056773417,0.5,1,1,0,0,0,0.02958280856902906,0.0,0.16817251036774536,0
0.8655462184873949,0.943735669068234,0.03225806451612903,0.525,0.16666666666666666,0.967630929777984,0.25,0,1,0,0,0,0.4720416294594868,0.0016025641025641027,0.00990398291842889,0
0.12605042016806722,0.7588151423575803,0.3870967741935484,0.6,0.0,0.562290303283723,0.0,0,0,1,0,0,0.05804542670100787,0.0,0.0528472064452405,0
0.7226890756302521,0.5795959137134428,0.9354838709677419,0.5,0.0,0.3628460933639304,0.0,1,1,0,0,0,0.018874787583847176,0.0,0.007318907767487273,0
0.7058823529411764,0.6886327211547614,0.4838709677419355,0.42500000000000004,0.0,0.0,0.5,0,0,1,0,0,0.04272145188501326,0.0,0.008892553036138435,0
0.14285714285714285,0.4443660636675678,0.7419354838709677,0.525,0.0,0.3369732448497386,0.25,0,0,0,0,1,0.018253127945500443,0.0,0.027930322890435743,0
0.025210084033613446,0.9468478289586488,0.29032258064516125,0.5,0.0,0.3212758763497116,0.25,0,0,0,1,0,0.09412082637405651,0.0,0.26315583878705257,0
0.06722689075630252,0.046706857895345275,0.6129032258064516,0.44999999999999996,0.06666666666666667,0.2713327958161691,0.0,0,0,1,0,0,0.002553611667013368,0.007407407407407407,0.0079374819068456,0
0.7731092436974789,0.5333120139253588,0.7096774193548387,0.44999999999999996,0.0,0.6320281536285409,0.0,0,1,0,0,0,0.02287135611559436,0.0,0.006292366335984645,0
0.31092436974789917,0.9765018555153382,0.22580645161290322,0.925,0.06666666666666667,0.3303029636135558,0.75,0,1,0,0,0,0.12147129465274885,0.0017543859649122805,0.02837844266058049,0
0.9243697478991596,0.3748949087122224,0.29032258064516125,0.6,0.06666666666666667,0.5167047130118501,0.0,0,0,0,0,0,0.03803200267514936,0.0006006006006006006,0.003686659840195448,0
0.9831932773109243,0.018483673543472214,0.25806451612903225,0.6,0.0,0.0,0.0,0,0,0,0,0,0.0035049548705887654,0.0,0.00016740073841387592,0
0.36974789915966383,0.32774659492794095,0.3548387096774194,1.0,0.16666666666666666,0.41450776165448583,0.0,0,0,1,0,0,0.027716840066536665,0.0037037037037037034,0.008234699548251541,0
0.4453781512605042,0.12823836233299576,0.8387096774193548,0.09999999999999998,0.0,0.7978768738908707,0.0,0,1,0,0,0,0.004660755343722232,0.0,0.0028069171127148504,0
0.7563025210084033,0.9700827986024824,0.7741935483870968,0.22499999999999998,0.06666666666666667,0.3346604538752253,1.0,0,1,0,0,0,0.03811522853158382,0.0007326007326007326,0.011661582689207814,0
0.4369747899159664,0.7897766925745862,0.45161290322580644,0.5,0.0,0.7482078870973873,0.0,1,0,0,0,1,0.05223142634347684,0.0,0.01645584940184634,0
0.08403361344537814,0.8259638865317488,0.9354838709677419,0.625,0.06666666666666667,0.49239840025288645,0.0,0,0,1,0,0,0.0269281834160947,0.006060606060606061,0.08360356032703718,0
0.5966386554621849,0.5044546782502797,0.6774193548387096,0.525,0.0,0.11353282822725372,0.0,0,1,0,0,0,0.0226583173444325,0.0,0.00774724393037295,0
0.8151260504201681,0.519124419550432,0.7096774193548387,0.65,0.0,0.0,0.0,0,0,0,1,0,0.02226643746077859,0.0,0.005803869630961633,0
0.36134453781512604,0.6684100927980214,0.8064516129032258,0.875,0.0,0.8648797888877996,0.0,0,0,1,0,0,0.02524242812839695,0.0,0.01685739641515539,0
0.03361344537815126,0.4205712604988692,0.9354838709677419,0.44999999999999996,0.0,0.7730063681779168,0.25,0,0,1,0,0,0.013676512561438524,0.0,0.09586652726246626,0
0.3361344537815126,0.93176045838238,0.5161290322580645,0.07500000000000001,0.0,0.770551528622789,0.25,0,0,0,1,0,0.05418980498319447,0.0,0.02509956716501302,0
0.8151260504201681,0.7277308044374913,0.3548387096774194,0.625,0.06666666666666667,0.39381468462214075,0.5,0,0,1,0,0,0.06040403484453507,0.0006802721088435374,0.008121887461603108,0
0.5966386554621849,0.6376887483220818,0.7096774193548387,0.5,0.06666666666666667,0.8637874152960312,0.25,0,0,0,0,1,0.027321683077077937,0.0009259259259259259,0.009762350643041727,0
0.7478991596638656,0.5660959223089903,0.25806451612903225,0.95,0.06666666666666667,0.23864761748517993,0.0,0,1,0,0,0,0.06317367116037957,0.0007407407407407408,0.006905192333127281,0
0.7394957983193277,0.40419349610646194,0.3225806451612903,0.09999999999999998,0.0,0.3383897292874163,0.0,0,1,0,0,0,0.03711917739466673,0.0,0.005003965118393273,0
0.7983193277310924,0.7918922385390623,0.6129032258064516,0.6,1.0,0.8518693393140454,0.0,0,0,0,1,0,0.03909208359222041,0.010416666666666666,0.009022907739542493,1
0.5210084033613445,0.3667563135317643,1.0,0.5,0.0,0.6888155749266249,0.75,1,0,0,0,1,0.0111262427089681,0.0,0.006501304953911914,0
0.8991596638655461,0.712914877577965,0.3548387096774194,0.525,0.0,0.47434822709366603,0.5,0,0,1,0,0,0.05919325933000229,0.0,0.007202674881877881,0
0.49579831932773105,0.6904214525593355,0.1935483870967742,0.95,0.06666666666666667,0.8934795700129444,0.0,0,0,1,0,0,0.09885216790487508,0.0011111111111111111,0.012710331699074736,0
0.5882352941176471,0.07068935433880986,0.6774193548387096,0.575,0.06666666666666667,0.949182620456196,1.0,0,0,0,1,0,0.003323138204570736,0.0009389671361502347,0.001206155799437704,0
0.8571428571428571,0.8457015708373365,0.0967741935483871,0.675,0.0,0.4019674728757235,0.0,0,0,1,0,0,0.21161598415469252,0.0,0.00896553782306716,0
0.5126050420168067,0.2186131539318015,0.7096774193548387,0.5,0.16666666666666666,0.62282300546787,0.0,1,1,0,0,0,0.00945349216849771,0.0026881720430107525,0.004007277472268336,0
0.8067226890756303,0.753471018896607,0.9032258064516129,0.125,0.0,0.5363054164524267,0.0,0,1,0,0,0,0.025430893454715907,0.0,0.008496571655390753,0
0.453781512605042,0.06113416800387661,0.8709677419354839,0.925,0.0,0.5292309970009743,1.0,0,0,0,1,0,0.0021176247062047234,0.0,0.0014237632819274915,0
0.8655462184873949,0.8324894588165674,0.4193548387096774,0.32499999999999996,0.06666666666666667,0.6299434406567046,0.0,0,0,0,0,1,0.059007052327201874,0.000641025641025641,0.008739140608461775,0
0.8907563025210083,0.12932658723727383,0.4838709677419355,0.525,0.0,0.42255251295943214,0.5,0,0,0,0,1,0.008441070112616713,0.0,0.0013324478493027159,0
0.058823529411764705,0.9347891536685041,0.5806451612903225,0.375,0.16666666666666666,0.5621662608612145,0.0,0,1,0,0,0,0.04856395006876976,0.020833333333333332,0.12984037951067073,0
0.2689075630252101,0.5269385685403858,0.3225806451612903,0.15000000000000002,0.16666666666666666,0.6142300666828054,1.0,0,1,0,0,0,0.048061951439599876,0.005050505050505051,0.017872170966078404,0
0.5546218487394958,0.7900148974518509,0.5483870967741935,0.32499999999999996,1.0,0.5783017792084892,0.25,0,0,0,1,0,0.04341568811070473,0.014925373134328358,0.01298102393339832,1
0.8991596638655461,0.009758927354066284,0.5806451612903225,0.675,0.0,0.7794965878330389,0.0,0,0,1,0,0,0.0008199971338834714,0.0,0.00011272521867455965,0
0.3025210084033613,0.2863135648398086,0.8387096774193548,0.09999999999999998,0.0,0.26399228536159364,0.0,0,0,0,0,1,0.010402131918170741,0.0,0.008837292674875461,0
0.7478991596638656,0.14998564890646873,0.6451612903225806,0.5,0.0,0.39309043692942985,0.25,1,0,0,0,1,0.007219627697714542,0.0,0.0018704044312521744,0
0.7478991596638656,0.339186962469471,0.9032258064516129,0.32499999999999996,0.0,0.5963499516834757,0.0,0,0,0,1,0,0.011421598718022414,0.0,0.004159673755839126,0
0.9327731092436974,0.12008269855929232,0.45161290322580644,0.22499999999999998,0.0,0.2674294608756195,0.25,0,0,1,0,0,0.008448861924996347,0.0,0.001174505476959155,0
0.8319327731092436,0.6813157051515668,0.29032258064516125,0.22499999999999998,0.16666666666666666,0.823131510976754,0.0,0,1,0,0,0,0.06808129767964059,0.0016666666666666668,0.007450159961361345,0
0.008403361344537815,0.17373773975809884,0.29032258064516125,0.2,0.0,0.0,0.25,0,0,1,0,0,0.018305433256851838,0.0,0.10555767555439823,0
0.008403361344537815,0.43692889375139626,0.5483870967741935,0.575,0.0,0.17047230152712226,0.75,0,0,0,0,0,0.024179277102557583,0.0,0.24886109179230342,0
0.23529411764705882,0.8801807008682891,0.967741935483871,0.5,0.0,0.9356780018766417,0.5,1,0,0,0,1,0.02775072902735885,0.0,0.033628273852651484,0
0.09243697478991596,0.24062016487689397,0.7096774193548387,0.04999999999999999,0.0,0.21319491266012974,0.0,0,1,0,0,0,0.010391808496524964,0.0,0.02350218211293467,0
0.8235294117647058,0.9313323143628169,0.9032258064516129,0.7749999999999999,0.5,0.16590473942088194,0.75,0,0,1,0,0,0.03144539310002027,0.005050505050505051,0.01027745825667302,1
0.6050420168067226,0.7973187649214928,0.03225806451612903,0.5,0.0,0.6413693483171244,0.0,1,0,0,0,1,0.4002494274047438,0.0,0.012007247652656003,0
0.7731092436974789,0.25832638033162314,0.3870967741935484,0.175,0.16666666666666666,0.21832066566765834,0.25,0,0,0,0,1,0.020291074035779313,0.0017921146953405018,0.003072466902907577,0
0.453781512605042,0.7946267455954352,0.06451612903225806,0.25,0.0,0.6540276774656932,0.0,0,1,0,0,0,0.265706015057891,0.0,0.015946494012624532,0
0.6638655462184874,0.6584666163837343,0.5161290322580645,0.525,0.16666666666666666,0.7082202113122688,0.0,0,0,0,0,1,0.03842469608612504,0.0020833333333333333,0.009049725995254783,0
0.2689075630252101,0.03593343134299244,0.1935483870967742,0.275,0.0,0.7345792260953246,0.5,0,0,0,0,1,0.007162645079830134,0.0,0.0016694725958584678,0
0.6722689075630252,0.1439538408071109,0.6129032258064516,0.15000000000000002,0.16666666666666666,0.5994910259308683,0.0,0,0,0,0,1,0.00732189650891836,0.0020576131687242796,0.0020184908484131778,0
0.3277310924369748,0.14227405439482996,0.4193548387096774,0.04999999999999999,0.0,0.5024618419499468,0.0,0,1,0,0,0,0.01065970369253123,0.0,0.004238719015389706,0
0.4369747899159664,0.5651128244222006,0.6451612903225806,0.09999999999999998,0.06666666666666667,0.0,0.25,0,0,0,0,1,0.026605168456738017,0.0012578616352201257,0.011839776982944084,0
0.453781512605042,0.32683036264268045,0.7741935483870968,0.55,0.16666666666666666,0.5357192159718623,0.25,0,0,0,1,0,0.012882891255363878,0.0030303030303030303,0.006684394962182719,0
0.7226890756302521,0.7693627367210734,0.4193548387096774,0.75,0.06666666666666667,0.9349077384465487,0.0,0,1,0,0,0,0.05458523035428924,0.0007662835249042146,0.009694195825999669,0
0.0,0.8626711417414775,0.06451612903225806,0.475,1.0,0.22048940737732303,0.5,0,1,0,0,0,0.2879486974188191,1.0,0.9615342109532871,1
0.3025210084033613,0.04163325938712398,0.4838709677419355,0.07500000000000001,0.0,0.1621094414289687,0.25,0,1,0,0,0,0.003066266270328512,0.0,0.0016359655240526642,0
0.8151260504201681,0.11980960106736693,0.12903225806451613,0.375,0.0,0.5558901144191313,0.0,0,1,0,0,0,0.026774760153451194,0.0,0.0013667146043585662,0
0.5714285714285714,0.19723314836776676,0.3548387096774194,0.5,0.5,0.970351860336235,0.25,1,0,0,0,1,0.01705112290212336,0.007246376811594203,0.003243820986628503,1
0.4621848739495798,0.7508847799313197,0.5161290322580645,0.35,0.0,0.7479918132001144,0.5,0,0,0,1,0,0.04375588979960095,0.0,0.014807702756081556,0
0.8655462184873949,0.9383881359720072,0.8064516129032258,0.625,0.5,0.8557906804127011,0.5,0,0,0,1,0,0.03542532036018129,0.004807692307692307,0.009847989704904197,1
0.6050420168067226,0.9321471355205061,0.9354838709677419,0.25,0.0,0.9428284473289865,0.0,0,0,0,0,1,0.03039915297873024,0.0,0.01401853294171207,0
0.8319327731092436,0.24412343238956669,0.1935483870967742,0.30000000000000004,0.06666666666666667,0.9461795934209499,0.0,0,0,0,0,1,0.036328712653427665,0.0006666666666666666,0.0026892745524844026,0
0.4453781512605042,0.39131189411853434,0.16129032258064516,0.275,0.06666666666666667,0.3327397970105776,1.0,0,1,0,0,0,0.06656381546013522,0.0012345679012345679,0.008112079068570243,0
0.6134453781512604,0.42030800399013074,0.06451612903225806,0.825,0.0,0.4725576147042288,0.5,0,1,0,0,0,0.14334688862226902,0.0,0.006294379696604024,0
0.15966386554621848,0.4423247538335223,0.3548387096774194,0.925,0.0,0.7033845575186713,0.0,0,1,0,0,0,0.03708030619447082,0.0,0.025006924424878087,0
0.6554621848739496,0.7390738646639409,0.12903225806451613,0.04999999999999999,0.0,0.1891366847461832,0.5,0,1,0,0,0,0.1482316244314995,0.0,0.010277835713486005,0
0.7983193277310924,0.6494258357985813,0.5161290322580645,0.44999999999999996,0.0,0.5644090278875376,0.0,0,0,1,0,0,0.03790317357615149,0.0,0.007406851476658296,0
0.36134453781512604,0.015093536503493776,0.0,0.65,0.0,0.3612815582929362,0.0,0,1,0,0,0,0.03414698945555691,0.0,0.0006882818275790704,0
0.2857142857142857,0.5756476581747149,0.06451612903225806,0.95,0.06666666666666667,0.15354251153894632,0.5,0,0,0,0,1,0.19412506848396355,0.0019047619047619048,0.018355425608769693,0
0.5882352941176471,0.40905018464502,0.3225806451612903,0.75,0.16666666666666666,0.6407931512577301,0.5,0,1,0,0,0,0.03755215318937871,0.002347417840375587,0.006395792836821222,0
0.19327731092436973,0.8964862912449999,0.06451612903225806,0.42500000000000004,0.16666666666666666,0.8281712345622202,0.0,0,0,0,0,1,0.299002357558294,0.006944444444444445,0.04141405073819215,0
0.9663865546218487,0.9860232925863545,0.7419354838709677,0.8,0.0,0.7397209845767252,0.0,0,1,0,0,0,0.04038557083154456,0.0,0.009256531861023841,0
0.7058823529411764,0.12531544740764206,0.7741935483870968,0.5,0.0,0.15708172194890652,0.0,1,0,0,0,1,0.004978230467235725,0.0,0.001675674529308446,0
0.36134453781512604,0.5480077664549303,0.5806451612903225,0.175,0.06666666666666667,0.3365971162137451,0.0,0,0,1,0,0,0.028600848516088448,0.0015151515151515152,0.013877525489651786,0
0.42016806722689076,0.1720484798682272,0.4838709677419355,0.025000000000000022,0.0,0.48256103587426896,0.5,0,0,0,1,0,0.011059533777891787,0.0,0.003918783479042034,0
0.6386554621848739,0.8385015441155963,1.0,0.5,0.0,0.6074417450768163,1.0,1,0,0,0,1,0.02558308988356635,0.0,0.011955935293092256,0
0.6890756302521008,0.47463455958108935,0.25806451612903225,0.4,1.0,0.6403429973050783,0.0,0,0,0,0,0,0.05320789315524667,0.012048192771084338,0.006303785401863114,1
0.49579831932773105,0.17794874138112604,0.1935483870967742,0.2,0.0,0.6202581282798717,0.5,0,1,0,0,0,0.027058068050364606,0.0,0.0034092224575879714,0
0.1680672268907563,0.1153572707695073,0.29032258064516125,0.825,0.0,0.9838884898635333,0.0,0,1,0,0,0,0.012580325968038965,0.0,0.006851859634630006,0
0.37815126050420167,0.4390060762150256,0.8387096774193548,0.925,0.0,0.4820888743950431,0.0,0,0,0,0,1,0.01594800624887482,0.0,0.010685376755752632,0
0.37815126050420167,0.6357256355121148,0.7741935483870968,0.8500000000000001,0.0,0.5035061991200991,0.0,0,0,0,0,0,0.024999673520543872,0.0,0.015342363076277407,0
0.1764705882352941,0.9672785879846986,0.0967741935483871,0.8500000000000001,0.06666666666666667,0.9075683883888289,0.25,0,1,0,0,0,0.24142224809368673,0.0030303030303030303,0.04870055404160516,0
0.3277310924369748,0.6383421732721102,0.7741935483870968,0.35,0.06666666666666667,0.45200058419979633,0.0,0,0,0,1,0,0.025102310307542834,0.0016666666666666668,0.01774378083894095,0
0.6890756302521008,0.041967281140106893,0.7096774193548387,0.475,0.0,0.29523096899139506,0.0,0,1,0,0,0,0.0019218147802045778,0.0,0.0006271472649862569,0
0.15126050420168066,0.5850334244298039,0.3225806451612903,0.5,0.06666666666666667,0.9774842996304736,0.0,1,1,0,0,0,0.05324113190334579,0.003508771929824561,0.034512416454650204,0
0.6218487394957983,0.8659980882358886,0.0967741935483871,0.65,0.06666666666666667,0.969369524377337,0.5,0,0,0,0,0,0.21659195221854427,0.0008888888888888889,0.012679123802260226,0
0.9411764705882353,0.690559940918167,0.3870967741935484,0.925,0.0,0.7275848340132325,0.0,0,0,0,0,1,0.05289659791222845,0.0,0.006660035970882137,0
0.40336134453781514,0.4015401669528923,0.8709677419354839,0.825,0.06666666666666667,0.5324621020388973,0.5,0,0,0,0,0,0.014039792339010366,0.0013605442176870747,0.009186766108846925,0
0.36974789915966383,0.47382839522188824,0.03225806451612903,0.04999999999999999,0.16666666666666666,0.2779030428406515,1.0,0,0,1,0,0,0.24163327498997877,0.0037037037037037034,0.011769776319079689,0
0.6890756302521008,0.3217837553788017,0.12903225806451613,0.5,0.0,0.4649310064041902,0.5,1,0,0,0,1,0.0663881350725933,0.0,0.004298367503117719,0
0.025210084033613446,0.39749148030151626,0.0,0.275,0.0,0.3405984846817611,0.5,0,0,0,1,0,0.4091472752005951,0.0,0.11359792185084412,0
0.04201680672268907,0.3737988028546038,0.22580645161290322,0.75,0.16666666666666666,0.3172424969339514,0.0,0,1,0,0,0,0.047590857848360694,0.02777777777777778,0.07136778502597685,0
0.9411764705882353,0.033953107020937165,0.25806451612903225,0.22499999999999998,0.16666666666666666,0.38703436575308753,0.5,0,1,0,0,0,0.00519052936131913,0.0014749262536873156,0.00033238951094742553,0
0.5798319327731092,0.005159758153550617,1.0,0.42500000000000004,1.0,0.532878244359571,0.0,0,1,0,0,0,4.4951789514867326e-05,0.014285714285714285,0.00020670867797242627,1
0.4369747899159664,0.9391950353424007,0.7741935483870968,0.5,0.06666666666666667,0.3080313467205784,0.0,1,0,0,0,1,0.03690361950110497,0.0012578616352201257,0.019525884190265286,0
0.8319327731092436,0.8210870668533105,0.8387096774193548,0.5,0.0,0.9468318164812366,0.0,1,1,0,0,0,0.02982539381128003,0.0,0.008972225830231228,0
0.7899159663865546,0.5197670235023504,0.967741935483871,0.475,0.0,0.2445996530813538,0.75,0,0,1,0,0,0.016349396294755153,0.0,0.006000585282431323,0
0.9159663865546218,0.4408446862957939,0.25806451612903225,0.8999999999999999,1.0,0.461633878786545,0.0,0,0,0,1,0,0.04952609391303944,0.00909090909090909,0.004374806023292688,1
0.8991596638655461,0.23913932149401806,0.9032258064516129,0.625,0.16666666666666666,0.9390171438632012,0.25,0,0,0,0,1,0.008038420272238982,0.0015432098765432098,0.002425576937642666,0
0.25210084033613445,0.6259750382848954,0.8709677419354839,0.275,0.0,0.7681427048050433,0.5,0,0,0,0,1,0.021900259448663355,0.0,0.022516568487105773,0
0.38655462184873945,0.7681621571892486,0.5161290322580645,0.125,0.0,0.18422900632016148,0.0,0,1,0,0,0,0.04475254501852223,0.0,0.018080333595610957,0
0.6134453781512604,0.2458076697029571,0.3870967741935484,0.2,0.06666666666666667,0.45483955512785373,0.0,0,1,0,0,0,0.019346725527182643,0.0009009009009009009,0.0037264697195321635,0
0.5210084033613445,0.07702778460725677,0.3548387096774194,0.44999999999999996,0.0,0.18985493038619208,0.0,0,0,0,0,1,0.007227794767700784,0.0,0.00149328601038504,0
0.680672268907563,0.7345378247580598,0.8709677419354839,0.95,0.16666666666666666,0.47755332323654687,0.0,0,1,0,0,0,0.025702494847021903,0.002032520325203252,0.009834546523225744,0
0.9159663865546218,0.721711062771875,0.0967741935483871,0.5,0.0,0.5419633514662014,0.5,1,1,0,0,0,0.1812180199995954,0.0,0.0071553022965215405,0
0.06722689075630252,0.6451963159769015,0.29032258064516125,0.5,0.0,0.7433022093555995,0.0,1,0,0,0,0,0.06453923332466333,0.0,0.08035260057982159,0
0.13445378151260504,0.8807172794557062,0.0,0.025000000000000022,0.0,0.1822883426131737,0.0,0,1,0,0,0,0.8830248566603641,0.0,0.057535921728503366,0
0.07563025210084033,0.44716733424058214,0.4838709677419355,0.55,0.0,0.45989928555566,0.0,0,0,0,0,1,0.027921818649704125,0.0,0.050733391402155534,0
0.21008403361344538,0.13774177121282113,0.7419354838709677,0.7,0.06666666666666667,0.6739604944891152,0.0,0,1,0,0,0,0.005724273389687109,0.002564102564102564,0.00643477154147564,0
0.19327731092436973,0.22920740108903342,0.25806451612903225,0.475,0.0,0.4991867218588757,0.5,0,0,0,0,1,0.026465753031674383,0.0,0.011137151517501553,0
0.36134453781512604,0.4724701353723197,0.6774193548387096,0.025000000000000022,0.06666666666666667,0.31263692182726494,0.75,0,0,1,0,0,0.021232599722112448,0.0015151515151515152,0.012008023483493875,0
0.8403361344537815,0.3402728190043514,0.29032258064516125,0.2,0.0,0.7041148072640843,0.0,0,0,1,0,0,0.0346367716745351,0.0,0.003697414769510328,0
0.36974789915966383,0.09599350299106679,0.3548387096774194,0.44999999999999996,0.06666666666666667,0.9093109843566499,0.0,0,0,0,0,1,0.008777696279253983,0.0014814814814814816,0.0026264378056860076,0
0.8487394957983193,0.5011973944833245,0.5161290322580645,0.35,0.06666666666666667,0.6438081823983802,0.0,0,0,1,0,0,0.029352532618096283,0.00065359477124183,0.005377337820506965,0
0.7394957983193277,0.5900526525267663,0.1935483870967742,0.525,0.0,0.49049374886211083,0.5,0,0,0,0,1,0.08479115061626892,0.0,0.007278063274767718,0
0.11764705882352941,0.8537935336410335,0.25806451612903225,0.8,0.0,0.2636861806737904,0.5,0,0,0,1,0,0.09452166819025014,0.0,0.06327839763480911,0
0.8739495798319328,0.6229111237124697,0.7741935483870968,0.75,0.06666666666666667,0.1736173771429829,0.25,0,1,0,0,0,0.024497009145435383,0.0006349206349206349,0.00648051668560016,0
0.907563025210084,0.39097797445043925,0.9032258064516129,0.30000000000000004,0.0,0.8798429062739457,0.0,0,1,0,0,0,0.013172946712947291,0.0,0.0039185100305022605,0
0.3949579831932773,0.3603605115563564,0.8709677419354839,0.30000000000000004,0.0,0.6351672271916995,0.0,0,1,0,0,0,0.012597541743502493,0.0,0.008447924989251968,0
0.15966386554621848,0.9764883803101445,0.0967741935483871,0.025000000000000022,0.06666666666666667,0.8218370682773508,0.0,0,0,0,1,0,0.24368015429435322,0.0033333333333333335,0.0540912881440621,0
0.8403361344537815,0.7820950906029921,0.45161290322580644,0.5,0.0,0.6157625908060557,0.0,0,0,0,0,1,0.051729226478816316,0.0,0.00846108272007513,0
0.5882352941176471,0.5333626480297229,1.0,0.22499999999999998,0.0,0.21833467045729638,0.0,0,1,0,0,0,0.016231969614094614,0.0,0.008302445458538104,0
0.6050420168067226,0.7081519029664357,0.29032258064516125,0.5,0.0,0.3491474084136775,0.0,1,0,0,0,0,0.07071300164460795,0.0,0.010677112185434002,0
0.6386554621848739,0.048914933602151434,0.6451612903225806,0.2,0.06666666666666667,0.788487662780671,0.5,0,0,1,0,0,0.0024998440106038175,0.0008658008658008658,0.0007892493740778646,0
0.10084033613445378,0.6048416698098603,0.9354838709677419,0.525,0.0,0.41651244725696185,0.75,0,0,0,1,0,0.01970003310826755,0.0,0.052189205376314836,0
0.42016806722689076,0.4980624492459459,0.1935483870967742,0.65,1.0,0.0,0.0,0,0,0,0,0,0.07190392033859018,0.0196078431372549,0.010879938166872518,1
0.2773109243697479,0.8118938735306258,0.4838709677419355,0.09999999999999998,0.0,0.5093922121365507,0.25,0,0,0,0,1,0.050276240050046224,0.0,0.026467551315496444,0
0.18487394957983191,0.03938620767014396,0.9354838709677419,0.5,0.0,0.6582891348841303,0.0,1,0,0,0,1,0.0012161506050981919,0.0,0.0026423725458217923,0
0.9327731092436974,0.6619480989813439,0.3870967741935484,0.04999999999999999,0.06666666666666667,0.34221503754283966,0.5,0,1,0,0,0,0.05073826459319066,0.0005952380952380952,0.006443025676294276,0
0.40336134453781514,0.8748947657933794,0.0,0.8500000000000001,0.0,0.40649502129728365,0.0,0,0,0,1,0,0.8773149821107243,0.0,0.01970652465720053,0
0.680672268907563,0.060290191402222915,0.8064516129032258,0.75,1.0,0.12817383545172448,0.0,0,0,0,0,1,0.0023056761351021946,0.012195121951219513,0.0008804694260464955,1
0.8655462184873949,0.6996715275815196,0.5161290322580645,0.65,0.0,0.4497057993833891,0.25,0,0,0,1,0,0.040801624550288455,0.0,0.007348424057534874,0
0.31092436974789917,0.344964048356713,0.06451612903225806,0.7,0.0,0.7964163744000448,0.25,0,0,0,0,1,0.11871809083893459,0.0,0.010280424931864504,0
0.6386554621848739,0.8202056046808452,0.4838709677419355,0.275,0.06666666666666667,0.12208175195917004,0.25,0,0,0,0,0,0.05078567361377874,0.0008658008658008658,0.011697185959528554,0
0.8907563025210083,0.7452427115167229,0.8387096774193548,0.025000000000000022,0.5,0.8639454693505179,0.5,0,0,0,1,0,0.027070685937254913,0.004672897196261682,0.007600795098954076,1
0.2773109243697479,0.5815617828153812,0.967741935483871,0.95,0.0,0.5933549273851657,0.0,0,0,0,0,1,0.018304212818945162,0.0,0.019090364460126352,0
0.3445378151260504,0.21876615876168254,0.8709677419354839,0.4,0.16666666666666666,0.32401081169760054,0.0,0,1,0,0,0,0.007638429345105658,0.003968253968253968,0.006010996150177791,0
0.08403361344537814,0.43141416602587984,0.06451612903225806,1.0,0.16666666666666666,0.3960414461745917,0.0,0,1,0,0,0,0.14697732475517214,0.01515151515151515,0.04454427379960623,0
0.47058823529411764,0.2072823030579365,0.5161290322580645,0.4,0.0,0.9965628244859741,0.0,0,0,0,1,0,0.012397875356421423,0.0,0.004159180173425735,0
0.8067226890756303,0.720433919574177,0.4193548387096774,0.30000000000000004,0.0,0.6470933059106214,0.0,0,0,0,0,1,0.05115792553650568,0.0,0.008125681397577795,0
0.04201680672268907,0.4293340843514361,0.1935483870967742,0.575,0.0,0.8770239421882283,0.0,0,0,0,0,1,0.06227552260258313,0.0,0.08144714552053266,0
0.19327731092436973,0.28514373327619846,0.1935483870967742,0.35,0.06666666666666667,0.9538582195110727,0.75,0,0,1,0,0,0.04207539050315378,0.0027777777777777775,0.013675188787060642,0
0.13445378151260504,0.6875295101889497,0.6774193548387096,0.30000000000000004,0.0,0.145987927871332,0.0,0,0,0,0,1,0.030818915890241404,0.0,0.04516090036150756,0
0.11764705882352941,0.43992769858236347,0.3225806451612903,0.07500000000000001,0.0,0.4283024794479712,0.25,0,0,1,0,0,0.04030489634546357,0.0,0.03323261170915639,0
0.9663865546218487,0.4446825472368214,0.16129032258064516,0.5,0.0,0.2478327588035108,0.25,1,0,0,0,0,0.07528684448193355,0.0,0.004174610054426323,0
1.0,0.8698873795434053,0.1935483870967742,0.8500000000000001,0.5,0.5058890140428026,0.0,0,0,0,0,0,0.12399417917949307,0.004166666666666667,0.007887671338479977,1
0.7983193277310924,0.8718700518178807,0.1935483870967742,0.8,0.0,0.3098559707419937,0.0,0,0,0,0,1,0.12427193869360495,0.0,0.009930129677871762,0
0.680672268907563,0.14411797288976552,0.22580645161290322,0.275,0.0,0.1802216357994434,0.0,0,0,0,0,1,0.01943616381041864,0.0,0.001993710883920207,0
0.48739495798319327,0.1935737318106678,0.4838709677419355,0.04999999999999999,0.0,0.9749794429694956,0.0,0,0,0,0,0,0.012378836051881767,0.0,0.0037586553920679437,0
0.40336134453781514,0.6491481444867035,0.12903225806451613,0.8500000000000001,0.06666666666666667,0.32385075695887994,0.25,0,0,0,0,1,0.13059441099496286,0.0013605442176870747,0.01468956706331621,0
0.14285714285714285,0.43249318287327554,0.25806451612903225,0.6,0.0,0.6623525245634007,0.5,0,1,0,0,0,0.04861610059306745,0.0,0.027212034489446386,0
0.8823529411764706,0.9880727079604937,0.967741935483871,1.0,0.0,0.9881759561770125,0.0,0,0,0,1,0,0.03116378671439466,0.0,0.010168975972928283,0
0.25210084033613445,0.46267198700434875,0.5483870967741935,0.42500000000000004,0.0,0.5057949818838042,0.5,0,0,1,0,0,0.025581781640389583,0.0,0.01678005714250039,0
0.8067226890756303,0.2822273517836659,0.3225806451612903,0.925,0.0,0.4211060182582443,0.0,0,0,0,0,1,0.02624584511345007,0.0,0.003206165149587788,0
0.19327731092436973,0.08234936772499704,0.9032258064516129,0.42500000000000004,0.06666666666666667,0.342042978698715,0.5,0,0,0,0,1,0.002736462255688847,0.0027777777777777775,0.004473662020819791,0
0.9831932773109243,0.44963723726769717,0.7741935483870968,0.35,0.5,0.5751527022241606,0.5,0,1,0,0,0,0.017700136099144805,0.00423728813559322,0.004146320890681574,1
0.6050420168067226,0.8130124380635673,0.6451612903225806,0.5,0.0,0.38180257648115656,0.5,1,0,0,0,1,0.038181543957620565,0.0,0.012241356051219857,0
0.10084033613445378,0.27752119762070343,0.5806451612903225,0.15000000000000002,0.0,0.7604460725568144,1.0,0,1,0,0,0,0.01464011767230473,0.0,0.024770618509450667,0
0.7226890756302521,0.42544899894129806,0.3548387096774194,0.5,0.0,0.5972322534306733,0.0,0,0,0,1,0,0.03570119903455499,0.0,0.00538946973342122,0
0.8319327731092436,0.527932936598792,0.3548387096774194,0.2,0.06666666666666667,0.9274311814640607,0.0,0,0,0,1,0,0.04407631073192505,0.0006666666666666666,0.005779870182077933,0
0.1092436974789916,0.3045085627374724,0.0967741935483871,0.30000000000000004,0.5,0.9003319135144219,0.0,0,1,0,0,0,0.07893513690368063,0.03571428571428571,0.025086730412235577,1
0.3277310924369748,0.9536526238286627,0.12903225806451613,0.9750000000000001,0.06666666666666667,0.7448207286892117,0.0,0,1,0,0,0,0.19031715198553265,0.0016666666666666668,0.026327858239471248,0
0.9495798319327731,0.606156339412325,0.6129032258064516,0.32499999999999996,0.0,0.6730981995842578,0.75,0,1,0,0,0,0.02998494580875644,0.0,0.005793675565942494,0
0.3025210084033613,0.17220336306004433,0.22580645161290322,0.5,0.06666666666666667,0.7103949550746355,0.0,1,0,0,0,1,0.022878922038440885,0.0018018018018018018,0.005478849531108051,0
0.3949579831932773,0.7853799168726842,0.4838709677419355,0.475,0.0,0.5911501733592889,0.5,0,0,0,0,1,0.04865117552560619,0.0,0.01809027235812538,0
0.26050420168067223,0.930028200337754,1.0,0.07500000000000001,0.0,0.5165126473253853,0.0,0,0,0,0,1,0.02838796589634161,0.0,0.03215392773544261,0
0.25210084033613445,0.8341333113483319,0.0,0.35,0.0,0.7470714984524707,0.5,0,0,1,0,0,0.8373420761048547,0.0,0.02982875454571443,0
0.453781512605042,0.6971416803082702,0.7419354838709677,0.44999999999999996,0.0,0.7543239788007499,0.0,0,1,0,0,0,0.028581692948597158,0.0,0.01401634584660141,0
0.058823529411764705,0.041272185138865866,0.3225806451612903,0.5,0.0,0.1501753599731108,0.75,1,0,0,0,1,0.0047645922104249195,0.0,0.008213918938125382,0
0.3529411764705882,0.014678602268416042,0.5161290322580645,0.725,0.0,0.31446954858561627,0.0,0,1,0,0,0,0.001287422611787628,0.0,0.0006982500244514637,0
0.20168067226890757,0.10773924726605441,0.0967741935483871,0.5,0.0,0.371455037622867,0.25,0,0,0,1,0,0.030694455485025154,0.0,0.005392978497688577,0
0.07563025210084033,0.4749480010206855,0.4838709677419355,0.875,0.06666666666666667,0.7789223914578786,0.5,0,0,0,0,0,0.02962452098991156,0.006666666666666667,0.05375861804412473,0
0.26050420168067223,0.20691440953917126,0.6774193548387096,0.5,0.0,0.9034329740771343,0.0,1,0,0,1,0,0.009395398250360202,0.0,0.007546177109632779,0
0.3949579831932773,0.3827545263112161,0.45161290322580644,0.95,1.0,0.5658135082198111,0.0,0,0,0,0,1,0.02562155023076302,0.020833333333333332,0.008955974425463765,1
0.6134453781512604,0.685109996262468,0.967741935483871,0.275,1.0,0.24802282380574156,0.75,0,0,0,0,1,0.021579858859919965,0.013513513513513514,0.01019114975542575,1
0.2184873949579832,0.2465675487740156,0.6774193548387096,0.375,0.0,0.8505108747191539,0.0,0,0,1,0,0,0.011162945143343464,0.0,0.010578506847405382,0
0.8403361344537815,0.11256573909479206,0.3548387096774194,0.5,0.5,0.13252132229222394,0.75,1,0,0,0,1,0.010131999515608395,0.0049504950495049506,0.0012423078443726883,1
0.025210084033613446,0.7007471960445945,0.45161290322580644,0.6,0.06666666666666667,0.9533560477683367,0.0,0,0,1,0,0,0.046410947584815274,0.016666666666666666,0.19615688973462206,0
0.9243697478991596,0.695752958328173,0.3548387096774194,0.09999999999999998,0.0,0.9115117370140587,0.0,0,0,0,0,1,0.057790766471671494,0.0,0.006834445927820454,0
0.8823529411764706,0.31221405257281887,0.7419354838709677,0.925,0.0,0.0,0.0,0,0,1,0,0,0.012853316622629805,0.0,0.0032256865960728675,0
0.8991596638655461,0.03599690772624574,0.25806451612903225,0.9750000000000001,0.0,0.23453821206852743,0.5,0,1,0,0,0,0.005413225191649525,0.0,0.00037728382767677994,0
0.08403361344537814,0.4072279898142149,0.5806451612903225,0.5,0.5,0.17492382394779013,0.0,1,0,1,0,0,0.02133472591931897,0.04545454545454545,0.042149911980155136,1
0.9411764705882353,0.11995078446723714,0.29032258064516125,0.5,0.0,0.9694835633786755,0.25,1,0,0,0,0,0.013030790981556994,0.0,0.0011611394891129865,0
0.9327731092436974,0.3622464686081007,0.29032258064516125,0.95,0.06666666666666667,0.40048696654255755,0.5,0,0,1,0,0,0.03679162763385994,0.0005952380952380952,0.0035290472378015237,0
0.7731092436974789,0.9526269361266698,0.0,0.9750000000000001,0.0,0.29869015203199495,0.25,0,1,0,0,0,0.9535433890865795,0.0,0.011202266037404957,0
0.5294117647058824,0.4680431221266422,0.3870967741935484,0.5,0.06666666666666667,0.5289829121559573,0.0,1,0,0,0,0,0.03611104928853271,0.0010416666666666667,0.00812012716286,0
0.29411764705882354,0.09681418382131747,0.3870967741935484,0.5,0.0,0.6223648487782821,0.0,0,1,0,0,0,0.008107407009766199,0.0,0.0033559223504934397,0
0.4621848739495798,0.061053010518050996,0.0,1.0,0.5,0.8763297047590276,0.0,0,0,1,0,0,0.07921735703382458,0.008928571428571428,0.0013933286016656636,1
0.9159663865546218,0.9704326230961016,0.5806451612903225,0.625,0.0,0.41262111642181626,0.0,0,0,1,0,0,0.05040363063095801,0.0,0.009617574143476035,0
0.7478991596638656,0.06971826163482904,0.1935483870967742,0.07500000000000001,0.5,0.19194564541073048,0.0,0,0,1,0,0,0.011895680472023603,0.005555555555555555,0.0008991972869396293,1
0.5462184873949579,0.9348301713764346,0.6774193548387096,0.7749999999999999,0.06666666666666667,0.34127271526862185,0.5,0,0,1,0,0,0.04184239407505405,0.00101010101010101,0.015570000787806139,0
0.14285714285714285,0.31299512446659117,0.4193548387096774,0.09999999999999998,0.0,0.8804671197549562,0.25,0,0,0,0,1,0.022618160489012905,0.0,0.01998261217977969,0
0.38655462184873945,0.5465595698191827,0.5483870967741935,0.8,0.16666666666666666,0.9596121873680798,0.0,0,1,0,0,0,0.030152044988678885,0.0035460992907801418,0.012945903800535893,0
0.1092436974789916,0.9780389068374539,0.6774193548387096,0.675,0.0,0.6937912766166029,0.0,0,0,0,0,1,0.04376843240613147,0.0,0.07747624588957741,0
0.48739495798319327,0.03955321854663542,0.45161290322580644,0.44999999999999996,0.06666666666666667,0.3127609642497734,0.0,0,0,0,1,0,0.003184088494520624,0.0011299435028248588,0.0009158848543722131,0
0.8655462184873949,0.7439249181166906,0.6774193548387096,0.15000000000000002,0.0,0.9874897214847478,0.25,0,0,0,0,1,0.03333275287729157,0.0,0.007811794643717096,0
0.40336134453781514,0.14793157846144436,0.45161290322580644,0.55,0.16666666666666666,0.15472691660547908,0.0,0,0,0,0,0,0.01026953732181147,0.003401360544217687,0.00355060851525008,0
0.6302521008403361,0.9768715457281292,0.6774193548387096,0.275,0.0,0.3446878832560736,0.0,0,0,1,0,0,0.04371639704293977,0.0,0.01409841800755369,0
0.31092436974789917,0.9316350573061685,0.5483870967741935,0.75,0.0,0.9071482446996872,0.25,0,0,0,0,0,0.0511312689421339,0.0,0.027092692068587308,0
0.1680672268907563,0.6634707359172979,0.25806451612903225,0.04999999999999999,0.0,0.16845361113500817,0.0,0,1,0,0,0,0.0737837883373846,0.0,0.035274631394647406,0
0.36974789915966383,0.8960579838896163,0.8387096774193548,0.42500000000000004,0.0,0.10536203381556491,0.5,0,1,0,0,0,0.03254837793536248,0.0,0.02198743524614764,0
0.36974789915966383,0.1426012977112609,0.7741935483870968,0.175,0.0,0.4632904453323036,0.0,0,0,0,0,1,0.005656288381336522,0.0,0.003754313640480957,0
0.7983193277310924,0.5514298560647999,0.7741935483870968,0.30000000000000004,0.0,0.6652995324400944,0.25,0,1,0,0,0,0.021693071914282068,0.0,0.006295241905981243,0
0.7815126050420168,0.8099102620751824,0.1935483870967742,0.55,0.06666666666666667,0.9539442489331351,0.5,0,1,0,0,0,0.11559177439466167,0.0007092198581560283,0.009427708530091354,0
0.2184873949579832,0.8442823867267105,0.7096774193548387,0.8999999999999999,0.0,0.7647155327121875,0.0,0,0,0,0,1,0.03613024797783971,0.0,0.03468563763502055,0
0.7142857142857143,0.09739686394407904,1.0,0.475,0.0,0.9571033293386337,0.0,0,0,0,0,1,0.002871599852475956,0.0,0.0013004381487198477,0
0.14285714285714285,0.7944878488970524,1.0,0.35,0.0,0.8880177020541025,0.25,0,0,0,0,1,0.0242342701730282,0.0,0.04911207495392182,0
0.7142857142857143,0.7714165825793445,0.3870967741935484,0.7,0.0,0.35586370538724243,0.0,0,0,0,1,0,0.05899601591363361,0.0,0.009835160591221638,0
0.24369747899159663,0.8883955738769346,0.7096774193548387,0.825,0.16666666666666666,0.32831228280071784,0.5,0,0,0,0,1,0.0380111087584178,0.005555555555555555,0.03279911591400544,0
0.7563025210084033,0.5142139731099422,0.5483870967741935,0.525,1.0,0.3402163539930656,0.25,0,0,0,0,1,0.02838983072336752,0.010989010989010988,0.006206344058452919,1
0.8403361344537815,0.7386032124970849,0.7419354838709677,0.8500000000000001,0.0,0.2591426267783582,0.25,0,1,0,0,0,0.03027583630004574,0.0,0.007992159175109094,0
0.7310924369747899,0.0,0.8387096774193548,0.5,0.06666666666666667,0.31527182296345346,0.25,0,0,0,0,1,3.068889627258855e-06,0.0007575757575757576,6.126339053469813e-05,0
0.226890756302521,0.5629013594971184,0.6451612903225806,0.875,0.0,0.9174437657678925,0.0,0,1,0,0,0,0.026501897830359316,0.0,0.022496606672719795,0
0.7731092436974789,0.8033939590981788,0.16129032258064516,0.875,0.0,0.6648393750662727,0.0,0,0,0,0,1,0.13391550786332154,0.0,0.009454846829169678,0
0.2184873949579832,0.6696235146087354,0.5806451612903225,0.8,0.0,0.4700347518851447,0.5,0,0,0,0,1,0.03487785048945156,0.0,0.027641267969065207,0
0.4369747899159664,0.22201186610235774,0.29032258064516125,0.675,0.16666666666666666,0.5609878578473838,0.0,0,1,0,0,0,0.023039457449918845,0.0031446540880503146,0.004790228323322018,0
0.8907563025210083,0.054098212113858304,0.7741935483870968,0.575,0.0,0.7834299330370986,0.5,0,1,0,0,0,0.002184650217311941,0.0,0.0005668280518793723,0
0.5546218487394958,0.2861468806349582,0.5806451612903225,0.875,0.5,0.4658413177306639,0.0,0,1,0,0,0,0.015085318479963352,0.007462686567164179,0.0047915266974823565,1
0.38655462184873945,0.9980044446126802,1.0,0.725,0.0,0.44939169195864986,0.0,0,1,0,0,0,0.03047112882258795,0.0,0.02340567344258823,0
0.26050420168067223,0.5230811889688051,0.967741935483871,0.6,0.16666666666666666,0.4782015449283655,0.0,0,0,1,0,0,0.016454236664549413,0.005208333333333333,0.018305414954865557,0
0.9159663865546218,0.2843812204150339,0.3548387096774194,0.22499999999999998,1.0,0.9618189420781907,0.0,0,1,0,0,0,0.02417296905957284,0.00909090909090909,0.0028258627527016212,1
0.5462184873949579,0.22647850870149125,0.8387096774193548,0.825,0.0,0.3058405974843396,0.0,0,0,0,1,0,0.008228890421747286,0.0,0.003882538212692763,0
0.9159663865546218,0.25507665084636744,0.967741935483871,0.575,0.0,0.7866290271272774,0.5,0,0,0,0,1,0.007976176299822378,0.0,0.002535755949970139,0
0.36974789915966383,0.5348189502055642,0.5483870967741935,0.30000000000000004,0.0,0.255107246678364,0.0,0,0,0,0,1,0.02951240653795887,0.0,0.01324570483124797,0
0.5630252100840336,0.19928840299748998,0.7419354838709677,0.30000000000000004,0.06666666666666667,0.3726714536371439,0.25,0,0,0,1,0,0.008239106092135557,0.000980392156862745,0.0033272640612934906,0
0.8235294117647058,0.33915976705535283,0.6451612903225806,0.5,0.06666666666666667,0.0,0.0,1,0,0,0,1,0.016053649641403312,0.0006734006734006734,0.003763749648032842,0
0.05042016806722689,0.3072261237024653,0.3225806451612903,0.09999999999999998,0.0,0.34042842652187044,0.0,0,0,0,0,1,0.028474495983777284,0.0,0.05078842425314567,0
0.5714285714285714,0.5556789557679657,0.16129032258064516,0.725,0.06666666666666667,0.5217964543874005,0.0,0,1,0,0,0,0.09342836676734852,0.000966183574879227,0.008900866402538614,0
0.8907563025210083,0.6576952629712836,0.9354838709677419,0.025000000000000022,0.5,0.2692520842128008,0.0,0,0,0,1,0,0.02142773700588181,0.004672897196261682,0.006709800714051739,1
0.7731092436974789,0.0910673967287837,0.03225806451612903,0.04999999999999999,0.06666666666666667,0.16199740311186425,0.0,0,0,1,0,0,0.05395511649707661,0.0007168458781362007,0.001113975110294531,0
0.6974789915966386,0.24763349875576895,0.6774193548387096,0.5,0.0,0.416292371991221,0.0,1,0,1,0,0,0.011210460084522903,0.0,0.0032836311959646863,0
0.20168067226890757,0.1613060667047974,0.0967741935483871,0.5,0.06666666666666667,0.8634252914496757,0.0,0,0,0,0,1,0.04382709186668904,0.0026666666666666666,0.007726281302467917,0
0.7563025210084033,0.6551738070758139,0.967741935483871,0.2,0.0,0.701553931444554,0.0,0,0,0,0,0,0.020632856914384275,0.0,0.007893165987556301,0
0.8319327731092436,0.605285269481441,0.9032258064516129,0.2,0.0,0.9074363432293844,0.25,0,0,0,0,1,0.02041989241055676,0.0,0.006622212592745544,0
0.1764705882352941,0.12088900583733639,0.22580645161290322,0.5,0.0,0.2753601731792273,0.75,1,0,0,0,1,0.016588714764372004,0.0,0.006805487989423534,0
0.8487394957983193,0.32348242749533135,0.5806451612903225,0.7749999999999999,0.0,0.24841495791560714,0.25,0,0,0,0,0,0.017012332907591333,0.0,0.00348002437423435,0
0.680672268907563,0.49700364520634066,0.8064516129032258,0.5,1.0,0.9936078138723443,0.5,1,0,1,0,0,0.018777408369237303,0.012195121951219513,0.006680068477325312,1
0.7478991596638656,0.816732717630791,0.6451612903225806,0.025000000000000022,0.0,0.6713315954056287,0.0,0,0,0,0,0,0.03835527296270384,0.0,0.00993780937123212,0
0.9327731092436974,0.49268100354998157,0.9354838709677419,0.2,0.0,0.1447915186993952,0.0,0,0,0,0,0,0.016033670829654456,0.0,0.0047972532932111026,0
0.6134453781512604,0.19383049572054026,0.9354838709677419,0.25,0.16666666666666666,0.2282500615210402,0.0,0,0,0,0,1,0.00626470042864522,0.0022522522522522522,0.0029615846309466415,0
0.2857142857142857,0.9456084775864257,0.45161290322580644,0.8,0.0,0.6183274679940539,0.25,0,1,0,0,0,0.06241923633833824,0.0,0.029866157527153905,0
0.3445378151260504,0.7687729310731413,0.5161290322580645,0.9750000000000001,0.0,0.7891138769459155,0.0,0,0,1,0,0,0.044787777853337075,0.0,0.020271471352750422,0
0.2857142857142857,0.1176798244695271,0.3870967741935484,0.4,0.0,0.8190481144551436,0.0,0,1,0,0,0,0.00968140589923093,0.0,0.004106497926627389,0
0.8487394957983193,0.7606511390652201,0.06451612903225806,0.44999999999999996,0.0,0.37229132363268236,1.0,0,0,0,0,1,0.2545999039469996,0.0,0.008147307545759591,0
0.4117647058823529,0.44200328852174264,0.8064516129032258,0.7749999999999999,0.5,0.35173429312824983,0.5,0,0,0,0,1,0.016702933355474674,0.01,0.009880447930686941,1
0.1092436974789916,0.1028889900754297,0.3548387096774194,0.8500000000000001,0.0,0.3879526798164972,0.0,0,0,0,0,1,0.009341203847945545,0.0,0.0094040639740548,0
0.8739495798319328,0.5253172155178993,0.25806451612903225,0.95,0.0,0.43759165634647046,0.0,0,1,0,0,0,0.058730357316199924,0.0,0.0054683578702590975,0
0.5042016806722689,0.8993853591405563,0.1935483870967742,0.5,0.06666666666666667,0.6775597254260957,1.0,1,0,1,0,0,0.1281266546196687,0.001092896174863388,0.016229225873285007,0
0.6974789915966386,0.6724554514820541,0.7096774193548387,0.125,0.0,0.33559277272827304,0.75,0,0,1,0,0,0.028804036374764353,0.0,0.008790984220820756,0
0.4789915966386554,0.22230111342353798,0.25806451612903225,0.7749999999999999,0.0,0.43412246988470055,0.0,0,0,0,0,1,0.025713232757964104,0.0,0.0043661392742495985,0
0.40336134453781514,0.02154242262057379,0.6451612903225806,0.15000000000000002,1.0,0.24766470132785412,0.0,0,1,0,0,0,0.0012216069820330828,0.020408163265306124,0.0007417556894127588,1
0.15126050420168066,0.17912422844752202,0.45161290322580644,0.375,0.16666666666666666,0.410812497874273,0.25,0,0,1,0,0,0.012308818276401264,0.008771929824561403,0.01124808693434001,0
0.6050420168067226,0.25923407832026096,0.3870967741935484,0.30000000000000004,0.0,0.3125608958263726,0.75,0,0,0,1,0,0.020359546202542513,0.0,0.003980436903410599,0
0.6218487394957983,0.1966402597562221,0.25806451612903225,0.09999999999999998,0.0,0.5525349669586999,0.0,0,0,0,0,1,0.022917184640558804,0.0,0.002960330744935835,0
0.13445378151260504,0.8721412505308924,0.0967741935483871,0.7749999999999999,0.0,0.8548503588227173,0.75,0,0,0,0,0,0.21809803224157218,0.0,0.05698656737966775,0
0.42857142857142855,0.0014264729716171737,0.9032258064516129,0.5,0.0,0.15307235074395442,0.0,1,0,0,1,0,0.0,0.0,0.0002666114223894877,0
1.0,0.9510316351675578,0.6129032258064516,0.35,0.0,0.8638474358230515,0.0,0,0,1,0,0,0.04689512230841439,0.0,0.008624034045622168,0
0.680672268907563,0.8684258914552622,0.7741935483870968,0.15000000000000002,0.0,0.8111073987303657,1.0,0,0,0,0,1,0.03412761616635629,0.0,0.011612593656490701,0
0.9411764705882353,0.2201044712241689,0.967741935483871,0.575,0.0,0.48386948336331026,0.25,0,0,1,0,0,0.006869865742545091,0.0,0.002126309342273698,0
0.5966386554621849,0.12252463032714164,0.29032258064516125,0.8500000000000001,0.0,0.5909060898827398,0.0,0,0,0,0,0,0.01328319634842206,0.0,0.0019707199307303865,0
0.680672268907563,0.6538891504303715,0.22580645161290322,0.95,0.06666666666666667,0.13636863807422137,0.0,0,1,0,0,0,0.08192484227441761,0.0008130081300813008,0.008763523931539,0
0.9747899159663865,0.017653049645146805,0.06451612903225806,0.5,0.16666666666666666,0.1350521878482441,0.0,1,0,0,0,1,0.011725083480120902,0.0014245014245014246,0.00016274328966446158,0
0.8235294117647058,0.7939749744205896,0.1935483870967742,0.475,0.0,0.9963127389567231,0.0,0,0,1,0,0,0.1133593440464117,0.0,0.008766571452295278,0
0.5966386554621849,0.8003445814137802,0.12903225806451613,0.09999999999999998,0.0,0.18614766250057518,0.25,0,1,0,0,0,0.16024870593606375,0.0,0.012222448581513272,0
0.6554621848739496,0.3414661505091402,0.03225806451612903,0.75,0.16666666666666666,0.1417284711371289,0.0,0,0,0,0,1,0.17673245583788602,0.0021097046413502112,0.004797048244487743,0
0.7815126050420168,0.39369990464863136,0.6129032258064516,0.8,0.06666666666666667,0.3123288164552277,0.75,0,1,0,0,0,0.019567627274894438,0.0007092198581560283,0.004606007471563028,0
0.907563025210084,0.42720741113418637,0.06451612903225806,0.65,0.16666666666666666,0.7882255731460159,0.0,0,0,0,0,1,0.1456022003051676,0.0015290519877675841,0.004280461492021831,0
0.1092436974789916,0.49418785816227684,0.3548387096774194,0.9750000000000001,0.16666666666666666,0.6140660105756168,0.0,0,1,0,0,0,0.04131862198964766,0.011904761904761904,0.03984064086398794,0
0.3025210084033613,0.7136283080250605,0.3225806451612903,0.575,0.06666666666666667,0.7510388552885087,0.0,0,0,1,0,0,0.06470541903613387,0.0018018018018018018,0.021413839268413573,0
0.6050420168067226,0.15441272340307896,0.8387096774193548,0.65,0.5,0.0,0.75,0,0,0,0,0,0.0056114222485611235,0.00684931506849315,0.002416777503039592,1
0.5462184873949579,0.04515759722064501,0.0,0.35,0.0,0.39025346668560645,0.0,0,0,0,0,1,0.06362944756611277,0.0,0.0008908301689575573,0
0.7731092436974789,0.06630758511541901,0.3870967741935484,0.525,0.0,0.28501747597678406,0.5,0,0,0,0,1,0.005806142778583797,0.0,0.0008240541339327167,0
0.8907563025210083,0.7406104259785949,0.16129032258064516,0.22499999999999998,0.06666666666666667,0.3451460399456614,0.0,0,1,0,0,0,0.12365401489865113,0.0006230529595015575,0.007553651059095574,0
0.8487394957983193,0.876865004128517,0.3225806451612903,0.725,0.0,0.6491099956185015,1.0,0,0,0,0,0,0.07925803810166195,0.0,0.009388025379293567,0
0.2689075630252101,0.35093523844967683,0.3870967741935484,0.65,0.16666666666666666,0.5579708260224997,0.0,0,0,0,0,1,0.027277020084117913,0.005050505050505051,0.012064229961853098,0
0.9411764705882353,0.8580026773191022,0.1935483870967742,0.725,0.0,0.3167003115065352,0.25,0,1,0,0,0,0.12232920955355717,0.0,0.008273662853107051,0
0.4117647058823529,0.7348839333617619,0.3225806451612903,0.725,0.0,0.49578755934529606,0.0,0,1,0,0,0,0.0666003668383643,0.0,0.01625920288786977,0
0.8655462184873949,0.5331204822588103,0.8387096774193548,0.7749999999999999,0.5,0.6207603000226077,0.0,0,1,0,0,0,0.01936629221409212,0.004807692307692307,0.005604493150385288,1
0.2184873949579832,0.24524708074992213,0.1935483870967742,0.5,0.0,0.6882433792356986,0.5,1,1,0,0,0,0.0364861284939692,0.0,0.010525249519100265,0
0.10084033613445378,0.0543636328222188,0.7741935483870968,0.8,0.0,0.2713708088166153,0.0,0,1,0,0,0,0.0021950616583870965,0.0,0.006077424544212906,0
0.36134453781512604,0.726416910680174,0.45161290322580644,0.575,0.06666666666666667,0.1912774168765718,0.5,0,1,0,0,0,0.04808915575851827,0.0015151515151515152,0.01829302341122736,0
0.7899159663865546,0.9100927776044376,0.06451612903225806,0.04999999999999999,0.0,0.3937746709374606,0.75,0,0,0,0,1,0.3034501118375989,0.0,0.010474820926055867,0
0.8067226890756303,0.9515751146933923,0.9354838709677419,0.175,0.0,0.7440104515744385,0.0,0,0,0,0,1,0.03103422418831194,0.0,0.0107205828631177,0
0.7899159663865546,0.14981804593762785,0.6774193548387096,0.875,0.0,0.24624421552170841,0.0,0,0,0,0,1,0.006850316018992531,0.0,0.0017599250535148862,0
0.7731092436974789,0.4083888174907183,1.0,0.30000000000000004,0.16666666666666666,0.0,0.25,0,1,0,0,0,0.012402089730220597,0.0017921146953405018,0.00482959853927733,0
0.8235294117647058,0.24117430206501805,0.12903225806451613,0.7749999999999999,0.0,0.9561169920112678,0.0,0,0,1,0,0,0.05057812954474636,0.0,0.0026859408746758313,0
0.05042016806722689,0.47902941608710015,0.4193548387096774,0.2,0.16666666666666666,0.39307443145555776,0.0,0,0,1,0,0,0.034248323668307074,0.023809523809523808,0.07751533069258891,0
0.10084033613445378,0.3294385498588513,0.0,0.8,0.5,0.38471557272587226,0.0,0,0,0,0,1,0.34241085892094625,0.03846153846153846,0.029119568707153574,1
0.3025210084033613,0.38193882722349154,0.03225806451612903,0.44999999999999996,0.06666666666666667,0.32794615758589435,0.75,0,0,1,0,0,0.19657731324219876,0.0018018018018018018,0.011651694908983079,0
0.6554621848739496,0.21652161833294317,0.9354838709677419,0.625,0.0,0.5059110215693767,0.0,0,0,0,0,1,0.007006438854242092,0.0,0.0030747616743520842,0
0.7058823529411764,0.9999999999999999,0.0,0.9750000000000001,0.0,0.32385675901158195,0.25,0,0,0,0,0,1.0,0.0,0.01288160135251777,0
0.1680672268907563,0.8023871571004347,0.16129032258064516,0.55,0.0,0.30796932550932415,0.0,0,1,0,0,0,0.1337509537023286,0.0,0.04247823062011457,0
0.2689075630252101,0.451097234916478,0.3548387096774194,0.125,0.0,0.4338183658811313,0.0,0,0,1,0,0,0.03779720398950248,0.0,0.015369479732097725,0
0.2689075630252101,0.018618160174700724,0.3225806451612903,0.44999999999999996,0.0,0.9476140840167336,0.0,0,0,0,0,1,0.0027449765022295267,0.0,0.0010980852626428313,0
0.3025210084033613,0.5278223378313159,0.03225806451612903,0.95,0.16666666666666666,0.27470194806623865,0.0,0,0,0,0,1,0.26810797789493374,0.0045045045045045045,0.015945276625148722,0
0.06722689075630252,0.5556766690664782,0.3225806451612903,0.4,0.16666666666666666,0.3963275440200548,0.25,0,0,1,0,0,0.05062396500398872,0.018518518518518517,0.06952103827401096,0
0.226890756302521,0.4414174437674583,0.5161290322580645,0.09999999999999998,0.06666666666666667,0.5272063045561581,0.0,0,0,0,1,0,0.025904092558104937,0.0023809523809523807,0.01777188748291715,0
0.8403361344537815,0.9269137945798069,0.3225806451612903,0.5,0.06666666666666667,0.6718657780961088,0.0,1,1,0,0,0,0.0837199084991518,0.0006600660066006601,0.010022498391314475,0
0.7815126050420168,0.2690325125259178,0.12903225806451613,0.875,0.06666666666666667,0.746641351342159,0.5,0,1,0,0,0,0.05604198574618069,0.0007092198581560283,0.00316176446838853,0
0.21008403361344538,0.7128279420874881,0.8709677419354839,0.30000000000000004,0.06666666666666667,0.34145277684968256,0.0,0,0,0,0,1,0.024942141441717008,0.002564102564102564,0.030521334209861188,0
0.8571428571428571,0.7040772459195955,0.5806451612903225,0.07500000000000001,0.16666666666666666,0.15043344823929783,0.0,0,0,0,1,0,0.03665612462508804,0.0016181229773462782,0.007468213501191499,0
0.9495798319327731,0.19133515313937777,0.0,0.675,0.0,0.6883194052365909,0.5,0,0,0,0,1,0.20697913374536034,0.0,0.0018311568281798262,0
0.9243697478991596,0.4197288560044881,0.03225806451612903,0.7749999999999999,0.0,0.3755404348287114,0.0,0,0,1,0,0,0.21510679518767703,0.0,0.004126504424767439,0
0.6134453781512604,0.8525622265579715,0.7096774193548387,0.5,0.0,0.0,0.25,1,0,0,0,1,0.03648327678881757,0.0,0.012655341326263128,0
0.4453781512605042,0.5691639815278621,0.9032258064516129,1.0,0.0,0.9766440122521902,0.0,0,0,0,0,1,0.019198426700351077,0.0,0.011698658537395774,0
0.9915966386554621,0.6120101727182384,0.9354838709677419,0.04999999999999999,0.0,0.47471235162425546,0.75,0,0,0,0,1,0.019934360609465775,0.0,0.005595736548040327,0
0.8319327731092436,0.27242189413772633,0.1935483870967742,0.5,0.06666666666666667,0.13616456828235257,0.75,1,1,0,0,0,0.04029314343024988,0.0006666666666666666,0.0029974358399182674,0
0.5966386554621849,0.96872952049544,0.4838709677419355,0.025000000000000022,0.0,0.6196899339574135,0.0,0,1,0,0,0,0.059888839532582554,0.0,0.014769196728386773,0
0.3529411764705882,0.685015261486561,0.4193548387096774,0.475,0.0,0.6485558060856813,0.5,0,1,0,0,0,0.04867696350673352,0.0,0.01767442200068017,0
0.10084033613445378,0.3946254062417069,0.8387096774193548,0.30000000000000004,0.06666666666666667,0.6618623569260687,0.0,0,1,0,0,0,0.014336076389527273,0.005128205128205128,0.03458006273723133,0
0.38655462184873945,0.13889173705725938,0.5161290322580645,0.35,0.06666666666666667,0.0,1.0,0,0,0,0,0,0.008452727113607257,0.0014184397163120566,0.003500428042028398,0
0.7394957983193277,0.28930277369131974,0.7741935483870968,0.825,0.0,0.152220059260267,0.25,0,1,0,0,0,0.011410827212308699,0.0,0.003598208280468336,0
0.7647058823529411,0.9679934680372012,0.8064516129032258,0.625,0.0,0.10901528322686359,0.0,0,1,0,0,0,0.036541958966646707,0.0,0.011508006619701607,0
0.18487394957983191,0.20804632677544097,0.967741935483871,0.275,0.16666666666666666,0.5926446844820928,0.0,0,0,1,0,0,0.006488418184831683,0.007246376811594203,0.010627830324377006,0
0.42016806722689076,0.5116238549189175,0.4193548387096774,0.5,0.0,0.5280385891975056,0.0,1,0,0,0,0,0.03653145830665026,0.0,0.01116950564416243,0
0.5798319327731092,0.6516023876920253,0.7096774193548387,0.475,0.16666666666666666,0.7667982449997899,0.0,0,0,0,1,0,0.027914921069991834,0.0023809523809523807,0.010263216582059415,0
0.6386554621848739,0.006794178041679463,0.03225806451612903,0.7749999999999999,0.06666666666666667,0.37567848204085796,0.0,0,1,0,0,0,0.012633658574946445,0.0008658008658008658,0.00019355886748541478,0
0.7983193277310924,0.561346647489408,0.8709677419354839,0.22499999999999998,0.06666666666666667,0.9682911555752067,0.0,0,0,0,0,1,0.019636754953204452,0.0006944444444444444,0.006407732237604534,0
0.3949579831932773,0.9716559267239575,0.6774193548387096,0.275,0.0,0.8749652381114341,0.5,0,1,0,0,0,0.043483909745749755,0.0,0.022316286443616034,0
0.7731092436974789,0.9474996205504719,0.3870967741935484,0.5,0.0,0.8802990622792994,0.0,1,0,0,0,1,0.0722788338674601,0.0,0.011142228571806306,0
0.06722689075630252,0.6369099018788642,1.0,0.6,0.0,0.3665893735657595,0.0,0,0,0,0,1,0.019405222308973413,0.0,0.07934997362928803,0
0.11764705882352941,0.9106886062607519,0.8709677419354839,0.2,0.16666666666666666,0.6135678402013488,0.5,0,0,0,0,1,0.03187189007568635,0.01111111111111111,0.06740885979753918,0
0.3361344537815126,0.9648941300086981,0.967741935483871,0.7,0.0,0.8223172324935127,0.5,0,0,0,0,1,0.030430555163837556,0.0,0.02597960421839663,0
0.8907563025210083,0.8478469051720818,0.0,0.125,0.16666666666666666,0.2152996324743062,0.5,0,1,0,0,0,0.8507903743656159,0.001557632398753894,0.008645026106633386,0
0.0,0.8431101663767252,0.9032258064516129,0.4,0.0,0.7754532049961086,0.0,0,1,0,0,0,0.02846210167408357,0.0,0.9402329281997952,0
0.9831932773109243,0.36668128113920856,0.22580645161290322,0.75,0.0,0.42354285165526606,0.0,0,0,0,1,0,0.0467183790862627,0.0,0.0033807580996909337,0
0.5546218487394958,0.33919962099556206,0.4838709677419355,0.8,0.0,0.9199106094284245,0.0,0,1,0,0,0,0.02130437928209307,0.0,0.0056538066121426716,0
0.42857142857142855,0.896107842148833,0.12903225806451613,0.8500000000000001,0.0,0.7151965972362547,0.75,0,0,0,0,0,0.17903084152123272,0.0,0.019002759114958946,0
0.10084033613445378,0.14312650404217364,0.0967741935483871,0.09999999999999998,0.0,0.34663054764729534,0.75,0,1,0,0,0,0.039370124129432735,0.0,0.013512805774172012,0
0.2773109243697479,0.38166276926981907,0.5161290322580645,0.475,0.0,0.6821352902692721,0.0,0,1,0,0,0,0.022457110570970044,0.0,0.012687902820715007,0
0.7310924369747899,0.8150603221643891,0.5806451612903225,0.55,0.06666666666666667,0.5698808992675495,0.0,0,1,0,0,0,0.042384338274832234,0.0007575757575757576,0.01014734158485618,0
0.6638655462184874,0.05324747749263019,0.8709677419354839,0.42500000000000004,0.06666666666666667,0.49717803488793166,0.0,0,0,0,0,1,0.0018414061711805503,0.0008333333333333334,0.0008114200283046946,0
0.5042016806722689,0.6091905268654145,0.1935483870967742,0.7,0.0,0.18788425641569417,0.0,0,0,1,0,0,0.08747224256770786,0.0,0.011048685167956297,0
0.7142857142857143,0.0893113120713379,0.7096774193548387,0.75,1.0,0.42921079009021085,0.0,0,0,0,1,0,0.003940429546573286,0.011627906976744186,0.0011980554748597695,1
0.11764705882352941,0.7445702375266252,0.12903225806451613,0.35,0.0,0.2674174567702154,0.0,0,0,1,0,0,0.1493096330492219,0.0,0.05534901691488939,0
0.7731092436974789,0.7216140208775029,0.967741935483871,0.22499999999999998,0.0,0.6992411404700407,0.0,0,0,1,0,0,0.022734627829169133,0.0,0.008497257978899535,0
0.01680672268907563,0.013380245831026722,0.6129032258064516,0.95,0.0,0.5460687555143859,0.5,0,0,0,0,0,0.0009195169693658185,0.0,0.012099639076401552,0
0.226890756302521,0.1052088283174332,0.12903225806451613,0.5,0.16666666666666666,0.7967404852459541,1.0,1,1,0,0,0,0.023911097290130207,0.005952380952380952,0.004696154060489418,0
0.12605042016806722,0.3303248712719773,0.7096774193548387,0.5,0.0,0.7946477695371816,0.0,1,0,1,0,0,0.014216561931755462,0.0,0.023683935406485928,0
0.5714285714285714,0.35934456275266263,0.7096774193548387,0.5,0.0,0.2632080171418625,0.25,1,1,0,0,0,0.015453879003963883,0.0,0.005802287607466626,0
0.8571428571428571,0.960345431576726,0.8709677419354839,0.2,0.06666666666666667,0.5641709464636906,0.0,0,0,1,0,0,0.033611039789139735,0.0006472491909385112,0.010177610968965776,0
0.09243697478991596,0.3244848602598763,0.8387096774193548,0.5,0.0,0.43905415652153035,0.25,1,1,0,0,0,0.011788533946228778,0.0,0.031112681913673088,0
0.47058823529411764,0.7192181498110429,0.6129032258064516,0.175,1.0,0.5706931770665568,1.0,0,0,0,0,1,0.03552867478193898,0.017543859649122806,0.013939564842384358,1
0.7647058823529411,0.3442179711624892,0.29032258064516125,0.2,0.06666666666666667,0.922777589935758,0.0,0,0,0,1,0,0.03502365481828724,0.0007246376811594203,0.00412461788498757,0
0.0,0.38143313952313207,0.0967741935483871,0.75,0.06666666666666667,0.39169596001832624,0.0,0,0,0,1,0,0.09779424607469842,0.06666666666666667,0.4374812654416778,0
0.38655462184873945,0.5839555305161742,0.6451612903225806,0.5,0.0,0.8847145723837552,0.0,0,0,0,1,0,0.027485082055603786,0.0,0.013812350971107267,0
0.29411764705882354,0.0022836797747337705,0.3870967741935484,0.5,0.0,0.9789788107532775,0.0,1,0,0,0,1,0.0009765016664581316,0.0,0.0004964577532837899,0
0.05042016806722689,0.7584610302986722,0.25806451612903225,0.30000000000000004,0.0,0.38075421794253633,0.5,0,0,0,0,1,0.08413408444289207,0.0,0.12098564203292743,0
0.7563025210084033,0.19784706646620462,0.06451612903225806,0.5,0.0,0.4842516140520058,0.25,0,0,0,0,1,0.07062777799280719,0.0,0.0024204809458554387,0
0.6470588235294117,0.6557843155389982,0.9032258064516129,0.4,0.0,0.6574248392950389,1.0,0,0,0,1,0,0.022127551706556253,0.0,0.009249250521788958,0
0.7310924369747899,0.23939200200837724,0.6451612903225806,0.04999999999999999,0.06666666666666667,0.10426765953956253,0.25,0,0,0,0,0,0.011394710911718708,0.0007575757575757576,0.0030236532722306853,0
0.19327731092436973,0.862176234205273,1.0,0.5,0.0,0.4437517631029812,0.0,1,1,0,0,0,0.026308611530301066,0.0,0.039857277169339775,0
0.6386554621848739,0.7483276351590644,0.3870967741935484,0.725,0.06666666666666667,0.8844744902756743,0.0,0,0,1,0,0,0.057254301953772575,0.0008658008658008658,0.010680655664486845,0
0.5798319327731092,0.045135342715097865,0.4838709677419355,0.575,0.16666666666666666,0.42353684960256405,0.0,0,0,0,0,1,0.003280912143494281,0.0023809523809523807,0.0008285964739562936,0
0.4117647058823529,0.6406220759059942,0.29032258064516125,0.275,0.0,0.8648217690450134,0.0,0,0,0,0,1,0.06409065838814049,0.0,0.014206239330487291,0
0.20168067226890757,0.7911493668103164,0.7419354838709677,0.5,0.06666666666666667,0.46169389931356525,0.5,1,0,1,0,0,0.032422904034266314,0.0026666666666666666,0.03516145766921636,0
0.9663865546218487,0.6861993236835348,0.16129032258064516,0.42500000000000004,0.0,0.9556248236897018,0.5,0,0,0,0,1,0.11476093233929194,0.0,0.006441886965369359,0
0.7478991596638656,0.6159764972821123,1.0,0.6,0.16666666666666666,0.5286247896780699,0.0,0,0,0,0,1,0.018763708603101416,0.0018518518518518517,0.0075087297400740025,0
0.3361344537815126,0.005975048901723817,0.22580645161290322,0.5,0.0,0.18842444115887633,0.5,1,0,0,0,1,0.0025023528389700386,0.0,0.0005105185074002751,0
0.49579831932773105,0.035325025828497475,0.967741935483871,0.8,0.0,0.2803058646056951,0.0,0,0,1,0,0,0.0010245494534992722,0.0,0.0008206772924573546,0
0.2689075630252101,0.49946595311780106,0.5806451612903225,1.0,0.0,0.7467934033439436,0.0,0,0,0,0,1,0.02609544060031064,0.0,0.016965601019226218,0
0.04201680672268907,0.5693915083258597,0.8709677419354839,0.025000000000000022,0.0,0.8084084756986889,0.5,0,0,0,0,0,0.019918513147157833,0.0,0.10686682879444534,0
0.5126050420168067,0.444356079765538,0.8709677419354839,0.65,0.0,0.6056691388454851,0.0,0,0,1,0,0,0.015539350194864741,0.0,0.007972227437547717,0
0.12605042016806722,0.8707073253624636,0.5161290322580645,0.175,1.0,0.3656830636077538,0.25,0,1,0,0,0,0.05066792068632466,0.0625,0.06046264670207993,1
0.23529411764705882,0.785452029637448,0.8064516129032258,0.925,0.0,0.0,0.0,0,0,0,0,1,0.029656955381885952,0.0,0.030071152359960697,0
0.6134453781512604,0.8405130859963503,0.7741935483870968,0.475,0.06666666666666667,0.8584755986547399,0.0,0,0,0,0,1,0.03303270337272827,0.0009009009009009009,0.012478028724601239,0
0.1764705882352941,0.5276561232169497,0.8064516129032258,0.275,0.0,0.8576233071710525,0.0,0,0,0,1,0,0.01993354268501208,0.0,0.026939874813087638,0
0.31932773109243695,0.6481244576485121,0.6774193548387096,0.65,0.06666666666666667,0.47398610324731055,0.0,0,1,0,0,0,0.02906242751303648,0.0017094017094017094,0.018476821342510028,0
0.3529411764705882,0.8898086533112682,0.3225806451612903,0.5,0.06666666666666667,0.872710466979707,0.0,1,0,0,1,0,0.08041196978718829,0.0015503875968992248,0.02286078290068884,0
0.9663865546218487,0.6177822768629543,0.5161290322580645,0.525,0.5,0.56502924000008,0.5,0,0,0,0,1,0.036077797091768546,0.004310344827586207,0.0057996111249354115,1
0.9831932773109243,0.4921886277189953,0.0967741935483871,0.725,0.0,0.2106120293140254,0.0,0,1,0,0,0,0.1249474645967214,0.0,0.00453900832091229,0
0.5210084033613445,0.08303317313764395,0.0,0.42500000000000004,0.06666666666666667,0.44495417432762,1.0,0,0,0,0,1,0.10077230364573256,0.001058201058201058,0.001597090422173754,0
0.21008403361344538,0.4643771517197445,0.03225806451612903,0.8500000000000001,0.0,0.792749120199108,0.0,0,0,0,0,1,0.23699907249042002,0.0,0.02011537100768433,0
0.7647058823529411,0.9774497341158263,0.6774193548387096,0.44999999999999996,0.5,0.9053896432579942,0.0,0,0,0,0,1,0.0437421699100558,0.005434782608695652,0.011619936775322009,1
0.9243697478991596,0.36987024969922727,0.8387096774193548,0.575,0.0,0.39837824535991306,0.0,0,1,0,0,0,0.01343695575823362,0.0,0.003637365294663251,0
0.21008403361344538,0.8972515603981359,0.3870967741935484,0.375,0.0,0.9758817515590331,0.0,0,0,0,0,1,0.06848837316649331,0.0,0.03824562191654287,0
0.9915966386554621,0.21985356698685796,0.1935483870967742,0.32499999999999996,0.16666666666666666,0.8925752607391728,0.25,0,0,1,0,0,0.03292866207088713,0.0014005602240896359,0.002007113643899133,0
0.6554621848739496,0.6182242840102847,0.5483870967741935,0.675,0.0,0.9803012630319569,0.25,0,0,0,1,0,0.03405639657020168,0.0,0.008611995631162099,0
0.40336134453781514,0.7158887532793239,0.16129032258064516,0.35,0.0,0.16157725942272255,0.25,0,0,0,0,1,0.11961344473839483,0.0,0.016172799911562154,0
0.01680672268907563,0.0023315371701489243,0.7741935483870968,0.32499999999999996,0.16666666666666666,0.8491804197035385,0.0,0,0,0,0,1,0.00015404119225766882,0.05555555555555556,0.008089074455470963,0
0.7983193277310924,0.39313915235977587,0.967741935483871,0.22499999999999998,0.0,0.32869041212094535,1.0,0,0,0,0,1,0.012343647948385104,0.0,0.004499683948749515,0
0.6050420168067226,0.5561641856568037,0.9032258064516129,0.275,0.0,0.20160294820828722,0.0,0,1,0,0,0,0.0187588298366795,0.0,0.008409854496388605,0
0.8319327731092436,0.6946884375348492,0.29032258064516125,0.8,0.06666666666666667,0.941698060736772,0.0,0,0,0,0,1,0.06939270077326484,0.0006666666666666666,0.007595784782399854,0
0.31932773109243695,0.6396948797037807,0.967741935483871,0.9750000000000001,0.06666666666666667,0.14359510952745838,0.0,0,0,0,1,0,0.020143196248334765,0.0017094017094017094,0.01824144843352492,0
0.5630252100840336,0.9181056858709983,0.5161290322580645,0.375,0.0,0.6896138479359941,0.5,0,1,0,0,0,0.05340212175538245,0.0,0.014838576692895275,0
0.48739495798319327,0.01729134247058414,1.0,0.675,0.0,0.4841315729979653,0.25,0,0,0,0,0,0.00041672970921964245,0.0,0.0005049953950289379,0
0.31932773109243695,0.5272736519762021,0.8387096774193548,0.375,0.0,0.28290075205720355,0.0,0,0,1,0,0,0.019153932186162403,0.0,0.015102393124302048,0
0.008403361344537815,0.6739408070169722,0.7096774193548387,0.5,0.0,0.3138273289464997,0.0,1,0,0,0,0,0.028867367708347847,0.0,0.37791032595047,0
0.12605042016806722,0.6381655051652299,0.4838709677419355,0.9750000000000001,0.06666666666666667,0.0,0.5,0,0,0,0,1,0.03962827030484064,0.004166666666666667,0.04463572929488767,0
0.058823529411764705,0.727112108766303,0.6774193548387096,0.175,0.0,0.4062089234518205,0.0,0,1,0,0,0,0.03258331841880904,0.0,0.10157116381218627,0
0.42857142857142855,0.7415906450715478,0.45161290322580644,0.5,0.0,0.4425073375094282,0.0,1,0,0,0,0,0.049081168542560144,0.0,0.01576690652517686,0
0.6050420168067226,0.05702386291420586,0.6451612903225806,0.2,0.0,0.6429598922831609,0.25,0,0,0,0,1,0.002878513461707759,0.0,0.0009639914050620959,0
0.9243697478991596,0.43972818387758666,0.4193548387096774,0.07500000000000001,0.16666666666666666,0.33315593933125126,0.25,0,1,0,0,0,0.031495399924164606,0.0015015015015015015,0.004322708341471858,0
0.6386554621848739,0.5416514509141355,0.8709677419354839,0.175,0.0,0.782025452704825,0.5,0,0,0,0,1,0.018946962658543315,0.0,0.00775774891091016,0
0.11764705882352941,0.009666315943826033,0.4193548387096774,0.5,0.0,0.5512385235750626,0.0,1,1,0,0,0,0.0013709620598850584,0.0,0.0019965436413483264,0
0.36134453781512604,0.3822265636883319,0.25806451612903225,0.0,0.16666666666666666,0.4140956207022802,0.0,0,1,0,0,0,0.04313896846946215,0.0037878787878787876,0.009774560031064944,0
0.21008403361344538,0.2903966540983836,0.5161290322580645,0.32499999999999996,0.0,0.8357178154928986,0.25,0,0,0,1,0,0.01719237341565101,0.0,0.012828476675552841,0
0.9579831932773109,0.681516383624065,0.4838709677419355,0.9750000000000001,0.0,0.20344757907204264,0.25,0,0,0,0,1,0.04228528508372176,0.0,0.006455230568946787,0
0.7226890756302521,0.21922968540336782,0.06451612903225806,0.275,0.16666666666666666,0.10964950012904413,0.0,0,0,0,0,0,0.07761743221860563,0.0019157088122605363,0.0028082478679870644,0
0.5126050420168067,0.4986753873294606,0.5483870967741935,0.025000000000000022,0.0,0.3168723703506599,0.25,0,1,0,0,0,0.02754327600461328,0.0,0.008926292048184513,0
0.8487394957983193,0.8118088164020851,0.8387096774193548,0.0,0.0,0.9692174723755524,0.0,0,1,0,0,0,0.029488402752924525,0.0,0.008693475101235477,0
0.31932773109243695,0.5805517957691367,0.4838709677419355,0.825,0.0,0.25698989054256555,0.0,0,0,1,0,0,0.03609707364231065,0.0,0.01659003957256908,0
0.37815126050420167,0.4700943341948073,0.8709677419354839,0.15000000000000002,0.06666666666666667,0.1687397089804713,0.0,0,0,0,0,1,0.016440790782953525,0.0014492753623188406,0.011421336070922421,0
0.0,0.2865886631955355,0.03225806451612903,0.42500000000000004,0.06666666666666667,0.8377305038323106,0.75,0,0,0,0,1,0.14982452686319328,0.06666666666666667,0.33419863407036765,0
0.5714285714285714,0.6699729307628032,0.4193548387096774,0.8999999999999999,0.0,0.5965640248965146,0.75,0,1,0,0,0,0.04762329706706773,0.0,0.010704671033426124,0
0.26050420168067223,0.5964766707651707,0.0967741935483871,0.5,0.0,0.0,0.75,1,0,0,0,1,0.15051510073100655,0.0,0.02080308231522877,0
0.025210084033613446,0.6956582235522658,0.45161290322580644,0.925,0.0,0.4695665917743868,0.75,0,0,0,0,0,0.04607824598085827,0.0,0.1947714572604934,0
0.23529411764705882,0.7200612280656837,0.5806451612903225,0.475,0.0,0.6596656056371278,0.25,0,1,0,0,0,0.03748111225207126,0.0,0.027615686420526392,0
0.8823529411764706,0.37652365268058785,0.8387096774193548,0.95,0.0,0.9740411220637457,0.25,0,0,0,1,0,0.013678610941410773,0.0,0.0038863575214188872,0
0.7310924369747899,0.31698962445950646,0.4838709677419355,0.575,0.5,0.11453317034425774,0.25,0,0,0,0,1,0.01994310838901913,0.005681818181818181,0.0039838959272248415,1
0.5210084033613445,0.8360084882359212,0.06451612903225806,0.2,0.0,0.9024186271704923,0.0,0,0,0,0,0,0.2792330798747862,0.0,0.014612428110934291,0
0.03361344537815126,0.6910820234515122,0.16129032258064516,0.825,0.06666666666666667,0.7774058728085005,0.0,0,0,1,0,0,0.11555897263470293,0.013333333333333334,0.15478205823236063,0
0.1680672268907563,0.22056685451511046,0.7741935483870968,0.675,0.0,0.5529311024370335,0.0,0,0,1,0,0,0.008714579520596124,0.0,0.012307569402609181,0
0.31092436974789917,0.7961758633512925,0.3548387096774194,0.8999999999999999,0.0,0.0,0.75,0,1,0,0,0,0.06599744808214834,0.0,0.02321082962753608,0
0.06722689075630252,0.5419650761065298,0.0967741935483871,0.07500000000000001,0.0,0.6501883644206319,0.25,0,0,1,0,0,0.13715083981842358,0.0,0.06786198376940364,0
0.8235294117647058,0.9959983540649365,0.5483870967741935,0.125,0.5,0.6624145457746549,0.0,0,1,0,0,0,0.054637833397578536,0.005050505050505051,0.010988764009379016,1
0.5294117647058824,0.39284300410017825,0.3225806451612903,0.025000000000000022,1.0,0.8153188390429527,0.25,0,0,0,0,0,0.03610727633126198,0.015625,0.006840587362227064,1
0.9495798319327731,0.6018994608407067,0.6129032258064516,0.07500000000000001,0.0,0.45165246514307894,0.0,0,0,0,0,1,0.029776219440501954,0.0,0.0057530123557145586,0
0.7815126050420168,0.6236410714944162,0.8064516129032258,0.125,0.0,0.23310572215697767,0.75,0,0,1,0,0,0.023553853332100343,0.0,0.007269822890368922,0
0.1764705882352941,0.17821334541038392,0.25806451612903225,0.75,0.0,0.3185869567392048,0.5,0,1,0,0,0,0.02090935825121722,0.0,0.009642960287602625,0
0.47058823529411764,0.956445707193673,0.45161290322580644,0.125,0.06666666666666667,0.9966268463814624,1.0,0,0,0,0,0,0.06312774157750325,0.0011695906432748538,0.018471727963984514,0
0.5294117647058824,0.5278158043984948,0.0,0.6,0.0,0.7229612527484399,0.75,0,0,0,0,1,0.5369504173684024,0.0,0.009137167135197641,0
0.49579831932773105,0.4044859897270752,0.3548387096774194,0.5,0.16666666666666666,0.45804465127073457,0.0,1,1,0,0,0,0.03398807649364649,0.0027777777777777775,0.00752075395608912,0
0.9915966386554621,0.2607716196498382,0.25806451612903225,0.5,0.0,0.9930896366557362,0.5,0,0,0,0,0,0.029905041335504968,0.0,0.002381554514799083,0
0.4789915966386554,0.8382308762440013,0.9032258064516129,0.42500000000000004,1.0,0.0,0.0,0,0,1,0,0,0.02829710518794148,0.017241379310344827,0.015930415268249277,1
0.2689075630252101,0.9408784968106435,0.22580645161290322,0.725,0.06666666666666667,0.8578613885948995,0.0,0,0,0,1,0,0.11710451852655633,0.00202020202020202,0.03153179139171387,0
0.9663865546218487,0.3343597560465185,0.29032258064516125,0.8999999999999999,1.0,0.415300032611153,1.0,0,0,0,1,0,0.03405690446165413,0.008620689655172414,0.0031389374154626656,1
0.0,0.7265115842051485,0.5483870967741935,0.525,0.0,0.6241054440618692,0.0,0,0,1,0,0,0.039955976252431746,0.0,0.8132607644308825,0
0.5126050420168067,0.36269525419198323,0.16129032258064516,0.6,0.0,0.26620904349287455,1.0,0,0,0,0,1,0.06188664240713904,0.0,0.006537936257318122,0
0.29411764705882354,0.11975329104323937,0.967741935483871,0.04999999999999999,0.0,0.8871494050965429,0.25,0,0,0,0,1,0.0036953547092399737,0.0,0.0040498101664343976,0
0.42857142857142855,0.4172757561499101,0.967741935483871,0.7,0.0,0.0,0.75,0,0,0,0,1,0.013107185705491187,0.0,0.008975201827756848,0
0.0,0.7445623565732847,0.29032258064516125,0.375,0.0,0.29366643392040076,0.0,0,0,0,0,1,0.07428360936573279,0.0,0.8329174839432152,0
0.05042016806722689,0.6637706817347228,0.7419354838709677,0.44999999999999996,0.0,0.5921265072654848,0.0,0,0,0,0,1,0.027218133707536913,0.0,0.10625495758759672,0
0.6722689075630252,0.5338300947311009,0.25806451612903225,0.675,0.0,0.9901386274105743,0.25,0,0,0,1,0,0.059657934403321074,0.0,0.007260008066737579,0
0.1680672268907563,0.6386131678153463,0.7741935483870968,0.6,0.16666666666666666,0.2661970393874705,0.0,0,0,1,0,0,0.025112940388880563,0.007936507936507936,0.03398562641740176,0
0.7394957983193277,0.4274083141934377,0.4193548387096774,0.7,1.0,0.7321463940667708,0.25,0,0,0,0,1,0.03063243304319173,0.011235955056179775,0.005288012329351087,1
0.5462184873949579,0.06621879167998364,0.967741935483871,0.725,0.06666666666666667,0.7463992685498441,0.0,0,1,0,0,0,0.002001843396421183,0.00101010101010101,0.0012383297726165133,0
0.15966386554621848,0.740995694345269,0.5161290322580645,0.35,0.0,0.1583961714906498,0.0,0,1,0,0,0,0.04318543233880934,0.0,0.04126908424937258,0
0.5798319327731092,0.8068972674448067,1.0,0.6,0.0,0.9576515168187519,0.0,0,0,0,1,0,0.024614562449112226,0.0,0.012679090960290122,0
0.47058823529411764,0.17248630153515662,0.7096774193548387,0.525,0.0,0.2540348799289357,0.25,0,0,0,0,1,0.007486774431488236,0.0,0.0034944127382228944,0
0.3025210084033613,0.5800532540109254,0.4193548387096774,0.07500000000000001,0.0,0.8497726222368049,1.0,0,0,1,0,0,0.04132471559063407,0.0,0.017482514835231416,0
0.12605042016806722,0.9566909355112205,0.967741935483871,0.575,0.0,0.40514856080779627,0.0,0,0,0,0,0,0.030171055162007594,0.0,0.06631473599527617,0
0.3445378151260504,0.9716787324878989,0.9032258064516129,1.0,0.06666666666666667,0.37613063667774377,0.5,0,0,0,1,0,0.03280973443615266,0.001587301587301587,0.025532375936475664,0
0.6554621848739496,0.5036263818873968,0.8709677419354839,0.625,0.0,0.3213519023506039,0.0,0,0,0,0,1,0.017615196330730498,0.0,0.007032331244459379,0
0.8403361344537815,0.36144367305019803,0.7419354838709677,0.75,0.06666666666666667,0.682857537277749,0.0,0,0,0,0,1,0.014864868772856135,0.0006600660066006601,0.003925676053259961,0
0.2857142857142857,0.9737908688171215,0.6129032258064516,0.725,0.0,0.7731504174427654,0.5,0,0,0,0,1,0.048011069616754574,0.0,0.03074300700216426,0
0.5462184873949579,0.942616002018504,0.0,0.04999999999999999,0.0,0.494016953798199,0.25,0,1,0,0,0,0.9437261209447828,0.0,0.015698463257847826,0
0.7731092436974789,0.006237080391808331,0.8064516129032258,0.25,0.16666666666666666,0.2789373965896336,0.0,0,1,0,0,0,0.00026692884387520283,0.0017921146953405018,0.00012066835491428233,0
0.7731092436974789,0.13146873652351876,0.4838709677419355,1.0,0.06666666666666667,0.30560051537625865,0.25,0,0,0,0,1,0.00857236439117504,0.0007168458781362007,0.0015870480101421432,0
0.2689075630252101,0.022458083230462392,1.0,0.5,0.16666666666666666,0.16087902062505377,0.5,1,0,0,1,0,0.0005750668300080928,0.005050505050505051,0.0012247990387806702,0
0.5714285714285714,0.20388075292749855,0.03225806451612903,0.9750000000000001,0.0,0.634010831704443,0.0,0,0,0,1,0,0.10927058235732168,0.0,0.0033487344773850776,0
0.9747899159663865,0.18940223703923117,0.5161290322580645,0.07500000000000001,0.06666666666666667,0.5552819064119929,0.0,0,1,0,0,0,0.011366453697556981,0.0005698005698005699,0.0017612853961147554,0
0.8823529411764706,0.021078201801651267,0.5806451612903225,0.7749999999999999,0.5,0.5219084927045049,0.25,0,0,0,0,0,0.001404223347372473,0.0047169811320754715,0.0002347646869324035,1
0.2857142857142857,0.36480175543539756,0.6129032258064516,0.175,0.0,0.41086451566435717,0.0,0,0,0,0,0,0.018150672190770177,0.0,0.011795296710846812,0
0.4369747899159664,0.535296809565501,0.0,0.8500000000000001,0.0,0.7432942066186635,0.0,0,0,0,0,1,0.544286699167996,0.0,0.01122716007683688,0
0.9747899159663865,0.9601840762030204,0.5161290322580645,0.5,0.0,0.5299372385355792,0.0,0,1,0,0,0,0.05582943735439624,0.0,0.008935276979337544,0
0.23529411764705882,0.7073456365223468,0.7096774193548387,0.525,0.0,0.7507627608642156,1.0,0,0,1,0,0,0.030291654588472716,0.0,0.027138207919209095,0
0.8151260504201681,0.5249613884328757,0.967741935483871,0.9750000000000001,0.16666666666666666,0.4513283542971696,0.0,0,1,0,0,0,0.01651371492811089,0.0017006802721088435,0.005868729572586762,0
0.13445378151260504,0.7082097850978359,0.4193548387096774,0.09999999999999998,0.0,0.4699387190419123,1.0,0,0,1,0,0,0.05030166459608244,0.0,0.04648561592111132,0
0.6974789915966386,0.1572395764489837,0.6451612903225806,0.5,0.0,0.0,0.5,1,0,1,0,0,0.0075583704164096654,0.0,0.0021117726367493313,0
0.12605042016806722,0.614855952302347,0.12903225806451613,0.5,0.0,0.24980543345824271,0.25,1,1,0,0,0,0.12386865209561601,0.0,0.04304926898574188,0
0.7563025210084033,0.48441445517111614,0.9032258064516129,0.6,0.0,0.36140360003121064,0.5,0,1,0,0,0,0.016332564316540885,0.0,0.005849742614469296,0
0.13445378151260504,0.6597592764843827,0.9032258064516129,0.125,1.0,0.8867572709866774,0.5,0,0,1,0,0,0.022261967691402467,0.058823529411764705,0.04338202358910714,1
0.07563025210084033,0.5367617685398305,0.6129032258064516,0.4,0.16666666666666666,0.837826536675543,0.75,0,0,0,0,0,0.02658234070478067,0.016666666666666666,0.06048994158720605,0
0.5798319327731092,0.844934117067601,0.7419354838709677,0.44999999999999996,0.0,0.8314023396001432,0.0,0,1,0,0,0,0.03462058154996319,0.0,0.013270818456899211,0
0.8067226890756303,0.6031842195710369,0.12903225806451613,0.8,0.06666666666666667,0.8025364674718753,0.0,0,0,0,0,1,0.12157946452001918,0.0006872852233676975,0.006809380258720487,0
0.9579831932773109,0.03867492100569295,0.4838709677419355,0.07500000000000001,0.06666666666666667,0.33197953700165456,0.0,0,0,1,0,0,0.0028849470196042736,0.0005797101449275362,0.0003679784250788685,0
0.2857142857142857,0.14137131773174075,0.6774193548387096,0.04999999999999999,0.0,0.9803692862959131,0.0,0,0,0,0,1,0.006473801360020199,0.0,0.0048436203822463065,0
0.9495798319327731,0.2662756897130651,0.9354838709677419,0.5,0.0,0.6022219599102893,0.0,1,0,1,0,0,0.00863282407999351,0.0,0.0025470153479899326,0
0.5378151260504201,0.7351964968713227,0.6774193548387096,0.95,0.0,0.5391023730115699,0.0,0,0,0,1,0,0.032943681692749846,0.0,0.012467961583825219,0
0.04201680672268907,0.8177248194046874,0.12903225806451613,0.25,0.0,0.6262561796134277,0.5,0,0,0,1,0,0.16365750784967942,0.0,0.15193801413295754,0
0.4621848739495798,0.8804395881438285,0.5161290322580645,0.175,0.0,0.7780921075007652,0.0,0,0,1,0,0,0.051229331735476204,0.0,0.017327007821350354,0
0.42016806722689076,0.6165955808758744,0.5161290322580645,0.07500000000000001,0.0,0.0,0.0,0,0,0,1,0,0.03600934186669941,0.0,0.013410895556471106,0
0.8571428571428571,0.8093684567415084,0.8709677419354839,0.15000000000000002,0.0,0.6222268015661356,0.0,0,0,1,0,0,0.028323316281808314,0.0,0.008581405680112444,0
0.3025210084033613,0.9569153997625832,0.1935483870967742,0.7749999999999999,0.06666666666666667,0.8964225765211702,0.0,0,0,1,0,0,0.1361862398248125,0.0018018018018018018,0.028574161943067635,0
0.15126050420168066,0.7779128973353109,0.8387096774193548,0.025000000000000022,0.0,0.6369398334230306,0.0,0,0,0,0,1,0.02825728469890215,0.0,0.0455671342580215,0
0.7899159663865546,0.3417139513658611,0.5806451612903225,0.275,0.06666666666666667,0.34480992499434804,0.0,0,1,0,0,0,0.017953323799395925,0.0007017543859649122,0.003959594152746416,0
0.09243697478991596,0.4935649157597547,1.0,0.25,0.06666666666666667,0.13683479750074526,0.25,0,0,0,1,0,0.015012350005836035,0.005555555555555555,0.046456250775568454,0
0.6134453781512604,0.7640598351378062,0.7741935483870968,0.22499999999999998,0.0,0.8492164320197507,0.0,0,0,1,0,0,0.030033734222074657,0.0,0.011352958870373091,0
0.3025210084033613,0.36668001528659944,0.29032258064516125,0.09999999999999998,0.0,0.42701203811703603,0.25,0,0,0,0,1,0.037226405408758004,0.0,0.011202604016738426,0
0.6974789915966386,0.1678129370381654,1.0,0.55,0.06666666666666667,0.2420347758933555,0.0,0,0,1,0,0,0.005029532442693511,0.0007936507936507935,0.0022488447184768087,0
0.36134453781512604,0.025412358633357755,0.25806451612903225,0.7,0.06666666666666667,0.10858313543231785,0.0,0,0,1,0,0,0.004259915603884394,0.0015151515151515152,0.0009436652490140103,0
0.6050420168067226,0.3913866202564266,0.3548387096774194,0.0,0.0,0.4942090194846637,0.0,0,0,1,0,0,0.032917580131099876,0.0,0.005951805854371729,0
0.2773109243697479,0.5852238127456085,0.5161290322580645,0.8,0.0,0.1001762602810161,0.5,0,0,0,0,1,0.034199643787700226,0.0,0.019207653714009107,0
0.6386554621848739,0.9871877953188198,0.6451612903225806,0.25,0.0,0.1897689009641297,0.0,0,0,1,0,0,0.04631515622498036,0.0,0.014058722556141722,0
0.4453781512605042,0.009248543748866602,0.0967741935483871,0.375,0.06666666666666667,0.8078822957451448,0.0,0,1,0,0,0,0.006548116206012629,0.0012345679012345679,0.00040735888121146363,0
0.40336134453781514,0.2852671947395412,0.6129032258064516,0.4,0.0,0.24684242010767682,0.0,0,1,0,0,0,0.014250875725951106,0.0,0.00660273376527173,0
0.5126050420168067,0.8267915295513496,0.06451612903225806,0.575,0.0,0.4666535955296711,0.25,0,0,1,0,0,0.27622019569965556,0.0,0.014689325737525747,0
0.5630252100840336,0.1784614321047907,0.6451612903225806,0.025000000000000022,0.16666666666666666,0.5597694411488728,0.75,0,0,1,0,0,0.008549385151319906,0.0024509803921568627,0.002993735946670625,0
0.18487394957983191,0.8365238740006247,0.45161290322580644,0.25,0.0,0.4442739416880573,0.25,0,0,0,1,0,0.055287615439479375,0.0,0.04038401065176909,0
0.19327731092436973,0.8343625531724451,0.7419354838709677,0.375,0.0,0.7265624843696544,0.0,0,0,0,0,1,0.034188621037606066,0.0,0.03859526809036152,0
0.7899159663865546,0.7381737822079353,0.12903225806451613,0.07500000000000001,0.06666666666666667,0.8942878464434836,0.0,0,0,1,0,0,0.14805509043926943,0.0007017543859649122,0.008504143641927765,0
0.7310924369747899,0.9098073278410846,0.6774193548387096,0.75,0.16666666666666666,0.8404374296009235,0.0,0,0,0,0,0,0.04072699564259782,0.0018939393939393938,0.011319801686208325,0
0.6722689075630252,0.011156734889180526,0.25806451612903225,0.44999999999999996,0.16666666666666666,0.6767654537851945,0.5,0,1,0,0,0,0.002706599784811945,0.0020576131687242796,0.00023315945106117513,0
0.5378151260504201,0.3864502442544277,0.5483870967741935,0.5,0.0,0.8947780140808156,0.75,0,1,0,0,0,0.02142915945789537,0.0,0.006625290419435729,0
0.3445378151260504,0.8870083831701547,0.03225806451612903,0.125,0.06666666666666667,0.7692890968711299,0.0,0,0,1,0,0,0.44422669378013047,0.001587301587301587,0.023337058573810347,0
0.9579831932773109,0.9573424820993128,0.8709677419354839,0.4,0.5,0.28692012668332567,0.25,0,0,0,0,1,0.03350586635749311,0.004347826086956522,0.009067107846494055,1
0.3949579831932773,0.604786196881813,0.6774193548387096,0.0,0.0,0.7686708854428214,0.5,0,1,0,0,0,0.027130615564635564,0.0,0.013993171475183313,0
0.7647058823529411,0.5688874744006831,0.5161290322580645,0.04999999999999999,0.0,0.948440366605379,0.0,0,1,0,0,0,0.03325727292744353,0.0,0.0067839436962030455,0
0.18487394957983191,0.7611066214177443,0.7419354838709677,0.30000000000000004,0.5,0.6619143747161529,0.5,0,1,0,0,0,0.03119533923674976,0.021739130434782608,0.03681327152582766,1
0.48739495798319327,0.8806538643233857,0.4838709677419355,0.25,0.0,0.755132255231289,0.25,0,0,0,1,0,0.054490602439624475,0.0,0.016440155514034858,0
0.680672268907563,0.8356463727218073,0.8064516129032258,0.375,0.0,0.6901960470480905,0.25,0,0,0,1,0,0.031550159659775506,0.0,0.011177278316209951,0
0.15966386554621848,0.013902552951125063,1.0,0.0,0.0,0.5909180939881439,0.5,0,1,0,0,0,0.0003128787129327937,0.0,0.0016800139086632735,0
0.21008403361344538,0.951152115752176,0.3548387096774194,0.30000000000000004,0.0,0.48336931230480823,0.25,0,0,0,0,1,0.07866229541300519,0.0,0.04050316029974078,0
0.5126050420168067,0.1822044766020008,0.1935483870967742,0.875,0.0,0.8302299386390145,0.5,0,0,0,0,1,0.027654268926503724,0.0,0.003367795267536994,0
0.8991596638655461,0.09404923505139341,0.9354838709677419,0.2,1.0,0.5562662430551248,0.0,0,0,0,0,1,0.0030030021664204376,0.009259259259259259,0.0009626277736905228,1
0.7310924369747899,0.9498492471627445,0.9032258064516129,0.375,0.0,0.3855518587356876,0.0,0,1,0,0,0,0.032071555669371664,0.0,0.0118153060290728,0
0.5966386554621849,0.8690809497634958,0.5483870967741935,0.32499999999999996,0.0,0.6409091909433026,0.0,0,0,0,1,0,0.04772327057820118,0.0,0.013262055922123222,0
0.226890756302521,0.3343716999783948,0.9354838709677419,0.95,0.0,0.1311928679608426,0.0,0,0,0,0,0,0.010858779503460559,0.0,0.013608693723239838,0
0.7226890756302521,0.8001935161967679,0.5806451612903225,0.7749999999999999,0.06666666666666667,0.6668140504052386,0.0,0,0,0,0,1,0.041617011906224556,0.0007662835249042146,0.01008010091289835,0
0.09243697478991596,0.01903877032954186,0.5806451612903225,0.55,0.06666666666666667,0.6481256589753696,0.25,0,1,0,0,0,0.0012989613597655738,0.005555555555555555,0.0033942552749608762,0
0.7563025210084033,0.718847602085194,0.5806451612903225,0.35,0.0,0.210766082000044,0.0,0,0,0,0,1,0.037418472891707966,0.0,0.00865513023445702,0
0.1680672268907563,0.1917610717083861,0.06451612903225806,0.04999999999999999,0.0,0.0,0.25,0,0,0,0,1,0.06863835849736642,0.0,0.010813827244927654,0
0.8067226890756303,0.6628706401126723,0.0967741935483871,0.5,0.0,0.4288026505064732,0.0,1,1,0,0,0,0.16679248786191844,0.0,0.007479448526111933,0
0.15966386554621848,0.40075296996585014,0.6774193548387096,0.475,0.0,0.3423810943342623,0.0,0,0,0,0,0,0.018035792222534174,0.0,0.022743406613981994,0
0.9327731092436974,0.3307450118363344,0.29032258064516125,0.25,0.0,0.48628630991799193,0.0,0,0,0,0,1,0.033702422923847994,0.0,0.0032227607297844693,0
0.5546218487394958,0.45615903241166605,0.6129032258064516,0.35,0.5,0.5516026481056521,0.25,0,1,0,0,0,0.02263016868475295,0.007462686567164179,0.007554778185130253,1
0.907563025210084,0.535870057044627,0.6774193548387096,0.42500000000000004,0.0,0.0,0.5,0,0,0,0,0,0.02405866435985988,0.0,0.005366059478079163,0
0.5714285714285714,0.6345764659298017,0.25806451612903225,0.2,0.16666666666666666,0.5223466425517527,0.0,0,0,0,1,0,0.07063542194826322,0.0024154589371980675,0.010146038724192858,0
0.9831932773109243,0.00971776672729284,0.5483870967741935,0.5,0.0,0.2818623969397534,0.0,1,0,1,0,0,0.0009044694337119092,0.0,8.650417111539445e-05,0
0.4117647058823529,0.050426729123017724,0.8709677419354839,0.8999999999999999,0.5,0.34964958015641345,1.0,0,0,0,0,1,0.0017426140376214708,0.01,0.0013521584606006728,1
0.5210084033613445,0.09819286064845219,0.3225806451612903,0.9750000000000001,0.5,0.0,0.0,0,0,0,1,0,0.009839094006997378,0.007936507936507936,0.0018591288293471717,1
0.1680672268907563,0.8537071085749958,0.7096774193548387,0.175,0.0,0.44792519041512197,0.0,0,1,0,0,0,0.03653209130038022,0.0,0.04513945928944367,0
0.8655462184873949,0.5847867056728939,0.7419354838709677,0.7,0.0,0.13369572393758664,0.0,0,1,0,0,0,0.023990800542260896,0.0,0.006145482393010177,0
0.6470588235294117,0.04023579894062837,0.06451612903225806,0.35,0.0,0.6908462694241431,0.0,0,0,0,0,0,0.019107042140431334,0.0,0.0006554961296263739,0
0.5462184873949579,0.29415205086702123,0.7741935483870968,0.5,0.0,0.7658639254625081,0.0,1,0,0,0,1,0.011601045842511946,0.0,0.00499911918943276,0
0.2689075630252101,0.2572675558750404,0.5161290322580645,0.5,1.0,0.15242612973636982,0.25,1,0,1,0,0,0.015281302762418717,0.0303030303030303,0.008973286318254912,1
0.37815126050420167,0.9218250875081867,0.29032258064516125,0.5,0.0,0.9598342633180548,0.25,1,1,0,0,0,0.09166695983365383,0.0,0.022115259675965226,0
0.21008403361344538,0.8536413863242103,0.6129032258064516,0.8500000000000001,0.0,0.3218220631455958,0.25,0,0,1,0,0,0.04211981274708398,0.0,0.03641907966251301,0
0.6218487394957983,0.7139685773731786,0.9354838709677419,0.625,0.06666666666666667,0.32310450173959493,0.0,0,0,0,0,0,0.02326722641063979,0.0008888888888888889,0.010471719493511169,0
0.03361344537815126,0.7335909874234277,0.6451612903225806,0.5,0.0,0.6423296767494483,0.25,1,0,0,1,0,0.03447273408119547,0.0,0.16404024136729178,0
0.8319327731092436,0.4225576282462841,0.3225806451612903,0.8,0.06666666666666667,0.20494209019484663,0.0,0,0,0,0,1,0.03875634738082277,0.0006666666666666666,0.00463236644231154,0
0.4369747899159664,0.7255462082548862,0.7419354838709677,0.32499999999999996,0.06666666666666667,0.558302939605345,0.5,0,1,0,0,0,0.02974231918770119,0.0012578616352201257,0.015136133109416996,0
0.5882352941176471,0.8114854931453469,0.16129032258064516,0.5,0.0,0.9812435853061747,0.75,1,0,0,0,1,0.13523800781789175,0.0,0.012568177448403219,0
0.21008403361344538,0.4737427255840205,0.0967741935483871,0.5,0.16666666666666666,0.30370586740665306,1.0,1,1,0,0,0,0.12042520010522212,0.006410256410256411,0.020507633060281034,0
0.9663865546218487,0.22839511163656245,0.6451612903225806,0.7,0.06666666666666667,0.2261593464965018,0.25,0,0,0,0,1,0.010881179928688062,0.0005747126436781609,0.00214417756821044,0
0.0,0.7010600045578861,0.6129032258064516,0.8999999999999999,0.0,0.4218542741617633,0.75,0,0,0,0,1,0.03463833138849617,0.0,0.7855448001458767,0
0.6554621848739496,0.07531079846185025,0.6774193548387096,0.44999999999999996,0.06666666666666667,0.6234892333177947,0.25,0,0,0,0,1,0.0035291400333893174,0.0008438818565400844,0.0011282539369917965,0
0.907563025210084,0.42306151925261776,0.7096774193548387,0.7,0.06666666666666667,0.9572853916039286,0.0,0,0,0,0,1,0.018170588729118198,0.0006116207951070337,0.004239041813351832,0
0.8571428571428571,0.15786976687854182,0.1935483870967742,0.5,0.0,0.4044123090096813,0.0,0,0,1,0,0,0.02424513407559651,0.0,0.0016934305065781927,0
0.6134453781512604,0.2451887086110604,0.5806451612903225,0.575,0.06666666666666667,0.6621104417710857,0.0,0,0,0,1,0,0.012971328059132243,0.0009009009009009009,0.003717361219139923,0
0.4621848739495798,0.7922283019898019,0.4193548387096774,0.75,0.0,0.5462628218850847,0.75,0,1,0,0,0,0.056186888979544374,0.0,0.015611663226364819,0
0.9915966386554621,0.3536777285442781,0.03225806451612903,0.925,0.0,0.30296161287160206,1.0,0,0,1,0,0,0.18272012565521287,0.0,0.003231737797295154,0
0.9915966386554621,0.8823393879063627,0.5161290322580645,0.575,0.0,0.948948540400817,0.5,0,1,0,0,0,0.05133892275267566,0.0,0.008069517683189998,0
0.025210084033613446,0.36270754521247806,0.29032258064516125,0.5,0.0,0.8572431771665909,0.25,1,0,0,0,1,0.03683684332112921,0.0,0.10412827089026575,0
0.5294117647058824,0.4913651905967732,0.9354838709677419,0.8999999999999999,0.0,0.5221185645490758,0.5,0,0,0,0,1,0.015990658897412753,0.0,0.008516955194833533,0
0.3277310924369748,0.9698168674696828,0.1935483870967742,0.025000000000000022,0.0,0.42403101860836406,0.25,0,0,0,0,1,0.13799365169402938,0.0,0.02676791697615641,0
0.3277310924369748,0.9761542973062289,0.25806451612903225,0.675,1.0,0.5321079809294779,0.0,0,1,0,0,0,0.10785429489573302,0.025,0.02694044848642294,1
0.7226890756302521,0.36569536570951466,0.4193548387096774,0.375,0.0,0.799691494491116,0.0,0,0,0,0,1,0.026309641322648483,0.0,0.004641540831947871,0
0.15126050420168066,0.7639729404812845,0.8064516129032258,0.8999999999999999,0.0,0.6517348933335201,0.0,0,1,0,0,0,0.028846818203533457,0.0,0.0447681778585091,0
0.12605042016806722,0.23496451917221567,0.12903225806451613,0.5,0.0,0.6948576413133292,0.5,0,0,0,0,1,0.04936019916777472,0.0,0.01719366017202015,0
0.49579831932773105,0.31873421435858246,0.3870967741935484,0.5,0.16666666666666666,0.5533372413365371,0.0,1,0,0,0,1,0.02484793693188992,0.0027777777777777775,0.005964404490143745,0
0.7647058823529411,0.4168425078859555,0.25806451612903225,0.875,0.0,0.40539464496857924,0.0,0,0,0,0,1,0.046910777734297734,0.0,0.004984246371509489,0
0.36134453781512604,0.5789120674668407,0.29032258064516125,0.625,0.06666666666666667,0.8211968493224683,0.0,0,1,0,0,0,0.058039038296209704,0.0015151515151515152,0.014642384698401515,0
0.680672268907563,0.48975725152854765,0.22580645161290322,0.5,0.06666666666666667,0.36511086791682756,0.0,1,0,0,0,1,0.06180525547148449,0.0008130081300813008,0.006583835632807149,0
0.3949579831932773,0.22512374015508654,0.3548387096774194,0.875,0.0,0.7191439472299526,0.0,0,0,0,0,0,0.01933037589399427,0.0,0.005379829955037129,0
0.36974789915966383,0.11109555337420568,0.29032258064516125,0.5,0.0,0.19363222221999923,0.0,1,0,0,0,1,0.012162398710080999,0.0,0.0029918967977978577,0
0.4453781512605042,0.14448464138987677,0.0967741935483871,0.5,0.0,0.6221987919868595,0.0,1,0,0,0,0,0.03970309002381702,0.0,0.0031345408800767375,0
0.37815126050420167,0.4723832202988204,0.22580645161290322,0.25,0.06666666666666667,0.9992337379383749,0.0,0,0,0,0,0,0.059675515111553244,0.0014492753623188406,0.011475521385863732,0
0.36974789915966383,0.22563095912876346,0.9354838709677419,0.5,0.0,0.9162733654909979,0.0,1,1,0,0,0,0.007304209405991871,0.0,0.005763573019651551,0
0.9411764705882353,0.6696158174081929,0.6774193548387096,0.525,0.06666666666666667,0.2500115039343455,0.0,0,1,0,0,0,0.030020409324873185,0.0005899705014749262,0.006458199800220128,0
0.06722689075630252,0.14642976684260792,0.5161290322580645,0.6,0.0,0.1536165368556046,1.0,0,1,0,0,0,0.008887562598981867,0.0,0.020003603019452292,0
0.25210084033613445,0.02062284195099248,0.5483870967741935,0.675,0.06666666666666667,0.5746145181652125,0.25,0,0,0,0,1,0.0014985867503977711,0.002150537634408602,0.0012517500129828015,0
0.8571428571428571,0.3214189244066714,0.1935483870967742,1.0,0.0,0.37318162811681593,0.75,0,1,0,0,0,0.04715730928137528,0.0,0.0034225552987449228,0
0.19327731092436973,0.2309149750077819,0.0,0.8,0.0,0.9322188188360419,0.25,0,1,0,0,0,0.24579326638156732,0.0,0.011214630431060088,0
0.42857142857142855,0.9440130337084708,0.967741935483871,0.7,0.16666666666666666,0.8989274331821483,0.25,0,1,0,0,0,0.029770002189043795,0.0032051282051282055,0.020005975204199337,0
0.14285714285714285,0.24247353643244268,0.16129032258064516,0.5,0.5,0.8441587022761784,0.5,1,1,0,0,0,0.042237313201017854,0.02777777777777778,0.0157161801670343,1
0.8739495798319328,0.11369667631613861,0.3548387096774194,0.175,0.0,0.8890500551188506,0.0,0,0,0,0,1,0.010224421077152464,0.0,0.001199388986485234,0
0.5714285714285714,0.7139691898825056,0.06451612903225806,0.475,0.06666666666666667,0.6919006300154653,0.25,0,1,0,0,0,0.239340281899189,0.000966183574879227,0.011399026584061497,0
0.3025210084033613,0.4227051204922223,0.967741935483871,0.7749999999999999,0.0,0.3443137553043141,0.25,0,0,0,0,0,0.013278938314453315,0.0,0.012851511191750003,0
0.13445378151260504,0.5648458111895899,0.3548387096774194,0.525,0.0,0.4612937624667636,0.5,0,0,1,0,0,0.04709287561843572,0.0,0.03730215546134367,0
0.8907563025210083,0.13843429467488882,0.4193548387096774,0.04999999999999999,0.0,0.5696108068959584,0.25,0,1,0,0,0,0.010390740988042057,0.0,0.0014251394847652427,0
0.07563025210084033,0.17422070336242712,0.3225806451612903,0.25,0.0,0.41590623993405745,0.0,0,1,0,0,0,0.01661700767347554,0.0,0.02101036761355037,0
0.11764705882352941,0.34795850437145864,0.5806451612903225,0.75,0.0,0.262323714710431,0.0,0,1,0,0,0,0.018275626396994836,0.0,0.02655584236282004,0
0.1680672268907563,0.3038826802901808,0.06451612903225806,0.42500000000000004,0.06666666666666667,0.42812441855114447,0.0,0,0,1,0,0,0.10528921392017893,0.003174603174603174,0.016627964449579404,0
0.24369747899159663,0.6976204175982423,0.9032258064516129,0.025000000000000022,0.0,0.4824129852409524,0.25,0,0,1,0,0,0.02354226770947688,0.0,0.025874179110910847,0
0.06722689075630252,0.3253241613736673,0.7419354838709677,0.5,0.0,0.5289529018924471,0.5,1,0,1,0,0,0.013389003619448427,0.0,0.04164919532683011,0
0.5798319327731092,0.3777424645733793,0.1935483870967742,0.8,0.0,0.6559883480150211,0.0,0,0,0,1,0,0.055047871605350386,0.0,0.006002862521836655,0
0.058823529411764705,0.46816597108065794,0.03225806451612903,0.725,0.06666666666666667,0.8574492476426938,0.0,0,0,0,0,1,0.2388568339742649,0.008333333333333333,0.06632314579472956,0
0.8655462184873949,0.911677706738946,0.0,0.5,0.0,0.992783531967933,0.25,1,1,0,0,0,0.9133863407276941,0.0,0.00956830882393157,0
0.18487394957983191,0.6368026310787314,0.45161290322580644,0.5,0.0,0.184355049426904,0.0,1,0,0,0,1,0.04223044565430867,0.0,0.03092791894915592,0
0.2184873949579832,0.7363349067064585,0.45161290322580644,0.5,0.06666666666666667,0.8317964743942428,0.0,1,1,0,0,0,0.04873756429107728,0.0024691358024691358,0.030331882543453554,0
0.07563025210084033,0.028072037466950524,0.25806451612903225,0.5,0.0,0.7115853621938703,0.0,1,1,0,0,0,0.0045497185111447154,0.0,0.005095240692554088,0
0.37815126050420167,0.03936860823548191,0.4838709677419355,0.375,0.0,0.503472187488121,0.0,0,0,1,0,0,0.002927463740994835,0.0,0.0012246691972367138,0
0.24369747899159663,0.35228727112108765,0.3225806451612903,0.375,0.06666666666666667,0.0,0.25,0,1,0,0,0,0.03249171593916775,0.0022222222222222222,0.013338950404953788,0
0.6386554621848739,0.4391777625793797,0.4193548387096774,0.0,0.0,0.249873456722199,0.0,0,1,0,0,0,0.03145684469889742,0.0,0.00630852031792137,0
0.6974789915966386,0.1004033251416336,0.4838709677419355,0.125,0.0,0.0,0.0,0,0,0,0,0,0.0066683370660524394,0.0,0.0013749526618157552,0
0.15126050420168066,0.1869218805196023,0.0,0.175,0.0,0.8895702330196927,0.75,0,1,0,0,0,0.20265123784443284,0.0,0.011695002523060802,0
0.680672268907563,0.08924432396794323,0.45161290322580644,0.42500000000000004,0.0,0.1015207200862695,0.0,0,1,0,0,0,0.006432742422398361,0.0,0.0012649832492319661,0
0.42857142857142855,0.9583129418769891,0.6129032258064516,0.25,0.06666666666666667,0.24527988572091655,0.5,0,0,0,0,1,0.0472521446382829,0.001282051282051282,0.020305439572929775,0
0.26050420168067223,0.41993378120832003,0.7741935483870968,0.5,0.16666666666666666,0.4961956989290337,0.5,1,0,0,1,0,0.016534982918743293,0.005208333333333333,0.01479528180546786,0
0.3361344537815126,0.3714294126080471,0.8387096774193548,0.175,0.0,0.9304642187628168,0.25,0,0,0,0,1,0.01349358539563713,0.0,0.010217060692324881,0
0.21008403361344538,0.881280890121421,0.25806451612903225,0.44999999999999996,0.0,0.9957025302653507,0.0,0,1,0,0,0,0.09751673500820743,0.0,0.0375767159856436,0
0.1092436974789916,0.05329329319028872,0.0967741935483871,0.8999999999999999,0.06666666666666667,0.9437687689189702,0.0,0,0,0,0,1,0.017346287256604007,0.0047619047619047615,0.005546339444886523,0
0.8655462184873949,0.20525563219680595,0.9354838709677419,0.6,0.5,0.5539794609756536,0.0,0,0,0,0,1,0.006638170833212272,0.004807692307692307,0.0021714696933230666,1
0.3025210084033613,0.8244768976386254,0.5161290322580645,0.525,0.5,0.10077846623545252,0.25,0,1,0,0,0,0.048001092476459555,0.013513513513513514,0.024676288023893583,1
0.680672268907563,0.10040210012297962,0.3225806451612903,0.95,0.0,0.9987395689325749,0.5,0,0,0,0,1,0.01003604862115441,0.0,0.0014131596505757992,0
0.9495798319327731,0.34672425724362715,0.6451612903225806,0.5,0.0,0.11590163836031922,0.5,1,1,0,0,0,0.016406894963596073,0.0,0.0033154885282779445,0
0.8907563025210083,0.49736353526989996,0.16129032258064516,0.725,0.0,0.39873036578509846,0.5,0,0,0,1,0,0.08389715296909162,0.0,0.005078060766433757,0
0.453781512605042,0.605314690346114,0.5161290322580645,0.9750000000000001,0.0,0.0,0.0,0,0,0,1,0,0.03535859735538153,0.0,0.012198224314397696,0
0.7478991596638656,0.6051838991878249,0.5483870967741935,0.5,0.0,0.10479584017734064,0.25,0,1,0,0,0,0.03334594585983579,0.0,0.007378143100454184,0
0.8151260504201681,0.5894341610253536,0.7741935483870968,0.95,0.0,0.4072612833589087,0.0,0,1,0,0,0,0.02318383570638831,0.0,0.006585145978255119,0
1.0,0.938656415057227,0.6451612903225806,0.44999999999999996,0.0,0.7887197421518158,0.25,0,0,1,0,0,0.04404884578894598,0.0,0.008511732188739875,0
0.6386554621848739,0.6935053961867538,0.03225806451612903,0.675,0.0,0.4091899429604925,0.25,0,0,0,0,1,0.3493469008992084,0.0,0.009905335115949607,0
0.0,0.08483705393957221,0.5806451612903225,0.825,0.06666666666666667,0.6866908482701084,0.0,0,0,1,0,0,0.004695034338256262,0.06666666666666667,0.11449752026613398,0
0.7899159663865546,0.19223233638456896,0.6774193548387096,0.725,0.0,0.9907408333650108,0.75,0,1,0,0,0,0.008740941799049379,0.0,0.0022461126240821984,0
0.1764705882352941,0.41300913867999256,0.3870967741935484,0.5,0.06666666666666667,0.6263842234044043,0.5,1,1,0,0,0,0.03195956262736089,0.0030303030303030303,0.02126501409744263,0
0.9831932773109243,0.7135560319244761,0.4838709677419355,0.35,0.06666666666666667,0.0,0.0,0,0,0,0,0,0.044249024275885604,0.0005649717514124294,0.006581907417095472,0
0.6386554621848739,0.8893042927144507,0.06451612903225806,0.0,1.0,0.9959366103207297,0.5,0,0,1,0,0,0.2966546710318562,0.012987012987012988,0.012674410416495321,1
0.025210084033613446,0.7454624186123128,0.6451612903225806,0.22499999999999998,0.0,0.9186301715186593,0.0,0,0,0,0,1,0.03502710422787202,0.0,0.20833025509012237,0
0.8991596638655461,0.3884069052994838,0.967741935483871,0.15000000000000002,0.0,0.4880809236758971,0.5,0,1,0,0,0,0.012193947960022856,0.0,0.003930647975144022,0
0.8487394957983193,0.8455080995579194,0.03225806451612903,0.525,0.5,0.12980439310244102,0.75,0,0,0,0,1,0.42387797268278543,0.004901960784313725,0.009053254044703037,1
0.6554621848739496,0.8047543423134143,0.5483870967741935,0.5,0.0,0.4386360135166227,0.0,1,0,1,0,0,0.04421870498596297,0.0,0.01118320229980657,0
0.8487394957983193,0.3139160118227367,0.3225806451612903,0.925,0.5,0.6226109329390651,0.0,0,0,1,0,0,0.029070902280457098,0.004901960784313725,0.0033778917885783923,1
0.907563025210084,0.07548883450622744,0.7419354838709677,0.5,0.16666666666666666,0.5983346304436117,0.0,1,0,0,0,1,0.0031805806397583788,0.0015290519877675841,0.0007666046809060523,0
0.7478991596638656,0.15992099936368448,0.4838709677419355,0.8999999999999999,0.16666666666666666,0.8010419563490714,0.75,0,0,0,0,1,0.010316229464883211,0.0018518518518518517,0.0019906186760816702,0
0.6050420168067226,0.5927333608472523,0.25806451612903225,0.55,0.0,0.2642463722593127,0.75,0,0,0,0,1,0.06607612954477352,0.0,0.008955370575583895,0
0.9411764705882353,0.7361808401937441,0.5806451612903225,0.9750000000000001,0.06666666666666667,0.7074339424083036,0.0,0,1,0,0,0,0.03831310020325106,0.0005899705014749262,0.007099679463604794,0
0.31932773109243695,0.6530158754659103,0.06451612903225806,0.575,0.06666666666666667,0.8877816213144896,0.0,0,1,0,0,0,0.21941556673962961,0.0017094017094017094,0.018613400806902096,0
0.36134453781512604,0.8236058072907638,0.7096774193548387,0.7,0.0,0.6142360687355075,0.0,0,0,0,0,0,0.0352486574637573,0.0,0.020698378657158536,0
0.7899159663865546,0.22899334949622946,1.0,0.675,0.0,0.7626208163191811,0.0,0,0,0,0,1,0.00690443401168339,0.0,0.0026674976683212274,0
0.8235294117647058,0.27383756652821095,1.0,0.725,0.16666666666666666,0.7678606083280481,0.5,0,0,0,1,0,0.008278705440974851,0.0016835016835016834,0.0030452263361305707,0
0.008403361344537815,0.8858450237884331,0.9032258064516129,0.44999999999999996,0.0,0.7980989498408455,0.0,0,0,0,1,0,0.02990720969531509,0.0,0.4932888168983128,0
0.3277310924369748,0.7104033647505701,0.29032258064516125,0.175,0.0,0.6589173497336088,0.0,0,0,0,0,0,0.07093379227020827,0.0,0.019705589729618958,0
0.23529411764705882,0.2668408724860524,0.12903225806451613,0.65,0.06666666666666667,0.7287732404482332,0.0,0,0,0,0,0,0.05561213738819168,0.0022988505747126436,0.010596975540177946,0
0.058823529411764705,0.18323628939726347,0.4193548387096774,0.5,0.0,0.4981203571621494,0.75,1,1,0,0,0,0.013528975290688552,0.0,0.02753822070008792,0
0.25210084033613445,0.45584018047301483,0.3870967741935484,1.0,0.5,0.7330567053932444,0.0,0,0,0,0,0,0.03519052080178047,0.016129032258064516,0.016540069369070372,1
0.19327731092436973,0.8361538979501477,0.8387096774193548,0.5,1.0,0.4115887633570681,0.0,1,1,0,0,0,0.030372629239346777,0.041666666666666664,0.03867654799611627,1
0.1764705882352941,0.2965690330882847,0.7741935483870968,0.15000000000000002,0.0,0.2273077392468224,0.0,0,0,0,0,0,0.011695854827582555,0.0,0.015501396470544349,0
0.15126050420168066,0.3505385365755657,0.3225806451612903,0.09999999999999998,0.0,0.15364854780334875,0.0,0,0,0,1,0,0.03233581553015934,0.0,0.021072547646880425,0
0.6470588235294117,0.09855179111406585,0.25806451612903225,0.75,0.0,0.8894521926498862,0.0,0,0,0,0,0,0.012229306456857008,0.0,0.0014696534224475138,0
0.6722689075630252,0.9682578270627282,0.5806451612903225,0.5,0.06666666666666667,0.32597548361539647,0.0,1,1,0,0,0,0.050291382018419095,0.0008230452674897119,0.013100477744528686,0
0.1764705882352941,0.7818798548254894,0.3225806451612903,0.35,0.0,0.16001472503596229,0.0,0,1,0,0,0,0.07079007270120319,0.0,0.039523583606797134,0
0.8319327731092436,0.35952994890896367,0.7741935483870968,0.825,1.0,0.6602918198023724,0.25,0,1,0,0,0,0.014165571185261988,0.01,0.003946014972701337,1
0.008403361344537815,0.23875950446035415,0.1935483870967742,0.625,0.06666666666666667,0.2921059002178745,0.5,0,1,0,0,0,0.03557726117325633,0.03333333333333333,0.1409609969437171,0
0.8991596638655461,0.18820037123781969,1.0,0.275,0.0,0.30934179489385366,0.0,0,1,0,0,0,0.0056543146374002,0.0,0.0019119574580693714,0
0.7310924369747899,0.8624374694332324,0.16129032258064516,0.375,0.5,0.781253188590498,0.75,0,0,0,0,0,0.14356572243086727,0.005681818181818181,0.010733616734048218,1
0.907563025210084,0.24576618240454257,0.6129032258064516,0.175,0.16666666666666666,0.757102929201787,0.0,0,1,0,0,0,0.012314033340539807,0.0015290519877675841,0.0024677665144026313,0
0.4621848739495798,0.9252387857402765,0.29032258064516125,0.8500000000000001,0.06666666666666667,0.6221867878814554,0.0,0,1,0,0,0,0.09200172570602401,0.0011904761904761904,0.018198166885084837,0
0.7731092436974789,0.9513025072089285,0.0,0.275,0.06666666666666667,0.4778634292928181,0.75,0,0,0,1,0,0.952244581834456,0.0007168458781362007,0.011186757852974905,0
0.680672268907563,0.42197047680543553,0.5483870967741935,0.625,0.0,0.8265966960700559,0.0,0,0,1,0,0,0.023364330451067405,0.0,0.0056836203750703276,0
0.29411764705882354,0.5951587140293179,0.1935483870967742,0.30000000000000004,0.06666666666666667,0.11314469548585616,0.0,0,1,0,0,0,0.08550647668413829,0.0018518518518518517,0.01843040603927846,0
0.7983193277310924,0.2273425551920925,0.7096774193548387,0.5,0.0,0.0,0.0,0,0,0,0,1,0.009825688999628896,0.0,0.0026189834884044858,0
0.7563025210084033,0.9762487462444501,0.3548387096774194,0.42500000000000004,0.0,0.2105600115239412,0.25,0,1,0,0,0,0.08071322249879766,0.0,0.011735368642294939,0
0.6218487394957983,0.1156750610253251,0.22580645161290322,0.5,0.0,0.3995006292151916,0.0,1,0,1,0,0,0.015949579922620662,0.0,0.001784750243998084,0
0.2857142857142857,0.8827270654763896,0.29032258064516125,0.9750000000000001,0.06666666666666667,0.36835597774438855,0.0,0,1,0,0,0,0.08783279449051229,0.0019047619047619048,0.027909704196233547,0
0.13445378151260504,0.1621518604174545,0.06451612903225806,0.5,0.0,0.9211870459697216,0.0,0,0,0,0,1,0.0589595558478685,0.0,0.011506804833923467,0
0.7731092436974789,0.30590165395076885,0.8387096774193548,0.5,0.0,0.41919536481476666,0.0,1,0,1,0,0,0.011113581874750934,0.0,0.003629541810977478,0
0.7310924369747899,0.2933274295601003,0.7419354838709677,0.44999999999999996,0.0,0.7943096539016343,0.0,0,1,0,0,0,0.01208159775168695,0.0,0.0036910847799824773,0
0.226890756302521,0.578451664622723,0.6129032258064516,0.7,1.0,0.40503452180645777,0.75,0,0,0,1,0,0.028626510031175275,0.03571428571428571,0.023101384882188495,1
0.8151260504201681,0.985231542613315,0.25806451612903225,0.175,0.0,0.5816249157211766,0.0,0,0,1,0,0,0.10884336622520448,0.0,0.010983215521231111,0
0.7478991596638656,0.6634030128027107,0.0967741935483871,0.025000000000000022,0.0,0.8706177512709347,0.0,0,0,0,0,1,0.16692300628789664,0.0,0.008082573891093596,0
0.08403361344537814,0.37461599238169063,0.0,0.30000000000000004,0.0,0.4885130714704429,1.0,0,0,0,1,0,0.38671432375401843,0.0,0.03892141811551468,0
0.40336134453781514,0.3038288611373163,0.1935483870967742,0.55,0.06666666666666667,0.9943480670389273,0.0,0,1,0,0,0,0.04469305561232854,0.0013605442176870747,0.007015245335325121,0
0.7731092436974789,0.41976966954264294,0.7419354838709677,0.7749999999999999,0.16666666666666666,0.5707031804877267,0.0,0,1,0,0,0,0.017248104363964983,0.0017921146953405018,0.004962860770438344,0
0.1092436974789916,0.5014280450788897,0.8709677419354839,0.9750000000000001,0.0,0.7513189510812698,0.25,0,0,0,0,1,0.017538203151922525,0.0,0.04040380759856707,0
0.6470588235294117,0.30639010972206243,0.16129032258064516,0.9750000000000001,0.0,0.3106922567518091,0.0,0,0,1,0,0,0.0526839929998119,0.0,0.004371311724326829,0
0.5210084033613445,0.9276551758691906,0.6129032258064516,0.5,0.0,0.8893241488589098,0.5,1,0,1,0,0,0.04574891074284892,0.0,0.01619656050370426,0
0.680672268907563,0.13093287253031646,0.22580645161290322,0.9750000000000001,1.0,0.7567848204085798,0.0,0,0,1,0,0,0.01781991021826348,0.012195121951219513,0.0018186114110975186,1
0.5630252100840336,0.5267507323467768,0.5806451612903225,0.55,0.16666666666666666,0.17287712397639993,0.25,0,0,0,0,1,0.027503700761210684,0.0024509803921568627,0.008571324461654676,0
1.0,0.21969992923067236,0.9354838709677419,0.8,0.0,0.0,0.25,0,1,0,0,0,0.007110333022970899,0.0,0.0019873918007666945,0
0.09243697478991596,0.05948249576970434,0.29032258064516125,1.0,0.0,0.6260841207693031,0.0,0,0,0,0,1,0.007100940701800985,0.0,0.007064416634253595,0
0.8403361344537815,0.621206898178042,0.6451612903225806,0.15000000000000002,0.16666666666666666,0.17530195326801765,0.25,0,0,1,0,0,0.029224640313242206,0.0016501650165016502,0.006726407998708286,0
0.7731092436974789,0.3958014649834747,0.22580645161290322,0.7749999999999999,1.0,0.5346988670125182,0.0,0,0,1,0,0,0.050287984205634004,0.01075268817204301,0.004682208987785727,1
0.9579831932773109,0.7705235848145544,0.8709677419354839,0.9750000000000001,0.0,0.8779982754101903,0.25,0,0,1,0,0,0.026962837687959054,0.0,0.007298065556689543,0
0.36974789915966383,0.7949640340648287,0.8387096774193548,0.275,0.06666666666666667,0.2519341614832272,0.0,0,0,0,0,1,0.028876591177300327,0.0014814814814814816,0.019541032799177797,0
0.12605042016806722,0.6465622934439901,0.5161290322580645,0.025000000000000022,0.0,0.0,0.0,0,0,0,1,0,0.03773798852579926,0.0,0.04520721907879364,0
0.453781512605042,0.3397957150725846,0.9032258064516129,0.375,0.0,0.10941141870519717,0.25,0,0,0,0,1,0.011442184097803372,0.0,0.006941101475541516,0
0.2184873949579832,0.9357902593295072,0.16129032258064516,0.9750000000000001,0.0,0.9157011698000715,0.0,0,0,0,0,1,0.15555468036392725,0.0,0.03837634784139264,0
0.08403361344537814,0.7009119610535536,0.8064516129032258,0.7,0.06666666666666667,0.7551982778110113,0.25,0,0,0,0,0,0.026468316789144263,0.006060606060606061,0.07122377969559428,0
0.7647058823529411,0.4044761895778435,0.5806451612903225,0.65,0.0,0.6096444984184591,0.0,0,1,0,0,0,0.02119269615938887,0.0,0.0048378710558014066,0
0.5378151260504201,0.9931955318016271,0.7096774193548387,0.725,0.0,0.18967887017359936,0.0,0,0,1,0,0,0.04247948076689526,0.0,0.016790312033518856,0
0.8067226890756303,0.9369283629099795,0.4193548387096774,0.09999999999999998,0.06666666666666667,0.341312728953302,0.0,0,0,1,0,0,0.06632265854937461,0.0006872852233676975,0.010556151431288447,0
1.0,0.7410479618078384,0.967741935483871,0.32499999999999996,0.0,0.6090242863059167,0.25,0,1,0,0,0,0.023349401465041865,0.0,0.006718487621152894,0
0.9159663865546218,0.029151952661359153,0.06451612903225806,0.32499999999999996,0.0,0.12324815086759672,0.5,0,0,0,0,1,0.015483900690281513,0.0,0.00029916647558972864,0
0.3445378151260504,0.7257021531295368,0.5483870967741935,0.875,0.0,0.47801948266307076,0.0,0,0,0,0,0,0.039911877792877845,0.0,0.019154740083717123,0
0.3949579831932773,0.8242218895888237,0.5806451612903225,0.0,0.0,0.12262993943928824,0.25,0,0,0,0,0,0.04285719789766288,0.0,0.018971473989713408,0
0.05042016806722689,0.6747677558593357,0.8387096774193548,0.5,0.06666666666666667,0.23476829075543834,0.25,1,0,0,0,1,0.024510997554257702,0.009523809523809523,0.10796573837157683,0
0.03361344537815126,0.18952183969381395,0.3870967741935484,0.25,0.06666666666666667,0.8593579004019374,0.0,0,0,0,0,1,0.015100805863335965,0.013333333333333334,0.04554542669539026,0
0.680672268907563,0.6974467916210194,0.6774193548387096,0.175,0.0,0.8823937786723058,0.0,0,0,1,0,0,0.03126098076380107,0.0,0.00934197383347065,0
0.6974789915966386,0.5038223644550547,0.3870967741935484,0.125,0.0,0.3396921747237555,0.0,0,0,0,0,0,0.03881005521125012,0.0,0.006604840270469532,0
0.4621848739495798,0.7995122629063167,0.29032258064516125,0.8,0.0,0.10422364448641434,0.25,0,0,0,1,0,0.07967229696480471,0.0,0.015753306133219312,0
0.6638655462184874,0.6543247466467462,0.4838709677419355,0.22499999999999998,0.06666666666666667,0.8320165496599837,0.25,0,0,1,0,0,0.04061868491599247,0.0008333333333333334,0.008993346432917944,0
0.8151260504201681,0.7094674709159133,0.5161290322580645,0.275,0.06666666666666667,0.16136918826238572,0.0,0,0,0,0,1,0.04136670904793698,0.0006802721088435374,0.007918946728159642,0
0.3445378151260504,0.44368360577544025,0.9354838709677419,0.4,0.5,0.5689185701509916,0.0,0,0,1,0,0,0.01443202011785729,0.011904761904761904,0.011842614663320983,1
0.6470588235294117,0.8543824205249752,0.7419354838709677,0.30000000000000004,0.0,0.9709360601325653,0.5,0,0,1,0,0,0.03500664495958069,0.0,0.01202190497708673,0
0.14285714285714285,0.5671528479866593,0.967741935483871,0.375,0.0,0.5029440068503428,0.5,0,0,1,0,0,0.017848400316197496,0.0,0.035358707332195156,0
0.9831932773109243,0.7436263606537402,0.6774193548387096,0.575,0.0,0.5416352392518241,0.0,0,1,0,0,0,0.03331944461655364,0.0,0.0068594128050428445,0
0.07563025210084033,0.10047151784670467,0.0967741935483871,0.375,0.0,0.5086999753915838,0.0,0,1,0,0,0,0.02891267249352632,0.0,0.012979314845389923,0
0.6134453781512604,0.6304880070061267,0.16129032258064516,0.275,0.0,0.5385261759521757,0.0,0,1,0,0,0,0.10565533958698752,0.0,0.009387344125185298,0
0.8739495798319328,0.08241931629013881,0.29032258064516125,0.5,0.0,0.7422958651858935,0.0,1,0,0,0,1,0.009350250455879757,0.0,0.0008750075137421105,0
0.8235294117647058,0.9185069407311066,0.25806451612903225,0.30000000000000004,0.0,0.7568368381986639,0.0,0,0,0,0,0,0.10157294568907888,0.0,0.010136383249035891,0
0.11764705882352941,0.8937806537949057,0.0,0.5,0.0,0.9550726348411156,0.0,1,0,0,0,0,0.8958355142212784,0.0,0.06618137814238416,0
0.7226890756302521,0.8829708646055074,0.16129032258064516,0.575,0.0,0.9669586998753573,1.0,0,0,1,0,0,0.14692175035143315,0.0,0.011116214834575233,0
0.42016806722689076,0.6106109564116721,0.7419354838709677,0.55,0.0,0.6762132649366083,1.0,0,0,0,0,0,0.025045995089727345,0.0,0.013283109938194055,0
0.7478991596638656,0.8843245510521012,1.0,0.95,0.0,0.5773114405126553,0.5,0,1,0,0,0,0.026987356774705342,0.0,0.010755646773785198,0
0.4789915966386554,0.13835877227487148,0.8064516129032258,0.65,0.06666666666666667,0.0,0.0,0,0,0,1,0,0.0052502265006377025,0.0011494252873563218,0.002790095284784823,0
0.11764705882352941,0.27571037504640267,0.9032258064516129,0.32499999999999996,0.16666666666666666,0.9127201502913996,0.0,0,0,0,0,1,0.009275095109463541,0.01111111111111111,0.02131078069465462,0
0.8319327731092436,0.2941574205321211,0.3225806451612903,0.8,0.0,0.6343729555507983,0.0,0,0,1,0,0,0.0273094156834633,0.0,0.0032341288395716875,0
0.6134453781512604,0.9297084500520898,0.8064516129032258,0.25,0.06666666666666667,0.24253694763609154,0.5,0,1,0,0,0,0.03509794445475888,0.0009009009009009009,0.013790608819091783,0
0.8571428571428571,0.6989931735018828,1.0,0.275,0.0,0.8234416170330252,0.0,0,0,0,0,1,0.02130779240775803,0.0,0.007414462104391267,0
0.0,0.7349166413598229,0.29032258064516125,0.42500000000000004,0.06666666666666667,0.34036240394214823,0.0,0,0,0,0,0,0.07333769790885164,0.06666666666666667,0.822413605517406,0
0.42016806722689076,0.9992134563562399,0.9354838709677419,0.2,1.0,0.17144063269638216,0.5,0,0,0,0,1,0.03259144941452143,0.0196078431372549,0.021580674976143792,1
0.48739495798319327,0.9352718314351465,0.45161290322580644,0.7,0.0,0.19444850138747452,0.0,0,0,1,0,0,0.06174345772895283,0.0,0.017448244270809612,0
0.8151260504201681,0.4260594869875048,0.03225806451612903,0.42500000000000004,0.0,0.5958797908884839,0.0,0,0,0,0,1,0.2182108762452252,0.0,0.004769739380321858,0
0.907563025210084,0.8550621221251313,0.12903225806451613,0.625,0.0,0.41954948592418606,0.0,0,1,0,0,0,0.1709805070531013,0.0,0.008554959031495822,0
0.9747899159663865,0.864246372811642,0.0967741935483871,0.475,0.0,0.6639650760560112,0.0,0,1,0,0,0,0.21616249529069567,0.0,0.008042344320999156,0
0.47058823529411764,0.5083161412173737,1.0,0.15000000000000002,0.0,0.9678870173599371,0.0,0,0,0,0,1,0.01546440801989357,0.0,0.009910343633155596,0
0.8319327731092436,0.3185254915969233,0.7741935483870968,0.44999999999999996,0.0,0.3828149227035646,0.75,0,1,0,0,0,0.012557122870282857,0.0,0.003499489417063067,0
0.6134453781512604,0.13369381957263754,0.0967741935483871,0.07500000000000001,0.06666666666666667,0.2996064654111706,0.0,0,0,0,0,1,0.037057572879623225,0.0009009009009009009,0.0020766260358874374,0
0.5798319327731092,0.062035883818087514,0.6774193548387096,0.07500000000000001,0.0,0.5336805187374082,0.0,0,0,0,0,1,0.002937407964101287,0.0,0.0010915129609257639,0
0.20168067226890757,0.572947084135057,0.29032258064516125,0.25,0.0,0.8404574364432635,0.5,0,0,0,0,1,0.05745407948820294,0.0,0.025656842620012974,0
0.8235294117647058,0.444769258140545,0.7096774193548387,0.5,0.0,0.2324655032020951,0.25,1,1,0,0,0,0.019096144948175586,0.0,0.004925420269819625,0
0.23529411764705882,0.4172677526947042,0.3870967741935484,0.22499999999999998,0.0,0.30445012194170407,0.5,0,0,0,0,0,0.03228081103007361,0.0,0.016245599992691193,0
0.2773109243697479,0.3170368285116395,0.3548387096774194,0.025000000000000022,0.16666666666666666,0.27094066170630354,0.0,0,0,1,0,0,0.0268416249641561,0.004901960784313725,0.010618032143135066,0
0.7563025210084033,0.6149125481641605,0.9354838709677419,0.9750000000000001,0.06666666666666667,0.62929721964912,0.25,0,0,0,0,1,0.020029234866263124,0.0007326007326007326,0.007411372184919382,0
0.7647058823529411,0.13564937810090502,0.29032258064516125,0.725,0.0,0.23835351690278075,0.25,0,0,0,0,0,0.014570280718335002,0.0,0.0016558723056219198,0
0.8907563025210083,0.7788831325262339,0.7419354838709677,0.42500000000000004,0.0,0.24370734791298623,0.0,0,1,0,0,0,0.03192169826200845,0.0,0.007943162886059464,0
0.008403361344537815,0.4156417650183101,0.8064516129032258,0.125,0.0,0.954664495257378,1.0,0,0,1,0,0,0.01570864304302837,0.0,0.2372705872367248,0
0.19327731092436973,0.651096597906778,0.6129032258064516,0.8999999999999999,0.0,0.8852647605481074,0.0,0,1,0,0,0,0.03218848927050908,0.0,0.030279817174680274,0
1.0,0.7414677144496218,0.6774193548387096,0.5,0.0,0.37435803044641264,0.0,1,0,1,0,0,0.033223222514980735,0.0,0.006722296765611195,0
0.8823529411764706,0.1382797789886679,0.967741935483871,0.5,0.5,0.8577313441196889,0.0,1,0,1,0,0,0.004281421961116038,0.0047169811320754715,0.001438810028878249,1
0.23529411764705882,0.6781077896363666,0.16129032258064516,0.22499999999999998,0.0,0.40701920056659374,0.5,0,0,0,1,0,0.11343843238472175,0.0,0.02604030828431733,0
0.7142857142857143,0.4775392217284989,0.3870967741935484,0.22499999999999998,0.0,0.48739869035210037,0.25,0,0,0,0,1,0.036827387237583484,0.0,0.00611396128851376,0
0.7394957983193277,0.07331565141408192,0.967741935483871,0.30000000000000004,0.06666666666666667,0.1773586566605779,0.0,0,0,0,0,0,0.0022263455845080065,0.0007490636704119849,0.0009554764074120704,0
0.7394957983193277,0.09075705866977757,0.8387096774193548,0.75,0.06666666666666667,0.2106160306824934,0.0,0,0,1,0,0,0.0032994141882521488,0.0007490636704119849,0.0011688824770869904,0
0.226890756302521,0.9943546240350375,0.3548387096774194,0.2,0.0,0.7712857797366699,0.0,0,0,0,0,1,0.08219285679409459,0.0,0.039276568910696995,0
0.6722689075630252,0.9106919342280951,1.0,0.925,0.0,0.469106434400565,0.5,0,0,1,0,0,0.027795397225899004,0.0,0.01232655880116115,0
0.13445378151260504,0.8821185782939843,0.03225806451612903,0.5,0.0,0.903851117082042,0.0,1,0,0,0,1,0.4418290890655378,0.0,0.057625684673285306,0
0.37815126050420167,0.42148884030464906,0.9032258064516129,0.025000000000000022,0.0,0.5731360125162805,0.25,0,0,0,1,0,0.014204692216526716,0.0,0.010270687294778246,0
0.2773109243697479,0.18478734676598954,0.5483870967741935,0.5,0.16666666666666666,0.4302771547869371,0.0,1,0,0,0,1,0.010442401725995936,0.004901960784313725,0.006382282207752993,0
0.26050420168067223,0.8015550019287918,0.5161290322580645,0.525,0.0,0.3468866352292484,0.0,0,0,1,0,0,0.04667883003779624,0.0,0.027781951334527145,0
0.7815126050420168,0.47571443394154284,0.06451612903225806,0.95,1.0,0.5991689157691931,0.25,0,0,0,0,1,0.16145841127458602,0.010638297872340425,0.0055561268899057565,1
0.37815126050420167,0.5967171010929903,0.5483870967741935,0.5,0.16666666666666666,0.22604730817939733,0.25,1,0,0,1,0,0.032884667852867804,0.0036231884057971015,0.014418905277659457,0
0.8487394957983193,0.5480821863381591,0.3548387096774194,0.44999999999999996,0.06666666666666667,0.6080839647159328,0.0,0,1,0,0,0,0.045722931861466164,0.00065359477124183,0.005877887366330422,0
0.8991596638655461,0.5897363322933333,0.7741935483870968,0.375,0.0,0.163926062713448,0.25,0,1,0,0,0,0.023195688731612332,0.0,0.00596066066671471,0
0.008403361344537815,0.9473856529816974,0.3548387096774194,0.15000000000000002,0.0,0.8453811203431574,0.0,0,0,0,0,1,0.07835449550671973,0.0,0.5267967151198828,0
0.24369747899159663,0.7561432133374477,0.7419354838709677,0.09999999999999998,0.06666666666666667,0.9215431677633751,1.0,0,0,1,0,0,0.030992531372306467,0.0022222222222222222,0.02799849482339482,0
0.7563025210084033,0.7658456264976108,0.9032258064516129,0.125,0.0,0.723985603076252,0.25,0,1,0,0,0,0.02584934915544568,0.0,0.009217540787683089,0
0.25210084033613445,0.38654887867305,0.5161290322580645,0.6,0.0,0.4508761996602838,0.0,0,0,0,0,1,0.02273896853842953,0.0,0.014106003772983591,0
0.5630252100840336,0.3351641849626265,0.3225806451612903,0.07500000000000001,1.0,0.7034645848880317,0.25,0,1,0,0,0,0.030965185716255297,0.014705882352941176,0.005503211471755636,1
0.18487394957983191,0.6710516413555354,0.5483870967741935,0.725,0.0,0.45859083806661877,0.5,0,1,0,0,0,0.03693447371774451,0.0,0.0325494879778839,0
0.9831932773109243,0.915739480672942,0.5161290322580645,0.5,0.0,0.5037842942286261,0.25,1,0,0,0,1,0.05326562587846344,0.0,0.008447766513171067,0
0.5378151260504201,0.13292583496148522,0.45161290322580644,0.5,0.0,0.5158064057907804,1.0,1,0,1,0,0,0.009288507273303744,0.0,0.0023779049793634936,0
0.3277310924369748,0.9172702027320121,0.9354838709677419,0.07500000000000001,0.06666666666666667,0.26949416700511575,0.75,0,0,0,0,1,0.0299128485815112,0.0016666666666666668,0.025337375627299402,0
0.10084033613445378,0.0741729807190639,0.5806451612903225,0.875,0.0,0.7197121415524109,0.5,0,1,0,0,0,0.0041446252862594474,0.0,0.007736790126979448,0
0.48739495798319327,0.3638771317723574,0.6774193548387096,0.5,0.06666666666666667,0.7102629099151909,0.0,1,0,0,1,0,0.01639204409860793,0.0011299435028248588,0.006901960641613302,0
0.5210084033613445,0.21036696127956955,0.25806451612903225,0.275,0.0,0.6060532702184147,0.75,0,0,1,0,0,0.0244128682390131,0.0,0.003798081900413577,0
0.1680672268907563,0.7415651442665676,0.3548387096774194,0.22499999999999998,0.16666666666666666,0.7747609682511418,0.0,0,0,0,0,1,0.061534593876284155,0.007936507936507936,0.03932426652566247,0
0.8403361344537815,0.9175779886688225,0.8387096774193548,0.675,1.0,0.7515010133465645,0.25,0,0,1,0,0,0.033329996110522044,0.009900990099009901,0.009921840995185631,1
0.40336134453781514,0.19488205173310943,0.16129032258064516,0.875,0.0,0.5023958193702246,0.25,0,1,0,0,0,0.034458845485761246,0.0,0.004594028487842941,0
0.5126050420168067,0.6847620297138075,0.03225806451612903,0.7749999999999999,0.5,0.762582803318735,0.75,0,0,0,1,0,0.3450597898164926,0.008064516129032258,0.012194718837355276,1
0.2689075630252101,0.16281796431055154,0.3225806451612903,0.475,0.0,0.8686310718265646,0.0,0,1,0,0,0,0.015600448764317048,0.0,0.005856540428293565,0
0.6470588235294117,0.059743628912775945,0.8387096774193548,0.575,0.0,0.2088254182930562,0.25,0,1,0,0,0,0.0021729896999300195,0.0,0.000927847528393676,0
0.8823529411764706,0.9474863086810987,0.9032258064516129,0.35,0.0,0.8549183820866736,0.0,0,0,0,0,1,0.03199165131118917,0.0,0.009752020278546011,0
0.453781512605042,0.8855619423944778,0.4838709677419355,0.5,0.0,0.19560689755896515,0.0,1,0,1,0,0,0.05479142300968922,0.0,0.017746958553645182,0
0.49579831932773105,0.49190423963847574,0.12903225806451613,0.8500000000000001,0.06666666666666667,0.303187690190045,0.0,0,0,0,0,1,0.09975402066017784,0.0011111111111111111,0.009107349055477311,0
0.29411764705882354,0.4601319108253388,0.4193548387096774,0.44999999999999996,0.0,0.5167467273807642,0.25,0,0,1,0,0,0.03292461476618346,0.0,0.01434596401360276,0
1.0,0.8080296542715604,0.3225806451612903,0.15000000000000002,0.06666666666666667,0.767064336002913,0.25,0,0,0,1,0,0.07312133815230888,0.0005555555555555556,0.007326328804883848,0
0.26050420168067223,0.06600096294632994,0.0967741935483871,0.75,0.0,0.4695885993009609,0.75,0,1,0,0,0,0.0204617458168271,0.0,0.0027508558231302068,0
0.8907563025210083,0.6802214776558844,0.8709677419354839,0.7,0.0,0.7019940819760357,0.0,0,0,1,0,0,0.023800152945430496,0.0,0.0069390561764387055,0
0.058823529411764705,0.40866007745466276,0.25806451612903225,0.725,0.0,0.0,0.75,0,1,0,0,0,0.04601920688089483,0.0,0.058223141564428114,0
0.7563025210084033,0.24916385330924296,0.3225806451612903,0.5,0.06666666666666667,0.7912906213925162,0.0,1,0,0,1,0,0.023298220530513183,0.0007326007326007326,0.003034572768629002,0
0.2184873949579832,0.7076514420123332,0.3548387096774194,0.95,0.0,0.2926921006984389,0.0,0,0,0,0,1,0.058763124991083736,0.0,0.029175016441230498,0
0.6722689075630252,0.011920595270864486,0.29032258064516125,0.7749999999999999,0.06666666666666667,0.39755796482396977,0.0,0,1,0,0,0,0.0024367612607466135,0.0008230452674897119,0.00024342883090335685,0
0.4369747899159664,0.4477519743931901,0.8709677419354839,0.75,0.0,0.8058956163007749,0.0,0,1,0,0,0,0.015658285892646836,0.0,0.009428413788082762,0
0.2857142857142857,0.458820303769509,0.8709677419354839,0.675,0.5,0.7873772830307965,0.25,0,0,1,0,0,0.01604593616510677,0.014285714285714285,0.014720531623426174,1
0.8571428571428571,0.465934824189202,0.25806451612903225,0.8999999999999999,0.06666666666666667,0.8169674028517753,0.5,0,0,0,0,1,0.05225995591668966,0.0006472491909385112,0.004950450819290647,0
0.38655462184873945,0.891097434186179,0.9354838709677419,0.25,0.0,0.3592268555846099,0.0,0,0,1,0,0,0.029057300424361568,0.0,0.020928687292965435,0
0.0,0.18746178707436267,0.5161290322580645,0.575,0.0,0.5787459311084391,0.0,0,0,1,0,0,0.01125451775058596,0.0,0.22625260493051708,0
0.6470588235294117,0.8542709438274638,0.3225806451612903,0.25,0.06666666666666667,0.14545174449661782,0.0,0,0,0,0,1,0.0772437682680186,0.0008547008547008547,0.012020348636143603,0
0.38655462184873945,0.7103511993728885,0.8387096774193548,0.5,0.0,0.18756614762248688,0.0,1,1,0,0,0,0.025803407405942808,0.0,0.01674088035268261,0
0.8403361344537815,0.05979003670278389,0.0,0.8,1.0,0.2537667882415786,0.0,0,0,0,0,0,0.07797881600792454,0.009900990099009901,0.0006732873621238053,1
0.6638655462184874,0.1812396519101328,0.9032258064516129,0.575,0.0,0.2570579138065218,0.25,0,0,0,0,0,0.0060805039011548895,0.0,0.00255366283998873,0
0.05042016806722689,0.17557230727730908,0.7096774193548387,0.22499999999999998,1.0,0.6969023406004854,0.5,0,0,0,0,1,0.007618352935423739,0.14285714285714285,0.03030744752009744,1
0.9495798319327731,0.9456221569613951,0.8064516129032258,0.15000000000000002,0.0,0.4664955414751845,0.0,0,0,0,1,0,0.03569816942328059,0.0,0.009036373160426077,0
0.7815126050420168,0.6676181590721839,0.967741935483871,0.42500000000000004,0.0,0.8052193850296802,0.5,0,0,0,0,1,0.021026521768585126,0.0,0.0077792873136855265,0
0.453781512605042,0.5706408640170901,0.22580645161290322,0.5,0.06666666666666667,0.0,0.0,1,0,0,0,1,0.07172011585685929,0.0012121212121212121,0.01151170251640921,0
0.8319327731092436,0.5981509037595537,0.03225806451612903,0.15000000000000002,0.16666666666666666,0.41937542639582737,0.0,0,0,0,0,1,0.3025919921879837,0.0016666666666666668,0.006544521609205643,0
0.6722689075630252,0.2940041094475766,0.8387096774193548,0.575,0.0,0.8563348665243513,0.75,0,0,0,0,0,0.010681456644349012,0.0,0.004035774688548096,0
0.5966386554621849,0.46716466124987915,0.22580645161290322,0.8500000000000001,0.5,0.20745895096122874,0.0,0,0,0,0,1,0.05903581464824349,0.006944444444444445,0.007183248823621771,1
0.03361344537815126,0.24850491577527162,0.7741935483870968,0.42500000000000004,0.0,0.8710779086447564,0.0,0,1,0,0,0,0.009810483002886448,0.0,0.058391567113785056,0
0.7899159663865546,0.5113777078373795,0.03225806451612903,0.30000000000000004,0.0,0.2506457208365261,0.0,0,1,0,0,0,0.2600447272332685,0.0,0.0059044200287186165,0
0.7142857142857143,0.18802031391266344,0.03225806451612903,0.375,0.5,0.6211704402905793,0.5,0,0,0,0,1,0.10149377646823667,0.005813953488372093,0.002447950559528637,1
0.9831932773109243,0.2681901284485143,0.0,0.0,0.0,0.5906520029850209,0.5,0,0,0,0,1,0.28234731542438296,0.0,0.002471828044988339,0
0.5630252100840336,0.06430876301168877,0.03225806451612903,0.09999999999999998,0.0,0.3133851777307839,0.5,0,1,0,0,0,0.04083462846516725,0.0,0.0011656676837464043,0
0.10084033613445378,0.9579639748964277,0.9354838709677419,0.6,0.0,0.30616470833024895,0.25,0,0,1,0,0,0.031243066350478382,0.0,0.08176912908804686,0
0.5630252100840336,0.8636704915424099,1.0,0.925,0.06666666666666667,0.22302627498604521,0.0,0,0,1,0,0,0.026354403726092376,0.000980392156862745,0.01396683841529929,0
0.15126050420168066,0.06279588539101146,0.4193548387096774,0.6,0.06666666666666667,0.9027467393848696,0.25,0,1,0,0,0,0.005092515940626179,0.003508771929824561,0.004580829990655289,0
0.8823529411764706,0.7876305211437608,0.06451612903225806,0.175,0.0,0.6001712585704311,0.0,0,1,0,0,0,0.26341905526372417,0.0,0.008109776027342041,0
0.058823529411764705,0.40349658299421753,0.8709677419354839,0.5,0.0,0.6389105073935286,0.0,0,0,1,0,0,0.01410831263558623,0.0,0.05752028131943091,0
0.6386554621848739,0.9218765995425862,0.22580645161290322,0.95,0.0,0.9799891562914517,0.5,0,0,0,0,1,0.11477523138576856,0.0,0.013135062503504545,0
0.680672268907563,0.017407617157823605,0.16129032258064516,0.55,0.06666666666666667,0.4432715988868193,0.75,0,0,0,0,1,0.00545199334931965,0.0008130081300813008,0.00031098448177050906,0
0.8991596638655461,0.7299861862813183,0.8709677419354839,0.2,0.0,0.1464420831924518,0.0,0,1,0,0,0,0.025543081096702627,0.0,0.007374805572591996,0
0.9243697478991596,0.42572287227837097,0.45161290322580644,0.32499999999999996,0.0,0.2063805821590984,0.0,0,0,0,1,0,0.028430690512853636,0.0,0.004185308874456359,0
0.4369747899159664,0.3740900714565631,0.8387096774193548,0.175,1.0,0.3128489943560698,1.0,0,0,0,0,0,0.013590221959394246,0.018867924528301886,0.00791491417078345,1
0.907563025210084,0.06281209647119902,0.3870967741935484,0.75,0.0,0.25343867602720127,0.0,0,0,1,0,0,0.005542460712123454,0.0,0.0006399572836767807,0
0.025210084033613446,0.7008961991468725,0.7741935483870968,0.675,0.0,0.55406749108195,0.25,0,0,0,0,0,0.02755606592605405,0.0,0.19619745464963254,0
0.8823529411764706,0.7933505619956828,0.8387096774193548,0.025000000000000022,0.06666666666666667,0.4549796030242343,0.0,0,0,0,1,0,0.028817989001915338,0.0006289308176100629,0.008168539643914426,0
0.7983193277310924,0.854617236183964,0.45161290322580644,0.65,0.06666666666666667,0.1289300940921795,0.0,0,0,0,0,1,0.05647050464323243,0.0006944444444444444,0.009734423741445704,0
0.29411764705882354,0.603556400655091,0.06451612903225806,0.025000000000000022,0.16666666666666666,0.24829691754580066,0.0,0,0,0,1,0,0.20324801363805992,0.004629629629629629,0.018684428672999166,0
0.36974789915966383,0.3645090576450086,0.0,0.95,0.06666666666666667,0.6423016671701721,0.0,0,0,0,0,0,0.37680291215849976,0.0014814814814814816,0.009124325276631385,0
0.29411764705882354,0.6777495941819454,0.1935483870967742,0.175,0.0,0.6187015959458134,0.0,0,0,0,0,1,0.09707692281212281,0.0,0.020928707515936652,0
0.8571428571428571,0.1274026341902788,0.8387096774193548,0.275,1.0,0.1731252088214169,0.75,0,1,0,0,0,0.00463040124703211,0.009708737864077669,0.0013713164995497675,1
0.7815126050420168,0.26073934040830604,0.6451612903225806,0.575,0.5,0.1403299928575573,0.0,0,0,0,0,0,0.012391585419234066,0.005319148936170213,0.003065689980897904,1
0.47058823529411764,0.3177291478039315,0.16129032258064516,0.8,0.06666666666666667,0.2302967614924304,0.0,0,0,0,0,1,0.05453727289219398,0.0011695906432748538,0.006269234849103764,0
0.01680672268907563,0.7287889551338143,0.22580645161290322,0.025000000000000022,0.5,0.30056479315926043,0.0,0,0,0,0,0,0.09110619661404569,0.16666666666666666,0.27178544916521824,1
0.5546218487394958,0.007407891970341644,0.1935483870967742,0.35,0.0,0.3241768684890232,0.5,0,1,0,0,0,0.003166402202008504,0.0,0.0002611098005503153,0
0.5546218487394958,0.7103043832433291,0.12903225806451613,0.30000000000000004,0.0,0.0,0.25,0,0,1,0,0,0.1425890398264085,0.0,0.011685468323601888,0
0.7647058823529411,0.6361779940670713,0.4193548387096774,0.8,0.0,0.5422634541013026,0.5,0,0,0,0,0,0.0452560714501836,0.0,0.007580435490682198,0
0.47058823529411764,0.7157749286293924,0.45161290322580644,0.5,0.5,0.7058814114427133,0.5,1,1,0,0,0,0.04739341521307145,0.008771929824561403,0.013873783108461183,1
0.5462184873949579,0.45822755807680726,1.0,0.5,0.0,0.7123476228870274,0.0,1,0,1,0,0,0.013929420605693,0.0,0.007706286336843131,0
0.2857142857142857,0.6311010880084843,0.0,0.04999999999999999,0.0,0.2924100042214437,0.5,0,1,0,0,0,0.6382376012959946,0.0,0.02008076929728906,0
0.5294117647058824,0.6789846579888795,0.4838709677419355,0.07500000000000001,0.06666666666666667,0.8285173529347036,0.0,0,0,0,0,1,0.04213011331632268,0.0010416666666666667,0.011709324863951218,0
0.5042016806722689,0.31761526190306727,0.3548387096774194,0.9750000000000001,0.5,0.11318670985477032,0.0,0,1,0,0,0,0.02688889524253754,0.00819672131147541,0.00584350106125836,1
0.26050420168067223,0.762686548392749,0.3870967741935484,0.5,0.0,0.3726314399524637,0.0,1,0,1,0,0,0.05833746608301197,0.0,0.026459247737947233,0
0.9747899159663865,0.6089166535283416,0.22580645161290322,0.7749999999999999,0.0,0.4951153294426694,0.25,0,1,0,0,0,0.07641203177737793,0.0,0.005665882961878063,0
0.8991596638655461,0.008068993703934959,0.0,0.44999999999999996,0.5,0.7910645440740733,1.0,0,0,0,0,1,0.027258339556188838,0.004629629629629629,9.568554986457607e-05,1
0.6050420168067226,0.6212969983000416,0.8709677419354839,0.25,0.06666666666666667,0.9247342591166179,0.0,0,0,0,1,0,0.02173641869067263,0.0009132420091324201,0.009381465050771053,0
0.9663865546218487,0.7650110621226152,0.8064516129032258,0.5,0.06666666666666667,0.17986151263732195,0.0,1,0,0,0,1,0.02888597353880767,0.0005747126436781609,0.007181744616266888,0
0.9411764705882353,0.14130126708171115,0.0967741935483871,0.575,0.06666666666666667,0.4806023660091751,0.0,0,1,0,0,0,0.03892264239422278,0.0005899705014749262,0.0013668916969167195,0
0.9327731092436974,0.4137205274293314,0.3548387096774194,0.2,0.0,0.44114087017760073,0.5,0,0,0,0,1,0.034742734116077485,0.0,0.00402952598848424,0
0.6554621848739496,0.49297190464634466,0.7419354838709677,0.5,1.0,0.7735605577107371,0.75,1,0,0,0,1,0.020239192087094713,0.012658227848101266,0.006885465569391639,1
0.226890756302521,0.36501864498808323,0.4838709677419355,0.09999999999999998,0.0,0.0,0.25,0,0,0,0,1,0.02288685075125966,0.0,0.014800606317811804,0
0.23529411764705882,0.014801349137543992,0.7419354838709677,0.275,0.0,0.3419589499608866,0.0,0,0,0,0,1,0.0007008531809351327,0.0,0.0011327320977065115,0
0.9411764705882353,0.14104721862985503,0.1935483870967742,0.925,0.06666666666666667,0.12179165274523887,0.25,0,0,0,0,1,0.021888404278224825,0.0005899705014749262,0.0013644434604621915,0
0.5630252100840336,0.5120360736959789,1.0,0.15000000000000002,0.0,0.4191253408665764,0.0,0,0,0,1,0,0.015578407042790872,0.0,0.008335680383482941,0
0.9411764705882353,0.852366795248708,0.0,0.8999999999999999,1.0,0.29892423208737384,0.0,0,0,1,0,0,0.8552228251613404,0.008849557522123894,0.008219350489314442,1
0.5546218487394958,0.9361304674266927,0.29032258064516125,0.525,0.0,0.6220407379323728,0.75,0,0,0,0,1,0.09306982343272294,0.0,0.015355878094598447,0
0.4453781512605042,0.9936134877493846,0.12903225806451613,0.275,0.0,0.42055182872542407,0.25,0,0,1,0,0,0.19815471263769158,0.0,0.020258141345509316,0
0.9411764705882353,0.7819439437180696,0.9354838709677419,0.30000000000000004,0.5,0.4236889016043487,0.0,0,1,0,0,0,0.025489238167099592,0.004424778761061947,0.007540693362733122,1
0.2773109243697479,0.38094362206900506,0.6451612903225806,0.5,0.0,0.6318400893105441,0.0,0,0,1,0,0,0.01800486525004175,0.0,0.012664869628681508,0
0.9411764705882353,0.41879645347299527,0.4838709677419355,0.5,0.0,0.5095662716649094,0.0,1,0,0,0,0,0.026182941557261044,0.0,0.004041081704041377,0
0.8739495798319328,0.13786398724053237,0.7419354838709677,0.09999999999999998,0.0,0.2602269976331905,0.0,0,0,1,0,0,0.005729267210702805,0.0,0.0014500312370901178,0
0.09243697478991596,0.1329149118784873,0.6451612903225806,0.125,0.0,0.6431519579696255,0.0,0,0,1,0,0,0.0064224612196795115,0.0,0.013728214619943729,0
0.18487394957983191,0.19748631888958756,0.1935483870967742,0.22499999999999998,1.0,0.23397601979877117,0.0,0,1,0,0,0,0.029795155821014597,0.043478260869565216,0.010127851446376533,1
0.37815126050420167,0.5269733999041137,0.7741935483870968,0.9750000000000001,0.0,0.5084538912308009,0.25,0,0,0,0,1,0.020733738508094884,0.0,0.012767846971409117,0
0.01680672268907563,0.08523506250024755,0.8064516129032258,0.8,0.06666666666666667,0.6946555722056943,0.5,0,0,0,0,1,0.0032465338846460754,0.02222222222222222,0.03818217907471257,0
0.1092436974789916,0.35732716119934715,0.3870967741935484,0.675,0.0,0.2491572117664241,0.25,0,0,1,0,0,0.027759194558372013,0.0,0.02919514335286937,0
0.31932773109243695,0.22142469424453162,0.4838709677419355,0.8,0.0,0.15982265934949752,0.25,0,0,1,0,0,0.014085846876659123,0.0,0.0065623974847386695,0
0.025210084033613446,0.9625593261221385,0.8709677419354839,0.7,0.0,0.32978478639694775,0.25,0,1,0,0,0,0.033688577852432545,0.0,0.26743316950956914,0
0.5378151260504201,0.9472700724716953,0.25806451612903225,0.5,0.16666666666666666,0.8138283292886167,0.0,1,0,0,0,1,0.10470702304272468,0.002564102564102564,0.01602090632686285,0
0.7226890756302521,0.7741797142382653,0.7096774193548387,0.8500000000000001,0.5,0.36553101160596924,0.0,0,0,0,0,1,0.03314126949282997,0.005747126436781609,0.009754489343029506,1
0.6722689075630252,0.7021769561495997,1.0,0.75,0.16666666666666666,0.7629469278493244,0.0,0,0,0,1,0,0.021405360875208602,0.0020576131687242796,0.009523272279150898,0
0.6722689075630252,0.5572927136747975,0.5483870967741935,0.8500000000000001,0.06666666666666667,0.10313127089464597,0.0,0,1,0,0,0,0.03073679534539745,0.0008230452674897119,0.007575440771198584,0
0.8907563025210083,0.2834497774814866,0.3548387096774194,0.5,0.0,0.5361973795037903,0.25,1,1,0,0,0,0.024096850413212318,0.0,0.0029010018091540305,0
0.0,0.38462772275198154,0.8064516129032258,0.925,0.0,0.7209085507243477,0.75,0,1,0,0,0,0.014538871433614545,0.0,0.440960065418079,0
0.8319327731092436,0.9634541205809545,0.7741935483870968,0.025000000000000022,0.0,0.4642047580272453,0.75,0,0,0,0,1,0.03785521079953265,0.0,0.010522557963310164,0
0.40336134453781514,0.6183615065165071,0.0967741935483871,0.5,0.0,0.10307725242032775,0.75,1,1,0,0,0,0.15588046670207015,0.0,0.014005369637632851,0
0.4369747899159664,0.6105821684733037,0.16129032258064516,0.5,0.0,0.2890568574452463,0.25,1,1,0,0,0,0.10240188104601362,0.0,0.012774016149686776,0
0.11764705882352941,0.08222039367771139,0.16129032258064516,0.5,0.06666666666666667,0.4403966156425497,0.25,1,0,0,0,1,0.01604515077823995,0.0044444444444444444,0.007263816518116359,0
0.14285714285714285,0.517234215767354,0.0,0.925,0.0,0.47016679704458925,0.75,0,0,1,0,0,0.526573534268816,0.0,0.0323387179010187,0
0.06722689075630252,0.2663627681223849,0.9032258064516129,0.15000000000000002,0.0,0.7353815004731618,0.0,0,1,0,0,0,0.008958999477855875,0.0,0.03451507419610538,0
0.6386554621848739,0.2512022026815413,0.06451612903225806,0.175,0.0,0.383911297663801,0.25,0,0,1,0,0,0.08806876379588005,0.0,0.003650086132385881,0
0.14285714285714285,0.3583415174787907,0.4838709677419355,0.8999999999999999,0.0,0.6304256055571005,0.0,0,1,0,0,0,0.022477603531748054,0.0,0.022725989182522454,0
0.4117647058823529,0.17971301324657588,0.8387096774193548,0.8999999999999999,0.0,0.9137645074615518,0.5,0,0,0,0,1,0.006530342415232744,0.0,0.004167931849106299,0
0.10084033613445378,0.15870917007722068,0.29032258064516125,0.32499999999999996,0.0,0.9142526744146497,0.0,0,0,0,0,1,0.016831649724259094,0.0,0.014818115764230819,0
0.1764705882352941,0.9892597306192147,0.967741935483871,0.675,0.0,0.4200536583511561,0.0,0,1,0,0,0,0.03120133701046591,0.0,0.04978858896311149,0
0.08403361344537814,0.9198464986292245,0.7419354838709677,0.5,1.0,0.46451286339928255,0.75,1,1,0,0,0,0.03768154689455896,0.0909090909090909,0.09289766866186848,1
0.40336134453781514,0.6156326345459425,0.6451612903225806,0.475,0.06666666666666667,0.833611094994488,0.0,0,1,0,0,0,0.028964334264361263,0.0013605442176870747,0.013944723613890757,0
0.1092436974789916,0.4959421257087192,0.29032258064516125,0.95,0.0,0.6485077896640651,0.0,0,1,0,0,0,0.04990255315758182,0.0,0.03997709385022801,0
0.058823529411764705,0.6873534750083741,0.5161290322580645,0.8500000000000001,0.06666666666666667,0.522916837558445,0.75,0,0,0,0,1,0.04009105076349809,0.008333333333333333,0.09615917716672324,0
0.31092436974789917,0.93368361516725,0.45161290322580644,0.75,0.0,0.45701830025868845,0.25,0,0,0,0,1,0.06163962496103037,0.0,0.027151397717034485,0
0.23529411764705882,0.27212378584828234,0.06451612903225806,0.9750000000000001,0.0,0.7827056853443878,0.5,0,1,0,0,0,0.09490771241211564,0.0,0.010795352276815766,0
0.5462184873949579,0.3471803112715232,0.5806451612903225,0.575,0.0,0.4158742289863133,0.0,0,0,0,1,0,0.018235461207057636,0.0,0.005874060043754421,0
0.6134453781512604,0.38384111785728886,0.0967741935483871,0.5,0.0,0.0,0.0,1,1,0,0,0,0.09838459480566178,0.0,0.005757740720433584,0
0.6218487394957983,0.7416352561675299,0.0,0.65,0.0,0.7785702710326932,0.0,0,0,1,0,0,0.7466334368816737,0.0,0.010873427988347922,0
0.5546218487394958,0.6023642941689561,0.967741935483871,0.4,0.0,0.926500863295247,0.0,0,1,0,0,0,0.018962279836127374,0.0,0.009931090130075187,0
0.2773109243697479,0.5945057586697735,0.8709677419354839,0.32499999999999996,0.0,0.6968923371793153,0.75,0,0,0,0,1,0.020798099004918323,0.0,0.019504940337212034,0
0.008403361344537815,0.7986226543598026,0.6129032258064516,0.575,0.0,0.3421090012784372,0.0,0,0,0,1,0,0.039422094239099516,0.0,0.44579761773815524,0
0.9663865546218487,0.1355231807625684,0.0967741935483871,0.75,0.0,0.1695839977272227,0.25,0,0,0,1,0,0.03750606572593759,0.0,0.0012723276385979423,0
0.10084033613445378,0.872435234590868,0.4193548387096774,0.5,0.16666666666666666,0.0,0.25,1,0,1,0,0,0.061805124255863784,0.012820512820512822,0.07460466063913712,0
0.2184873949579832,0.2364880136212274,0.22580645161290322,0.525,0.0,0.9688813574242391,0.25,0,0,0,0,1,0.030759051469195768,0.0,0.010171977417687827,0
0.1092436974789916,0.17524735066236555,0.12903225806451613,0.5,0.0,0.9239920052658008,0.0,0,1,0,0,0,0.037647816495075724,0.0,0.015032347072346257,0
0.907563025210084,0.7513723986065332,0.7741935483870968,0.35,0.0,0.466117412154957,0.25,0,0,1,0,0,0.029536054524600924,0.0,0.007519043201511267,0
0.8151260504201681,0.48147753419915207,0.12903225806451613,0.75,0.0,0.40641299324368935,0.25,0,0,0,0,0,0.09770902142179755,0.0,0.005385540385863843,0
0.4369747899159664,0.6631312628313047,0.8709677419354839,0.7,0.16666666666666666,0.3219701137789124,0.0,0,1,0,0,0,0.02320159590869092,0.0031446540880503146,0.013853719918250617,0
0.1680672268907563,0.9586058438371536,0.967741935483871,0.8999999999999999,0.0,0.27475996790902485,0.0,0,0,0,0,1,0.030231631406327616,0.0,0.050579049811940474,0
0.1680672268907563,0.3812658019749996,0.6129032258064516,0.125,0.0,0.5328242258852527,0.0,0,1,0,0,0,0.018957949303135012,0.0,0.02064071535897772,0
0.24369747899159663,0.6455033260685644,0.9032258064516129,0.675,0.16666666666666666,0.8988994236028721,0.0,0,1,0,0,0,0.02177989311472367,0.005555555555555555,0.02398238369978882,0
0.5126050420168067,0.033024338711451065,0.0,0.825,0.0,0.6192897971106118,0.0,0,0,0,0,1,0.05173091233139041,0.0,0.0007475945220874908,0
0.31932773109243695,0.8086836917309158,0.3870967741935484,0.675,0.06666666666666667,0.8974509282174503,0.0,0,0,1,0,0,0.061807259019325995,0.0017094017094017094,0.02295999882045433,0
0.6050420168067226,0.5690354770710604,0.6774193548387096,0.8999999999999999,0.16666666666666666,0.4501399478621688,0.0,0,0,0,0,1,0.02553701982561566,0.00228310502283105,0.00860186036991236,0
0.10084033613445378,0.3582046828951421,0.9354838709677419,0.175,0.0,0.11143010909731127,0.0,0,1,0,0,0,0.01163784361271193,0.0,0.03152921547383521,0
0.9663865546218487,0.04720254127669729,0.45161290322580644,0.15000000000000002,0.0,0.8605283006788321,0.0,0,0,1,0,0,0.0036841780401632154,0.0,0.00044320367622913896,0
0.5042016806722689,0.6542944682690156,0.3548387096774194,0.7,0.06666666666666667,0.2451218316664299,0.0,0,1,0,0,0,0.05440272837530001,0.001092896174863388,0.011853878019187273,0
0.47058823529411764,0.18118085101474216,0.8387096774193548,0.7,0.06666666666666667,0.14468748311922677,0.0,0,0,0,0,0,0.006583655074293721,0.0011695906432748538,0.003660519563859293,0
0.058823529411764705,0.849566402605729,0.45161290322580644,0.5,1.0,0.3336641131266893,0.0,1,0,0,0,1,0.056140296445932915,0.125,0.11823976985568282,1
0.05042016806722689,0.7045114946154509,0.3548387096774194,0.725,0.0,0.34216502043698943,0.0,0,1,0,0,0,0.05850652468108548,0.0,0.11259287974855449,0
0.4117647058823529,0.23606619886470986,1.0,0.8999999999999999,1.0,0.29521696420175697,0.75,0,0,0,1,0,0.0071211846978165155,0.02,0.005395268542219177,1
0.6890756302521008,0.3629245572670291,0.7419354838709677,0.375,0.06666666666666667,0.44408987873852857,0.0,0,0,0,1,0,0.014925378600104787,0.0008032128514056225,0.004838138954802072,0
0.8571428571428571,0.17838380675608403,0.6451612903225806,0.5,0.0,0.9968949380688195,0.0,0,1,0,0,0,0.008545760215517,0.0,0.0019103153592785456,0
0.9495798319327731,0.8009133984087743,0.6451612903225806,0.7749999999999999,0.0,0.9499228736227789,0.25,0,0,0,0,0,0.03761654498813214,0.0,0.007654063899814118,0
0.9831932773109243,0.7131624946818877,0.0,0.2,0.5,0.8047512249189223,0.0,0,1,0,0,0,0.718711493612267,0.00423728813559322,0.006578275640863177,1
0.8403361344537815,0.7358879178166019,0.4838709677419355,0.04999999999999999,0.16666666666666666,0.9939619349817638,0.25,0,1,0,0,0,0.045617765878481015,0.0016501650165016502,0.007962883235263521,0
0.9327731092436974,0.23725720283405616,1.0,0.09999999999999998,0.5,0.15863225223026275,0.0,0,0,0,0,0,0.007157683556210631,0.004464285714285714,0.0023137851617994086,1
0.9579831932773109,0.9444213732597946,0.4838709677419355,0.8,0.0,0.30514035800243683,0.25,0,1,0,0,0,0.05839897107435377,0.0,0.008944754121573854,0
0.9495798319327731,0.14853922854776938,0.4838709677419355,0.925,0.16666666666666666,0.3852877684167985,0.0,0,1,0,0,0,0.009618630377094463,0.0014619883040935672,0.0014223550149991824,0
0.13445378151260504,0.608897808658048,0.3548387096774194,0.725,0.16666666666666666,0.5467729963647567,0.25,0,1,0,0,0,0.05069285828619401,0.00980392156862745,0.04012399253726264,0
0.2184873949579832,0.31465898563637046,0.3225806451612903,0.7,0.5,0.34271520860134164,0.0,0,0,1,0,0,0.02913713870366075,0.018518518518518517,0.0133247816087613,1
0.5546218487394958,0.7624400133886372,0.7419354838709677,0.65,0.0,0.49814436537295753,1.0,0,0,0,0,1,0.031249822441376057,0.0,0.012532842208662144,0
0.5882352941176471,0.2693256799067908,0.6451612903225806,0.95,0.0,0.1232461501833627,0.75,0,0,0,0,1,0.01279254889292595,0.0,0.0042527567644621254,0
0.21008403361344538,0.1693449045328671,0.12903225806451613,0.5,0.0,0.20484005529891222,0.0,1,1,0,0,0,0.036490164357528825,0.0,0.007758418135294581,0
0.2857142857142857,0.7679547206971761,0.5161290322580645,0.25,0.0,0.3138533378415418,0.0,0,0,1,0,0,0.044740578927874766,0.0,0.024338748508280852,0
0.5966386554621849,0.6717514740955718,0.22580645161290322,0.55,0.06666666666666667,0.9349077384465487,0.75,0,0,0,0,0,0.08411443840952997,0.0009259259259259259,0.010277534389368506,0
0.7142857142857143,0.82892532829377,0.03225806451612903,0.44999999999999996,0.06666666666666667,0.13534628843064328,0.25,0,0,0,0,1,0.4157469875881255,0.0007751937984496124,0.010563360626204048,0
0.5882352941176471,0.9582498125823544,0.6451612903225806,0.30000000000000004,0.06666666666666667,0.5539674568702496,0.0,0,1,0,0,0,0.04496381505314611,0.0009389671361502347,0.01481918725715501,0
0.2689075630252101,0.24353434133584934,0.5483870967741935,0.5,0.06666666666666667,0.43687941275916364,0.75,1,0,1,0,0,0.013642985496509628,0.00202020202020202,0.008520103416540024,0
0.5042016806722689,0.15401504151404466,0.9354838709677419,0.22499999999999998,0.0,0.4072472785692707,0.75,0,0,0,0,0,0.004963193543242913,0.0,0.002922919759098902,0
0.05042016806722689,0.4399231660133438,0.6129032258064516,0.5,0.0,0.21236262801878242,0.0,0,0,0,0,1,0.021834079867143495,0.0,0.07143169240829586,0
0.1092436974789916,0.49027784362253046,0.06451612903225806,0.475,0.0,0.5107486760472081,0.25,0,0,0,1,0,0.16621896929219307,0.0,0.03953650643405309,0
0.6386554621848739,0.4537704910401523,0.22580645161290322,0.95,0.0,0.32539528518753413,0.5,0,0,0,1,0,0.0573939328934418,0.0,0.006514897190645881,0
0.7058823529411764,0.9905247052982832,0.3548387096774194,0.7,1.0,0.23429012722351042,0.0,0,0,0,0,1,0.0818798711892736,0.011764705882352941,0.01276020963622292,1
0.680672268907563,0.28961684805722043,0.6774193548387096,0.5,0.0,0.9683171644702487,0.25,1,0,0,0,1,0.013081876573777887,0.0,0.003925950733718373,0
0.42016806722689076,0.6654516523317026,0.12903225806451613,0.22499999999999998,0.0,0.4665415572125667,1.0,0,0,0,0,1,0.1337920328439707,0.0,0.014454086041507306,0
0.3949579831932773,0.8470055011096015,0.45161290322580644,0.375,0.06666666666666667,0.2503076052009787,0.0,0,0,1,0,0,0.055972872464643594,0.0013888888888888887,0.019488362145531374,0
0.907563025210084,0.30804602868756853,0.4193548387096774,0.5,0.0,0.8539800611809238,0.5,0,0,0,0,1,0.022271492394499354,0.0,0.0030899755093183067,0
0.14285714285714285,0.3107112813560369,0.5483870967741935,0.375,0.0,0.757104929886021,0.5,0,0,0,0,0,0.017302839512117304,0.0,0.0198444436893844,0
0.7226890756302521,0.08832756084126604,0.7096774193548387,0.5,0.0,0.7958101670771404,0.0,1,0,0,0,0,0.0038984851932853098,0.0,0.001169762023210289,0
0.4117647058823529,0.7018907713750544,0.5161290322580645,0.95,0.0,0.17038827278929394,0.0,0,0,1,0,0,0.040929642875979076,0.0,0.015540632715058235,0
0.11764705882352941,0.5949614247750957,0.5483870967741935,0.8999999999999999,0.06666666666666667,0.4020014845077016,0.0,0,1,0,0,0,0.032789017187323605,0.0044444444444444444,0.044487732943753466,0
0.8571428571428571,0.4831996858398828,0.7741935483870968,0.5,0.16666666666666666,0.6351172100858493,0.5,1,0,1,0,0,0.019016662823098163,0.0016181229773462782,0.005132983708880043,0
0.7478991596638656,0.7011443879261672,0.1935483870967742,0.675,0.0,0.7989052255871508,0.5,0,1,0,0,0,0.10035438153628942,0.0,0.008539231250975441,0
0.3445378151260504,0.009492894136378795,0.45161290322580644,0.725,0.0,0.5873448719462055,0.0,0,0,0,0,1,0.001218835555575458,0.0,0.0005849971425499555,0
0.5714285714285714,0.46681399966017983,0.29032258064516125,0.44999999999999996,0.16666666666666666,0.9584878028285674,0.5,0,0,1,0,0,0.04704609020620434,0.0024154589371980675,0.007498386356166272,0
0.20168067226890757,0.748103109656769,0.7419354838709677,0.65,0.0,0.7954200336515088,1.0,0,0,0,0,1,0.03066400785963093,0.0,0.03328641723179625,0
0.058823529411764705,0.3813021850290225,0.06451612903225806,0.25,0.0,0.47086503584225803,0.75,0,1,0,0,0,0.13059647726557624,0.0,0.054499156747518956,0
0.38655462184873945,0.2925297790805443,0.7419354838709677,0.8,0.0,0.8092547651296743,0.5,0,1,0,0,0,0.012049005269321234,0.0,0.007060150651692771,0
0.7478991596638656,0.6977574563516666,0.8387096774193548,0.725,0.06666666666666667,0.4032158998377445,0.0,0,1,0,0,0,0.025345995870040768,0.0007407407407407408,0.008498250570598732,0
0.7731092436974789,0.7214426816017674,0.7741935483870968,0.925,0.16666666666666666,0.28252862478967805,1.0,0,1,0,0,0,0.02836202599112288,0.0017921146953405018,0.008495251709591591,0
0.37815126050420167,0.652514699917593,0.4838709677419355,0.375,0.0,0.6924928325487316,0.75,0,1,0,0,0,0.04050774550528613,0.0,0.015739814369631736,0
0.29411764705882354,0.1787366937963381,0.03225806451612903,0.375,0.0,0.7353734977362257,0.0,0,0,0,1,0,0.09694176428716544,0.0,0.005834006217185695,0
0.8403361344537815,0.9669932198892559,0.7096774193548387,0.375,0.0,0.2753641745476953,0.25,0,0,0,0,0,0.04136228874291785,0.0,0.010454629331959127,0
0.47058823529411764,0.4427355638391317,0.45161290322580644,0.22499999999999998,0.06666666666666667,0.5300952925900658,0.75,0,0,0,0,1,0.0295429287453108,0.0011695906432748538,0.008657445877236297,0
0.6302521008403361,0.07278474874642821,0.12903225806451613,0.15000000000000002,0.0,0.4396363556336267,0.5,0,0,0,1,0,0.017551733019819712,0.0,0.001144182572553725,0
0.09243697478991596,0.33299655528837896,0.25806451612903225,0.15000000000000002,0.06666666666666667,0.362738056415294,0.25,0,0,0,0,1,0.0377747871335209,0.005555555555555555,0.031885095776533326,0
0.5378151260504201,0.4682054166813158,0.5806451612903225,0.22499999999999998,0.0,0.29932436893417547,0.0,0,0,0,0,1,0.024481978101588444,0.0,0.007994964171896086,0
0.6050420168067226,0.36925396323139176,0.5806451612903225,0.5,0.06666666666666667,0.11616772936344229,0.25,1,0,0,0,0,0.019374757383866875,0.0009132420091324201,0.0056216447222271725,0
0.14285714285714285,0.2321770708930137,0.5483870967741935,0.55,0.0,0.26354213140894184,0.0,0,1,0,0,0,0.013024232218613025,0.0,0.015093262115695495,0
0.5630252100840336,0.028892861216044164,0.9032258064516129,0.9750000000000001,0.0,0.4448241298524095,0.5,0,1,0,0,0,0.0009287944401893894,0.0,0.0005985089253063784,0
0.05042016806722689,0.6130413525871965,0.25806451612903225,0.5,0.0,0.5697828657400831,0.5,0,0,1,0,0,0.06828892116928117,0.0,0.09836315286696196,0
0.40336134453781514,0.9592603508869931,0.8387096774193548,0.44999999999999996,0.0,0.5993389739290838,0.0,0,0,0,0,1,0.03484392197752682,0.0,0.021581452221334053,0
0.4117647058823529,0.19227513036954771,0.7741935483870968,0.5,0.0,0.49416300374728156,0.25,1,1,0,0,0,0.007604803193513197,0.0,0.004441526804193337,0
0.5630252100840336,0.6900967817820779,0.29032258064516125,0.5,0.0,0.1713506019058518,0.0,1,0,0,0,0,0.06894241795996564,0.0,0.011187187333885748,0
0.6134453781512604,0.017041316163308545,0.4193548387096774,0.025000000000000022,0.0,0.5111788231575198,0.0,0,1,0,0,0,0.0018875568859463814,0.0,0.00035999249143672525,0
0.25210084033613445,0.02356217212630939,0.22580645161290322,1.0,0.16666666666666666,0.9517114853279821,0.25,0,1,0,0,0,0.004658214403348727,0.005376344086021505,0.001355002835045992,0
0.20168067226890757,0.8428672451776426,0.29032258064516125,0.675,0.0,0.8336291011525941,0.75,0,0,1,0,0,0.08392392305325608,0.0,0.03741422294287082,0
0.4369747899159664,0.5523858197884042,0.3225806451612903,0.09999999999999998,0.0,0.11441512997445126,0.0,0,1,0,0,0,0.050330584427874095,0.0,0.011578280661579848,0
0.1092436974789916,0.9860211488037102,0.22580645161290322,0.5,0.5,0.80716605078937,0.25,1,1,0,0,0,0.12263818694424995,0.03571428571428571,0.07809713222780747,1
0.01680672268907563,0.8350138751737842,0.3870967741935484,0.30000000000000004,0.06666666666666667,0.9859451932560935,0.0,0,0,1,0,0,0.06379347550782062,0.02222222222222222,0.3103439738986994,0
0.5042016806722689,0.48650354073266655,0.03225806451612903,0.5,0.0,0.4192073689201707,0.25,1,0,0,0,0,0.24784824458577812,0.0,0.008858484464891457,0
0.5042016806722689,0.03758414397921911,0.22580645161290322,0.4,1.0,0.6005053728375104,0.25,0,1,0,0,0,0.006377053225847522,0.01639344262295082,0.0008444023736989022,1
0.1680672268907563,0.7629895567568088,0.967741935483871,0.275,0.0,0.9115937650676531,0.0,0,0,0,0,1,0.02404350227310646,0.0,0.04043524303877988,0
0.5294117647058824,0.27361169350539616,0.5483870967741935,0.95,0.0,0.4304472129468278,0.0,0,0,1,0,0,0.015281623965059733,0.0,0.004811851086388204,0
0.5126050420168067,0.01833238373970673,0.6451612903225806,0.75,0.06666666666666667,0.8527256321662008,0.5,0,1,0,0,0,0.001071705112838927,0.001075268817204301,0.0004895449458274217,0
0.3949579831932773,0.7684948314217122,0.4838709677419355,0.875,0.06666666666666667,0.5350369826480657,1.0,0,1,0,0,0,0.04761627327723526,0.0013888888888888887,0.017707203121203816,0
0.29411764705882354,0.20475082242648182,0.25806451612903225,0.725,0.06666666666666667,0.7764055306914964,0.0,0,0,0,0,1,0.023800924666486378,0.0018518518518518517,0.006620910725898532,0
0.05042016806722689,0.5689811883277119,0.5483870967741935,0.30000000000000004,0.0,0.9643318014761048,0.25,0,1,0,0,0,0.031373592896490755,0.0,0.09150884948589902,0
0.9915966386554621,0.43487363912167304,0.5161290322580645,0.32499999999999996,0.0,0.40883582185107303,0.0,0,1,0,0,0,0.025526609508770573,0.0,0.0039747611205341125,0
0.3529411764705882,0.1741162501051985,0.25806451612903225,0.125,0.0,0.0,0.0,0,0,1,0,0,0.020462932120449605,0.0,0.004735983739208359,0
0.7058823529411764,0.9774011008752636,0.0,0.95,0.0,0.16790342297065597,0.5,0,0,0,1,0,0.9778382866154333,0.0,0.012592077993352071,0
0.9831932773109243,0.1666507005902099,0.8709677419354839,0.125,0.06666666666666667,0.7196561223938587,0.0,0,0,0,0,1,0.005813170006260025,0.0005649717514124294,0.0015347668451102436,0
0.6638655462184874,0.06996434746543437,0.967741935483871,0.525,1.0,0.49381288400633017,0.25,0,0,1,0,0,0.002120330375302102,0.0125,0.0010389718038450596,1
0.29411764705882354,0.8597284223478846,0.3870967741935484,0.275,0.0,0.9045813668274549,0.0,0,0,1,0,0,0.06565781652957571,0.0,0.026433406997130284,0
0.6386554621848739,0.535073161993241,0.06451612903225806,0.0,0.0,0.721974915421074,0.0,0,0,0,0,1,0.18086188030631803,0.0,0.007664715815761301,0
0.2184873949579832,0.25726710670153397,0.7096774193548387,0.5,0.0,0.6125534932947068,0.5,1,0,0,0,0,0.011101586728777936,0.0,0.01101004313519746,0
0.49579831932773105,0.10546873644185084,0.06451612903225806,0.275,0.0,0.6109169335912882,1.0,0,1,0,0,0,0.04043070125845502,0.0,0.00209374862052493,0
0.42016806722689076,0.5635051507746834,0.6451612903225806,0.15000000000000002,0.0,0.7714238269488165,0.25,0,0,0,0,0,0.026530093576413855,0.0,0.012277291689485704,0
0.01680672268907563,0.3840796698231722,0.5161290322580645,0.475,0.0,0.9105013914758847,0.25,0,1,0,0,0,0.022596530837955753,0.0,0.14665961712401984,0
0.6302521008403361,0.13530028861847826,0.7096774193548387,0.09999999999999998,0.0,0.6425897656998694,0.0,0,0,1,0,0,0.005901268649671346,0.0,0.002039938405458622,0
0.5294117647058824,0.8313097250188377,0.8064516129032258,0.4,0.0,0.6616442823445619,0.25,0,1,0,0,0,0.03138659222411521,0.0,0.014301155714938996,0
0.8235294117647058,0.9270583467809757,0.8387096774193548,0.42500000000000004,0.0,0.7497324084837014,0.5,0,0,0,0,1,0.03367432782808004,0.0,0.010230445980339928,0
0.008403361344537815,0.7957493731069123,0.22580645161290322,0.09999999999999998,0.0,0.18952881885604875,0.0,0,0,0,0,1,0.09931432648267209,0.0,0.44423316158868303,0
0.7226890756302521,0.14007367588856626,0.25806451612903225,0.7,0.0,0.9388310802294384,0.0,0,0,0,1,0,0.016753598176065636,0.0,0.0018174618012759124,0
0.29411764705882354,0.17989627603721003,0.8709677419354839,0.75,1.0,0.9513433594289247,0.0,0,0,0,0,1,0.006277074788665936,0.02777777777777778,0.005869082559989201,1
0.5042016806722689,0.9927099344071929,0.12903225806451613,0.675,0.06666666666666667,0.3176846481496672,0.0,0,1,0,0,0,0.19797749789739122,0.001092896174863388,0.017895250582222376,0
0.4117647058823529,0.6507042040149333,0.7419354838709677,0.7,0.0,0.8819876397728023,0.0,0,0,1,0,0,0.02668422950315239,0.0,0.014425821695477566,0
0.31932773109243695,0.7018529182986467,0.6451612903225806,0.275,1.0,0.6676103227303738,0.25,0,1,0,0,0,0.03299063493442972,0.025641025641025644,0.019977041657385695,1
0.7142857142857143,0.15515439053014846,0.3225806451612903,0.025000000000000022,0.5,0.2854756326663719,0.0,0,1,0,0,0,0.014917237987764132,0.005813953488372093,0.002031788352205911,1
0.31092436974789917,0.580554184555512,0.7419354838709677,0.30000000000000004,0.0,0.18266647193340121,0.0,0,0,0,1,0,0.02381785716240161,0.0,0.017031745934829493,0
0.9915966386554621,0.8104631129937198,0.25806451612903225,0.275,0.0,0.2644004249453313,0.0,0,0,0,1,0,0.08980031547735833,0.0,0.0074117782937570395,0
0.5966386554621849,0.3227120540978038,0.3870967741935484,0.475,0.0,0.3223282362567998,0.0,0,0,0,1,0,0.025148005136723123,0.0,0.0049984666715957825,0
0.9495798319327731,0.5656663082670425,0.16129032258064516,0.175,0.0,0.3600431347520852,0.0,0,0,1,0,0,0.09506072388891662,0.0,0.005406900462801529,0
0.38655462184873945,0.2469597384960846,0.16129032258064516,0.825,0.16666666666666666,0.4488835181632118,0.0,0,0,0,0,0,0.04297054894973668,0.0035460992907801418,0.006004313818213476,0
0.04201680672268907,0.27354876838053716,0.3548387096774194,0.475,0.0,0.2505736962041018,0.0,0,0,1,0,0,0.023287727939656916,0.0,0.05317293285594864,0
0.5294117647058824,0.5307547262342603,0.16129032258064516,0.5,0.0,0.8003177086563604,0.0,1,0,1,0,0,0.08935469022667343,0.0,0.00918717327293386,0
0.09243697478991596,0.2054309119492117,0.8064516129032258,0.675,0.06666666666666667,0.4181129946441683,0.0,0,0,0,0,1,0.007780018783111745,0.005555555555555555,0.020308850268452666,0
0.1680672268907563,0.5220782253628434,0.5483870967741935,0.875,1.0,0.7120515216203942,0.75,0,0,0,0,1,0.028818281545612216,0.047619047619047616,0.02794263298263702,1
0.42857142857142855,0.6505604684928673,0.03225806451612903,0.7,0.0,0.1900129844406787,0.0,0,1,0,0,0,0.3282898314017145,0.0,0.013860579991935944,0
0.9495798319327731,0.5045916353357938,0.9354838709677419,0.65,0.0,0.9094090178841163,0.75,0,0,0,1,0,0.01642301134046036,0.0,0.0048234935783384005,0
0.5042016806722689,0.6120158486380018,0.967741935483871,0.8,0.0,0.40714324298910226,0.0,0,1,0,0,0,0.019267597283269395,0.0,0.011099122642441242,0
0.008403361344537815,0.5928653974411728,0.3225806451612903,0.7,0.5,0.8093808082364168,0.25,0,0,0,1,0,0.0539393555410854,0.25,0.33376604910522584,1
0.42016806722689076,0.4514784198876388,0.6129032258064516,0.5,0.16666666666666666,0.42316672301927255,1.0,1,1,0,0,0,0.022400665484952915,0.0032679738562091504,0.00988526105237776,0
0.008403361344537815,0.6082587368432486,0.6774193548387096,0.22499999999999998,0.0,0.9198565909541062,0.25,0,0,1,0,0,0.027285404752529222,0.0,0.34214747868656803,0
0.5462184873949579,0.9970690612024627,1.0,0.32499999999999996,0.0,0.9834203297527754,0.75,0,0,0,0,1,0.030442463572502784,0.0,0.016596912608428372,0
0.7899159663865546,0.7836919432523992,0.8064516129032258,0.8,0.0,0.24649430105095943,0.5,0,0,0,0,0,0.029590569353722795,0.0,0.009025910336636096,0
0.226890756302521,0.24337163844162435,0.4193548387096774,0.5,0.16666666666666666,0.38195062711447314,0.0,0,1,0,0,0,0.01774126129139167,0.005952380952380952,0.010069544244614422,0
0.4453781512605042,0.5743058748260422,0.967741935483871,0.025000000000000022,0.5,0.8518053174185571,0.25,0,0,0,0,1,0.01807467929550006,0.009259259259259259,0.01180235037032715,1
0.6218487394957983,0.4501515000986344,0.45161290322580644,0.875,0.5,0.7707696032042959,0.0,0,0,0,1,0,0.030027760190577738,0.006666666666666667,0.0066412069187301885,1
0.8151260504201681,0.12346703717764196,0.6129032258064516,0.32499999999999996,0.06666666666666667,0.2138091227199702,0.5,0,0,0,0,1,0.006317372643184506,0.0006802721088435374,0.0014073557483131943,0
0.3025210084033613,0.15843982930916747,0.3548387096774194,0.65,0.0,0.29330431007404534,0.0,0,1,0,0,0,0.013880885812743474,0.0,0.005073767033323519,0
0.03361344537815126,0.7787443174957613,0.03225806451612903,0.8999999999999999,0.06666666666666667,0.2741037434802702,0.25,0,0,0,0,1,0.3911418691592364,0.013333333333333334,0.17387435069157087,0
0.11764705882352941,0.5556387547391378,0.7741935483870968,0.04999999999999999,0.0,0.3477109171336597,1.0,0,1,0,0,0,0.0218581709406913,0.0,0.04163299011203849,0
0.9159663865546218,0.9594978615870207,0.3225806451612903,0.575,0.0,0.1417824896114471,0.75,0,0,0,0,1,0.08662479156822037,0.0,0.009509323152360213,0
0.7899159663865546,0.8286578046367201,0.6129032258064516,0.475,0.0,0.8513471607289693,0.0,0,0,0,0,1,0.04089479958688092,0.0,0.009541346117231269,0
0.1680672268907563,0.9256429193942217,0.8387096774193548,0.8500000000000001,0.16666666666666666,0.6243055124852699,0.25,0,1,0,0,0,0.03362291874232675,0.007936507936507936,0.0488697364351353,0
0.8739495798319328,0.0510548778548192,0.4193548387096774,0.32499999999999996,0.5,0.800703840713524,0.0,0,0,1,0,0,0.004270096474126216,0.0047619047619047615,0.0005497229397578401,1
0.226890756302521,0.016486729801678052,0.9032258064516129,0.5,0.0,0.2863299248342933,0.0,1,0,1,0,0,0.000509272740452979,0.0,0.001245598495999946,0
0.6638655462184874,0.5411709373471151,0.25806451612903225,0.5,1.0,0.3541591224198676,0.75,0,0,0,0,1,0.060457804487254345,0.0125,0.00745308499299674,1
0.5546218487394958,0.8075750498490716,0.0967741935483871,0.5,0.0,0.4717253300628815,0.0,0,1,0,0,0,0.20226874752793433,0.0,0.013266433633398314,0
0.8487394957983193,0.38260666655968173,0.03225806451612903,0.55,0.0,0.11615372457380424,0.0,0,1,0,0,0,0.19690477308601445,0.0,0.00411124421845269,0
0.1680672268907563,0.09128447003426744,0.25806451612903225,0.525,0.06666666666666667,0.2858757695131735,0.5,0,1,0,0,0,0.011437447398417675,0.003174603174603174,0.005603549267473431,0
0.4453781512605042,0.7840414206573997,0.16129032258064516,0.0,0.16666666666666666,0.665945753447679,0.0,0,0,0,0,1,0.13075248203168635,0.0030864197530864196,0.0160318942206076,0
0.6554621848739496,0.06514208195105291,0.12903225806451613,0.6,0.16666666666666666,0.1385653893631622,0.0,0,0,0,0,1,0.016052769817426742,0.0021097046413502112,0.0009880841866471758,0
0.5798319327731092,0.08704672217062852,0.8064516129032258,0.925,0.06666666666666667,0.45941111860256206,0.25,0,0,0,1,0,0.0033148651273178014,0.0009523809523809524,0.0014805988319484464,0
0.2857142857142857,0.834347403775091,0.4838709677419355,0.35,0.0,0.5435919084326839,0.0,0,1,0,0,0,0.051652437345661564,0.0,0.026404449350514232,0
0.8823529411764706,0.09622705279744648,0.29032258064516125,0.5,0.0,0.7679626432239826,0.0,1,0,0,0,1,0.010704312427109255,0.0,0.0010067903385129109,0
0.5210084033613445,0.6115475240065885,0.06451612903225806,0.025000000000000022,0.0,0.5177430681293002,0.0,0,0,0,1,0,0.2058601908118108,0.0,0.0107325728370489,0
0.5042016806722689,0.08498472993830847,0.22580645161290322,0.8,0.0,0.11591164178148926,0.0,0,0,0,0,1,0.012187503297373467,0.0,0.0016905947855081925,0
0.12605042016806722,0.38820165342401086,0.4193548387096774,0.8500000000000001,0.16666666666666666,0.28963105382040655,0.0,0,0,0,0,0,0.027886133721447635,0.010416666666666666,0.027623059346159946,0
0.8907563025210083,0.06553976384008721,0.12903225806451613,0.04999999999999999,1.0,0.2310910331333316,0.5,0,0,1,0,0,0.016130767528681308,0.009345794392523364,0.0006832718604884657,1
0.6638655462184874,0.1327989638628889,0.03225806451612903,0.925,0.0,0.44775113088676327,0.0,0,0,0,0,1,0.07441724221413261,0.0,0.0018942831480081351,0
0.8235294117647058,0.10519572061783572,0.3870967741935484,0.15000000000000002,0.06666666666666667,0.5819390231459158,0.25,0,1,0,0,0,0.008739667951673077,0.0006734006734006734,0.0011902199727352179,0
0.6974789915966386,0.058600196501158885,0.967741935483871,0.95,0.0,0.1214995528470737,0.5,0,0,1,0,0,0.0017608366199203071,0.0,0.000833020717176113,0
0.1680672268907563,0.13285974520510344,0.0,0.8500000000000001,0.06666666666666667,0.7150365424975341,0.25,0,0,1,0,0,0.1496349585476172,0.003174603174603174,0.007759461559688267,0
0.29411764705882354,0.35085103883419383,0.7096774193548387,0.15000000000000002,0.16666666666666666,0.14779854710310925,0.0,0,0,1,0,0,0.015091739311523434,0.004629629629629629,0.011040313760676055,0
0.13445378151260504,0.5213788213793359,0.29032258064516125,0.5,0.0,0.7925210421964312,0.25,1,0,0,0,1,0.05239701430717656,0.0,0.03451779219806619,0
0.6890756302521008,0.5124590318032402,0.8709677419354839,1.0,0.0,0.9617809290777446,0.0,0,1,0,0,0,0.01792454555860454,0.0,0.00680004627533887,0
0.19327731092436973,0.43314152399588995,0.7096774193548387,0.6,0.06666666666666667,0.3586786681044917,0.0,0,1,0,0,0,0.018600371449761302,0.0027777777777777775,0.02039039326993828,0
0.6386554621848739,0.31078506831296104,0.06451612903225806,0.42500000000000004,0.0,0.8953422070348058,0.0,0,0,0,0,1,0.10754550000717814,0.0,0.004492733585878346,0
0.6722689075630252,0.8484121696129795,0.3548387096774194,0.30000000000000004,0.0,0.9931436551300544,0.0,0,0,0,0,1,0.07026626239197467,0.0,0.011489266313358183,0
0.6638655462184874,0.8099991167615505,0.6774193548387096,0.925,0.0,0.8420399776723639,0.0,0,1,0,0,0,0.03627802396489452,0.0,0.011112402176210862,0
0.6554621848739496,0.48917657226958755,0.8709677419354839,0.2,0.0,0.8322706365577027,0.0,0,0,1,0,0,0.017109115200969176,0.0,0.006833149154516663,0
0.36134453781512604,0.45436527843061064,0.5806451612903225,0.65,0.5,0.4142836850202769,0.0,0,0,0,0,1,0.023767641542137057,0.011363636363636362,0.011559941303941399,1
0.11764705882352941,0.5202329593473884,0.22580645161290322,0.4,0.0,0.19417640833164942,0.0,0,0,0,0,1,0.06554102318601486,0.0,0.03906260411069785,0
0.7647058823529411,0.7325381655582494,0.4838709677419355,0.8500000000000001,0.06666666666666667,0.6927749290257268,0.25,0,1,0,0,0,0.0454124565151544,0.0007246376811594203,0.008721013484251538,0
0.7394957983193277,0.6797068064853957,0.03225806451612903,0.5,0.0,0.5240492248348935,0.25,1,1,0,0,0,0.34258107597152404,0.0,0.008375035574413625,0
0.6638655462184874,0.022797678818320875,0.6451612903225806,0.925,0.0,0.5247354595271583,0.0,0,1,0,0,0,0.0012802247300863435,0.0,0.000396934196659296,0
0.6134453781512604,0.6897864641400494,0.0,0.4,0.0,0.10855112448457371,0.25,0,1,0,0,0,0.6957876827630011,0.0,0.01025996766668851,0
0.1764705882352941,0.8763360206567545,0.5483870967741935,0.525,0.06666666666666667,0.7071558472997765,0.75,0,0,1,0,0,0.04811853270735193,0.0030303030303030303,0.0441990278584818,0
0.6050420168067226,0.21018130970256016,0.967741935483871,0.09999999999999998,0.5,0.2897791044537232,0.0,0,0,0,0,0,0.006555956273031924,0.00684931506849315,0.0032486983867324576,1
0.07563025210084033,0.6104308990865158,0.3548387096774194,0.575,0.06666666666666667,0.68510430567254,0.25,0,0,0,0,1,0.05081814429563188,0.006666666666666667,0.06851227662274079,0
0.5042016806722689,0.30322376317318706,0.03225806451612903,0.7749999999999999,0.0,0.8394831032213016,0.0,0,0,1,0,0,0.15798117015350283,0.0,0.0055865848908486036,0
0.5966386554621849,0.25400008403627966,0.06451612903225806,0.04999999999999999,0.06666666666666667,0.9740351200110438,0.0,0,0,1,0,0,0.08898334882832622,0.0009259259259259259,0.003959228344364213,0
0.24369747899159663,0.063091237388484,0.8387096774193548,0.125,0.0,0.15862825086179472,0.0,0,0,0,0,1,0.0022945766444859017,0.0,0.0028414396369462404,0
0.31932773109243695,0.7853209526414731,0.6451612903225806,0.7749999999999999,0.0,0.5355831694439498,0.75,0,1,0,0,0,0.0368884115129402,0.0,0.02230765822909897,0
0.6554621848739496,0.1034362059081588,0.7419354838709677,0.8,0.0,0.6557442645384721,0.0,0,1,0,0,0,0.0043225271851834186,0.0,0.001515946064695796,0
0.008403361344537815,0.19084032727108352,0.5483870967741935,0.4,0.0,0.0,0.0,0,1,0,0,0,0.010772172998716991,0.0,0.11486976366956664,0
0.15126050420168066,0.3612949557856059,0.29032258064516125,0.25,0.0,0.15793401343259394,0.25,0,0,0,0,0,0.036698317095424066,0.0,0.02168904237880045,0
0.5546218487394958,0.02112528335191891,0.4193548387096774,0.025000000000000022,0.0,0.9572453779192484,0.0,0,0,1,0,0,0.0021736255309163155,0.0,0.00048406211158026635,0
0.2184873949579832,0.8632409183344173,0.1935483870967742,0.65,0.16666666666666666,0.5758109273371493,0.5,0,0,0,0,1,0.12306305311305304,0.006172839506172839,0.035450276174986486,0
0.3277310924369748,0.6900552332327307,0.22580645161290322,0.6,0.06666666666666667,0.8949580756618764,0.5,0,0,1,0,0,0.08635814650798027,0.0016666666666666668,0.019151627957666922,0
0.6554621848739496,0.7463955765719755,0.25806451612903225,0.875,0.0,0.5128173835451725,0.0,0,0,0,0,1,0.08281941309113032,0.0,0.010378761187134006,0
0.8655462184873949,0.8606303627488487,0.9032258064516129,0.5,0.0,0.3565599435006772,0.25,1,1,0,0,0,0.029054558928988807,0.0,0.009033799774530313,0
0.4369747899159664,0.602167617424061,0.9354838709677419,0.75,0.0,0.8008498906626066,0.0,0,0,0,1,0,0.01961262238644093,0.0,0.012601125967855184,0
0.19327731092436973,0.7873137721537988,0.967741935483871,0.15000000000000002,0.0,0.8730825942472326,0.25,0,1,0,0,0,0.024812974939148,0.0,0.036460491728674216,0
0.5798319327731092,0.6162646012525489,0.4838709677419355,0.5,0.0,0.910303323736718,0.0,1,1,0,0,0,0.03828594397984804,0.0,0.00971347757599286,0
0.5378151260504201,0.0036326703164872437,0.7741935483870968,0.75,0.0,0.46899439608346055,0.75,0,1,0,0,0,0.00020507967816824437,0.0,0.00021181017789810344,0
0.8403361344537815,0.05093272307804067,0.5806451612903225,0.09999999999999998,0.0,0.3071310388152748,0.0,0,0,0,0,1,0.002945116626495421,0.0,0.0005777890050816791,0
0.7226890756302521,0.33869818002653634,0.29032258064516125,0.0,0.0,0.20214113226723537,0.0,0,0,0,1,0,0.034482353985788895,0.0,0.004303620368560856,0
0.8403361344537815,0.3002564413216269,0.5483870967741935,0.42500000000000004,0.06666666666666667,0.8256963881647523,0.0,0,0,0,1,0,0.016733251372631153,0.0006600660066006601,0.0032659635998462094,0
0.6134453781512604,0.9448787339742549,0.22580645161290322,0.42500000000000004,0.0,0.8524215281626316,0.0,0,1,0,0,0,0.11759487487644381,0.0,0.014013851505691061,0
0.8823529411764706,0.2979151652531789,0.3870967741935484,0.32499999999999996,0.0,0.8657941015827413,0.5,0,0,1,0,0,0.023277452673865055,0.0,0.0030787900347343717,0
0.9579831932773109,0.34804149938526524,0.8387096774193548,0.575,0.06666666666666667,0.10036032323054485,0.0,0,0,0,0,0,0.012644123778804929,0.0005797101449275362,0.0032974602288997684,0
0.6218487394957983,0.7335212430280615,0.9032258064516129,0.5,0.06666666666666667,0.9384469488565089,0.5,1,1,0,0,0,0.024756278330774775,0.0008888888888888889,0.01075561594341223,0
0.5294117647058824,0.8208021683483518,0.4193548387096774,0.175,0.0,0.0,0.5,0,0,0,0,1,0.05818839556694762,0.0,0.01412236826991715,0
0.15966386554621848,0.10483595305614182,0.967741935483871,0.42500000000000004,0.0,0.9049574954634485,0.25,0,0,0,0,1,0.0032234593718637435,0.0,0.006631193569325063,0
0.31092436974789917,0.9948503686673221,0.967741935483871,0.44999999999999996,0.0,0.5505222786192878,0.5,0,0,0,0,1,0.031378191354729065,0.0,0.028904257128940222,0
0.5630252100840336,0.12531695826398195,0.16129032258064516,0.525,1.0,0.7849984694765609,0.0,0,0,0,0,1,0.02308895784563059,0.014705882352941176,0.002142667577003747,1
0.2857142857142857,0.693623426734064,0.6129032258064516,0.95,0.0,0.7761754520045855,0.0,0,1,0,0,0,0.03427369569234144,0.0,0.02202605064120258,0
0.3529411764705882,0.1669947062452227,0.22580645161290322,0.8500000000000001,0.0,0.32415486096244917,0.75,0,0,1,0,0,0.022240435409006484,0.0,0.0045556317449668175,0
0.8655462184873949,0.9391859497873837,0.4193548387096774,0.925,0.16666666666666666,0.4261637480018166,0.25,0,0,0,0,1,0.06648079518199057,0.0016025641025641027,0.009856343493186284,0
0.0,0.5093463410714086,0.967741935483871,0.5,0.0,0.46399268549844047,0.0,1,1,0,0,0,0.016019748239874777,0.0,0.576774691422572,0
0.9831932773109243,0.3449507160703623,0.6129032258064516,0.5,0.06666666666666667,0.17149665185493437,0.5,1,0,1,0,0,0.01717732158115548,0.0005649717514124294,0.003180216597666144,0
0.36974789915966383,0.9120065629966047,0.5483870967741935,0.8500000000000001,0.0,0.5316278167133159,0.5,0,0,1,0,0,0.050061892699369615,0.0,0.022373379637682947,0
0.7226890756302521,0.8163564123172685,0.6451612903225806,0.09999999999999998,0.0,0.9911109599483022,0.25,0,0,1,0,0,0.038337700318889174,0.0,0.010282409902096414,0
0.06722689075630252,0.4282014933549067,0.3225806451612903,0.8500000000000001,0.0,0.24025416692508836,0.0,0,0,0,1,0,0.039259500292781704,0.0,0.054096990527870065,0
0.2184873949579832,0.027954823598743014,0.06451612903225806,0.15000000000000002,0.0,0.4112606511426908,0.25,0,0,0,0,1,0.015092577333870845,0.0,0.001761383324608775,0
0.25210084033613445,0.15883228445194483,0.3548387096774194,0.09999999999999998,0.0,0.33646307037006656,0.25,0,0,0,0,1,0.013912957723055432,0.0,0.006106772798051514,0
0.6134453781512604,0.020071175217153955,0.3548387096774194,0.875,0.06666666666666667,0.9947822155177071,0.5,0,0,0,0,0,0.0025732315605394495,0.0009009009009009009,0.0004045792558419268,0
0.680672268907563,0.1476199949668067,0.22580645161290322,0.7,0.0,0.20165696668260544,0.0,0,0,0,0,1,0.019865448048499403,0.0,0.0020402180930264224,0
0.36974789915966383,0.7438993560607777,0.4193548387096774,0.5,0.0,0.9158392170122182,0.0,1,0,1,0,0,0.052801603193385685,0.0,0.0183053035251772,0
0.025210084033613446,0.41973104062108774,0.25806451612903225,0.5,0.16666666666666666,0.3414087617965344,0.0,1,1,0,0,0,0.04722551693279982,0.041666666666666664,0.11965246608811873,0
0.6554621848739496,0.8664043044215456,0.6129032258064516,0.5,0.06666666666666667,0.9823739718983893,0.0,0,0,0,0,1,0.04274561343600834,0.0008438818565400844,0.012033010610253265,0
0.42857142857142855,0.9450500528330128,0.8064516129032258,0.5,0.0,0.4318116795944213,0.0,1,0,0,0,0,0.03567659109559073,0.0,0.02002769214628265,0
0.5294117647058824,0.750367005380241,0.6451612903225806,0.5,0.16666666666666666,0.18994496117672244,0.5,1,0,1,0,0,0.0352561378163807,0.0026041666666666665,0.012923904800085245,0
0.8235294117647058,0.09669094694472793,0.7741935483870968,0.8,0.06666666666666667,0.4592410604426714,0.0,0,0,1,0,0,0.003855400595684802,0.0006734006734006734,0.0010966701826597668,0
0.7394957983193277,0.25419888414684166,0.3870967741935484,0.7749999999999999,0.0,0.7427740287178215,0.0,0,1,0,0,0,0.01997971650208799,0.0,0.003168691155607714,0
0.7899159663865546,0.4284414336752646,0.5483870967741935,0.5,0.0,0.2806799925574546,0.0,1,0,0,0,1,0.023716873414140017,0.0,0.00495373606767899,0
0.05042016806722689,0.16523380318107128,0.29032258064516125,0.6,0.0,0.43394841035634185,0.0,0,0,1,0,0,0.01747149084213337,0.0,0.028699118437059096,0
0.9831932773109243,0.8404997332930221,0.5483870967741935,0.125,1.0,0.20065462388136743,0.0,0,1,0,0,0,0.046166142792401756,0.00847457627118644,0.007753413103412451,1
0.8907563025210083,0.9247908576694518,0.6774193548387096,0.6,0.06666666666666667,0.6748187880255047,1.0,0,0,1,0,0,0.04139488958756902,0.0006230529595015575,0.00942810580531548,0
0.4117647058823529,0.6830944526541111,0.06451612903225806,0.35,1.0,0.6042986701451897,0.75,0,1,0,0,0,0.22924779799097156,0.02,0.015131260797417528,1
0.5378151260504201,0.09045296820590669,0.5806451612903225,0.25,1.0,0.26520870137587055,0.0,0,1,0,0,0,0.004984890754609827,0.015384615384615385,0.0016663417955308667,1
0.1092436974789916,0.7022123183547444,0.03225806451612903,0.32499999999999996,0.0,0.7255021217256301,0.0,0,1,0,0,0,0.3536161423450788,0.0,0.05602150156668135,0
0.3277310924369748,0.7614321701250373,0.7419354838709677,0.8999999999999999,0.06666666666666667,0.6727600839487105,0.5,0,0,0,0,1,0.03120864135437343,0.0016666666666666668,0.02109480855892782,0
0.9579831932773109,0.11905833796084131,0.967741935483871,0.925,0.06666666666666667,0.2999845947313981,0.5,0,1,0,0,0,0.0036733705509697425,0.0005797101449275362,0.0011291523002029454,0
0.2773109243697479,0.5875963063727553,0.3548387096774194,0.42500000000000004,0.0,0.8756354673298268,0.75,0,1,0,0,0,0.048952073680928944,0.0,0.01928364107967008,0
0.6302521008403361,0.9226947486676187,0.45161290322580644,0.4,0.0,0.9869815476893097,0.5,0,0,0,0,1,0.06092120616124164,0.0,0.013322144107106195,0
0.3949579831932773,0.4410604120807583,0.03225806451612903,0.7,0.0,0.5625583949710801,0.25,0,1,0,0,0,0.22556623901278916,0.0,0.010278750743927033,0
0.11764705882352941,0.6878287209951823,0.6451612903225806,0.375,0.0,0.35925686584812005,0.25,0,0,0,0,1,0.032335735268800396,0.0,0.05122970260000051,0
0.6050420168067226,0.4772585291209189,0.3870967741935484,0.6,0.0,0.889132083172445,0.0,0,0,1,0,0,0.03680621320031999,0.0,0.007232789272586979,0
0.8067226890756303,0.07922895937564556,0.3225806451612903,0.925,0.0,0.19316206142500733,0.25,0,0,0,0,1,0.008148454354228798,0.0,0.0009272082302462138,0
0.18487394957983191,0.7258996465535346,0.967741935483871,0.75,1.0,0.40613689881939624,0.5,0,0,1,0,0,0.022870199388653027,0.043478260869565216,0.03514634627532858,1
0.2857142857142857,0.36046257602720977,1.0,0.875,0.0,0.7376062613413787,0.0,0,1,0,0,0,0.010933368260300592,0.0,0.01166029016882205,0
0.15966386554621848,0.2416079178345688,0.5806451612903225,0.44999999999999996,0.06666666666666667,0.2567778180137607,0.0,0,1,0,0,0,0.01278651128078367,0.0033333333333333335,0.014078210500151764,0
0.7899159663865546,0.9690327942802083,0.16129032258064516,0.75,0.0,0.43790776445544377,0.25,0,0,1,0,0,0.160987920922,0.0,0.0111504399972422,0
0.4453781512605042,0.14222787119157523,0.6451612903225806,0.575,0.0,0.40028289675068873,0.0,0,0,0,0,0,0.0068573562663039695,0.0,0.0030890306711329595,0
0.3277310924369748,0.12422264910038919,0.5806451612903225,0.575,0.0,0.0,0.0,0,0,1,0,0,0.006727858724074044,0.0,0.003747283796663804,0
0.4369747899159664,0.28541877038099267,0.6129032258064516,0.35,0.0,0.8030206330565053,0.5,0,0,0,0,1,0.014258307893118601,0.0,0.006093022868860844,0
0.7731092436974789,0.3211655292980974,0.9032258064516129,0.175,0.16666666666666666,0.5122611933281181,0.25,0,1,0,0,0,0.010812191802746153,0.0017921146953405018,0.0038082716701890824,0
0.7647058823529411,0.4874246322585877,0.25806451612903225,0.5,0.06666666666666667,0.8283933105121951,0.0,1,0,1,0,0,0.05460152015982858,0.0007246376811594203,0.00581969961482557,0
0.11764705882352941,0.6241645627992134,0.8709677419354839,0.825,0.0,0.13296347350793972,1.0,0,0,0,0,0,0.02183685048318675,0.0,0.046607819114445816,0
0.453781512605042,0.6669007677314406,0.3225806451612903,0.55,0.06666666666666667,0.5423934985765132,0.25,0,1,0,0,0,0.06053963946576578,0.0012121212121212121,0.01341759318867281,0
0.4369747899159664,0.350199328910281,0.06451612903225806,0.8,0.06666666666666667,0.48411156615562523,0.5,0,0,1,0,0,0.12042942474765839,0.0012578616352201257,0.007424041300829187,0
0.3949579831932773,0.5812768434764674,0.5161290322580645,1.0,0.0,0.5237271146732182,0.0,0,1,0,0,0,0.03397196064677638,0.0,0.01345981852913786,0
0.2689075630252101,0.15488043552516528,0.7741935483870968,0.175,0.0,0.39912450057919807,0.0,0,0,1,0,0,0.006137952078916338,0.0,0.005594609595046808,0
0.6218487394957983,0.320334905399772,0.5806451612903225,0.5,0.0,0.6741805697548562,0.0,1,0,1,0,0,0.016849878597973107,0.0,0.004756324774077532,0
0.20168067226890757,0.5999270583059471,0.06451612903225806,0.95,0.5,0.6343929623931385,0.0,0,0,1,0,0,0.2020616366015467,0.02,0.02683205612093404,1
0.4369747899159664,0.28137322794416186,0.03225806451612903,0.5,0.0,0.22260613129690354,0.5,1,1,0,0,0,0.14726725669311244,0.0,0.006009900838532913,0
0.9243697478991596,0.16449070686557213,1.0,0.5,0.0,0.7152266074997649,0.0,1,0,0,0,1,0.0049277211878673,0.0,0.0016224840461224153,0
0.1680672268907563,0.4649053185124043,0.7741935483870968,0.5,0.0,0.11806437801728191,0.75,1,1,0,0,0,0.01829904463643211,0.0,0.02497789559595632,0
0.6722689075630252,0.6179723589240955,0.03225806451612903,0.575,0.0,0.5208541321131827,0.0,0,0,0,0,1,0.3123109923436327,0.0,0.008391221168632125,0
1.0,0.8634807974038424,0.8709677419354839,0.0,0.0,0.5749186221687816,0.25,0,1,0,0,0,0.030218513188947596,0.0,0.007829533296156089,0
0.6386554621848739,0.3886162201534924,0.03225806451612903,0.675,0.0,0.2334158282132489,0.0,0,1,0,0,0,0.19985142114130505,0.0,0.005593456439769159,0
0.19327731092436973,0.723031224541305,0.5483870967741935,0.675,0.0,0.3745921105017916,0.0,0,0,1,0,0,0.03976636344351773,0.0,0.03354375594634217,0
0.680672268907563,0.03469277328420518,0.8709677419354839,0.5,0.0,0.2250149551146492,0.0,1,1,0,0,0,0.0011915577706442856,0.0,0.0005405331118814864,0
0.37815126050420167,0.5238405984493796,0.06451612903225806,0.8,0.06666666666666667,0.6870989878538459,1.0,0,1,0,0,0,0.17719012543514806,0.0014492753623188406,0.012693683458783595,0
0.3025210084033613,0.14535963138045352,0.8387096774193548,0.875,0.0,0.6721018588357218,0.0,0,0,0,0,0,0.005282609065716784,0.0,0.004688796186127979,0
0.11764705882352941,0.4129824945242687,0.45161290322580644,0.475,0.06666666666666667,0.6159526558082864,0.0,0,0,1,0,0,0.027597763213639995,0.0044444444444444444,0.03127644677774141,0
0.09243697478991596,0.1151570823044708,0.6774193548387096,0.5,0.06666666666666667,0.18619167755372337,0.5,1,0,1,0,0,0.00530529638726165,0.005555555555555555,0.01211673844612073,0
0.4621848739495798,0.15788189456321614,0.3870967741935484,0.5,0.0,0.8863731396137479,0.0,1,1,0,0,0,0.012714047683324885,0.0,0.0032762498255477783,0
0.01680672268907563,0.34513906268841044,0.9032258064516129,0.07500000000000001,0.0,0.14644808524515385,0.25,0,1,0,0,0,0.011622873000669413,0.0,0.13252458776577217,0
0.15126050420168066,0.013042242767418406,0.8387096774193548,0.175,0.0,0.2266355093441957,1.0,0,0,0,0,1,0.00047677017810037847,0.0,0.001729243605601957,0
0.9579831932773109,0.8003303099464614,1.0,0.22499999999999998,0.0,0.6080319469258486,0.75,0,0,0,0,1,0.024413315049455073,0.0,0.007580314076755207,0
0.20168067226890757,0.13510830777842336,0.12903225806451613,0.55,0.06666666666666667,0.8813134091859416,0.75,0,0,0,0,1,0.029775309440507984,0.0026666666666666666,0.006585140106811445,0
0.7058823529411764,0.022089087194908593,0.9354838709677419,0.07500000000000001,0.0,0.35286267903623036,0.25,0,0,0,0,0,0.0006507339385094847,0.0,0.00035320114694241064,0
0.3361344537815126,0.035202156457504116,0.967741935483871,0.09999999999999998,0.0,0.7768436805387442,0.0,0,0,0,0,1,0.0010206626016140189,0.0,0.0012867964249940705,0
0.8991596638655461,0.6054382538943445,0.4838709677419355,0.475,0.0,0.8232095376618803,0.25,0,0,0,0,1,0.03762238730107474,0.0,0.006118983772323481,0
1.0,0.49350372607798887,0.6129032258064516,0.5,0.0,0.554545654613878,0.0,1,0,1,0,0,0.024461280883845846,0.0,0.004472089004795132,0
0.8403361344537815,0.3996463289478074,0.5161290322580645,0.525,0.0,0.5646731182064266,0.0,0,1,0,0,0,0.02349450231974512,0.0,0.004337571920046902,0
0.05042016806722689,0.023885107460473853,0.1935483870967742,0.07500000000000001,0.0,0.7623887369480362,0.75,0,0,0,0,0,0.005474753121812834,0.0,0.0067099393391176244,0
0.8235294117647058,0.37210907337424814,0.16129032258064516,0.5,0.06666666666666667,0.766100006202121,0.0,1,0,0,0,1,0.06342525985202699,0.0006734006734006734,0.004126181478407234,0
0.2773109243697479,0.9812594400447899,0.22580645161290322,0.475,0.06666666666666667,0.6095944813126088,0.0,0,1,0,0,0,0.12205448802072329,0.00196078431372549,0.03189207304479929,0
0.8571428571428571,0.5845032976072977,0.4838709677419355,0.07500000000000001,0.0,0.776275486216286,1.0,0,0,0,0,1,0.03633926478482093,0.0,0.006204016964511105,0
0.14285714285714285,0.3407945340321003,0.29032258064516125,0.7749999999999999,0.0,0.8369222274017714,0.0,0,0,0,0,0,0.03468793389641845,0.0,0.021664427553084634,0
0.6386554621848739,0.34831723066729664,0.5806451612903225,0.5,0.5,0.6142720810517197,0.5,1,0,0,0,1,0.01829414147995946,0.006493506493506494,0.005023530161316457,1
0.0,0.7750747128668568,0.0967741935483871,0.8500000000000001,0.0,0.6172571019288596,0.0,0,0,0,0,1,0.1943008466456156,0.0,0.8661444737412719,0
0.1764705882352941,0.06680149221972277,1.0,0.625,0.0,0.34318737008056754,0.25,0,1,0,0,0,0.0019339907690271694,0.0,0.004128233917062246,0
0.2184873949579832,0.6134730899948112,0.5161290322580645,0.25,0.16666666666666666,0.457400430947384,0.0,0,1,0,0,0,0.03582921922503991,0.006172839506172839,0.02537660003044675,0
0.03361344537815126,0.765371768865277,0.06451612903225806,0.7,0.06666666666666667,0.354999409798151,0.0,0,0,0,0,1,0.2561430063203507,0.013333333333333334,0.17096189429099637,0
0.5546218487394958,0.5794854986987648,0.8709677419354839,1.0,0.0,0.7864649710200888,0.0,0,0,0,1,0,0.02027203877737954,0.0,0.009559235148193478,0
0.7815126050420168,0.05975197945660052,0.7741935483870968,0.95,0.0,0.184605134956155,0.0,0,1,0,0,0,0.0024064259254139835,0.0,0.0007372977298168597,0
0.5462184873949579,0.1047425453837765,0.12903225806451613,0.675,0.06666666666666667,0.8396411572757883,0.0,0,0,1,0,0,0.02381964479348621,0.00101010101010101,0.0018739532254728357,0
0.9243697478991596,0.44730806846694593,0.5483870967741935,0.8999999999999999,0.0,0.29741771685916585,0.0,0,1,0,0,0,0.0247447429342847,0.0,0.004397070992758766,0
0.07563025210084033,0.16697580012399638,0.03225806451612903,0.22499999999999998,0.5,0.1585222145973923,1.0,0,0,1,0,0,0.09117507730665876,0.05,0.020221420592628363,1
0.680672268907563,0.2417352993576043,0.25806451612903225,0.275,0.0,0.6788421640200949,0.25,0,1,0,0,0,0.027830813088639616,0.0,0.0032900789006133405,0
0.08403361344537814,0.5083973191201769,0.9032258064516129,0.8,0.06666666666666667,0.45129234198095747,0.0,0,1,0,0,0,0.017143561033600173,0.006060606060606061,0.05216538434212531,0
0.058823529411764705,0.0266938506472774,0.7741935483870968,0.5,0.0,0.7924390141428368,0.25,0,0,1,0,0,0.0011096817403835047,0.0,0.00622950086023216,0
0.453781512605042,0.25476194355416215,0.7741935483870968,0.175,0.0,0.7782641663448899,0.25,0,0,0,0,1,0.010055922314792153,0.0,0.00525748175735355,0
0.8739495798319328,0.8951969999456499,0.3870967741935484,0.7749999999999999,0.06666666666666667,0.509976411932881,0.5,0,1,0,0,0,0.06833338746895,0.0006349206349206349,0.009304428085611213,0
0.3529411764705882,0.2840561004642698,0.06451612903225806,0.75,0.0,0.4937988792166921,0.5,0,0,0,0,1,0.09880820530890663,0.0,0.007520193406203586,0
0.07563025210084033,0.34942697506592946,0.6129032258064516,0.75,0.16666666666666666,0.4258696474194174,0.0,0,0,1,0,0,0.01739680477002078,0.016666666666666666,0.04008977579309573,0
0.8823529411764706,0.3650796713340286,0.7741935483870968,0.65,0.0,0.5373597770437489,0.0,0,0,0,0,1,0.014383265608462571,0.0,0.003768790226128545,0
0.4789915966386554,0.45907402554972404,0.16129032258064516,0.25,0.0,0.38890700619611906,0.25,0,0,1,0,0,0.0776390226108352,0.0,0.00881162554396957,0
0.40336134453781514,0.8500381572893735,0.8387096774193548,0.175,0.06666666666666667,0.7213206916765533,0.0,0,1,0,0,0,0.030876913023644717,0.0013605442176870747,0.019154115278621296,0
0.9579831932773109,0.4662705405513229,0.6451612903225806,0.35,0.0,0.21364106524431353,0.5,0,0,1,0,0,0.021989447695230674,0.0,0.004417005289627724,0
0.5546218487394958,0.369814490933494,0.6451612903225806,0.575,0.06666666666666667,0.31157455849900667,0.75,0,0,0,0,1,0.01748515890951625,0.0009950248756218905,0.006151398013792864,0
0.36134453781512604,0.10446201611201701,0.8709677419354839,0.75,0.06666666666666667,0.9749874457064316,1.0,0,1,0,0,0,0.0036351122649106405,0.0015151515151515152,0.0029000873809290023,0
0.5210084033613445,0.07647129946671263,0.4838709677419355,0.825,0.0,0.24635225247034484,0.0,0,1,0,0,0,0.005201521440454246,0.0,0.0014836670469506091,0
0.37815126050420167,0.558588987580475,0.8709677419354839,0.5,0.06666666666666667,0.7455709852769646,1.0,1,1,0,0,0,0.019540172390587834,0.0014492753623188406,0.013516289880951287,0
0.7310924369747899,0.8025208883034933,0.6451612903225806,0.725,0.06666666666666667,0.8055775075075675,0.0,0,0,0,0,1,0.03769161128759827,0.0007575757575757576,0.009992170603035266,0
0.8487394957983193,0.0942131425472948,1.0,0.2,0.16666666666666666,0.6387504526548079,0.0,0,0,0,1,0,0.0027740332620880773,0.0016339869281045752,0.001032308773676032,0
0.6554621848739496,0.626557391736016,0.7096774193548387,0.925,0.06666666666666667,0.19868394991086952,0.25,0,0,0,0,1,0.026847073705370948,0.0008438818565400844,0.008726862598716,0
0.5630252100840336,0.821740348884496,0.5483870967741935,0.025000000000000022,0.0,0.15261019268589857,0.25,0,1,0,0,0,0.045144116359860466,0.0,0.013295359038936208,0
0.5714285714285714,0.7498923106518272,0.6451612903225806,0.5,0.06666666666666667,0.45751246926448846,1.0,1,0,0,0,0,0.03523397059980585,0.000966183574879227,0.011965970656157687,0
0.8823529411764706,0.27873711030268045,0.25806451612903225,0.8500000000000001,0.06666666666666667,0.983092217538398,0.25,0,1,0,0,0,0.0318625902529879,0.0006289308176100629,0.0028817683880556517,0
0.6386554621848739,0.17001829728695528,0.16129032258064516,0.44999999999999996,0.5,0.8578433824367934,0.0,0,0,1,0,0,0.030395053140106862,0.006493506493506494,0.0025019471427558337,1
0.9831932773109243,0.7503660253653179,0.5483870967741935,0.75,1.0,0.28078202745338904,0.0,0,0,1,0,0,0.04125558549697142,0.00847457627118644,0.006921610105486768,1
0.7058823529411764,0.7606260670167688,0.25806451612903225,0.525,0.0,0.1508255823491634,0.0,0,0,1,0,0,0.0843699903452533,0.0,0.00981488802318792,0
0.11764705882352941,0.5676893857401214,0.7741935483870968,0.25,0.0,0.17305718555746064,0.0,0,0,1,0,0,0.02233087118838549,0.0,0.04250784048298844,0
0.19327731092436973,0.42966226684883513,0.4838709677419355,0.7749999999999999,0.0,0.5990488747151526,1.0,0,0,0,0,1,0.02684891714415914,0.0,0.020232526567487034,0
0.21008403361344538,0.5388315600575808,0.9032258064516129,0.0,0.0,0.17958941958149685,0.0,0,0,0,0,1,0.018172715413946508,0.0,0.023233774584733132,0
0.5462184873949579,0.8615018614362617,0.5161290322580645,0.95,0.5,0.6298974249193224,1.0,0,0,0,0,0,0.050136898325252456,0.007575757575757575,0.014360118855877414,1
0.7983193277310924,0.14104872948619493,0.0,0.35,0.06666666666666667,0.6157525873848856,0.0,0,1,0,0,0,0.15766552329090702,0.0006944444444444444,0.0016401163674715058,0
0.31092436974789917,0.0919408962799981,0.06451612903225806,0.6,0.0,0.6239633954812546,0.5,0,1,0,0,0,0.03600865522980497,0.0,0.0030295249221524785,0
0.31092436974789917,0.9410604120807583,0.5161290322580645,0.9750000000000001,0.0,0.71501453497096,0.0,0,0,0,0,1,0.05472627803988838,0.0,0.02736279503926681,0
0.5798319327731092,0.5857877704999419,0.6774193548387096,0.5,0.0,0.11104797840861574,0.0,1,1,0,0,0,0.02628375677436508,0.0,0.009239358953008588,0
0.7058823529411764,0.5814655576001116,0.22580645161290322,0.07500000000000001,0.0,0.3250171558673066,0.0,0,0,0,1,0,0.07304702649163497,0.0,0.0075195924767172085,0
0.03361344537815126,0.6523321721381512,0.6774193548387096,0.525,0.0,0.8448529397053792,0.0,0,1,0,0,0,0.029249987257768794,0.0,0.14634258602721667,0
0.6050420168067226,0.5063464541406304,0.4838709677419355,0.09999999999999998,0.0,0.7966284469288496,0.0,0,0,0,0,0,0.03154896074614208,0.0,0.007666704741722968,0
0.6050420168067226,0.5239892136290839,0.8387096774193548,0.5,0.06666666666666667,0.28309081705943434,0.25,1,1,0,0,0,0.019034639614732344,0.0009132420091324201,0.007929888391127246,0
0.2689075630252101,0.44512185934311316,0.8387096774193548,0.44999999999999996,0.5,0.752857477257222,0.25,0,1,0,0,0,0.016170134789146636,0.01515151515151515,0.01517229807201035,1
0.05042016806722689,0.729949251968901,0.6774193548387096,0.925,1.0,0.9389311144411389,0.0,0,0,1,0,0,0.03270978466459607,0.14285714285714285,0.11655015292637472,1
0.9411764705882353,0.8830742153459475,0.8387096774193548,0.0,0.0,0.4048944739100772,0.0,0,0,0,0,1,0.03207680046221979,0.0,0.008515274454830826,0
0.8907563025210083,0.8546742812192839,0.0,0.35,0.0,0.644002248769079,0.0,0,0,0,0,1,0.8574856717910171,0.0,0.008714510184384853,0
0.15966386554621848,0.13400642391615353,0.6129032258064516,0.25,1.0,0.7824736059732428,0.75,0,1,0,0,0,0.006834147524250136,0.05,0.00821947952198075,1
0.05042016806722689,0.8934323197406489,0.7419354838709677,0.5,0.5,0.11800835885872968,0.0,1,1,0,0,0,0.03660224752510328,0.07142857142857142,0.14198270777512823,1
0.1092436974789916,0.11167702889529083,0.0967741935483871,0.8999999999999999,0.06666666666666667,0.9983994526127935,0.75,0,0,0,1,0,0.03165985635871891,0.0047619047619047615,0.010087627973511743,0
0.1680672268907563,0.6308393219391082,0.16129032258064516,0.6,0.0,0.5285807746249217,0.0,0,1,0,0,0,0.10571275935191705,0.0,0.033582508703484094,0
0.38655462184873945,0.005805424652103888,0.9354838709677419,0.5,0.0,0.32537327766096,0.0,1,0,0,0,0,0.00011844567654183775,0.0,0.00041687953368638186,0
0.2689075630252101,0.06962885569006669,0.9354838709677419,0.5,0.5,0.6454447421017988,0.0,1,1,0,0,0,0.002204736957186232,0.01515151515151515,0.0027813892659537625,1
0.7815126050420168,0.2293907047136227,0.8064516129032258,0.125,0.0,0.4347866970503912,0.0,0,1,0,0,0,0.00868372185743417,0.0,0.0027025232619169908,0
0.10084033613445378,0.6941428346433478,0.6774193548387096,0.475,0.16666666666666666,0.8690132025152602,0.0,0,0,1,0,0,0.031113706197319783,0.012820512820512822,0.05966967773700529,0
0.4369747899159664,0.925466414623162,1.0,0.875,0.0,0.49289456994292047,0.25,0,0,0,0,1,0.028248167898092633,0.0,0.019243808091545828,0
0.7815126050420168,0.26041034123180445,0.0967741935483871,0.42500000000000004,0.0,0.10649642177624748,0.0,0,1,0,0,0,0.0681238564472355,0.0,0.0030618786012690997,0
0.5210084033613445,0.9846258525568364,0.3870967741935484,0.4,0.0,0.9699677289633054,0.75,0,1,0,0,0,0.07507944991051661,0.0,0.017181310708098585,0
0.6722689075630252,0.21837413237543407,0.1935483870967742,0.5,0.16666666666666666,0.7481798775181112,0.0,1,0,0,1,0,0.0327214028863413,0.0020576131687242796,0.0030190012301614774,0
0.6470588235294117,0.9202014273672352,0.5806451612903225,0.15000000000000002,0.0,0.45911901870439686,0.0,0,1,0,0,0,0.04781102794996535,0.0,0.012940812851748237,0
0.7647058823529411,0.09513078360400733,0.8387096774193548,0.7749999999999999,0.0,0.4179209289577035,0.0,0,0,0,1,0,0.003458270235767798,0.0,0.0011762694105839806,0
0.9243697478991596,0.1409750650311361,0.7419354838709677,0.5,0.0,0.14234868324967137,0.75,1,0,0,0,0,0.00585638773608012,0.0,0.0013917832415248342,0
0.9915966386554621,0.056118288291234955,0.22580645161290322,0.5,0.0,0.0,0.0,1,0,0,0,1,0.008649002358214189,0.0,0.0005087730249844077,0
0.6554621848739496,0.5469968198107403,0.3548387096774194,0.825,0.06666666666666667,0.604392702304188,0.5,0,1,0,0,0,0.04563423439230667,0.0008438818565400844,0.007630167111906063,0
0.07563025210084033,0.9782001805432492,0.3870967741935484,0.7,0.0,0.20320749696396168,0.5,0,0,1,0,0,0.07459472956169191,0.0,0.10856118679352239,0
0.5126050420168067,0.9972193505743275,0.5483870967741935,0.275,1.0,0.8682669472959752,1.0,0,0,1,0,0,0.05470435427478125,0.016129032258064516,0.017682720903961172,1
0.4369747899159664,0.3717653943908764,0.45161290322580644,0.875,0.5,0.3186949936878412,0.25,0,0,1,0,0,0.024903114078572496,0.009433962264150943,0.007867150025289026,1
0.24369747899159663,0.5347437544771879,0.22580645161290322,0.15000000000000002,0.16666666666666666,0.6426117732264435,0.5,0,0,0,0,1,0.06731978285520147,0.005555555555555555,0.0199619281616073,0
0.5462184873949579,0.018631614962916845,0.22580645161290322,0.625,0.0,0.332839831222278,0.0,0,1,0,0,0,0.0040538177351846835,0.0,0.00045316418856783446,0
0.38655462184873945,0.8185855379279454,0.4838709677419355,0.8999999999999999,0.06666666666666667,0.2868961184725176,0.0,0,0,0,0,1,0.05068637824864984,0.0014184397163120566,0.019248620083172744,0
0.42857142857142855,0.0354718851481311,0.5161290322580645,0.7749999999999999,0.06666666666666667,0.3919500469160453,0.25,0,0,0,0,0,0.002486894822829624,0.001282051282051282,0.0009795801873255306,0
0.7226890756302521,0.33107460310518544,0.5161290322580645,0.5,0.0,0.36342629179179275,0.0,1,1,0,0,0,0.019538903769616492,0.0,0.004208196990873243,0
0.2773109243697479,0.8629073253379632,0.7419354838709677,0.125,0.06666666666666667,0.1044617259102613,1.0,0,0,0,0,1,0.03535497774055186,0.00196078431372549,0.02810143465737694,0
0.31932773109243695,0.4842843581900643,0.6451612903225806,0.6,0.06666666666666667,0.6162047420217714,1.0,0,0,1,0,0,0.022830653996956406,0.0017094017094017094,0.0139020346721944,0
0.12605042016806722,0.37870385921301614,0.5483870967741935,0.625,0.5,0.5171528662802678,0.0,0,1,0,0,0,0.021007130136647133,0.03125,0.02697663452502272,1
0.6302521008403361,0.05400247690605042,0.0967741935483871,0.5,0.16666666666666666,0.6898359238859689,0.25,1,0,1,0,0,0.01752015331705858,0.0021929824561403508,0.0008750602136865061,0
0.31932773109243695,0.7138049761319407,0.16129032258064516,0.525,0.0,0.2903653049342875,0.5,0,1,0,0,0,0.11927286714622452,0.0,0.020310770183182048,0
0.6386554621848739,0.963704003969387,0.7096774193548387,0.5,0.0,0.39318246840419424,0.0,1,0,0,1,0,0.04122204593521805,0.0,0.01372660430756066,0
0.025210084033613446,0.6923309095522585,0.6129032258064516,0.4,0.0,0.22250809776943714,0.5,0,0,0,1,0,0.03421032004919685,0.0,0.19386562236471003,0
0.5714285714285714,0.3730410471492121,0.1935483870967742,0.625,0.16666666666666666,0.45444942170222213,0.25,0,0,0,0,1,0.05438923354590645,0.0024154589371980675,0.006018447575500728,0
0.7983193277310924,0.9789458902318768,0.7741935483870968,0.44999999999999996,0.0,0.540348799289357,0.0,0,0,1,0,0,0.03846289377900606,0.0,0.011144735900419037,0
0.7899159663865546,0.2191359102254063,0.5161290322580645,0.275,0.0,0.29892423208737384,1.0,0,1,0,0,0,0.013081657348915678,0.0,0.0025545035712705726,0
0.6890756302521008,0.11775953234994552,0.6451612903225806,0.525,0.06666666666666667,0.4364292588065118,0.75,0,0,0,0,0,0.005714737792023828,0.0008032128514056225,0.0016215492110909203,0
0.6638655462184874,0.1095374317312417,0.9354838709677419,0.575,0.0,0.33352806659877676,0.0,0,1,0,0,0,0.0035092878543028843,0.0,0.0015776447493750891,0
0.6386554621848739,0.2340308507881137,0.7741935483870968,0.30000000000000004,0.16666666666666666,0.8308141384353449,0.5,0,0,0,0,0,0.009242720692015514,0.002164502164502164,0.0034072412172801254,0
0.15966386554621848,0.02547287455486395,1.0,0.5,0.0,0.49469718643776167,0.0,1,0,0,1,0,0.0006674564814863663,0.0,0.002309999600670705,0
0.08403361344537814,0.9063798481491376,0.3225806451612903,0.32499999999999996,0.16666666666666666,0.8885378799549446,0.0,0,0,1,0,0,0.0818892986702926,0.01515151515151515,0.09156450903120882,0
0.3445378151260504,0.15286832196903946,0.1935483870967742,0.15000000000000002,0.06666666666666667,0.20365565023237947,0.25,0,0,0,0,1,0.02354446411324064,0.001587301587301587,0.004302409065812744,0
0.20168067226890757,0.7534970301260262,0.6451612903225806,0.07500000000000001,0.0,0.7211826444644068,0.5,0,0,1,0,0,0.03540230319861758,0.0,0.03352136957527199,0
0.42857142857142855,0.6418785979563504,0.5806451612903225,0.125,0.0,0.21125224826890796,0.0,0,1,0,0,0,0.03344584107273058,0.0,0.013678766874748158,0
0.1680672268907563,0.06983406673158449,0.45161290322580644,0.375,0.06666666666666667,0.6986069235678601,0.25,0,0,0,0,0,0.005163758609754604,0.003174603174603174,0.004491224984273984,0
0.6470588235294117,0.07617241533212114,0.22580645161290322,0.8999999999999999,0.0,0.8787385285767733,0.0,0,0,0,0,0,0.011107273739071735,0.0,0.00115721199218828,0
0.37815126050420167,0.5875055120735184,0.12903225806451613,0.625,0.06666666666666667,0.8296497402111522,0.0,0,0,1,0,0,0.11850438533246593,0.0014492753623188406,0.014200837261406989,0
0.6470588235294117,0.8632430825340393,0.5483870967741935,0.4,0.0,0.4582487210626034,0.0,0,1,0,0,0,0.04740521885069037,0.0,0.012145609853314298,0
0.38655462184873945,0.5468845468511039,0.7741935483870968,0.07500000000000001,0.0,0.0,0.0,0,0,0,0,1,0.02151477678675012,0.0,0.012953433368557699,0
0.9243697478991596,0.9023533343353985,0.7419354838709677,0.09999999999999998,0.06666666666666667,0.5035222045939711,0.25,0,1,0,0,0,0.036966765591995854,0.0006006006006006006,0.00886130419137985,0
0.5798319327731092,0.8106195478758319,0.16129032258064516,0.8500000000000001,0.0,0.7391027731484168,0.25,0,0,0,1,0,0.1350964756222762,0.0,0.012736997324854227,0
0.8823529411764706,0.8563729533358135,0.06451612903225806,0.15000000000000002,0.0,0.311162417546801,0.25,0,1,0,0,0,0.2858899150342155,0.0,0.008815986705230754,0
0.8487394957983193,0.7887793232204776,0.7419354838709677,0.42500000000000004,0.06666666666666667,0.5088100130244544,0.0,0,0,0,0,1,0.032326062615765816,0.00065359477124183,0.008447608544158946,0
0.04201680672268907,0.7613251851625904,0.22580645161290322,0.475,0.16666666666666666,0.6404870465699269,0.25,0,1,0,0,0,0.09509454689015942,0.02777777777777778,0.1417017781769083,0
0.9411764705882353,0.5562894846481274,0.0,0.475,0.16666666666666666,0.3851997383105022,0.0,0,0,0,0,1,0.5648732616279021,0.0014749262536873156,0.00536608663403452,0
1.0,0.8913446021165954,0.9032258064516129,0.95,0.06666666666666667,0.8778542261453417,0.75,0,1,0,0,0,0.030093181645071528,0.0005555555555555556,0.008082389971120239,0
0.07563025210084033,0.20353374597678353,0.7096774193548387,0.55,0.0,0.20347558865131873,0.75,0,0,1,0,0,0.008810549120190065,0.0,0.024202465131441527,0
0.09243697478991596,0.0668133749006663,0.16129032258064516,0.44999999999999996,0.06666666666666667,0.37364178549063776,0.0,0,0,0,0,1,0.01352699025219785,0.005555555555555555,0.007729674570392772,0
0.12605042016806722,0.19468655917291314,0.06451612903225806,0.42500000000000004,0.16666666666666666,0.8198063737798327,0.0,0,1,0,0,0,0.0695946560341201,0.010416666666666666,0.014452321234798145,0
0.31092436974789917,0.8861334748474883,0.29032258064516125,0.32499999999999996,1.0,0.0,0.25,0,0,0,1,0,0.08816684557740864,0.02631578947368421,0.025788750425367542,1
0.6554621848739496,0.2850645562371968,1.0,0.5,0.06666666666666667,0.4021715426675923,0.5,1,1,0,0,0,0.008622761647441897,0.0008438818565400844,0.004019585584402531,0
0.4117647058823529,0.5817705464109955,0.4838709677419355,0.5,0.0,0.0,0.5,1,0,1,0,0,0.036171771977899496,0.0,0.012924490289989687,0
0.3529411764705882,0.9523252957001069,0.03225806451612903,0.5,0.0,0.0,0.25,1,1,0,0,0,0.47625335770441807,0.0,0.024444007177587504,0
0.8067226890756303,0.21840345115521914,1.0,0.275,0.16666666666666666,0.0,0.25,0,1,0,0,0,0.006579901759982519,0.001718213058419244,0.0024896475543931713,0
0.058823529411764705,0.8540031547497056,0.22580645161290322,0.025000000000000022,0.06666666666666667,0.6696970363864442,0.0,0,0,0,0,1,0.1064551810283345,0.008333333333333333,0.11884370517948258,0
0.25210084033613445,0.7957448405378926,0.6129032258064516,0.525,0.0,0.2888767958641855,0.25,0,0,0,0,1,0.03928098717732786,0.0,0.028480243929536065,0
0.058823529411764705,0.26209133224576175,0.4193548387096774,0.30000000000000004,0.0,0.537377783201855,0.0,0,0,0,1,0,0.01905251507808622,0.0,0.038272051279424166,0
0.8235294117647058,0.06181721798835359,0.3548387096774194,0.5,0.0,0.6464570883242069,1.0,1,0,1,0,0,0.005984768813337609,0.0,0.0007130703188170806,0
0.7899159663865546,0.6622356312764086,0.06451612903225806,0.22499999999999998,0.0,0.41705663336861204,0.0,0,1,0,0,0,0.2224293652528546,0.0,0.007633677939785257,0
0.9411764705882353,0.8574905991047646,0.9032258064516129,0.525,0.06666666666666667,0.8003157079721265,0.5,0,0,0,0,1,0.028948385704093617,0.0005899705014749262,0.008268728012753758,0
0.8907563025210083,0.5122523099053824,0.03225806451612903,0.875,0.0,0.5493798879216691,0.0,0,1,0,0,0,0.2604735684845535,0.0,0.005229587907643428,0
0.49579831932773105,0.7441126318084342,0.9032258064516129,0.5,0.06666666666666667,0.22216598076542177,0.0,1,0,0,0,0,0.025114433284587838,0.0011111111111111111,0.013684798265991028,0
0.18487394957983191,0.1614898399198707,0.16129032258064516,0.22499999999999998,0.5,0.19372025232629558,0.0,0,0,1,0,0,0.02900114137816221,0.021739130434782608,0.008423545979772028,1
0.36974789915966383,0.20523058056533222,0.22580645161290322,0.55,0.0,0.5330322970455895,0.75,0,1,0,0,0,0.02692745845276984,0.0,0.0052698982139565784,0
0.7731092436974789,0.8101506924030019,0.9354838709677419,0.6,0.16666666666666666,0.10117660239802012,1.0,0,0,0,0,1,0.026411274053915183,0.0017921146953405018,0.009533963695943145,0
0.3949579831932773,0.22996252300431907,0.6451612903225806,0.65,0.0,0.8605503082054062,0.0,0,0,0,0,1,0.010954374647675211,0.0,0.0054896066487392006,0
0.10084033613445378,0.14834792146797415,0.16129032258064516,0.5,0.0,0.1764823569660824,0.0,1,0,0,0,1,0.02685319434435083,0.0,0.013950187176868807,0
0.7142857142857143,0.40793556058874886,0.3870967741935484,0.125,0.0,0.9894003749282254,0.0,0,1,0,0,0,0.03157683743737659,0.0,0.00523261032446107,0
0.8655462184873949,0.9784917962338271,0.3870967741935484,0.125,0.0,0.11854054086497581,0.75,0,0,0,0,0,0.07461672758134819,0.0,0.010267909090488974,0
0.14285714285714285,0.10151458039660632,0.7741935483870968,0.22499999999999998,0.06666666666666667,0.24694245431937722,0.0,0,1,0,0,0,0.004044613320504174,0.0037037037037037034,0.007188411305345418,0
0.09243697478991596,0.007075462741608897,0.8064516129032258,0.5,0.5,0.2878444427994374,0.0,1,1,0,0,0,0.000298550515832976,0.041666666666666664,0.0023086166805755277,1
0.36974789915966383,0.5668099856823903,0.7741935483870968,0.5,0.16666666666666666,0.0,0.75,1,0,1,0,0,0.02229637568146325,0.0037037037037037034,0.014019865378019056,0
0.19327731092436973,0.7963223755823075,0.7419354838709677,0.125,0.0,0.5309195744944771,0.5,0,0,0,0,1,0.032634276310094024,0.0,0.03686924522312445,0
0.4369747899159664,0.15906612009601043,0.5161290322580645,0.35,1.0,0.23885168727704875,0.5,0,0,0,0,1,0.009616497739433056,0.018867924528301886,0.003496908999584375,1
0.907563025210084,0.1927750604822335,0.6129032258064516,0.125,0.0,0.1516958799909569,0.0,0,0,1,0,0,0.009715734083822041,0.0,0.0019383568469333622,0
0.0,0.37441596725247467,0.8709677419354839,0.8999999999999999,0.06666666666666667,0.36133157539878635,0.0,0,0,0,0,1,0.013089811267194681,0.06666666666666667,0.4298397870450238,0
0.7142857142857143,0.04491490060831568,0.22580645161290322,0.8999999999999999,0.0,0.6157245778056095,0.25,0,0,0,0,1,0.007275670711644774,0.0,0.0006358893559705373,0
0.453781512605042,0.6005463869034399,0.4838709677419355,0.125,0.0,0.9241000422144373,0.0,0,1,0,0,0,0.0373225603228626,0.0,0.012103814651565674,0
0.7394957983193277,0.25316176293741177,0.8387096774193548,0.375,0.16666666666666666,0.986323322576321,0.0,0,0,0,0,0,0.009198040600717106,0.0018726591760299626,0.0031560013561072377,0
0.226890756302521,0.2637044368093115,0.25806451612903225,0.09999999999999998,0.0,0.9820118480520338,0.5,0,0,1,0,0,0.030224605836505335,0.0,0.010860321871868207,0
0.008403361344537815,0.5987634947544497,0.3548387096774194,0.625,0.06666666666666667,0.6917425759609787,0.25,0,0,0,0,1,0.04986466986116973,0.03333333333333333,0.336977469707598,0
0.11764705882352941,0.3036792659426888,0.03225806451612903,0.575,0.16666666666666666,0.7054412609112316,0.0,0,0,0,1,0,0.15820451558656698,0.01111111111111111,0.023341263129448057,0
0.14285714285714285,0.2931592957498427,0.1935483870967742,0.7749999999999999,0.06666666666666667,0.5189294738800669,0.25,0,0,0,1,0,0.04319831876854344,0.0037037037037037034,0.018782579438096525,0
0.15126050420168066,0.5552936465673365,0.9032258064516129,0.5,0.06666666666666667,0.5194736599917171,0.0,1,0,0,0,1,0.018729391970329204,0.003508771929824561,0.03280790717301405,0
0.5378151260504201,0.10237101135457541,0.12903225806451613,0.15000000000000002,0.0,0.8951821522960852,0.25,0,0,0,0,1,0.023354513663453657,0.0,0.0018660090507864235,0
0.20168067226890757,0.9614968061926162,0.6774193548387096,0.275,0.0,0.9563530727508808,0.0,0,0,0,0,0,0.04303106484425869,0.0,0.04258157635952301,0
0.09243697478991596,0.01933316272906879,1.0,0.04999999999999999,0.0,0.8534178689111676,0.0,0,0,1,0,0,0.0004793022198062984,0.0,0.0034209706083643673,0
0.9243697478991596,0.18935464506452437,0.4838709677419355,0.22499999999999998,0.0,0.5908000536183374,0.0,0,0,0,0,1,0.012120244386927862,0.0,0.0018664123466276088,0
0.7394957983193277,0.871002963197622,0.5483870967741935,0.9750000000000001,0.0,0.6472073449119599,0.0,0,1,0,0,0,0.04782798342434787,0.0,0.01071565868752524,0
0.907563025210084,0.6458135007917499,0.6129032258064516,0.125,0.0,0.5168107492762525,0.0,0,0,0,0,1,0.031929444607758393,0.0,0.006464453319974528,0
0.08403361344537814,0.6006251147689351,0.6774193548387096,0.5,0.0,0.29448671445634406,0.25,1,1,0,0,0,0.026945134467754275,0.0,0.06129567061230557,0
0.5462184873949579,0.3390117643849755,0.6129032258064516,0.5,0.0,0.4678179937538638,0.25,1,0,0,0,1,0.01688611857978391,0.0,0.005739282939301719,0
0.08403361344537814,0.8382676268036204,0.12903225806451613,0.5,0.0,0.2505596914144637,0.75,1,0,1,0,0,0.16768658738294911,0.0,0.08482159519478961,0
0.7899159663865546,0.33044494351704407,0.12903225806451613,0.2,0.0,0.13588847385805944,0.5,0,1,0,0,0,0.06808686179401517,0.0,0.003830419492720588,0
0.8067226890756303,0.21495671825342721,0.8709677419354839,0.07500000000000001,0.0,0.8513791716767134,0.5,0,1,0,0,0,0.007505009874042156,0.0,0.0024509528844379887,0
0.4789915966386554,0.4228487947633556,0.8387096774193548,0.575,0.16666666666666666,0.9615008332849835,0.0,0,0,0,1,0,0.015361165076051455,0.0028735632183908046,0.008131485385063158,0
0.7310924369747899,0.45489291438185375,0.8387096774193548,0.475,0.0,0.229942640383011,0.25,0,0,0,0,1,0.01652502477579495,0.0,0.0056903995166983695,0
0.21008403361344538,0.9764167575528423,0.967741935483871,0.9750000000000001,0.5,0.9829661744316556,0.0,0,1,0,0,0,0.030795062170188667,0.01923076923076923,0.04156132933395788,1
0.3277310924369748,0.09837894098199047,0.0,0.375,0.0,0.4049184821208853,0.0,0,0,0,0,1,0.11582120079578236,0.0,0.0030437093023409183,0
0.03361344537815126,0.8424990045702587,0.5483870967741935,0.9750000000000001,0.0,0.7323324577005336,0.0,0,0,0,1,0,0.046275064708316424,0.0,0.18775971776464015,0
0.4453781512605042,0.5213869473364072,0.3870967741935484,0.5,0.0,0.7380304063989884,0.0,1,0,1,0,0,0.04013503892084603,0.0,0.010735183031381216,0
0.6890756302521008,0.3517564909552994,0.5483870967741935,0.875,0.06666666666666667,0.3696024040221756,0.25,0,0,0,1,0,0.019539015722706485,0.0008032128514056225,0.004691612803416713,0
0.15966386554621848,0.8687455396560384,0.3870967741935484,0.8999999999999999,0.0,0.3004267459471139,0.5,0,0,1,0,0,0.06633802246566449,0.0,0.04822486105992732,0
0.1764705882352941,0.7182693116126092,0.5483870967741935,0.275,0.0,0.750632716389005,0.0,0,1,0,0,0,0.039506930576393616,0.0,0.03637495327659208,0
0.4621848739495798,0.3539795527236391,0.6774193548387096,1.0,0.0,0.2881685536453467,0.0,0,0,0,0,1,0.015950857462866227,0.0,0.007089538041609552,0
0.25210084033613445,0.7045482451750701,0.0967741935483871,0.65,0.0,0.40774344825930464,0.0,0,1,0,0,0,0.17701032118258025,0.0,0.02527668894519305,0
0.9579831932773109,0.15012472935764962,0.22580645161290322,0.8999999999999999,0.0,0.2950729149369084,0.0,0,0,1,0,0,0.02017248294745588,0.0,0.0014233289652584283,0
0.9747899159663865,0.6472145137923421,0.3225806451612903,0.6,0.5,0.159940699719304,0.0,0,1,0,0,0,0.05878460177361976,0.004273504273504273,0.006022337295944176,1
0.6722689075630252,0.4317471260960293,0.6129032258064516,0.9750000000000001,0.0,0.0,0.25,0,0,1,0,0,0.021433186327444544,0.0,0.0058875991743952555,0
0.2689075630252101,0.4150975504812833,0.1935483870967742,0.5,0.0,0.631571997623187,0.0,1,0,0,0,0,0.060281076631194724,0.0,0.014181524690209706,0
0.4453781512605042,0.13383604423836365,0.8709677419354839,0.175,0.5,0.22734575224726855,0.0,0,0,0,1,0,0.0046638899258633895,0.009259259259259259,0.002919800415279651,1
0.008403361344537815,0.6507788893188704,0.16129032258064516,0.22499999999999998,0.0,0.12059124220483405,1.0,0,1,0,0,0,0.10897173061746024,0.0,0.3652990284870161,0
0.5966386554621849,0.02441880725405413,0.29032258064516125,0.8500000000000001,0.0,0.5489657462852295,0.0,0,0,0,0,0,0.0036624041129146943,0.0,0.00048691250429709046,0
0.9411764705882353,0.025156329734677702,1.0,0.175,0.06666666666666667,0.8203585626284189,0.25,0,1,0,0,0,0.0006577558214846111,0.0005899705014749262,0.0002476159542607677,0
0.36134453781512604,0.6177126345524759,0.8709677419354839,0.65,0.0,0.7685448423360789,0.5,0,1,0,0,0,0.02161088216785175,0.0,0.015602670809668756,0
0.3025210084033613,0.9689095369866412,0.29032258064516125,0.7,0.5,0.913800519777764,0.0,0,1,0,0,0,0.09628431782287311,0.013513513513513514,0.028927168311449026,1
0.8823529411764706,0.2776784287649407,0.3870967741935484,0.6,0.0,0.6341828905485676,0.0,0,0,1,0,0,0.021750895148222513,0.0,0.0028708922496562027,0
0.21008403361344538,0.18840886941272564,0.0967741935483871,0.825,0.0,0.9610686854904377,0.75,0,0,0,0,1,0.05047171360485713,0.0,0.00855688175351761,0
0.4369747899159664,0.4410447726759426,0.8709677419354839,0.0,0.0,0.4994788217570409,0.0,0,1,0,0,0,0.015423377038317148,0.0,0.009290603782808575,0
0.7310924369747899,0.5498898442809371,0.6451612903225806,0.5,0.0,0.8540560871818161,0.0,1,1,0,0,0,0.025894288226756344,0.0,0.006865952340369479,0
0.0,0.8979942892080389,0.7741935483870968,0.875,0.5,0.28180237641273315,0.0,0,0,0,0,1,0.035287471525010716,0.5,0.9999999999999999,1
0.9243697478991596,0.06730219817755609,0.0,0.8,0.0,0.6921947305978644,0.25,0,1,0,0,0,0.08534565138267325,0.0,0.0006690137003064422,0
0.36974789915966383,0.5966235096678268,0.9354838709677419,0.6,0.16666666666666666,0.9041252108221011,0.0,0,0,0,0,1,0.01943139390212607,0.0037037037037037034,0.014741331678991327,0
0.8067226890756303,0.93482257626078,0.3225806451612903,0.30000000000000004,0.0,0.9602624097441325,0.5,0,0,1,0,0,0.08442497966159852,0.0,0.010532510864494181,0
0.7731092436974789,0.33668694440044583,0.5806451612903225,0.75,0.0,0.28391509896384565,0.0,0,0,0,0,1,0.01769386288976015,0.0,0.0039900171491636036,0
0.40336134453781514,0.5212291445167981,0.3225806451612903,0.32499999999999996,0.06666666666666667,0.3741519599703098,0.75,0,0,1,0,0,0.047552953923219204,0.0013605442176870747,0.011846715220899171,0
0.2689075630252101,0.10765612975038244,0.0967741935483871,0.5,0.0,0.9105994250033511,0.0,0,0,0,0,1,0.03067407809242085,0.0,0.004036252819842168,0
0.8067226890756303,0.8208378163911825,1.0,0.7,0.0,0.8209787747409614,0.75,0,0,1,0,0,0.025041776912729248,0.0,0.009252863503138803,0
0.08403361344537814,0.6230324822271232,0.7096774193548387,0.575,0.0,0.8161291161577259,0.25,0,0,0,1,0,0.026696781593676864,0.0,0.06351393548587499,0
0.6218487394957983,0.14576731758849526,0.1935483870967742,0.475,0.0,0.11657386826294593,0.0,0,0,1,0,0,0.022549659499367606,0.0,0.002221677103925362,0
0.5462184873949579,0.0717830918270308,0.16129032258064516,0.5,0.06666666666666667,0.9388230774925024,1.0,1,0,0,0,1,0.01433925284307752,0.00101010101010101,0.0013301380553552447,0
0.6638655462184874,0.4996060544178603,0.16129032258064516,0.025000000000000022,0.0,0.7503966356493921,0.0,0,0,0,0,0,0.08426367573894121,0.0,0.006887299476565354,0
0.2773109243697479,0.5197982818950042,0.5161290322580645,0.15000000000000002,0.16666666666666666,0.5226567486080239,0.5,0,0,0,0,0,0.03042553526419583,0.004901960784313725,0.017112173380817552,0
0.07563025210084033,0.8155815063507212,0.25806451612903225,0.025000000000000022,0.0,0.7882595847779941,0.25,0,0,0,0,1,0.0903580238956177,0.0,0.09085252812297939,0
0.2689075630252101,0.0009972264352655427,0.5483870967741935,0.625,0.0,0.3489873536749568,0.5,0,0,0,0,0,0.00042936734664968937,0.0,0.0005166113578862686,0
0.5462184873949579,0.41416763882105345,0.0967741935483871,0.44999999999999996,0.0,0.10532802218358678,0.0,0,1,0,0,0,0.1058195550424455,0.0,0.0069793188085683425,0
0.4453781512605042,0.5154870737460822,0.0967741935483871,0.8,0.0,0.2740257167951439,0.25,0,0,0,1,0,0.1306593964070737,0.0,0.010616205707044137,0
0.8151260504201681,0.6010335768221244,0.6129032258064516,0.8500000000000001,0.0,0.0,1.0,0,0,0,1,0,0.029733762785117596,0.0,0.006714037779225143,0
0.7142857142857143,0.33988199721977935,0.3548387096774194,0.95,0.0,0.8489143287004155,0.0,0,0,0,1,0,0.028708559861948285,0.0,0.004370887353279478,0
0.9747899159663865,0.6653537529242727,0.8709677419354839,0.825,0.06666666666666667,0.6088222171982818,0.5,0,0,0,0,1,0.02327943501708625,0.0005698005698005699,0.006191166843095563,0
0.8739495798319328,0.44180126252872515,0.22580645161290322,0.5,0.16666666666666666,0.8946859826060513,0.5,0,0,0,0,1,0.0559267230846779,0.001587301587301587,0.004602203316113418,0
0.9831932773109243,0.5264966838949207,0.4838709677419355,0.5,0.0,0.7754832152596187,0.25,0,1,0,0,0,0.03278398665930412,0.0,0.004855621768159211,0
0.49579831932773105,0.1608470930491094,0.22580645161290322,0.675,0.0,0.5865225907260283,1.0,0,0,0,0,1,0.021486849797936195,0.0,0.003098836566054592,0
0.6638655462184874,0.23482064073130676,0.967741935483871,0.9750000000000001,0.06666666666666667,0.1955228688211368,0.5,0,0,0,0,1,0.007335397312618995,0.0008333333333333334,0.003283012841592012,0
0.09243697478991596,0.7324136219950956,0.6129032258064516,0.7749999999999999,1.0,0.8857269186061633,1.0,0,1,0,0,0,0.03617568477765356,0.08333333333333333,0.06813114058360502,1
0.05042016806722689,0.7537939338137938,0.7741935483870968,0.04999999999999999,0.0,0.3650348419159352,1.0,0,0,0,1,0,0.029631042105929973,0.0,0.12025959627813518,0
0.24369747899159663,0.4361328766300456,0.16129032258064516,0.525,0.06666666666666667,0.17697452528764837,0.5,0,0,1,0,0,0.07388946557663086,0.0022222222222222222,0.0163824573829721,0
0.0,0.40166011669609364,0.7419354838709677,0.09999999999999998,0.0,0.969133443637724,0.0,0,1,0,0,0,0.016508137051301008,0.0,0.4595078030746663,0
0.5378151260504201,0.11770109896015107,0.0967741935483871,0.875,0.0,0.8129480282256532,0.0,0,0,0,0,1,0.03313673929723172,0.0,0.002122839511697654,0
0.01680672268907563,0.26720576470911545,0.25806451612903225,0.9750000000000001,0.0,0.6200580598564709,0.0,0,0,0,0,1,0.03060611618723598,0.0,0.10423562321239153,0
0.18487394957983191,0.7055570888705708,0.5161290322580645,0.5,0.0,0.0,0.0,1,0,0,0,0,0.04114113646158402,0.0,0.03418319839931105,0
0.7058823529411764,0.20509352139493037,0.16129032258064516,0.175,0.0,0.0,0.25,0,0,0,0,1,0.03612783286011205,0.0,0.0026977427212624087,0
0.058823529411764705,0.13444573602244528,0.9032258064516129,0.125,0.0,0.9814596592034476,0.25,0,0,0,0,0,0.0044981360803696925,0.0,0.020896799747422316,0
0.8319327731092436,0.979879027774562,0.6774193548387096,0.2,0.0,0.9136424657232773,0.0,0,0,0,0,1,0.04385045617796543,0.0,0.010701420001530071,0
0.26050420168067223,0.19120352488500852,0.5483870967741935,0.30000000000000004,0.0,0.0,0.25,0,0,1,0,0,0.010791960298427026,0.0,0.0070115316131701255,0
0.8487394957983193,0.14882126867586876,0.1935483870967742,0.675,0.06666666666666667,0.7390007382524824,0.0,0,1,0,0,0,0.022977498220406237,0.00065359477124183,0.0016153138729960818,0
0.2857142857142857,0.6460495006354375,0.1935483870967742,0.5,0.0,0.0,0.5,1,0,1,0,0,0.0926359455038035,0.0,0.020545864954250412,0
0.5882352941176471,0.22362478691310939,0.5161290322580645,0.95,0.0,0.6249577355455566,0.0,0,0,0,1,0,0.013340600723891198,0.0,0.003551815563003096,0
0.7563025210084033,0.04659460535268635,0.3225806451612903,0.575,0.0,0.539364462646225,0.0,0,1,0,0,0,0.005239088176879092,0.0,0.0006104903899719025,0
0.6218487394957983,0.16945607497571502,0.8387096774193548,0.25,0.06666666666666667,0.20170298241998763,0.0,0,0,0,0,1,0.006157804887650916,0.0008888888888888889,0.0025656278594644037,0
0.42016806722689076,0.05670578682070215,0.12903225806451613,0.375,0.06666666666666667,0.6832356665979765,0.0,0,1,0,0,0,0.014398151566559794,0.00130718954248366,0.001455949355868271,0
0.6974789915966386,0.2554191864789954,0.45161290322580644,0.8999999999999999,0.0,0.3080033371413023,0.0,0,0,0,0,0,0.017296751488688613,0.0,0.0033845641410677444,0
0.29411764705882354,0.7284215720394882,0.4838709677419355,0.5,0.0,0.8769779264508462,0.5,1,0,1,0,0,0.04516014675334921,0.0,0.022461490274429428,0
0.5630252100840336,0.1479820900639431,0.8709677419354839,0.35,0.0,0.22893829689753895,0.0,0,1,0,0,0,0.00515933222181179,0.0,0.0025056324419313533,0
0.4369747899159664,0.2563018532531371,0.7096774193548387,0.475,0.0,0.24804082996384763,0.0,0,0,0,1,0,0.011060431068267058,0.0,0.005494770024811211,0
0.6218487394957983,0.4557323175805326,0.6774193548387096,0.5,0.06666666666666667,0.3336621124424553,0.25,0,1,0,0,0,0.02048650802788421,0.0008888888888888889,0.006722238032268461,0
0.6218487394957983,0.6362058632414491,0.0967741935483871,0.6,0.06666666666666667,0.3020172899131503,0.0,0,0,0,0,1,0.16025525413183994,0.0008888888888888889,0.009342637716819717,0
0.7478991596638656,0.5730544978540327,1.0,0.75,0.0,0.9397653997667201,0.75,0,1,0,0,0,0.017448344406643113,0.0,0.006989388648882679,0
0.08403361344537814,0.3945825101718403,0.4193548387096774,0.32499999999999996,0.06666666666666667,0.37079281114141033,0.0,0,0,0,1,0,0.028333092024317823,0.006060606060606061,0.04089804589849875,0
0.6050420168067226,0.4387136846793001,0.967741935483871,0.35,1.0,0.7344991987259643,0.0,0,0,1,0,0,0.013785353521007203,0.0136986301369863,0.00665780139540685,1
0.15126050420168066,0.5718825225077782,0.22580645161290322,0.875,0.0,0.6266062993543792,0.0,0,0,1,0,0,0.07187232061382698,0.0,0.0337586840464378,0
0.3277310924369748,0.4486231259919844,0.9032258064516129,0.925,0.0,0.4499518835441721,0.25,0,0,0,0,1,0.015122256384797772,0.0,0.012578829968036095,0
0.36134453781512604,0.1197518210208546,0.3870967741935484,0.825,0.06666666666666667,0.5885252756442703,0.0,0,0,0,0,1,0.009837706888294693,0.0015151515151515152,0.0032784990486125457,0
0.3361344537815126,0.9607086087736735,0.4193548387096774,0.2,1.0,0.3849196425177411,0.25,0,1,0,0,0,0.06798838758124608,0.024390243902439025,0.025868435923615207,1
0.8823529411764706,0.9087069956691098,0.6129032258064516,0.025000000000000022,0.0,0.6728501147392408,0.25,0,1,0,0,0,0.0448198297809058,0.0,0.009353629298521576,0
0.9495798319327731,0.016262224716360203,0.06451612903225806,0.625,0.0,0.8538180057579692,0.0,0,0,0,0,0,0.011270443879171775,0.0,0.00015879827392140483,0
0.9411764705882353,0.7629678943436111,0.12903225806451613,0.5,0.0,0.25541935341886923,0.0,1,0,1,0,0,0.15291798224424416,0.0,0.007357823301915826,0
0.8571428571428571,0.7974692992970883,0.9354838709677419,0.125,0.5,0.8861870759799851,0.25,0,0,0,0,1,0.025996738523107472,0.0048543689320388345,0.008455601741687978,1
0.31092436974789917,0.43937703228042574,0.967741935483871,0.8,0.0,0.23100100234280121,0.5,0,0,0,0,1,0.01380633787091612,0.0,0.012986023610999724,0
0.11764705882352941,0.7127971941192734,0.9354838709677419,0.925,0.06666666666666667,0.23470026749148207,0.25,0,1,0,0,0,0.023228935666485633,0.0044444444444444444,0.05304236103862352,0
0.8235294117647058,0.9375762752760651,0.6774193548387096,0.4,0.16666666666666666,0.680138607403732,0.25,0,1,0,0,0,0.04196480222505837,0.0016835016835016834,0.010346139829531411,0
0.9327731092436974,0.4295783122370829,0.4193548387096774,0.55,0.0,0.4117128057795766,1.0,0,0,0,0,1,0.030784434362316974,0.0,0.00418371014475492,0
0.21008403361344538,0.9480872007478494,0.45161290322580644,0.8999999999999999,0.06666666666666667,0.4920822921439132,0.25,0,0,0,0,1,0.06258128774907278,0.002564102564102564,0.04037479124643402,0
0.2773109243697479,0.9446308514496238,0.22580645161290322,0.5,0.0,0.8782543629921433,0.0,1,1,0,0,0,0.11756448898555595,0.0,0.030718915012516758,0
0.42016806722689076,0.24928884604590318,0.8709677419354839,0.5,0.0,0.26027701473904075,0.0,1,0,0,1,0,0.008707436928784246,0.0,0.005568044515720236,0
0.9915966386554621,0.012063963287334289,0.16129032258064516,0.2,0.06666666666666667,0.3841773886669241,0.5,0,0,0,0,0,0.004578613597128614,0.0005602240896358543,0.00010563214344646018,0
0.6638655462184874,0.37766271585900574,0.967741935483871,0.7749999999999999,0.0,0.8836121953708168,0.75,0,0,1,0,0,0.0118540660786018,0.0,0.0052273940487233194,0
0.8655462184873949,0.7415420526649403,0.7096774193548387,0.5,0.0,0.4368514031798875,0.25,1,1,0,0,0,0.03174969247043077,0.0,0.007786844018514868,0
0.9747899159663865,0.6524384833403384,0.8064516129032258,0.65,0.0,0.7644994588149147,0.0,0,0,0,1,0,0.024640019221495873,0.0,0.006070958983254552,0
0.7226890756302521,0.5591855920819367,0.6774193548387096,0.25,0.16666666666666666,0.30040473842053983,0.0,0,0,0,1,0,0.02509795916245714,0.0019157088122605363,0.007063434273894748,0
0.20168067226890757,0.6418911952315087,0.29032258064516125,0.04999999999999999,0.06666666666666667,0.7164250173559357,0.5,0,0,1,0,0,0.06421511515299272,0.0026666666666666666,0.02865996077188181,0
0.5210084033613445,0.9656263644921319,0.4838709677419355,1.0,0.0,0.9694695585890374,0.0,0,0,0,0,1,0.05969864427806672,0.0,0.016852900535656967,0
0.42016806722689076,0.1367654925965385,0.8064516129032258,0.925,1.0,0.5048426561884164,0.0,0,0,1,0,0,0.005190132001585789,0.0196078431372549,0.0031654098346065225,1
0.9495798319327731,0.43332429677906253,0.29032258064516125,0.75,0.0,0.356505925026359,0.0,0,0,1,0,0,0.04376190723565764,0.0,0.0041427227455880485,0
0.3949579831932773,0.4119577051692888,0.967741935483871,0.2,0.0,0.39345856282848735,0.0,0,1,0,0,0,0.012938954385408817,0.0,0.009618502280198542,0
0.3949579831932773,0.5061554533154987,0.7741935483870968,0.5,0.0,0.1545608598140564,0.25,1,0,0,0,1,0.01991712994144642,0.0,0.0117555515481382,0
0.5294117647058824,0.2524266088261859,0.4193548387096774,0.35,0.0,0.5685504442519341,0.5,0,0,0,0,1,0.018375532574319335,0.0,0.004451384111891046,0
0.37815126050420167,0.6405150501095922,0.29032258064516125,0.22499999999999998,0.0,0.7600079227095666,0.25,0,0,0,1,0,0.06408016285465665,0.0,0.01545574396399122,0
0.9831932773109243,0.30680294100845085,0.4838709677419355,0.5,0.0,0.6456268043670935,0.0,1,1,0,0,0,0.01931875729304446,0.0,0.0028281681311130517,0
0.6974789915966386,0.4178399793249518,0.9354838709677419,0.875,0.0,0.7920248725063972,1.0,0,0,0,0,1,0.013587231117218724,0.0,0.005490172476605045,0
0.4369747899159664,0.043658378557959496,0.0,0.25,0.0,0.24807084022735776,0.5,0,0,0,0,1,0.062159231954288456,0.0,0.0011256754896180326,0
0.25210084033613445,0.5410603589966166,0.45161290322580644,0.175,0.06666666666666667,0.5269422142372692,0.0,0,1,0,0,0,0.03597110596712738,0.002150537634408602,0.01953368471830282,0
0.42857142857142855,0.47438914751074374,0.5161290322580645,1.0,0.16666666666666666,0.0,0.0,0,1,0,0,0,0.027806083822281984,0.0032051282051282055,0.010171253263078666,0
0.5042016806722689,0.013639378110296838,0.8064516129032258,0.175,0.16666666666666666,0.8449429704959096,0.0,0,0,1,0,0,0.0005461248816299306,0.0027322404371584695,0.0004169418524656881,0
0.5210084033613445,0.4172654251592616,0.8709677419354839,0.5,0.0,0.9295979224894914,0.0,1,0,0,0,1,0.014590543985527523,0.0,0.007374365638650798,0
0.04201680672268907,0.16279505646172227,0.7419354838709677,0.5,0.0,0.9028727824916121,0.0,1,0,0,1,0,0.006747965819650438,0.0,0.0330717186646855,0
0.8235294117647058,0.9815895417380801,0.967741935483871,0.5,0.0,0.8680388692932983,0.25,1,0,1,0,0,0.030958698117861,0.0,0.010830271682572461,0
0.8655462184873949,0.19901171211751292,0.29032258064516125,0.275,0.06666666666666667,0.0,0.0,0,1,0,0,0,0.020783936870798703,0.000641025641025641,0.0021060905467259828,0
0.7899159663865546,0.769776364269587,0.22580645161290322,0.95,0.0,0.6415033941608029,0.0,0,0,1,0,0,0.09613050780188967,0.0,0.008866398495994682,0
0.04201680672268907,0.49857138324573835,0.5483870967741935,0.275,0.0,0.6149963287444306,0.0,0,0,0,0,1,0.02753760977802815,0.0,0.09401334985794634,0
0.5378151260504201,0.7905034961419874,0.45161290322580644,0.5,0.0,0.13496215705771372,0.25,1,1,0,0,0,0.05227894255878368,0.0,0.013394539596930353,0
0.5462184873949579,0.6158090372321144,0.9354838709677419,0.625,0.0,0.4733298788185559,0.0,0,0,0,0,0,0.020058539735889343,0.0,0.010306305137114958,0
0.2773109243697479,0.7343123396578188,0.45161290322580644,0.0,0.5,0.5171228560167577,0.25,0,1,0,0,0,0.04860533498502239,0.014705882352941176,0.02398273267763896,1
0.26050420168067223,0.15569758421829702,0.45161290322580644,0.7,0.06666666666666667,0.6006094084176788,0.0,0,0,0,0,0,0.01077725525024182,0.0020833333333333333,0.005803255205253291,0
0.26050420168067223,0.28063482753350294,0.45161290322580644,0.95,0.06666666666666667,0.6533454441418965,0.25,0,0,1,0,0,0.018945273707326044,0.0020833333333333333,0.010054902133437888,0
0.47058823529411764,0.4096920331687684,0.4838709677419355,0.5,0.0,0.46758791506695285,0.5,1,0,0,1,0,0.025624923354136353,0.0,0.008026158885269615,0
0.5798319327731092,0.9922165581443058,0.9032258064516129,0.525,1.0,0.6344249733408825,0.0,0,1,0,0,0,0.033504234860216246,0.014285714285714285,0.015562045806615564,1
0.31932773109243695,0.6792485065899674,0.5806451612903225,0.525,0.0,0.4181209973811043,0.25,0,1,0,0,0,0.03537462902822592,0.0,0.019345875284092456,0
0.6386554621848739,0.29479355230215104,0.16129032258064516,0.42500000000000004,0.0,0.4881789572033635,0.5,0,1,0,0,0,0.050788623522083375,0.0,0.004266574435908103,0
0.4789915966386554,0.9903541418676952,0.4838709677419355,0.825,0.0,0.1401899449611767,0.0,0,1,0,0,0,0.06121423224932647,0.0,0.018786577666905287,0
0.10084033613445378,0.8196920156101677,0.8064516129032258,0.7749999999999999,0.0,0.3491554111506135,0.0,0,0,0,1,0,0.030948401467941623,0.0,0.07018653023137987,0
0.26050420168067223,0.11307597978114878,0.967741935483871,0.575,0.0,0.5211262251690078,0.0,0,1,0,0,0,0.0034841245250398353,0.0,0.004352830906052789,0
0.15966386554621848,0.7431704495446871,0.5161290322580645,0.5,0.0,0.8085665297531756,0.75,1,0,0,1,0,0.04331088431494082,0.0,0.04138749622668611,0
0.9663865546218487,0.8359442972584532,0.16129032258064516,0.175,0.5,0.7587094786416955,0.0,0,0,1,0,0,0.13923561409871132,0.004310344827586207,0.007847641572197245,1
0.03361344537815126,0.8426254469123262,0.0967741935483871,0.04999999999999999,0.0,0.3897172833108923,0.25,0,0,0,0,0,0.21086183041931356,0.0,0.1877872561059567,0
0.3025210084033613,0.7953615730350201,0.7096774193548387,0.475,0.0,0.6987629769381128,1.0,0,0,0,0,1,0.03404440368113713,0.0,0.023819378117781387,0
0.9411764705882353,0.40192661950426517,0.4838709677419355,0.725,0.0,0.9092349583557576,1.0,0,0,0,1,0,0.025148974086111647,0.0,0.0038785090050057333,0
0.4369747899159664,0.02461766861554884,0.5806451612903225,0.44999999999999996,0.06666666666666667,0.14463146396067456,0.5,0,0,0,0,1,0.0015869072556060568,0.0012578616352201257,0.0007344541654046381,0
0.47058823529411764,0.7946884661186178,0.0,0.175,0.0,0.3050283196853324,0.0,0,0,0,1,0,0.7986603089243166,0.0,0.015381403168919918,0
0.5462184873949579,0.20790508212463804,0.16129032258064516,0.30000000000000004,0.0,0.9171496651854935,0.0,0,0,0,0,1,0.03658736116656602,0.0,0.0035760855854922507,0
0.226890756302521,0.47618876116436065,0.7419354838709677,0.35,0.0,0.5080637578051693,0.0,0,0,1,0,0,0.019553422665527575,0.0,0.019124204039171793,0
0.11764705882352941,0.5263212408066944,0.7096774193548387,0.5,0.0,0.5000290099213931,0.0,1,1,0,0,0,0.022573289441335742,0.0,0.0395046004918572,0
0.7983193277310924,0.7138695141980275,0.0,0.30000000000000004,0.0,0.10255107246678363,0.5,0,0,0,0,1,0.7194048355218662,0.0,0.00813786319645606,0
0.37815126050420167,0.0446387814037105,0.967741935483871,0.5,0.0,0.21865678061897167,1.0,0,0,0,1,0,0.001319180964376506,0.0,0.0013494311905989079,0
0.7647058823529411,0.11313069728102618,0.8709677419354839,0.8999999999999999,0.0,0.23640084909038891,0.0,0,0,0,0,0,0.003938718753548793,0.0,0.0013893274106731052,0
0.2857142857142857,0.4924795288153584,0.5483870967741935,0.175,0.0,0.4050145149641177,0.0,0,0,1,0,0,0.02720572062242172,0.0,0.01576778391543759,0
0.6890756302521008,0.6514482599283781,0.6774193548387096,0.7,0.0,0.17861308567530096,0.0,0,0,1,0,0,0.029210586687972752,0.0,0.00862359890412371,0
0.42016806722689076,0.4934891687729841,0.0967741935483871,0.95,0.06666666666666667,0.26084720974573306,0.0,0,0,0,0,1,0.1252663099741475,0.00130718954248366,0.0107822880175127,0
0.5798319327731092,0.3385332925157118,0.22580645161290322,0.825,0.16666666666666666,0.7080081387834639,1.0,0,0,0,0,1,0.04326794742594804,0.0023809523809523807,0.005392897567959534,0
0.03361344537815126,0.23735985939725895,0.6774193548387096,0.175,0.16666666666666666,0.318636973845055,0.75,0,0,0,0,0,0.0107525104825956,0.03333333333333333,0.055964244418624944,0
0.1680672268907563,0.5026862617383839,0.1935483870967742,0.825,0.0,0.8515952455739862,0.5,0,1,0,0,0,0.07255168645091141,0.0,0.02693705039595863,0
0.7647058823529411,0.4400655131809353,0.06451612903225806,0.2,0.0,0.9797530755518387,0.0,0,1,0,0,0,0.14980531908920977,0.0,0.005259128082221505,0
0.9495798319327731,0.7216091412198646,0.25806451612903225,0.04999999999999999,0.0,0.867976848082044,0.0,0,1,0,0,0,0.08011864300756406,0.0,0.006896521576774149,0
0.4789915966386554,0.24779285326567313,1.0,0.8500000000000001,0.0,0.22144173307271087,0.0,0,0,1,0,0,0.007480553356052327,0.0,0.004844754747792833,0
0.6050420168067226,0.45935812779255764,0.16129032258064516,0.575,0.0,0.0,0.75,0,1,0,0,0,0.07768545697063033,0.0,0.006965762283385969,0
0.4621848739495798,0.4929590827844331,0.7741935483870968,0.95,0.06666666666666667,0.5030520437989793,0.0,0,0,0,0,0,0.019399486706151117,0.0011904761904761904,0.009792114957755454,0
0.5882352941176471,0.5507798203330474,0.12903225806451613,0.875,1.0,0.5976103827509008,0.0,0,0,0,0,1,0.1113013419478315,0.014084507042253521,0.008569582769881215,1
0.21008403361344538,0.4575565745260719,0.1935483870967742,0.125,0.0,0.23121307487160608,0.5,0,0,0,0,1,0.06622931025516342,0.0,0.019829702062176404,0
0.01680672268907563,0.7264245670467614,0.1935483870967742,0.44999999999999996,0.0,0.739672968155109,0.5,0,0,0,0,1,0.10389597051173187,0.0,0.2709272012465578,0
0.025210084033613446,0.6722964032268135,0.29032258064516125,0.22499999999999998,0.06666666666666667,0.245640008883038,0.5,0,0,0,0,1,0.06719681572730307,0.016666666666666666,0.18841138662100165,0
0.08403361344537814,0.4529443384599139,0.12903225806451613,0.42500000000000004,0.0,0.19371625095782757,0.0,0,0,0,1,0,0.09211277974269219,0.0,0.04667569889099322,0
0.9747899159663865,0.4980216765417462,0.29032258064516125,0.7,1.0,0.7656658577233414,0.0,0,0,1,0,0,0.050106485257441206,0.008547008547008546,0.0046337366513388685,1
0.5882352941176471,0.08404391561205832,0.6774193548387096,0.09999999999999998,0.06666666666666667,0.4672638042210436,0.25,0,0,1,0,0,0.003918420538861754,0.0009389671361502347,0.0014109824802888467,0
0.6890756302521008,0.9779612202378145,0.0967741935483871,0.75,0.0,0.33398222191989657,0.25,0,0,0,0,1,0.24404124109064146,0.0,0.012907481728255349,0
0.6386554621848739,0.5348652763276619,0.5161290322580645,0.2,0.0,0.9322048140464039,0.25,0,1,0,0,0,0.03129468330736163,0.0,0.007661775803983398,0
0.21008403361344538,0.709985388385835,0.5483870967741935,0.5,0.0,0.0,0.75,1,0,1,0,0,0.03905561574012116,0.0,0.030402278403373985,0
0.5210084033613445,0.4870503278088667,0.12903225806451613,0.5,0.06666666666666667,0.3955992949588759,0.0,1,0,0,0,1,0.09880201851026774,0.001058201058201058,0.008580612450929555,0
0.6134453781512604,0.06240765656259031,0.6451612903225806,0.07500000000000001,0.06666666666666667,0.8096428978710719,0.0,0,0,0,0,1,0.0031299249745273356,0.0009009009009009009,0.0010275939525481767,0
0.01680672268907563,0.38761325654753076,0.8709677419354839,0.8,0.06666666666666667,0.9954444419991637,0.0,0,1,0,0,0,0.013552024905497381,0.02222222222222222,0.1479422718067234,0
0.8739495798319328,0.7479029211917324,0.29032258064516125,0.25,0.0,0.34465387162409544,1.0,0,0,1,0,0,0.07461120335696234,0.0,0.007776822489972069,0
0.5630252100840336,0.6667305309724937,0.8709677419354839,0.875,0.0,0.13698084744982783,0.5,0,0,1,0,0,0.02332765443370857,0.0,0.01081299458072559,0
0.7394957983193277,0.9711955034628623,0.8709677419354839,0.07500000000000001,0.06666666666666667,0.30185323380596163,0.0,0,0,1,0,0,0.033991045947238854,0.0007490636704119849,0.011941574458844018,0
0.8739495798319328,0.6766566529558495,0.9354838709677419,0.875,0.0,0.9157791964851979,0.0,0,0,1,0,0,0.022047556121688478,0.0,0.00703791839453064,0
0.9747899159663865,0.6425208344026725,0.5483870967741935,0.825,0.16666666666666666,0.1283298888219771,0.0,0,0,0,1,0,0.03538009228322869,0.0014245014245014246,0.005978651242738296,0
0.9747899159663865,0.141428301516128,0.5161290322580645,0.09999999999999998,0.5,0.25233229764579485,0.5,0,0,0,0,1,0.008599050260246977,0.004273504273504273,0.0013147717496201849,1
0.31092436974789917,0.09664157869297288,0.6774193548387096,0.75,0.0,0.5889914350707942,0.5,0,0,0,0,1,0.00447996397948685,0.0,0.0031642326667764087,0
0.8571428571428571,0.4787088695393109,0.5483870967741935,0.8500000000000001,0.06666666666666667,0.7224110645840878,1.0,0,0,1,0,0,0.026455483969280595,0.0006472491909385112,0.00508550451718167,0
0.7226890756302521,0.023631896104697934,0.7741935483870968,0.025000000000000022,0.0,0.653475488617107,0.0,0,0,1,0,0,0.0009895729535002679,0.0,0.0003599743192757997,0
0.1764705882352941,0.10466502211995768,0.8387096774193548,0.30000000000000004,0.16666666666666666,0.2918918270048356,0.25,0,0,0,0,1,0.003804558918638995,0.007575757575757575,0.006002424147658574,0
0.23529411764705882,0.746333570211107,0.7741935483870968,0.525,1.0,0.39609346396467593,0.75,0,0,1,0,0,0.029338400523709847,0.034482758620689655,0.028602229477602287,1
0.11764705882352941,0.8588093316857649,0.7096774193548387,0.675,0.0,0.10534602834169285,0.0,0,0,1,0,0,0.036749635575975735,0.0,0.06364253398415753,0
0.37815126050420167,0.035913300203112175,0.6774193548387096,0.725,0.5,0.7495863585346189,0.0,0,0,1,0,0,0.0017729883898555323,0.010869565217391304,0.0011428709139473343,1
0.20168067226890757,0.14747689237104525,0.0,0.475,0.0,0.15557920808916648,0.5,0,0,0,0,1,0.16396933050988033,0.0,0.007123899985099869,0
0.008403361344537815,0.8955075217574542,0.6129032258064516,0.7,0.0,0.9788687731204071,0.75,0,0,1,0,0,0.044172623569570954,0.0,0.4985498940558977,0
0.5462184873949579,0.5233945691574685,0.0967741935483871,0.44999999999999996,0.0,0.6667900421944305,0.0,0,0,1,0,0,0.13259802675726964,0.0,0.008781510753287728,0
0.03361344537815126,0.635870391883059,0.3870967741935484,0.04999999999999999,0.0,0.21228860270212413,0.0,0,1,0,0,0,0.04877109364912435,0.0,0.14275731454355203,0
0.9663865546218487,0.24328049705376886,0.3548387096774194,0.8,0.06666666666666667,0.7923469826680725,0.25,0,1,0,0,0,0.02081416809172058,0.0005747126436781609,0.002283916476469538,0
0.3361344537815126,0.39019096121619523,0.5161290322580645,0.7749999999999999,0.06666666666666667,0.29221393716651095,0.0,0,1,0,0,0,0.022949064117184226,0.0016260162601626016,0.010715371236964718,0
0.04201680672268907,0.07104342556376278,0.8387096774193548,0.42500000000000004,0.0,0.3524165264520466,0.25,0,0,0,0,1,0.0025834044060899664,0.0,0.01641928189191593,0
0.8235294117647058,0.4441149552604812,0.0,0.95,0.0,0.22402861778728325,0.0,0,0,0,0,1,0.4548687983301054,0.0,0.0049182231474236135,0
0.7899159663865546,0.9759652360939659,0.4193548387096774,0.5,0.16666666666666666,0.27826116531853895,0.25,0,1,0,0,0,0.06905706480189054,0.0017543859649122805,0.01122990536158082,0
0.9159663865546218,0.13391765089769572,0.45161290322580644,0.4,0.0,0.0,0.0,0,0,0,0,1,0.009353349194399754,0.0,0.0013363167288994546,0
0.9663865546218487,0.559173770651926,0.22580645161290322,0.2,0.06666666666666667,0.8637193920320749,0.0,0,0,0,0,1,0.07031445868795173,0.0005747126436781609,0.005249414509726595,0
0.680672268907563,0.694294614454575,0.6774193548387096,0.925,0.0,0.32948668444608054,0.75,0,0,0,0,0,0.031120471813836634,0.0,0.009300112600333157,0
0.4453781512605042,0.22576783454636723,0.1935483870967742,0.25,0.0,0.28068999597862465,1.0,0,1,0,0,0,0.03375721256044879,0.0,0.004773704276931864,0
0.4621848739495798,0.6857505585166298,0.5806451612903225,0.07500000000000001,0.0,0.42435512945427334,0.0,0,0,0,0,1,0.03571022202003939,0.0,0.01354111160291335,0
0.40336134453781514,0.8749500753856062,0.3225806451612903,0.525,0.0,0.3449539742591966,0.0,0,0,0,0,0,0.0790873214111235,0.0,0.019707753848925,0
0.5714285714285714,0.9321443383945796,0.7419354838709677,0.35,0.16666666666666666,0.6756170610348738,0.5,0,0,0,0,1,0.03818404408595018,0.0024154589371980675,0.014842299453418126,0
0.9747899159663865,0.8773272649175932,0.5806451612903225,0.44999999999999996,0.06666666666666667,0.46905841797894876,0.0,0,0,0,1,0,0.04559814675334317,0.0005698005698005699,0.008164093699488598,0
0.3445378151260504,0.45291706137788545,0.12903225806451613,0.5,0.06666666666666667,0.8311842650186363,1.0,1,0,1,0,0,0.09210742986373974,0.001587301587301587,0.012082018014845828,0
0.8655462184873949,0.44856381467215456,0.0,0.375,0.0,0.9627052451938563,0.5,0,1,0,0,0,0.4592315925806367,0.0,0.004719113021282993,0
0.3277310924369748,0.34253971602352573,0.967741935483871,0.875,0.0,0.9201006744306552,0.25,0,1,0,0,0,0.01074298447199311,0.0,0.009690793112695297,0
0.5882352941176471,0.04897828748353933,0.9354838709677419,0.55,0.0,0.7976848082044059,0.0,0,0,0,0,1,0.0015297011640775205,0.0,0.0008731605275817529,0
1.0,0.05003935780765435,0.8064516129032258,0.8999999999999999,0.0,0.5577427480198227,0.0,0,1,0,0,0,0.0019190404940986887,0.0,0.0004477668857633606,0
0.09243697478991596,0.837573919156854,0.7741935483870968,0.30000000000000004,0.0,0.6568266347090704,0.75,0,1,0,0,0,0.03291741107866242,0.0,0.07767416005014392,0
0.14285714285714285,0.8886890883464261,0.5806451612903225,0.5,0.0,0.8052533966616583,0.5,1,0,1,0,0,0.04618456906432212,0.0,0.054811084219460335,0
0.3949579831932773,0.7578420283728203,0.8387096774193548,0.4,0.0,0.5839277032745198,0.5,0,0,0,0,1,0.027528299917844525,0.0,0.017465524679784985,0
0.31932773109243695,0.9041658106848822,0.3870967741935484,0.7,0.0,0.9209789748093847,0.0,0,0,0,0,1,0.06900994940066246,0.0,0.025626075846090397,0
0.12605042016806722,0.9743785306824093,0.22580645161290322,0.825,0.0,0.7847123716310977,0.0,0,1,0,0,0,0.12121101363137048,0.0,0.06751856293560381,0
0.8823529411764706,0.29192937702125527,0.5161290322580645,0.5,0.0,0.20086069435747025,1.0,1,0,0,0,1,0.01728078939901673,0.0,0.003017296319278465,0
0.36134453781512604,0.1270280234858943,0.4838709677419355,0.65,0.5,0.90683013590648,0.0,0,0,0,0,1,0.008300189049193392,0.011363636363636362,0.003458579823064239,1
0.2773109243697479,0.8335926493654016,0.03225806451612903,0.175,0.0,0.2810701259830862,0.0,0,0,0,1,0,0.41803550242445287,0.0,0.027162530132251197,0
0.5462184873949579,0.4131684727729191,0.06451612903225806,0.75,0.16666666666666666,0.9082706285549658,0.25,0,1,0,0,0,0.14101308401726473,0.0025252525252525255,0.006962833048162565,0
0.48739495798319327,0.08642774066175427,0.8709677419354839,0.925,0.16666666666666666,0.3782573640184943,0.25,0,0,0,1,0,0.0030034910369709216,0.002824858757062147,0.0017810521467899099,0
0.47058823529411764,0.5415650054311202,0.5161290322580645,0.8,0.0,0.28735827653057344,0.0,0,0,1,0,0,0.03168116094668367,0.0,0.010545553462431807,0
0.3529411764705882,0.07715477820771849,0.25806451612903225,0.55,0.0,0.6177252620396175,0.0,0,0,0,0,1,0.009897853324762226,0.0,0.0022804494947889073,0
0.38655462184873945,0.40025644948841793,0.8387096774193548,0.8999999999999999,0.06666666666666667,0.15552719029908227,0.0,0,1,0,0,0,0.014540598915980973,0.0014184397163120566,0.009556127945237369,0
0.7142857142857143,0.01787757514744222,0.7419354838709677,0.22499999999999998,0.0,0.5150461457818574,0.5,0,0,0,0,1,0.0008265496414153902,0.0,0.0002935313180434429,0
0.8739495798319328,0.39509213834887,0.5483870967741935,0.55,0.06666666666666667,0.4792378993615816,0.0,0,1,0,0,0,0.021899976836515123,0.0006349206349206349,0.004117777057650177,0
0.37815126050420167,0.006314705740514997,0.7419354838709677,0.75,0.0,0.7912145953916239,0.0,0,0,0,0,1,0.0003540837846254053,0.0,0.00044217673787454864,0
0.025210084033613446,0.8351669208376203,0.8709677419354839,0.625,0.0,0.28955702850374826,0.0,0,1,0,0,0,0.02922686561575772,0.0,0.23275159567426437,0
0.680672268907563,0.5812126524989992,0.4193548387096774,0.725,0.06666666666666667,0.27686468772320133,0.0,0,1,0,0,0,0.041405927691306285,0.0008130081300813008,0.007798372652636314,0
0.8403361344537815,0.38341432135824516,0.9354838709677419,0.25,0.0,0.5546136778778342,0.5,0,0,0,0,0,0.012461908506410385,0.0,0.004162560610526577,0
0.4117647058823529,0.4587676892183209,0.4193548387096774,0.07500000000000001,0.06666666666666667,0.21577979669046812,0.25,0,0,1,0,0,0.0328290554708868,0.0013333333333333333,0.010245565960613124,0
0.9663865546218487,0.7961645931796759,0.1935483870967742,0.575,0.06666666666666667,0.5058009839365063,1.0,0,1,0,0,0,0.11366609541951747,0.0005747126436781609,0.0074742033129222936,0
0.10084033613445378,0.4197160341425766,0.9354838709677419,0.55,0.0,0.4574324418951281,0.25,0,0,0,0,1,0.013648556507351594,0.0,0.036681824219008126,0
0.23529411764705882,0.23984793353440792,0.0967741935483871,0.6,0.06666666666666667,0.5532872242306869,0.5,0,0,0,0,1,0.06308270175015214,0.0022988505747126436,0.009583373617463288,0
0.0,0.607439607703293,0.9354838709677419,0.5,0.06666666666666667,0.3682439394272841,0.0,1,0,0,0,1,0.01978495576263723,0.06666666666666667,0.6835951525589119,0
0.9495798319327731,0.8045022743083821,0.7741935483870968,0.725,0.0,0.9003599230936981,0.5,0,0,1,0,0,0.03162013671101719,0.0,0.007688346112175238,0
0.8991596638655461,0.9190151805536618,0.4193548387096774,0.4,0.0,0.8843404444319957,0.5,0,0,0,1,0,0.06506789827165681,0.0,0.00928079250742504,0
0.7983193277310924,0.9550637840671052,0.3870967741935484,0.35,0.0,0.7150285397605981,0.25,0,0,0,0,1,0.07284943628392279,0.0,0.010873831136235797,0
0.453781512605042,0.09922103922170808,0.7741935483870968,0.5,0.0,0.9684832212616714,0.5,1,0,0,0,0,0.003954646456413594,0.0,0.0021778614036665044,0
0.5462184873949579,0.7610424304402762,0.3870967741935484,0.7749999999999999,0.0,0.8364380618171414,0.25,0,0,1,0,0,0.058213442101435184,0.0,0.012702586443729246,0
0.5882352941176471,0.4688978584754733,0.6451612903225806,0.825,0.0,0.10588621308487502,0.0,0,1,0,0,0,0.022112137756757612,0.0,0.007313711451782335,0
0.5462184873949579,0.7647197118527456,0.8709677419354839,0.04999999999999999,0.16666666666666666,0.9595241572617835,0.0,0,1,0,0,0,0.02675956645718219,0.0025252525252525255,0.01276325982271744,0
0.9411764705882353,0.552402439208143,0.6451612903225806,0.25,0.06666666666666667,0.5348169073823247,1.0,0,1,0,0,0,0.02601162097258719,0.0005899705014749262,0.005328627612824008,0
0.14285714285714285,0.7406806807984002,0.12903225806451613,0.25,0.0,0.2435252856476915,0.25,0,0,1,0,0,0.14854677074404363,0.0,0.04585683594285331,0
0.47058823529411764,0.3787727869292796,0.967741935483871,0.675,0.0,0.3898313223122308,0.0,0,0,0,0,0,0.011889182086744242,0.0,0.007435455726242164,0
0.0,0.27311745972945134,0.4193548387096774,0.55,0.0,0.371705123152118,0.0,0,1,0,0,0,0.0198248595174151,0.0,0.3195289200755354,0
0.48739495798319327,0.7034203092494258,0.5161290322580645,0.75,0.0,0.7224370734791299,0.5,0,0,0,0,1,0.041017875128031706,0.0,0.013168939765054585,0
0.3445378151260504,0.47457600368942954,0.29032258064516125,0.75,1.0,0.8046972064446041,0.0,0,1,0,0,0,0.04780727466760935,0.023809523809523808,0.012643587117803745,1
0.15966386554621848,0.08010960486900814,0.5161290322580645,0.5,0.0,0.718235636587713,0.0,1,0,0,0,0,0.0050618467762658,0.0,0.005284883059818186,0
0.5462184873949579,0.20768876424732424,0.7419354838709677,0.30000000000000004,0.06666666666666667,0.3262895910401357,0.25,0,0,0,0,1,0.008582349947581214,0.00101010101010101,0.003572516444303415,0
0.3277310924369748,0.6987393088028248,0.5806451612903225,0.825,0.06666666666666667,0.8598840803554816,0.0,0,0,0,0,1,0.03638061555390029,0.0016666666666666668,0.01938804504030457,0
0.907563025210084,0.22949268751656582,0.4838709677419355,0.275,0.0,0.14648009619289795,0.25,0,0,0,0,1,0.014580341524098948,0.0,0.0023051855913220126,0
0.8907563025210083,0.6221919969286333,0.4838709677419355,0.42500000000000004,0.0,0.23812543890010382,0.5,0,1,0,0,0,0.03864923945323936,0.0,0.006348474242346778,0
0.3529411764705882,0.11108365027628458,0.3225806451612903,0.5,0.0,0.5541415163986083,0.5,1,0,1,0,0,0.010988313241309807,0.0,0.0031396929201257286,0
0.10084033613445378,0.8739461930156541,0.45161290322580644,0.32499999999999996,0.06666666666666667,0.3269978332589746,0.0,0,0,0,0,1,0.0577341732817273,0.005128205128205128,0.07473122878363825,0
0.1092436974789916,0.34734117663776726,0.5806451612903225,0.09999999999999998,0.0,0.4348047032084973,0.0,0,0,0,0,1,0.018243764015178198,0.0,0.028418398997803268,0
0.15126050420168066,0.6812289738308657,0.45161290322580644,0.725,1.0,0.1307687229032329,0.0,0,0,1,0,0,0.04513490534904261,0.05263157894736842,0.040025779989659324,1
0.1680672268907563,0.8011351063681655,0.6129032258064516,0.475,0.0,0.9560469680630775,0.25,0,0,1,0,0,0.03954528661452118,0.0,0.04241330473440283,0
0.008403361344537815,0.808661661812122,0.03225806451612903,0.375,0.16666666666666666,0.3268977990472742,0.0,0,0,1,0,0,0.4058111591610854,0.08333333333333333,0.4512636983481129,0
0.907563025210084,0.756363369606544,0.16129032258064516,0.525,0.0,0.9457554483633402,0.0,0,1,0,0,0,0.1262287142215318,0.0,0.007568905672838793,0
0.8151260504201681,0.2074917404138105,0.12903225806451613,0.025000000000000022,0.0,0.10385151721888886,1.0,0,1,0,0,0,0.04397193803734683,0.0,0.0023410316778454906,0
0.4117647058823529,0.7439293077668674,0.29032258064516125,0.5,0.0,0.8996676863487312,0.0,1,0,0,0,1,0.07422152914612197,0.0,0.01645620541378833,0
0.680672268907563,0.159462801553144,0.4193548387096774,0.5,0.0,0.39762998945639405,0.25,1,0,0,0,1,0.011863719636151685,0.0,0.0021974917681200396,0
0.8151260504201681,0.6702276325579415,1.0,0.4,1.0,0.2101118582555234,0.25,0,1,0,0,0,0.020426259320912528,0.010204081632653062,0.007482916713860157,1
0.9831932773109243,0.04052094244931781,0.5806451612903225,0.7749999999999999,0.06666666666666667,0.6951457398430263,0.75,0,1,0,0,0,0.002407729252369627,0.0005649717514124294,0.0003707726706623503,0
0.6470588235294117,0.6571819597382919,0.8064516129032258,0.8999999999999999,0.06666666666666667,0.445446342649186,0.0,0,1,0,0,0,0.024818931211509982,0.0008547008547008547,0.00926876321762443,0
0.7058823529411764,0.5261021053864764,0.3225806451612903,0.8500000000000001,0.06666666666666667,0.7961242745018796,0.25,0,0,1,0,0,0.04798738040299008,0.000784313725490196,0.006810309578845596,0
0.10084033613445378,0.6549973431387093,0.25806451612903225,0.9750000000000001,1.0,0.26412232983680417,0.0,0,0,0,1,0,0.07286051375604108,0.07692307692307691,0.056390585378108274,1
0.8907563025210083,0.5185280804696787,0.7741935483870968,0.95,0.0,0.1296483397321884,0.25,0,0,1,0,0,0.02040246086892494,0.0,0.005293458145173208,0
0.6218487394957983,0.6782133454103839,0.9354838709677419,0.5,0.0,0.0,0.25,1,1,0,0,0,0.022098442039943298,0.0,0.00995256862176845,0
0.29411764705882354,0.6672230497223229,1.0,0.4,0.0,0.8591578319785367,0.25,0,0,1,0,0,0.02033418251321656,0.0,0.020610288805311662,0
0.5378151260504201,0.995984776774855,0.7741935483870968,0.15000000000000002,0.0,0.5788659721624796,1.0,0,1,0,0,0,0.03913126424762647,0.0,0.01683704125584945,0
0.15126050420168066,0.18169215338393233,0.5161290322580645,0.175,0.16666666666666666,0.4294368674086537,0.5,0,0,0,0,1,0.010921693187980978,0.008771929824561403,0.011395265299588671,0
0.07563025210084033,0.5569633674096772,0.9354838709677419,0.25,0.0,0.0,0.0,0,0,0,0,1,0.018134963929048037,0.0,0.06268983173365876,0
0.5294117647058824,0.020232959347388463,0.6774193548387096,0.4,0.06666666666666667,0.4430795332003545,0.0,0,1,0,0,0,0.0010740339490404572,0.0010416666666666667,0.0005005789302052862,0
0.08403361344537814,0.02213710792614428,0.6129032258064516,0.725,0.06666666666666667,0.45836676143240984,0.0,0,0,0,0,0,0.00134888980480573,0.006060606060606061,0.0040270232464309635,0
0.7731092436974789,0.22293234511895196,0.967741935483871,0.2,0.0,0.956165008432884,0.75,0,0,0,0,1,0.006959322756041085,0.0,0.0026580262194936858,0
0.1680672268907563,0.4937811111352032,0.12903225806451613,0.7749999999999999,0.06666666666666667,0.5148100650422445,0.0,0,0,0,1,0,0.10012213317699162,0.003174603174603174,0.02647526815710314,0
0.008403361344537815,0.4107380765973947,0.3548387096774194,0.5,0.16666666666666666,0.6657957021301285,0.0,1,0,0,0,0,0.03449900461640835,0.08333333333333333,0.2346006065317451,0
0.5882352941176471,0.12685897091164622,0.4193548387096774,0.5,0.06666666666666667,0.6566945895496259,0.25,0,1,0,0,0,0.009579927132026279,0.0009389671361502347,0.002067661908990103,0
0.4453781512605042,0.5687472914327136,0.03225806451612903,0.35,0.0,0.9843866602378013,0.25,0,1,0,0,0,0.28817459899414727,0.0,0.011690255531494118,0
0.10084033613445378,0.49349702930934713,0.6451612903225806,1.0,0.5,0.49095590692016666,0.0,0,0,0,1,0,0.023260865801954383,0.03846153846153846,0.042862221710108894,1
0.47058823529411764,0.6924609044484225,0.22580645161290322,0.5,0.0,0.9242680996900939,0.0,1,0,0,0,1,0.08665303806268275,0.0,0.013428375493195562,0
0.7815126050420168,0.6864338739218151,0.9032258064516129,0.65,0.0,0.41032233023694104,0.0,0,1,0,0,0,0.023163987191516553,0.0,0.007997263033387419,0
0.7226890756302521,0.2881300837508503,0.8709677419354839,0.6,0.16666666666666666,0.2803958953962255,0.75,0,0,1,0,0,0.01006778823990608,0.0019157088122605363,0.0036706657070365257,0
0.10084033613445378,0.13001776317882213,0.0967741935483871,0.35,0.0,0.9409938198864011,0.0,0,0,0,0,1,0.03615633751705563,0.0,0.012414728566617132,0
0.42016806722689076,0.20459451004623505,0.4193548387096774,0.95,0.0,0.5525869847487841,0.0,0,0,1,0,0,0.015025049318183164,0.0,0.004613716739038087,0
0.37815126050420167,0.746553930649979,0.7096774193548387,0.0,0.0,0.928767638532378,0.25,0,0,1,0,0,0.031963384686932834,0.0,0.017966026204785407,0
0.8403361344537815,0.3544965718465478,0.1935483870967742,0.7749999999999999,0.0,0.8721242664991427,0.0,0,0,1,0,0,0.05179127294705222,0.0,0.003850773348076231,0
0.8655462184873949,0.814098233347515,0.06451612903225806,0.9750000000000001,0.16666666666666666,0.6585752327295935,0.25,0,1,0,0,0,0.2720709494491767,0.0016025641025641027,0.008546568856938436,0
0.9159663865546218,0.9996429887302775,0.06451612903225806,0.5,0.0,0.32186007614604195,0.0,1,0,0,0,1,0.33272271934448416,0.0,0.009906748354374845,0
0.19327731092436973,0.6156474776886331,0.6774193548387096,0.42500000000000004,0.0,0.6476955118650578,0.25,0,1,0,0,0,0.027614759405813316,0.0,0.02867136011700826,0
0.9327731092436974,0.10019529655721165,0.5161290322580645,0.44999999999999996,0.0,0.7626708334250313,0.0,0,0,0,0,1,0.006220501191680911,0.0,0.000981141628522532,0
0.1680672268907563,0.7109442309032761,0.29032258064516125,0.2,0.16666666666666666,0.9680770823621678,0.0,0,1,0,0,0,0.07098683255588556,0.007936507936507936,0.037736399620452554,0
0.7815126050420168,0.38497301467658096,0.8709677419354839,0.025000000000000022,0.16666666666666666,0.8022963853637944,0.25,0,1,0,0,0,0.013459554719091148,0.0017730496453900709,0.0045049084626962894,0
0.9915966386554621,0.6414396125216997,0.7419354838709677,0.9750000000000001,0.0,0.6494120989378367,0.5,0,0,0,0,1,0.02630567267581008,0.0,0.005865045186964766,0
0.6050420168067226,0.6289035270451248,0.8064516129032258,0.8500000000000001,0.5,0.7113372773488533,0.25,0,1,0,0,0,0.02375233990944355,0.00684931506849315,0.009494934488232902,1
0.47058823529411764,0.4879958584569346,0.6774193548387096,0.30000000000000004,0.0,0.11318270848630231,0.0,0,0,0,1,0,0.021924662043761253,0.0,0.009522130572398885,0
0.2857142857142857,0.20623954676269832,0.06451612903225806,0.5,0.0,0.981333616096705,0.75,1,0,1,0,0,0.07337115267210641,0.0,0.006861890304945219,0
0.8655462184873949,0.5005298001508651,0.5806451612903225,0.22499999999999998,0.0,0.7631710044835334,0.25,0,0,0,0,1,0.02615034936029667,0.0,0.005263241027331918,0
0.8151260504201681,0.21642608729491095,0.6774193548387096,0.15000000000000002,1.0,0.8924612217378343,0.0,0,0,0,0,1,0.009819383256052822,0.010204081632653062,0.0024403094414994627,1
0.5546218487394958,0.8611028116097305,0.6451612903225806,0.95,0.06666666666666667,0.8774800981935822,0.5,0,0,0,0,1,0.04042726033438541,0.0009950248756218905,0.014136434193769242,0
0.8655462184873949,0.9137636889199063,0.29032258064516125,0.22499999999999998,0.0,0.8319025106586452,0.0,0,0,0,1,0,0.0908764151084169,0.0,0.009590150829126383,0
0.10084033613445378,0.2338692912446324,0.8064516129032258,0.2,0.0,0.8127279529599123,0.5,0,0,1,0,0,0.008852642868416546,0.0,0.021114038220195624,0
0.680672268907563,0.5426754031730352,0.16129032258064516,0.7749999999999999,0.16666666666666666,0.13305350429847007,0.0,0,0,0,0,1,0.09130303458487249,0.002032520325203252,0.007286594064908158,0
0.9159663865546218,0.6618547933938664,0.5161290322580645,0.125,0.0,0.39959266068995597,0.0,0,1,0,0,0,0.038620144981484875,0.0,0.006562742460691179,0
0.8739495798319328,0.5053104354479891,0.8387096774193548,0.0,0.0,0.42475326561684096,0.0,0,0,0,0,0,0.01835621632134048,0.0,0.005260865013492079,0
0.680672268907563,0.770529628239914,0.6774193548387096,0.825,0.06666666666666667,0.23064888191761582,0.0,0,0,0,0,1,0.034518663340483896,0.0008130081300813008,0.010312521331441298,0
0.14285714285714285,0.9198371476534992,0.6451612903225806,0.32499999999999996,0.0,0.0,0.0,0,0,0,1,0,0.04317002672619324,0.0,0.0566954870111025,0
0.9243697478991596,0.8169927686740517,0.8387096774193548,0.5,0.0,0.4418371082910355,0.0,1,1,0,0,0,0.029676686694145762,0.0,0.008023872182607734,0
0.5042016806722689,0.8589203796267474,0.7419354838709677,0.025000000000000022,0.0,0.32101978876775855,0.25,0,0,1,0,0,0.03519206872072878,0.0,0.01550684749091318,0
0.8067226890756303,0.11361141501782218,0.3225806451612903,0.375,0.0,0.2843992645484756,0.0,0,0,1,0,0,0.011213664514944724,0.0,0.0013132021007405171,0
0.7731092436974789,0.391269222635421,0.5806451612903225,0.75,0.0,0.7523453020933158,0.25,0,0,0,0,1,0.020511039722470148,0.0,0.0046291394351100175,0
0.18487394957983191,0.939575301549571,0.6129032258064516,0.09999999999999998,0.0,0.6295533072310731,0.0,0,1,0,0,0,0.04633338702060584,0.0,0.04526312984175493,0
0.05042016806722689,0.22243431378517983,0.8064516129032258,0.875,0.0,0.3301929259806854,0.0,0,0,0,0,1,0.008421344301416231,0.0,0.03759762482762182,0
0.18487394957983191,0.810645947027825,0.4838709677419355,0.55,0.06666666666666667,0.6283328898483281,0.25,0,1,0,0,0,0.05019975349939771,0.002898550724637681,0.039158782694300294,0
0.7142857142857143,0.27710924426435035,0.7419354838709677,0.07500000000000001,0.0,0.9793069229676549,0.25,0,0,0,0,1,0.011418912864253677,0.0,0.0035760322346323763,0
0.20168067226890757,0.10049279233732865,0.4193548387096774,0.35,0.0,0.4965718275650272,0.75,0,1,0,0,0,0.007733061907735192,0.0,0.005077332099655958,0
0.12605042016806722,0.945836494391885,0.6129032258064516,0.75,0.0,0.7956241034433776,0.0,0,1,0,0,0,0.04664039038490907,0.0,0.06557597707891762,0
0.7647058823529411,0.807378863111638,0.4838709677419355,0.5,0.5,0.3594509322188188,0.0,1,0,1,0,0,0.049999510953969324,0.005434782608695652,0.009606873807368427,1
0.0,0.12485008323797583,0.8709677419354839,0.25,0.5,0.4553177186597816,0.0,0,1,0,0,0,0.004349171226077717,0.5,0.1580704421177146,1
0.42016806722689076,0.46901793072054004,0.12903225806451613,0.2,0.0,0.16157926010695658,0.25,0,1,0,0,0,0.09526530803864335,0.0,0.010259770305124668,0
0.42857142857142855,0.7732820409856125,0.967741935483871,0.5,0.06666666666666667,0.9943220581438852,0.5,1,0,0,0,1,0.024369094903761587,0.001282051282051282,0.016430578190739387,0
0.025210084033613446,0.76124104679804,0.9032258064516129,0.32499999999999996,0.0,0.9354459225054969,0.25,0,1,0,0,0,0.0256936421878491,0.0,0.21262586170199965,0
0.08403361344537814,0.7490804703728626,0.0967741935483871,0.15000000000000002,0.06666666666666667,0.8233315794001548,0.25,0,0,1,0,0,0.1879280035635132,0.006060606060606061,0.07599232345400794,0
0.36974789915966383,0.494684051968068,0.8064516129032258,0.32499999999999996,0.0,0.0,1.0,0,1,0,0,0,0.018689919150894886,0.0,0.012274468536422521,0
0.3277310924369748,0.12810422279038589,0.8709677419354839,0.925,0.06666666666666667,0.7333828169233878,0.25,0,0,0,0,1,0.00446314218241855,0.0016666666666666668,0.003852956567521799,0
0.2773109243697479,0.21962724479053672,0.45161290322580644,0.4,0.0,0.6272945347308779,0.5,0,0,1,0,0,0.014956782776647791,0.0,0.007498151199134109,0
0.23529411764705882,0.6028163260522716,0.0967741935483871,0.44999999999999996,0.0,0.6413693483171244,0.0,0,0,0,0,1,0.1520693536910091,0.0,0.023213066227068514,0
0.6134453781512604,0.42809332420776103,0.0967741935483871,0.5,0.16666666666666666,0.22007326505664937,0.0,1,0,0,0,0,0.10923362674700539,0.0022522522522522522,0.00640894682074862,0
0.36134453781512604,0.7170357994959702,0.6774193548387096,0.95,0.0,0.7907224270700579,0.0,0,0,1,0,0,0.03213416484642644,0.0,0.01806084766084303,0
0.23529411764705882,0.7736244949503301,0.0967741935483871,0.65,0.06666666666666667,0.5205580308465495,0.75,0,0,0,0,1,0.19394530594390008,0.0022988505747126436,0.029627020955028727,0
0.6050420168067226,0.5157197864563816,0.16129032258064516,0.275,0.06666666666666667,0.2799957585494239,0.25,0,1,0,0,0,0.08689734319491133,0.0009132420091324201,0.007806530249606411,0
0.06722689075630252,0.9252968720414523,0.7096774193548387,0.04999999999999999,0.06666666666666667,0.8952201652965314,0.0,0,1,0,0,0,0.03958447511332892,0.007407407407407407,0.11424378234399057,0
1.0,0.9886824609955082,0.06451612903225806,0.575,1.0,0.22403662052421927,0.25,0,0,0,0,0,0.3291398888584971,0.008333333333333333,0.008965705354571318,1
0.11764705882352941,0.1305245329789926,0.7741935483870968,0.5,0.06666666666666667,0.26448045231469164,1.0,1,0,1,0,0,0.0051825630071364705,0.0044444444444444444,0.010770595057986556,0
0.5630252100840336,0.06805484963855621,0.1935483870967742,0.275,0.0,0.5392764325399286,0.25,0,0,0,0,1,0.011662647250244748,0.0,0.0012256584148186316,0
0.49579831932773105,0.2853564169315055,0.3225806451612903,0.9750000000000001,0.16666666666666666,0.6667480278255163,0.0,0,1,0,0,0,0.02652480256734799,0.0027777777777777775,0.005358615082556144,0
0.4369747899159664,0.5617474531760099,0.9354838709677419,0.875,0.0,0.9509892383195052,0.0,0,0,0,1,0,0.018291348445797346,0.0,0.01177063013918739,0
0.03361344537815126,0.6516661499129645,0.29032258064516125,0.4,0.0,0.6137859147828557,0.25,0,0,0,0,0,0.06517370053718266,0.0,0.14619753060462892,0
0.8235294117647058,0.19419052870294248,0.7741935483870968,0.42500000000000004,0.5,0.8341232701583942,0.0,0,0,0,0,1,0.007679936957592011,0.005050505050505051,0.0021691343958775986,1
0.04201680672268907,0.20346930999558463,0.4193548387096774,0.35,0.0,0.8495125332863839,0.0,0,0,0,0,0,0.014946232707044033,0.0,0.04045388101562531,0
0.9243697478991596,0.2674263497347406,0.8064516129032258,0.04999999999999999,0.5,0.23922981659727627,0.0,0,0,0,1,0,0.010118330648812242,0.0045045045045045045,0.002632336798553398,1
0.4789915966386554,0.6415069885476681,0.5161290322580645,1.0,0.5,0.9962087033765548,0.0,0,0,0,1,0,0.03744637042121424,0.008620689655172414,0.012236862091803535,1
0.6638655462184874,0.45500463608309594,1.0,0.375,0.06666666666666667,0.43648927933353204,0.0,0,0,0,0,1,0.013830652695181066,0.0008333333333333334,0.006280180323864799,0
0.31092436974789917,0.5700227400212736,0.9032258064516129,0.2,0.0,0.696562224280704,0.75,0,1,0,0,0,0.019227466197901614,0.0,0.01672994568197185,0
0.5210084033613445,0.1810339508611534,0.967741935483871,0.15000000000000002,0.0,0.6137539038351116,0.25,0,0,0,1,0,0.005633908200782814,0.0,0.003291054606997208,0
0.7563025210084033,0.33752546966908936,0.4838709677419355,0.5,0.0,0.9799051275536232,0.5,1,1,0,0,0,0.021201769024246846,0.0,0.00409196839668356,0
0.07563025210084033,0.18860428030501167,0.6774193548387096,1.0,0.0,0.7056873450720146,0.5,0,1,0,0,0,0.008579220447985314,0.0,0.022576693595498548,0
0.47058823529411764,0.8995413652661396,0.29032258064516125,0.575,0.0,0.863473307871292,0.0,0,0,0,0,1,0.08948169645978893,0.0,0.017384587149534704,0
0.2689075630252101,0.40924847433114286,1.0,0.32499999999999996,0.0,0.8175996190697218,1.0,0,1,0,0,0,0.012428434305128614,0.0,0.013988510789894703,0
0.5966386554621849,0.5935545521019421,0.29032258064516125,0.09999999999999998,0.0,0.7548461573858259,0.75,0,0,0,0,1,0.0594749602228926,0.0,0.009094840335704303,0
0.09243697478991596,0.5637449685931759,0.5806451612903225,0.625,0.0,0.675142898871414,0.25,0,0,1,0,0,0.02941309898838792,0.0,0.05282490537647629,0
0.3277310924369748,0.23816584000366198,0.03225806451612903,0.275,1.0,0.0,0.5,0,0,0,0,1,0.12608149577732905,0.025,0.006849296965750526,1
0.18487394957983191,0.429067846963973,0.0967741935483871,0.55,0.0,0.7587394889052056,0.0,0,0,0,0,1,0.1094725442921776,0.0,0.02109241452472209,0
0.4117647058823529,0.940676287064828,0.3225806451612903,0.8999999999999999,0.0,0.2549611967292814,0.0,0,0,0,1,0,0.08494684040421663,0.0,0.020741230018924445,0
0.5042016806722689,0.8784774757657622,0.6129032258064516,0.15000000000000002,0.06666666666666667,0.34777493902914797,0.25,0,1,0,0,0,0.04333759396014021,0.001092896174863388,0.015855979595823074,0
0.15966386554621848,0.9554040738322009,0.3548387096774194,0.925,0.0,0.299452412725152,0.5,0,0,0,0,1,0.07900977058488781,0.0,0.05294328103916781,0
0.31092436974789917,0.1463069587225473,0.8709677419354839,0.5,0.0,0.17386346130376587,0.5,1,0,0,0,1,0.00510066346532469,0.0,0.004587496512725205,0
0.24369747899159663,0.4145317756159465,0.5806451612903225,0.625,0.0,0.7355375538434145,0.75,0,0,0,0,1,0.02171169912045827,0.0,0.015598360216874765,0
0.5966386554621849,0.1783146340360898,0.3548387096774194,0.5,0.06666666666666667,0.25409890182442396,0.0,1,0,0,0,1,0.015505078962968525,0.0009259259259259259,0.0028145192000398876,0
0.8655462184873949,0.300083142016045,0.6774193548387096,0.30000000000000004,0.0,0.19612507477557323,0.0,0,0,0,0,1,0.013548413794410187,0.0,0.003164394264293942,0
0.5798319327731092,0.3862060776197136,0.9032258064516129,0.7749999999999999,0.0,0.9089288536679544,0.0,0,0,0,1,0,0.013011581803731947,0.0,0.006134528330383906,0
0.4789915966386554,0.21303092767845122,0.25806451612903225,0.15000000000000002,0.06666666666666667,0.6742165820710683,0.25,0,1,0,0,0,0.024703138326321664,0.0011494252873563218,0.004192088606555085,0
0.3025210084033613,0.8814913074922182,0.967741935483871,0.025000000000000022,0.5,0.2736235792641083,0.0,0,0,0,0,0,0.02779218878080155,0.013513513513513514,0.02635431199442607,1
0.14285714285714285,0.6375045667674571,0.3870967741935484,0.5,0.0,0.2802958611845251,0.5,1,0,0,0,0,0.0488943675757006,0.0,0.039614862553951025,0
0.6302521008403361,0.05409674209147354,0.8064516129032258,0.75,0.0,0.7632610352740637,0.0,0,0,0,0,1,0.0020720748165174207,0.0,0.0008764108952907188,0
0.47058823529411764,0.9519565038343288,0.4838709677419355,0.65,0.0,0.2809260767182376,0.25,0,1,0,0,0,0.05886080608229594,0.0,0.018385963046387836,0
0.1680672268907563,0.9544195467569816,0.6774193548387096,0.04999999999999999,0.0,0.4405646731182064,0.25,0,1,0,0,0,0.04271559453931748,0.0,0.05036196671875779,0
0.4621848739495798,0.6834468496869036,0.8387096774193548,0.75,0.0,0.7089344555838096,0.0,0,1,0,0,0,0.024826226921032615,0.0,0.013496313996373622,0
0.8907563025210083,0.4480059615941135,0.22580645161290322,0.15000000000000002,0.0,0.5215963859639997,0.5,0,1,0,0,0,0.05668730638547082,0.0,0.004575735207800215,0
0.907563025210084,0.23748560756208914,0.8387096774193548,0.9750000000000001,0.0,0.3415988267987652,0.0,0,1,0,0,0,0.008628674186364964,0.0,0.0023850391401789863,0
0.31932773109243695,0.2405167528855212,0.6129032258064516,0.22499999999999998,0.06666666666666667,0.6121433530267352,1.0,0,0,0,0,1,0.012056639491859594,0.0017094017094017094,0.007095491004996419,0
0.453781512605042,0.26993957758825105,0.16129032258064516,0.8500000000000001,0.0,0.9979292918178017,0.0,0,0,1,0,0,0.046726429599594055,0.0,0.005557990172762325,0
0.31092436974789917,0.3460979868737618,0.0,0.35,0.0,0.8633572681857195,0.25,0,0,0,0,1,0.35874801172802995,0.0,0.010312920277593928,0
0.5210084033613445,0.4918013993224748,0.03225806451612903,0.5,0.16666666666666666,0.24415350049717002,0.0,1,0,0,1,0,0.2504459291670324,0.0026455026455026454,0.008662735727606945,0
0.23529411764705882,0.17708261235881304,0.4193548387096774,0.32499999999999996,0.06666666666666667,0.48995756548739666,0.75,0,1,0,0,0,0.013097930189033095,0.0022988505747126436,0.007226496126747892,0
0.7899159663865546,0.944945089151345,0.5483870967741935,0.09999999999999998,0.0,0.6446804807244078,0.0,0,0,0,0,0,0.05185641024035017,0.0,0.010874326859105563,0
0.680672268907563,0.9870258886867199,0.9354838709677419,0.07500000000000001,0.0,0.5574086337527434,0.0,0,0,0,0,1,0.0321930562891807,0.0,0.013187613673469043,0
0.4789915966386554,0.7764546555466006,1.0,0.925,0.06666666666666667,0.7048490583779652,0.0,0,0,0,1,0,0.023681634760021872,0.0011494252873563218,0.014770547197026982,0
0.2689075630252101,0.9318699137991123,0.9032258064516129,0.275,0.0,0.8262585804345086,0.0,0,0,0,0,1,0.03146357238748379,0.0,0.031234516796763468,0
0.7983193277310924,0.534082121902178,0.3870967741935484,0.125,0.06666666666666667,0.49769621210453974,0.0,0,0,0,0,1,0.04109269898050965,0.0006944444444444444,0.0060984592688045035,0
0.15966386554621848,0.05677514329349451,0.8709677419354839,0.32499999999999996,0.0,0.23602071908592737,0.25,0,0,0,1,0,0.0019649569404392286,0.0,0.004014358572536826,0
0.19327731092436973,0.01664992270336463,0.12903225806451613,0.525,0.0,0.8192621876681825,1.0,0,0,0,0,1,0.006541958439276738,0.0,0.0014926363880287908,0
0.7226890756302521,0.7181497293750041,0.16129032258064516,0.9750000000000001,0.16666666666666666,0.0,0.75,0,0,1,0,0,0.11998298415655595,0.0019157088122605363,0.009053168891672299,0
0.8151260504201681,0.2415725556294242,0.29032258064516125,0.07500000000000001,0.0,0.397115813608254,0.0,0,1,0,0,0,0.024957685380007893,0.0,0.0027197350305514056,0
0.7226890756302521,0.4753823722184063,0.3870967741935484,0.42500000000000004,0.0,0.25463108383067007,0.5,0,1,0,0,0,0.03666468536847411,0.0,0.006014479644988259,0
0.226890756302521,0.04228417304891177,0.3870967741935484,0.22499999999999998,0.0,0.3277040747935794,0.5,0,1,0,0,0,0.003993937510058743,0.0,0.0022489055957585977,0
0.025210084033613446,0.3633570501028138,0.8709677419354839,0.275,0.0,0.4827050851391176,0.0,0,0,1,0,0,0.012702490642697363,0.0,0.1043050934548469,0
0.3529411764705882,0.500619655269134,0.967741935483871,0.7,0.16666666666666666,0.49505931028411715,1.0,0,0,0,0,0,0.015743688104721803,0.003875968992248062,0.013004631859023456,0
0.31932773109243695,0.5487077421138097,0.9032258064516129,0.375,0.0,0.6086781679334332,0.0,0,0,0,0,0,0.01850668517008963,0.0,0.015700881468583967,0
0.15126050420168066,0.6530307390255785,0.3548387096774194,0.275,0.0,0.8695733941007824,0.5,0,0,0,0,1,0.0542994548886353,0.0,0.03840962289616515,0
0.25210084033613445,0.6706059999861981,0.5483870967741935,0.125,0.0,0.3168703696664259,0.5,0,0,0,1,0,0.036910194815570646,0.0,0.02408436539054716,0
0.2184873949579832,0.6962793896777396,0.16129032258064516,0.5,0.0,0.0,0.5,1,0,0,1,0,0.11640844277942489,0.0,0.028716357001065573,0
0.8823529411764706,0.8643195268422617,0.6451612903225806,0.22499999999999998,0.16666666666666666,0.19630913772510197,0.25,0,0,0,0,1,0.04057747397475461,0.0015723270440251573,0.008897624128928572,0
0.42857142857142855,0.05454954981993655,0.3548387096774194,0.8,0.0,0.7915807206064474,0.0,0,0,1,0,0,0.005390846155005182,0.0,0.0013790988933526597,0
0.8319327731092436,0.436150741485416,0.5161290322580645,0.7749999999999999,0.0,0.0,0.0,0,0,0,0,0,0.025600279876495914,0.0,0.004780391141084349,0
0.7142857142857143,0.4471240094141867,0.4193548387096774,0.575,0.06666666666666667,0.3706047468234136,0.0,0,0,0,0,1,0.03201345349609085,0.0007751937984496124,0.005728831020132269,0
0.7899159663865546,0.280362036296241,0.0,0.275,0.0,0.35136416654495833,0.25,0,1,0,0,0,0.29428375230901926,0.0,0.003256327913395667,0
0.058823529411764705,0.07935699424196316,0.0967741935483871,0.75,1.0,0.1216776137439004,0.0,0,0,0,0,0,0.023736159051464915,0.125,0.013398062827875283,1
0.9495798319327731,0.6591769638672172,0.29032258064516125,0.6,0.06666666666666667,0.290977514309894,0.5,0,0,0,0,1,0.06591025192944389,0.0005847953216374269,0.006300147329783764,0
0.04201680672268907,0.6818748649161722,0.4838709677419355,0.75,0.0,0.5976183854878369,0.0,0,0,1,0,0,0.0423072567282407,0.0,0.12728196436508432,0
0.08403361344537814,0.743287316324276,1.0,0.22499999999999998,0.16666666666666666,0.15380260048936736,0.0,0,0,0,1,0,0.022665206562683695,0.01515151515151515,0.07541881788013205,0
0.1764705882352941,0.5367343689559366,0.7419354838709677,0.04999999999999999,0.0,0.1763623159120419,0.75,0,0,1,0,0,0.02202735292050216,0.0,0.02738923491025218,0
0.38655462184873945,0.5290731839619087,0.7096774193548387,0.35,1.0,0.8874275002050701,0.25,0,0,0,0,0,0.022690624467104716,0.02127659574468085,0.012540752301091378,1
0.20168067226890757,0.5856601848071308,0.0967741935483871,0.625,0.0,0.12235384501499512,0.25,0,0,1,0,0,0.14786329167266302,0.0,0.026210609182343858,0
0.6134453781512604,0.3708577168192162,0.16129032258064516,0.5,0.06666666666666667,0.6496081659927695,0.25,1,0,0,1,0,0.0632207351009064,0.0009009009009009009,0.00556667973938627,0
0.680672268907563,0.6078687521547568,0.3870967741935484,0.6,0.0,0.12282400580998701,1.0,0,0,0,0,1,0.04665879091284,0.0,0.008152368365220123,0
0.5630252100840336,0.18176526658059686,0.3225806451612903,0.5,0.16666666666666666,0.8288354617279109,0.0,1,0,1,0,0,0.017289608609114625,0.0024509803921568627,0.003046644345564481,0
0.31092436974789917,0.5218641737700395,0.5806451612903225,0.6,0.0,0.11533344403786094,1.0,0,0,1,0,0,0.02725148887011297,0.0,0.015349862691017253,0
0.9579831932773109,0.3258041645162485,0.967741935483871,0.65,0.0,0.25736201781009105,0.25,0,0,0,0,1,0.010213571735515958,0.0,0.003086888459300503,0
0.47058823529411764,0.568677240782684,0.5483870967741935,0.5,0.0,0.43537089684672153,0.25,1,0,0,1,0,0.0313570335884474,0.0,0.011063524791565,0
0.2773109243697479,0.5164887510824571,0.9032258064516129,0.5,0.16666666666666666,0.5629265208701376,0.0,1,0,0,0,0,0.017417178261786754,0.004901960784313725,0.017006174138020122,0
0.5210084033613445,0.8377830298410869,0.7096774193548387,0.5,0.0,0.3286443963835632,0.25,1,1,0,0,0,0.03585313389348393,0.0,0.014643101438161455,0
0.42016806722689076,0.8073293927749952,0.1935483870967742,0.825,0.0,0.45821671011485926,0.0,0,0,1,0,0,0.11523021136075283,0.0,0.01748350499515145,0
0.48739495798319327,0.9001636951593347,0.03225806451612903,0.8500000000000001,0.0,0.33943608714180246,0.5,0,0,0,0,1,0.4506771020982428,0.0,0.01680025022558011,0
0.36134453781512604,0.15786315177781035,0.3870967741935484,0.375,0.06666666666666667,0.7041948346334446,0.0,0,0,0,0,0,0.012712633821948111,0.0015151515151515152,0.004221727056776528,0
0.2689075630252101,0.12582952648578122,0.8387096774193548,0.65,0.16666666666666666,0.4731158056055171,0.25,0,1,0,0,0,0.004573265127131852,0.005050505050505051,0.00463595747333468,0
0.680672268907563,0.5509714540844838,0.22580645161290322,0.825,0.06666666666666667,0.2914016593675037,0.25,0,0,0,0,1,0.06930900379912174,0.0008130081300813008,0.007396766464169709,0
0.8403361344537815,0.08093765622816022,0.12903225806451613,0.725,0.06666666666666667,0.8960804595171549,0.0,0,1,0,0,0,0.019150770192946986,0.0006600660066006601,0.0009012981344175293,0
0.3529411764705882,0.9822976841879859,0.3870967741935484,0.7,0.06666666666666667,0.5415872228302079,0.5,0,0,0,0,1,0.07490382460914959,0.0015503875968992248,0.02520305326959452,0
0.7731092436974789,0.9826480803569769,0.3870967741935484,0.6,0.16666666666666666,0.7948238297497744,0.0,0,0,0,0,1,0.07493025673218684,0.0017921146953405018,0.011553793730049089,0
0.36134453781512604,0.2284029313389703,0.3225806451612903,0.7,0.0,0.5280826042506537,0.0,0,0,0,0,1,0.021447375738291655,0.0,0.0059675358346465,0
0.5294117647058824,0.9714043487263869,0.3225806451612903,0.025000000000000022,0.0,0.7707535977304237,0.25,0,0,0,0,1,0.0876862598280165,0.0,0.01668488398017152,0
0.4369747899159664,0.7168681556931742,0.3870967741935484,0.525,0.0,0.18939477301237023,0.0,0,0,0,0,1,0.05488115719501347,0.0,0.014957828874698077,0
0.7983193277310924,0.0509471374642024,0.5161290322580645,0.125,0.06666666666666667,0.9453313033057306,0.25,0,0,0,0,0,0.0033795934514862444,0.0006944444444444444,0.0006180561533996881,0
0.1764705882352941,0.11320027834057175,0.16129032258064516,0.2,0.0,0.9771801956269044,1.0,0,0,0,1,0,0.021108578284123346,0.0,0.006424907045224134,0
0.6050420168067226,0.9997268616741194,0.967741935483871,0.44999999999999996,0.16666666666666666,0.43505078736928027,0.75,0,0,1,0,0,0.03153245442194963,0.00228310502283105,0.01502664502114556,0
0.31932773109243695,0.49794090697849436,0.1935483870967742,0.7,0.0,0.21650204369894502,0.0,0,0,0,0,1,0.07188689305597469,0.0,0.014283356446084493,0
0.9327731092436974,0.5264760627475789,0.8387096774193548,0.2,0.0,0.10967951039255425,0.0,0,0,0,0,1,0.019124963315393106,0.0,0.005125840340624697,0
0.9411764705882353,0.11004997953606338,0.06451612903225806,0.2,0.0,0.31137449007560586,0.0,0,1,0,0,0,0.04192824022910092,0.0,0.0010657265417615255,0
0.1680672268907563,0.33976972426014285,0.6129032258064516,0.5,0.0,0.8964905997851265,0.0,1,0,0,0,1,0.016923283420021803,0.0,0.01848890990112913,0
0.3361344537815126,0.8722032364747834,0.5161290322580645,0.75,0.06666666666666667,0.6301355063431694,0.25,0,1,0,0,0,0.05075421315970639,0.0016260162601626016,0.023517715245117615,0
0.8655462184873949,0.20037889418627788,0.22580645161290322,0.5,0.0,0.24902316592274557,0.0,1,0,1,0,0,0.026332729908854192,0.0,0.0021204061042224857,0
0.2184873949579832,0.21347920283789454,1.0,0.025000000000000022,0.06666666666666667,0.7313041060042534,0.25,0,0,0,0,0,0.006428995930398973,0.0024691358024691358,0.00924398236787246,0
0.12605042016806722,0.8513482739058409,0.5161290322580645,0.275,0.0,0.513731696240114,1.0,0,1,0,0,0,0.049551182921120505,0.0,0.059145059576350544,0
0.5042016806722689,0.9144588257551025,0.22580645161290322,0.5,0.06666666666666667,0.25380680192625876,0.0,1,0,1,0,0,0.11386594717836979,0.001092896174863388,0.016498316493386164,0
0.5882352941176471,0.4840850476550632,0.16129032258064516,0.8999999999999999,0.0,0.4328900483965516,0.25,0,0,0,0,1,0.08172688473997519,0.0,0.00754664621373106,0
0.4117647058823529,0.5845457853376129,0.25806451612903225,0.825,0.0,0.6322542309469839,0.0,0,1,0,0,0,0.06518399807531272,0.0,0.01298493323619461,0
0.31932773109243695,0.4141475076811732,0.8709677419354839,0.275,0.0,0.618101390675611,0.25,0,0,0,0,1,0.0144813439862508,0.0,0.011943654947898823,0
0.6722689075630252,0.25126084024111145,0.06451612903225806,0.5,0.0,0.45345908300638815,0.25,1,0,1,0,0,0.08808793152585943,0.0,0.0034611318903313036,0
0.025210084033613446,0.9261340089556214,0.3870967741935484,0.9750000000000001,0.0,0.2171662708646357,0.0,0,0,0,0,0,0.07066711968671602,0.0,0.25751666527241673,0
0.24369747899159663,0.03334919324150676,0.29032258064516125,0.6,0.06666666666666667,0.9302041298123958,0.5,0,0,0,0,1,0.004538166483351775,0.0022222222222222222,0.001761834828174445,0
0.7647058823529411,0.17506067823647783,0.03225806451612903,0.5,0.0,0.46232011347880975,0.0,1,1,0,0,0,0.09513931358403233,0.0,0.0021223685865745336,0
0.31092436974789917,0.515652982105785,0.16129032258064516,0.7749999999999999,0.0,0.24355529591120162,0.25,0,0,0,1,0,0.08688642452978379,0.0,0.01517186819000412,0
0.5630252100840336,0.8055858849757301,0.3225806451612903,0.5,0.0,0.4416530453415068,0.75,1,0,1,0,0,0.07290347510744725,0.0,0.013036657573514632,0
0.18487394957983191,0.8092241495440705,0.5806451612903225,0.07500000000000001,0.0,0.5153422470484905,0.25,0,1,0,0,0,0.04208311357646259,0.0,0.03909146563181744,0
0.3445378151260504,0.5091109945710032,0.5483870967741935,0.275,0.16666666666666666,0.10167277208805411,0.0,0,1,0,0,0,0.028111816325991225,0.003968253968253968,0.013539004057886196,0
0.11764705882352941,0.7793998862284341,0.7419354838709677,0.575,0.0,0.5297811851653266,0.75,0,0,1,0,0,0.03194281313168892,0.0,0.05787757588282616,0
0.5966386554621849,0.48512090301188393,0.7419354838709677,0.125,0.16666666666666666,0.2061044877348053,0.0,0,0,1,0,0,0.0199183953987171,0.0023148148148148147,0.00745482908300602,0
0.4369747899159664,0.40731063773940285,0.5806451612903225,0.125,0.06666666666666667,0.5444902156537536,0.25,0,0,0,1,0,0.021338991659548952,0.0012578616352201257,0.008597482939048925,0
0.7310924369747899,0.0351459485182644,0.9032258064516129,0.725,0.0,0.17467173773430514,0.0,0,0,0,0,0,0.001140246804025375,0.0,0.0004961818564802357,0
0.5630252100840336,0.03508920973760794,0.8387096774193548,0.925,0.0,0.11627176494361072,0.0,0,0,0,0,1,0.0012775279041253114,0.0,0.0006977387389259763,0
0.05042016806722689,0.6860384379003132,0.7741935483870968,0.7,0.06666666666666667,0.35824251894147796,0.25,0,0,1,0,0,0.02697325267578886,0.009523809523809523,0.10971908349224845,0
0.5210084033613445,0.26145983512963944,0.3225806451612903,0.8,0.5,0.7178535058990174,0.0,0,1,0,0,0,0.02439441240244056,0.007936507936507936,0.004681233038722949,1
0.7563025210084033,0.7209862804852527,0.16129032258064516,0.5,0.0,0.9602504056387284,0.25,1,1,0,0,0,0.12044659695143171,0.0,0.00868072312516227,0
0.4453781512605042,0.9982824830131768,0.03225806451612903,0.30000000000000004,0.0,0.901082170102175,0.0,0,0,0,1,0,0.4987874202614361,0.0,0.020352296678725165,0
0.10084033613445378,0.9092891449504548,0.8387096774193548,0.8999999999999999,0.0,0.5387562546390865,0.0,0,0,0,0,1,0.03302894083809973,0.0,0.07769179459021489,0
0.8571428571428571,0.005760527718435833,0.29032258064516125,0.04999999999999999,0.16666666666666666,0.6485598074541493,0.75,0,1,0,0,0,0.0018326714297642566,0.0016181229773462782,8.525434398242785e-05,0
0.7899159663865546,0.9251372112768848,0.9032258064516129,0.8999999999999999,0.06666666666666667,0.8082184106964582,0.0,0,0,0,0,1,0.03123590151155918,0.0007017543859649122,0.010647272629967269,0
0.03361344537815126,0.3329204612129898,0.22580645161290322,0.55,0.0,0.6686966942694401,0.0,0,0,1,0,0,0.04257991635239735,0.0,0.07677673828883023,0
0.8151260504201681,0.16311482716436398,0.06451612903225806,0.825,0.0,0.3128069799871556,0.25,0,0,0,0,1,0.05927433509037471,0.0,0.001847918889199355,0
0.5042016806722689,0.07264942501911949,0.5161290322580645,0.5,0.0,0.4167665341546809,1.0,1,1,0,0,0,0.0046315021081784705,0.0,0.001470385663431507,0
0.11764705882352941,0.6606467820822075,0.7419354838709677,0.04999999999999999,0.06666666666666667,0.37002254771131726,0.0,0,0,0,0,1,0.027090489273105492,0.0044444444444444444,0.04925635121788501,0
0.21008403361344538,0.8914087114261532,0.1935483870967742,0.375,0.0,0.0,0.0,0,0,0,0,0,0.12700917805941345,0.0,0.038000903550751655,0
0.7731092436974789,0.45266305375998445,0.5161290322580645,0.475,0.0,0.8306540836966242,0.0,0,0,0,0,1,0.026552801891800884,0.0,0.005348020488817962,0
0.2857142857142857,0.9690662577064392,0.16129032258064516,0.5,0.0,0.6694009351198109,0.0,1,1,0,0,0,0.16099339026556483,0.0,0.030596008376741816,0
0.24369747899159663,0.7621246119191947,0.7096774193548387,0.725,0.0,0.47317182476406927,0.0,0,1,0,0,0,0.03262727423149051,0.0,0.028215613278337708,0
0.1764705882352941,0.18169207171602206,0.6451612903225806,0.8999999999999999,0.0,0.3183488753153578,0.5,0,1,0,0,0,0.008700249030041976,0.0,0.009815152232572474,0
0.2857142857142857,0.939472747071256,0.0967741935483871,0.75,1.0,0.5526470052758043,0.0,0,0,0,1,0,0.23460526695071965,0.02857142857142857,0.029675254206105277,1
0.680672268907563,0.21109880784042973,0.9032258064516129,0.7749999999999999,0.0,0.7252120225116989,0.75,0,0,0,0,0,0.0070902113941826595,0.0,0.0028832231795683618,0
0.8655462184873949,0.7618648262966424,0.8387096774193548,0.5,0.0,0.1039135384301431,0.75,1,0,1,0,0,0.027674410107155066,0.0,0.007999640719890462,0
0.907563025210084,0.25492795399875284,0.06451612903225806,0.5,0.0,0.3924962337119295,1.0,1,0,0,0,1,0.0892866554636477,0.0,0.00255929751576983,0
0.7647058823529411,0.6958351570798544,0.12903225806451613,0.725,0.0,0.9190843268397791,0.25,0,0,0,0,1,0.13975117731495182,0.0,0.008286574201709593,0
0.9915966386554621,0.5309603660323071,0.9354838709677419,0.32499999999999996,0.06666666666666667,0.486806487818834,0.0,0,0,0,0,1,0.017284965203471482,0.0005602240896358543,0.004854050220694408,0
0.3445378151260504,0.845328940579776,1.0,0.125,0.16666666666666666,0.24635425315457884,0.0,0,1,0,0,0,0.0257923185537977,0.003968253968253968,0.022256401593862173,0
0.1092436974789916,0.32528381742599655,1.0,0.025000000000000022,0.0,0.0,0.5,0,1,0,0,0,0.009855299201159469,0.0,0.02670270144692527,0
0.7058823529411764,0.8975546504301061,0.4193548387096774,0.30000000000000004,0.0,0.8035067993253693,0.75,0,0,0,0,1,0.063564657797565,0.0,0.01156913380378155,0
0.5630252100840336,0.6035796555925389,1.0,0.30000000000000004,0.0,0.18653379455773875,0.0,0,1,0,0,0,0.018383801750557194,0.0,0.009801681293220918,0
0.3445378151260504,0.7087571234324304,0.5806451612903225,0.30000000000000004,0.0,0.1389135084198796,1.0,0,0,0,0,1,0.03689766900424206,0.0,0.018715392446620023,0
0.9411764705882353,0.7448813310138014,0.3870967741935484,0.5,0.0,0.22178385007672624,0.75,1,1,0,0,0,0.05699433011831077,0.0,0.007183525118409304,0
0.9243697478991596,0.9130073215689892,0.0,0.2,0.0,0.7068857549281854,0.0,0,0,1,0,0,0.9146902335683428,0.0,0.008965825405143296,0
0.36134453781512604,0.41356058082707786,0.5161290322580645,0.22499999999999998,0.06666666666666667,0.0,0.75,0,1,0,0,0,0.02429715376074992,0.0015151515151515152,0.010550054404694531,0
0.5966386554621849,0.5801922323772185,1.0,0.09999999999999998,1.0,0.3600171258570431,0.25,0,0,1,0,0,0.017667083527856575,0.01388888888888889,0.008892741126698635,1
0.4117647058823529,0.5986490371782136,0.7741935483870968,0.5,0.0,0.9335692806939974,0.0,0,0,0,0,0,0.023545300117635545,0.0,0.013292093129398781,0
0.21008403361344538,0.6809980782315695,0.4193548387096774,0.42500000000000004,1.0,0.8559247262563796,0.0,0,1,0,0,0,0.04839557285953238,0.03846153846153846,0.029188191370892017,1
0.7478991596638656,0.354560334067487,0.6129032258064516,0.0,0.0,0.18852047400210872,0.0,0,1,0,0,0,0.017648507364613278,0.0,0.0043456861431320675,0
0.05042016806722689,0.7056272620224657,0.29032258064516125,0.5,0.0,0.7461751919156351,0.0,0,1,0,0,0,0.07046542158024117,0.0,0.11276645623059711,0
0.21008403361344538,0.3173671343747054,0.6774193548387096,0.925,0.0,0.13263336060932837,0.0,0,0,0,0,1,0.01431885133306163,0.0,0.013958092020648067,0
0.9579831932773109,0.18144361751601906,0.03225806451612903,0.75,0.16666666666666666,0.21254268959984313,0.25,0,1,0,0,0,0.0982690428262291,0.0014492753623188406,0.0017198965953379652,0
0.10084033613445378,0.5601345731992133,0.22580645161290322,0.4,0.06666666666666667,0.2951889546224809,0.0,0,0,0,0,1,0.07043223561236417,0.005128205128205128,0.04844423518307888,0
0.01680672268907563,0.7880493550215536,0.16129032258064516,0.07500000000000001,0.0,0.9377367059534361,0.75,0,0,0,1,0,0.1314075485473329,0.0,0.2932963488103071,0
0.5294117647058824,0.3937599101456984,0.25806451612903225,0.22499999999999998,0.0,0.4098501687577151,0.5,0,1,0,0,0,0.04439566055256991,0.0,0.0068561886379893055,0
0.3025210084033613,0.7866305588335013,0.06451612903225806,0.5,0.0,0.3283282882745899,0.0,1,0,0,0,0,0.26309218273196916,0.0,0.023562410604571486,0
0.3277310924369748,0.42545594071367054,0.7741935483870968,0.5,0.06666666666666667,0.15180191625535933,0.25,1,0,0,0,1,0.016751596153832225,0.0016666666666666668,0.01194812168916221,0
0.7815126050420168,0.6146178086760149,0.5161290322580645,0.5,0.16666666666666666,0.24186471773346482,0.0,0,0,0,1,0,0.0358952529656237,0.0017730496453900709,0.007165290470388138,0
0.19327731092436973,0.9361336933091482,0.8387096774193548,0.4,0.16666666666666666,0.44598052533966615,0.5,0,1,0,0,0,0.034003949306563405,0.006944444444444445,0.04321299929533569,0
0.2857142857142857,0.6979329606908256,0.6451612903225806,0.5,0.06666666666666667,0.4649970289839125,0.0,1,0,1,0,0,0.03280758139695496,0.0019047619047619048,0.022160134813003086,0
0.42016806722689076,0.21004061631015153,0.7096774193548387,0.625,0.0,0.5346588533278381,0.75,0,0,0,0,1,0.009087983556578931,0.0,0.004730003744229455,0
0.7226890756302521,0.5767449278000547,0.3870967741935484,0.675,0.16666666666666666,0.7465453184989266,0.25,0,0,0,1,0,0.04431096628592638,0.0019157088122605363,0.0072832223263351835,0
0.1680672268907563,0.19408738213227808,0.16129032258064516,0.32499999999999996,0.0,0.3069549786026821,0.0,0,1,0,0,0,0.03432896275834869,0.0,0.010934459549049947,0
0.3445378151260504,0.7794539503850295,0.7741935483870968,0.8500000000000001,0.06666666666666667,0.6883254072892929,0.0,0,1,0,0,0,0.030637586592112492,0.001587301587301587,0.020548406871917318,0
0.9831932773109243,0.2552640582834475,0.06451612903225806,0.32499999999999996,0.0,0.9490725828233255,0.0,0,1,0,0,0,0.08939652286299334,0.0,0.0023525392221727466,0
0.07563025210084033,0.7066132182861148,0.5483870967741935,0.42500000000000004,0.0,0.30123502237765315,0.0,0,0,1,0,0,0.038871897186149154,0.0,0.07898622661221362,0
0.8151260504201681,0.016174390878870442,0.9032258064516129,0.5,0.0,0.6452226661518239,0.0,1,0,0,0,1,0.0004987107891553848,0.0,0.00021512825560287996,0
0.7983193277310924,0.8098804532879358,0.0,0.5,0.06666666666666667,0.6350932018750413,0.25,1,1,0,0,0,0.8135584003547932,0.0006944444444444444,0.009226955617104033,0
0.5294117647058824,0.828534547343153,0.5161290322580645,0.8999999999999999,0.16666666666666666,0.6810869317306518,0.25,0,0,0,0,0,0.04823516028051332,0.0026041666666666665,0.014253935705409,0
0.8403361344537815,0.5661078049899338,0.3870967741935484,0.7749999999999999,0.06666666666666667,0.666161827344952,0.0,0,1,0,0,0,0.04350855529014097,0.0006600660066006601,0.0061323370312677625,0
0.5294117647058824,0.8748914378260362,0.5483870967741935,0.07500000000000001,0.5,0.8545722637141903,0.0,0,1,0,0,0,0.04803983066655796,0.0078125,0.01504270423347909,1
0.15966386554621848,0.46172149503073223,0.6129032258064516,0.5,0.0,0.28453931244485614,0.25,1,0,0,0,1,0.022902911400218186,0.0,0.026063046272162316,0
1.0,0.3161126948560609,0.25806451612903225,0.5,0.0,0.37806529833202956,0.0,1,0,0,0,1,0.03593509439420858,0.0,0.0028623122070590805,0
0.9327731092436974,0.6883728130303437,0.6774193548387096,0.5,0.0,0.1296223308371463,0.5,1,0,0,0,0,0.03085650628903233,0.0,0.006699951362304814,0
0.4453781512605042,0.8946335730327334,0.0967741935483871,0.15000000000000002,0.0,0.11217636431659628,0.5,0,0,1,0,0,0.22361233187501564,0.0,0.01826210444136092,0
0.0,0.46922483637119583,0.6451612903225806,0.25,0.0,0.8367401651364766,0.0,0,0,1,0,0,0.022127406916905835,0.0,0.5330836432934081,0
0.1764705882352941,0.7246379590078541,0.12903225806451613,0.32499999999999996,0.16666666666666666,0.9774402845773255,0.0,0,0,0,0,1,0.1454002971015177,0.007575757575757575,0.03669019215584424,0
0.6638655462184874,0.9926978883904288,0.03225806451612903,0.675,0.16666666666666666,0.3849216432019751,0.0,0,0,0,0,1,0.4960491411816631,0.0020833333333333333,0.013599316888165229,0
0.8235294117647058,0.41800496892066424,0.4838709677419355,0.65,0.0,0.7375402387616564,0.0,0,1,0,0,0,0.026134430749001493,0.0,0.004631021649200767,0
0.03361344537815126,0.9071160026922643,0.9032258064516129,0.04999999999999999,0.0,0.4845357112132349,0.0,0,0,0,0,0,0.03062650219083543,0.0,0.20183289072266067,0
0.5882352941176471,0.20930580928754425,0.6774193548387096,0.09999999999999998,0.0,0.33707728042990703,0.0,0,0,0,0,1,0.009501995389368138,0.0,0.0033321970671037647,0
0.8151260504201681,0.5793324938688837,0.7419354838709677,0.04999999999999999,0.06666666666666667,0.39144587448907525,0.75,0,0,1,0,0,0.023767938139996635,0.0006802721088435374,0.006472897043014809,0
0.05042016806722689,0.05787145332088878,0.5483870967741935,0.8500000000000001,0.0,0.3656550540284777,0.25,0,0,0,0,0,0.0035279212192937575,0.0,0.011997089971808915,0
0.3529411764705882,0.6671540199211716,0.06451612903225806,0.6,0.0,0.2972656648573812,0.0,0,0,0,0,0,0.22403711199688126,0.0,0.017222088826963144,0
0.7647058823529411,0.625290416193146,0.06451612903225806,0.475,0.0,0.5040923996006634,1.0,0,0,0,0,1,0.2103525340897202,0.0,0.00745156345222377,0
0.6470588235294117,0.24460161842114453,0.7096774193548387,0.07500000000000001,0.0,0.20982576041006024,0.5,0,1,0,0,0,0.010561566346837905,0.0,0.0035086744111273165,0
0.4789915966386554,0.4633091192062794,0.29032258064516125,0.32499999999999996,0.16666666666666666,0.804667196181094,0.5,0,1,0,0,0,0.046702382507710784,0.0028735632183908046,0.00889114076609583,0
0.24369747899159663,0.3872274777564175,0.0967741935483871,0.5,0.0,0.3705167167171172,0.0,1,0,0,0,1,0.09921480712139505,0.0,0.014607243025211233,0
0.31932773109243695,0.3248072851696016,0.7741935483870968,0.25,0.0,0.7509288176556382,0.25,0,0,0,0,1,0.012803533649728882,0.0,0.009449073582165304,0
0.907563025210084,0.7817940014348235,0.1935483870967742,0.8,0.16666666666666666,0.4573624179469378,0.0,0,0,1,0,0,0.11165286881018964,0.0015290519877675841,0.007822971294613729,0
0.6218487394957983,0.3322966817143875,0.967741935483871,0.09999999999999998,0.06666666666666667,0.9585478233555875,0.25,0,1,0,0,0,0.010418956140983392,0.0008888888888888889,0.004930004715737143,0
0.9663865546218487,0.06467767737933229,0.0,0.09999999999999998,0.0,0.2681156955678842,1.0,0,0,0,0,1,0.08277190310489078,0.0,0.0006072542783612569,0
0.9747899159663865,0.3109495474842343,0.5483870967741935,0.15000000000000002,1.0,0.5155943332619756,0.0,0,0,1,0,0,0.0173158204434578,0.008547008547008546,0.0028925774657901616,1
0.9327731092436974,0.17599722541441667,0.25806451612903225,0.5,0.0,0.31664629303221703,0.0,1,0,1,0,0,0.020667886232281205,0.0,0.0017181585943994626,0
0.6554621848739496,0.7496898559022808,0.7419354838709677,0.725,0.16666666666666666,0.322374251994182,0.75,0,0,0,0,1,0.030728843273576265,0.0021097046413502112,0.010424170881740401,0
0.8739495798319328,0.26799349253757426,0.06451612903225806,0.8500000000000001,0.06666666666666667,0.8801410082248129,0.0,0,0,0,0,1,0.09355758209469214,0.0006349206349206349,0.0027996208616779808,0
0.8151260504201681,0.4840470720767901,0.06451612903225806,0.7,0.0,0.7253680758819516,0.25,0,0,1,0,0,0.16418222445786518,0.0,0.00541409288975819,0
0.2773109243697479,0.23040058967497928,0.8387096774193548,0.5,0.06666666666666667,0.7788863791416664,0.0,1,0,0,0,0,0.008371342517124509,0.00196078431372549,0.007843205064720447,0
0.31092436974789917,0.07110967865596507,0.16129032258064516,0.7749999999999999,0.0,0.14360311226439443,0.25,0,0,1,0,0,0.014229188560711545,0.0,0.0024325634392498444,0
0.12605042016806722,0.2835444714234386,0.967741935483871,0.375,0.0,0.1244385579868315,0.0,0,0,1,0,0,0.008876727846432259,0.0,0.02050003702618479,0
0.7815126050420168,0.6514589175906677,0.967741935483871,0.575,0.0,0.6079539202407223,0.5,0,0,0,0,1,0.02051534003379708,0.0,0.007592086225663127,0
0.2773109243697479,0.9382358253193633,0.7741935483870968,0.925,1.0,0.869731448155269,0.0,0,0,0,0,1,0.03686599335393944,0.029411764705882353,0.030514092043379428,1
0.1764705882352941,0.17260331123358846,0.7419354838709677,0.25,0.0,0.9955924926324803,0.0,0,0,0,0,1,0.007148737058286756,0.0,0.009365271670741885,0
0.14285714285714285,0.4670188023621463,0.6451612903225806,0.55,0.0,0.940981815780997,0.25,0,0,0,1,0,0.022024389902553322,0.0,0.02930077373019997,0
0.20168067226890757,0.9267307563759261,0.22580645161290322,0.2,0.06666666666666667,0.6636469672628038,0.0,0,0,1,0,0,0.11537026276246548,0.0026666666666666666,0.041067211265639725,0
0.25210084033613445,0.17194725249345402,0.3548387096774194,0.30000000000000004,0.0,0.8290035192035676,0.25,0,0,1,0,0,0.014984728819733688,0.0,0.0065674755366978725,0
0.680672268907563,0.6298471997482341,0.45161290322580644,0.5,0.16666666666666666,0.4064370014544974,1.0,1,0,1,0,0,0.04177572062615072,0.002032520325203252,0.008444244383010236,0
0.9663865546218487,0.7788745778126336,0.8387096774193548,0.8999999999999999,0.0,0.9828801450095932,0.0,0,1,0,0,0,0.028292213452286906,0.0,0.007311890560954132,0
0.26050420168067223,0.3522412308366759,0.8709677419354839,0.5,0.0,0.8689971970413881,0.0,1,0,0,0,0,0.012313177113922814,0.0,0.01249168668673713,0
0.19327731092436973,0.9486260456197764,0.3225806451612903,0.5,0.0,0.7948998557506667,0.0,1,0,0,0,1,0.08565556467194971,0.0,0.043779823298789246,0
0.680672268907563,0.8459627652313408,0.1935483870967742,0.5,0.06666666666666667,0.1933701325853442,0.25,1,1,0,0,0,0.12064249603337585,0.0008130081300813008,0.011314281057228658,0
0.12605042016806722,0.5407150058210844,0.9032258064516129,0.25,0.16666666666666666,0.7050011103797499,0.0,0,0,0,1,0,0.01823640540252356,0.010416666666666666,0.03800319755026955,0
0.9747899159663865,0.07064304863368974,0.6129032258064516,0.575,0.0,0.5068993595809766,0.0,0,0,0,0,1,0.003727268391913014,0.0,0.000655943553893845,0
0.2857142857142857,0.07604695300497688,0.5161290322580645,0.22499999999999998,0.0,0.8341732872642443,0.0,0,0,0,0,0,0.0048274904198293,0.0,0.0028111585358696874,0
0.6218487394957983,0.395014247579455,0.0,0.375,0.06666666666666667,0.31400939121179444,0.75,0,1,0,0,0,0.4067179656457283,0.0008888888888888889,0.005840637291867863,0
0.6302521008403361,0.6252738580243398,0.3225806451612903,0.7749999999999999,0.06666666666666667,0.7305258398372243,0.75,0,1,0,0,0,0.056828583224719106,0.0008771929824561403,0.00906053974174746,0
0.226890756302521,0.3959647599700491,0.8064516129032258,0.5,0.06666666666666667,0.9691034333742139,0.0,1,0,0,0,0,0.014966475941233385,0.0023809523809523807,0.01600415414903664,0
0.7563025210084033,0.6528166874327745,0.5161290322580645,0.42500000000000004,0.0,0.3594209219553087,0.0,0,1,0,0,0,0.038098776758703726,0.0,0.0078649590793078,0
0.4453781512605042,0.6751286055208405,0.4193548387096774,0.875,0.0,0.394134794099582,0.0,0,1,0,0,0,0.04798443534850414,0.0,0.013835549649392369,0
0.7226890756302521,0.7226705177986431,1.0,0.8500000000000001,0.06666666666666667,0.3917759873876866,0.25,0,0,0,0,0,0.022033395393876148,0.0007662835249042146,0.00910975504613039,0
0.42857142857142855,0.1332353359244111,0.7096774193548387,0.4,0.0,0.6127835719816177,0.75,0,1,0,0,0,0.00581322494240545,0.0,0.0030269129202784243,0
0.3277310924369748,0.1124821928225912,0.9032258064516129,0.875,0.0,0.45946513707688025,0.0,0,0,0,0,1,0.0037554240561550383,0.0,0.003427659168846135,0
0.06722689075630252,0.558972520504056,0.4193548387096774,0.275,0.06666666666666667,0.7973046781999443,0.0,0,0,1,0,0,0.03984807863671809,0.007407407407407407,0.06991982470167127,0
0.5882352941176471,0.9052864373325578,1.0,0.7,0.06666666666666667,0.12029113956973285,0.0,0,0,0,0,1,0.027629743314729973,0.0009389671361502347,0.014006857137346396,0
0.5126050420168067,0.6319353869627716,0.9032258064516129,0.35,0.0,0.2696062053222202,0.0,0,0,0,0,1,0.02132108410444743,0.0,0.011266871399532072,0
0.03361344537815126,0.31934376322382113,0.25806451612903225,0.5,0.0,0.2215477693371133,0.0,0,1,0,0,0,0.03628715682923157,0.0,0.07381981945085485,0
0.5294117647058824,0.8483363817922537,0.7419354838709677,0.42500000000000004,0.0,0.26748147866570365,0.0,0,0,0,0,1,0.03475960015006919,0.0,0.014590866497116696,0
0.37815126050420167,0.7521733566364548,0.967741935483871,0.2,0.0,0.0,0.5,0,0,0,1,0,0.023701342404546934,0.0,0.018099056138574033,0
0.6218487394957983,0.09715016560414674,0.16129032258064516,0.125,1.0,0.6922387456510126,0.75,0,0,0,0,1,0.018485308921227003,0.013333333333333334,0.0015157765839515012,1
0.42857142857142855,0.5469105989144784,1.0,0.04999999999999999,0.0,0.6532594147198342,0.0,0,0,1,0,0,0.016647152731531698,0.0,0.011689975649831227,0
0.1680672268907563,0.23406670300071997,0.4838709677419355,0.5,0.0,0.3955972942746419,0.0,1,0,0,0,1,0.014860687094299307,0.0,0.01300761261756256,0
0.1680672268907563,0.06923005086726625,0.25806451612903225,0.09999999999999998,1.0,0.9794369674428655,0.0,0,1,0,0,0,0.009034362216925692,0.047619047619047616,0.00445990335810974,1
0.907563025210084,0.8028110135547089,0.3870967741935484,0.2,0.16666666666666666,0.3946009535261059,0.0,0,1,0,0,0,0.06136425374173215,0.0015290519877675841,0.008032942493447734,0
0.6050420168067226,0.17573846064074275,0.3870967741935484,0.6,0.0,0.0,0.0,0,0,0,1,0,0.01406105713534917,0.0,0.002734901510574711,0
0.5294117647058824,0.2386140130782175,0.22580645161290322,0.5,0.16666666666666666,0.6299354379197686,0.25,1,1,0,0,0,0.031019660350857986,0.0026041666666666665,0.004216360996590093,0
0.13445378151260504,0.7430365345888305,0.8387096774193548,0.22499999999999998,0.0,0.13818125799023265,0.5,0,1,0,0,0,0.02699055640186909,0.0,0.04871651164877492,0
0.5294117647058824,0.9826105335352328,0.8709677419354839,1.0,0.5,0.86896318540941,0.0,0,0,1,0,0,0.034390838848881285,0.0078125,0.016875558673941554,1
0.6218487394957983,0.6400283297813918,0.03225806451612903,0.8500000000000001,0.0,0.0,0.75,0,0,1,0,0,0.3231256364964252,0.0,0.009398138317081056,0
0.10084033613445378,0.17145189578374304,0.03225806451612903,0.75,0.16666666666666666,0.21811259450732148,0.0,0,0,1,0,0,0.09336982910730351,0.012820512820512822,0.01588553305520612,0
0.3529411764705882,0.45249769665867584,0.5161290322580645,0.9750000000000001,0.06666666666666667,0.39684972260513096,0.0,0,1,0,0,0,0.02654326317446291,0.0015503875968992248,0.011785950717286515,0
0.6722689075630252,0.18564253228832708,0.06451612903225806,0.525,0.0,0.1514497958301739,0.0,0,1,0,0,0,0.06663830064482706,0.0,0.0025789558472658894,0
0.19327731092436973,0.9444829916980894,0.5161290322580645,0.42500000000000004,0.0,0.7984030538444148,0.25,0,1,0,0,0,0.05492371146898257,0.0,0.04359183769351484,0
0.36134453781512604,0.6009957849966494,0.3548387096774194,0.5,0.0,0.0,1.0,1,0,0,0,1,0.0500470953275082,0.0,0.015188940813991778,0
0.8907563025210083,0.833650000655385,0.7419354838709677,0.04999999999999999,0.0,0.0,0.0,0,1,0,0,0,0.03415950570959942,0.0,0.008500540317298176,0
0.36974789915966383,0.3053723642243429,0.7096774193548387,0.7749999999999999,0.06666666666666667,0.12762764865584028,0.0,0,1,0,0,0,0.013152658031020061,0.0014814814814814816,0.0076932589097443195,0
0.48739495798319327,0.652660130048797,0.7096774193548387,0.9750000000000001,0.0,0.155209081505875,0.0,0,1,0,0,0,0.027960020194388206,0.0,0.012232054548522843,0
0.680672268907563,0.10685486546579723,0.16129032258064516,0.25,0.0,0.6488799169315905,0.0,0,0,0,0,0,0.020071468610024464,0.0,0.0014988530301461832,0
0.5294117647058824,0.01997568501307687,0.25806451612903225,0.125,0.16666666666666666,0.5559501349461515,0.25,0,0,0,0,1,0.0036675268533770356,0.0026041666666666665,0.0004962013739052125,0
0.3025210084033613,0.9438928593785162,0.12903225806451613,0.95,0.0,0.8925112388436846,0.0,0,1,0,0,0,0.18840296049106042,0.0,0.028190888048313552,0
0.31932773109243695,0.7566972892746391,0.0,0.175,1.0,0.1226219367023522,0.0,0,0,0,0,1,0.76140408826899,0.025641025641025644,0.021508420716066307,1
0.7310924369747899,0.898004967287306,0.4838709677419355,0.30000000000000004,0.06666666666666667,0.8016761732512518,0.0,0,0,0,0,1,0.05555406732531998,0.0007575757575757576,0.011173751721333483,0
0.21008403361344538,0.28544292366545343,0.29032258064516125,0.65,0.0,0.37410994560139565,0.0,0,0,0,0,1,0.029259853008278505,0.0,0.012620997614921654,0
0.453781512605042,0.10766405153767813,0.3225806451612903,0.525,0.06666666666666667,0.9676429338833881,0.0,0,0,1,0,0,0.010683454597464427,0.0012121212121212121,0.0023450281864898603,0
0.25210084033613445,0.5889768819788037,0.45161290322580644,0.375,0.0,0.37072278719322005,0.0,0,0,0,0,1,0.039103743071424446,0.0,0.02121689685381363,0
0.14285714285714285,0.62885734384187,0.7741935483870968,0.04999999999999999,0.0,0.8375444401985479,0.75,0,0,0,0,1,0.024730256659842083,0.0,0.03909172077936129,0
0.9747899159663865,0.44920145729852434,0.29032258064516125,0.175,0.5,0.7041868318965085,0.25,0,0,0,1,0,0.04531890821544398,0.004273504273504273,0.004179346285419077,1
0.6218487394957983,0.9583639434869494,0.6774193548387096,0.875,0.5,0.7056133197553563,0.0,0,0,0,0,1,0.04289141684038316,0.006666666666666667,0.014020237022354744,1
0.6554621848739496,0.2677613106686915,1.0,0.22499999999999998,0.0,0.9108615146380061,0.0,0,0,0,1,0,0.008092495816245599,0.0,0.0037810705654309903,0
0.8739495798319328,0.27949690770582875,0.8064516129032258,0.09999999999999998,0.0,0.9905107546780999,0.25,0,0,0,0,0,0.010573601712903499,0.0,0.002918924241207203,0
0.04201680672268907,0.40070280545197,0.1935483870967742,0.04999999999999999,0.0,0.4131312909014883,0.5,0,0,0,0,1,0.058264466303517476,0.0,0.07625071950683993,0
0.7815126050420168,0.17827702596341286,0.0,0.15000000000000002,0.0,0.6038685230348779,0.0,0,1,0,0,0,0.19417362183897752,0.0,0.002110383074779395,0
0.9831932773109243,0.7174376668654056,0.12903225806451613,0.55,0.06666666666666667,0.16563864841775885,0.0,0,0,1,0,0,0.1439880972428845,0.0005649717514124294,0.00661772926060942,0
0.6218487394957983,0.9233952960018699,0.3225806451612903,0.025000000000000022,1.0,0.43649928275470207,0.25,0,0,1,0,0,0.08340623289366865,0.013333333333333334,0.013512507025121525,1
0.05042016806722689,0.952819284472321,0.4838709677419355,1.0,0.0,0.9451832526724139,0.0,0,0,0,0,1,0.058913686692506746,0.0,0.15122135406691414,0
0.8907563025210083,0.3740504829370623,0.967741935483871,0.95,0.06666666666666667,0.6313499216732122,0.75,0,0,1,0,0,0.011739796637575765,0.0006230529595015575,0.0038230700266784984,0
0.2773109243697479,0.925354304999346,0.5161290322580645,0.8999999999999999,0.0,0.6695910001220418,0.0,0,0,1,0,0,0.05382026242432715,0.0,0.030101516522153,0
0.058823529411764705,0.7487115968391742,0.22580645161290322,0.575,0.0,0.8036208383267077,0.0,0,0,0,1,0,0.09354835028323881,0.0,0.10451130862981108,0
0.5210084033613445,0.19127253426918225,0.9032258064516129,0.175,0.06666666666666667,0.6555181872200292,0.25,0,1,0,0,0,0.006419772583707285,0.001058201058201058,0.0034680306882019993,0
0.01680672268907563,0.06038584494212053,0.25806451612903225,0.5,0.0,0.19764159342495133,0.25,1,1,0,0,0,0.008070683235409753,0.0,0.02916217539325848,0
0.5378151260504201,0.8113022916056454,0.9354838709677419,0.5,0.16666666666666666,0.9121359504950692,0.0,1,1,0,0,0,0.02644891808740256,0.002564102564102564,0.013742989283766247,0
0.7226890756302521,0.5572984100115385,0.7096774193548387,0.7749999999999999,0.0,0.25407089224514784,0.0,0,0,0,0,1,0.023894067793902064,0.0,0.00703981264728473,0
0.48739495798319327,0.8457714989855007,0.22580645161290322,0.725,0.0,0.0,0.0,0,1,0,0,0,0.10544612968738311,0.0,0.015796328543417722,0
0.36134453781512604,0.3801693490287623,1.0,0.6,0.16666666666666666,0.7751110879920933,0.0,0,0,0,0,1,0.011537291282978224,0.0037878787878787876,0.009723645448782682,0
0.06722689075630252,0.1475786710042127,0.5483870967741935,0.7749999999999999,0.0,0.26047908384667556,0.0,0,0,0,0,1,0.00841524298132463,0.0,0.02014261638064528,0
0.2689075630252101,0.17883057105918748,0.29032258064516125,0.025000000000000022,0.5,0.2774308813614256,0.0,0,1,0,0,0,0.018804864078626405,0.01515151515151515,0.0063849410856675285,1
0.4789915966386554,0.5868757299835117,0.967741935483871,0.95,0.0,0.559537361777728,0.25,0,0,1,0,0,0.01847231431894961,0.0,0.01121114294317454,0
0.2773109243697479,0.9512421342062652,0.1935483870967742,0.7749999999999999,0.0,0.6511927079061038,0.0,0,0,0,0,1,0.13539145215130885,0.0,0.030930664352775764,0
0.8907563025210083,0.0699740455297783,0.8064516129032258,0.09999999999999998,0.0,0.7006996392766326,1.0,0,0,0,0,1,0.002670926737743492,0.0,0.0007284007608988459,0
0.38655462184873945,0.5840554307874056,0.967741935483871,0.8500000000000001,0.06666666666666667,0.33663312852995725,0.0,0,1,0,0,0,0.018383096923607394,0.0014184397163120566,0.013814665614339704,0
0.5966386554621849,0.24064805446824944,0.7741935483870968,0.6,0.0,0.31785470630955787,0.25,0,0,1,0,0,0.009502288329460205,0.0,0.003757284769452858,0
0.5210084033613445,0.7250378867644207,0.25806451612903225,0.525,0.0,0.9926174751765103,0.5,0,0,0,1,0,0.08049224466747801,0.0,0.012694277777562556,0
0.8487394957983193,0.4653088804909777,0.6129032258064516,0.55,0.0,0.5930328172234904,0.0,0,1,0,0,0,0.023078810694982726,0.0,0.004994186298052343,0
0.15966386554621848,0.010787310097097835,0.3870967741935484,0.025000000000000022,0.0,0.0,0.0,0,0,0,0,1,0.0016179727293161095,0.0,0.0015103938676324902,0
0.6638655462184874,0.3314558697442565,0.0967741935483871,0.09999999999999998,0.5,0.2537887957681527,0.75,0,1,0,0,0,0.08554163674991201,0.00625,0.004598421645837072,1
0.06722689075630252,0.2712628835722263,0.5483870967741935,0.5,0.0,0.27251319951423386,0.25,1,0,0,0,1,0.015153658900511869,0.0,0.035107970924727776,0
0.15126050420168066,0.6848720568059117,0.1935483870967742,0.275,0.0,0.9680890864675719,0.25,0,0,0,0,1,0.09807473358659201,0.0,0.04023458009480649,0
0.36974789915966383,0.3160475442806472,0.29032258064516125,0.475,0.16666666666666666,0.15244213521024189,0.0,0,0,0,0,0,0.032261109072008284,0.0037037037037037034,0.007951590755090648,0
0.5294117647058824,0.9729209422369812,0.29032258064516125,0.125,0.0,0.4248653039339454,1.0,0,1,0,0,0,0.0966776981062962,0.0,0.01671068901624213,0
0.23529411764705882,0.7278434244857463,0.3225806451612903,0.675,0.06666666666666667,0.8165272523202936,0.0,0,0,0,0,1,0.06597270255609296,0.0022988505747126436,0.027907912816045953,0
0.2857142857142857,0.3746746299412608,0.9354838709677419,0.025000000000000022,0.16666666666666666,0.7184417070638158,0.25,0,0,0,0,0,0.012176221232908405,0.0047619047619047615,0.012102475216618183,0
0.4453781512605042,0.92193327707231,0.3548387096774194,0.2,0.06666666666666667,0.20960168377585134,0.0,0,1,0,0,0,0.0762744964739251,0.0012345679012345679,0.018812632464054367,0
0.7226890756302521,0.5521678889698626,0.25806451612903225,0.725,0.0,0.6610380750216573,0.0,0,0,0,0,1,0.061656050121659874,0.0,0.006975594544398805,0
0.7142857142857143,0.42719793765659564,0.6129032258064516,0.825,0.0,0.8265066652795255,0.0,0,0,0,0,1,0.021210127209009968,0.0,0.005476518681014428,0
0.6134453781512604,0.6553799777152773,0.8709677419354839,0.9750000000000001,0.5,0.3715030540444832,0.0,0,0,0,0,1,0.02293011972787076,0.006756756756756757,0.009753649096428592,1
0.7058823529411764,0.06576692313248866,0.9354838709677419,0.725,0.16666666666666666,0.6756130596664058,0.5,0,0,0,1,0,0.00207849623194977,0.00196078431372549,0.0009127750320213787,0
0.42857142857142855,0.5753476715233348,0.4838709677419355,0.07500000000000001,0.0,0.1956409091909433,1.0,0,0,0,0,1,0.03577810813287213,0.0,0.012285496257166375,0
0.7899159663865546,0.7448423550036275,0.0967741935483871,0.275,0.0,0.8775161105097943,0.5,0,0,0,0,0,0.1868889717772158,0.0,0.008580584322003381,0
0.9495798319327731,0.3426992338692504,0.7741935483870968,0.725,0.0,0.37694891652945306,0.0,0,0,1,0,0,0.013505366489964836,0.0,0.0032770400809259657,0
0.9495798319327731,0.6823136257640696,0.0,0.55,0.0,0.10403157879994958,0.0,0,0,0,0,1,0.6884594097642346,0.0,0.006521156910126735,0
0.48739495798319327,0.3424673786720087,0.7096774193548387,0.5,0.0,0.9914710831104238,0.0,1,0,0,0,1,0.01473428389704498,0.0,0.006506798893069615,0
0.09243697478991596,0.09777318967457911,0.8064516129032258,0.22499999999999998,0.5,0.7994814226465451,0.0,0,0,0,0,0,0.0037194404821738825,0.041666666666666664,0.01053919606321839,1
0.680672268907563,0.9221616409663878,0.7419354838709677,0.625,0.0,0.38614806263742196,0.5,0,1,0,0,0,0.03777614501457779,0.0,0.012326209871356077,0
0.9327731092436974,0.026055330090872294,0.16129032258064516,0.475,0.06666666666666667,0.705285207540979,0.25,0,0,0,0,1,0.0068653965302771175,0.0005952380952380952,0.0002602838092159325,0
0.01680672268907563,0.20664169996981963,0.1935483870967742,0.5,0.0,0.9348297117614224,0.5,1,0,0,0,1,0.03107776527346543,0.0,0.08225150698682422,0
0.8655462184873949,0.8991183867419008,0.9032258064516129,0.65,0.0,0.9792969195464849,0.0,0,0,0,0,1,0.030356057414355767,0.0,0.009436802076116265,0
0.20168067226890757,0.09466094811625411,0.7741935483870968,0.44999999999999996,0.0,0.781273195432838,1.0,0,1,0,0,0,0.0037757714917017677,0.0,0.004823304352243581,0
0.31932773109243695,0.8644466021106336,0.03225806451612903,0.175,0.0,0.3293026214965518,0.0,0,0,1,0,0,0.43316403708772655,0.0,0.024517025579754093,0
0.9411764705882353,0.8621418520150516,0.6129032258064516,0.5,0.16666666666666666,0.6982708086165468,0.0,1,0,0,1,0,0.04253661376742564,0.0014749262536873156,0.008313551615696406,0
0.7058823529411764,0.6146415944548795,0.3225806451612903,0.30000000000000004,0.0,0.44139895844378774,0.25,0,0,0,0,1,0.05588071252392655,0.0,0.007944623695316864,0
0.3361344537815126,0.59360095989195,0.1935483870967742,0.625,0.06666666666666667,0.7898361239543924,0.5,0,0,1,0,0,0.08528824544245941,0.0016260162601626016,0.016117982148373327,0
0.07563025210084033,0.8728359994435149,0.0,0.7,1.0,0.13743900413941568,0.0,0,0,1,0,0,0.8752960435102353,0.1,0.09708736111844991,1
0.453781512605042,0.3700371176568758,0.967741935483871,0.5,0.5,0.22323834751485008,0.0,1,0,0,0,0,0.01161283776833611,0.00909090909090909,0.007539863835335735,1
0.21008403361344538,0.35237381868899076,0.0967741935483871,0.575,0.16666666666666666,0.992541449175618,0.0,0,0,0,1,0,0.09066995723299669,0.006410256410256411,0.01542429089353348,0
0.6554621848739496,0.021046045061984518,0.8064516129032258,0.5,0.0,0.650710543005708,0.0,1,0,1,0,0,0.0008254857158632143,0.0,0.00038024636607612513,0
0.4117647058823529,0.23629431775505694,0.8387096774193548,0.07500000000000001,0.06666666666666667,0.8230934979763078,0.0,0,0,0,0,1,0.008585405898341236,0.0013333333333333333,0.005400236827178476,0
0.8907563025210083,0.4169204190723481,0.7096774193548387,0.2,0.06666666666666667,0.2465863325257238,0.0,0,1,0,0,0,0.017908749691296334,0.0006230529595015575,0.004259369119482286,0
0.6050420168067226,0.766536475767518,0.0967741935483871,0.275,0.06666666666666667,0.0,0.25,0,1,0,0,0,0.19220758136795102,0.0009132420091324201,0.01154805671929533,0
0.226890756302521,0.31682565571267235,0.45161290322580644,0.07500000000000001,0.06666666666666667,0.4891692958991975,0.25,0,1,0,0,0,0.021311320409659856,0.0023809523809523807,0.012926297773541737,0
0.9663865546218487,0.39762956032079644,0.6774193548387096,0.925,0.0,0.8374784176188256,0.0,0,1,0,0,0,0.017896565590793063,0.0,0.0037328927029646308,0
0.05042016806722689,0.9638048434215866,0.4838709677419355,0.15000000000000002,0.06666666666666667,0.9364102523062887,0.0,0,0,0,0,1,0.059587001594537746,0.009523809523809523,0.15293034347070664,0
0.6134453781512604,0.4206012938728691,0.7741935483870968,0.7,0.5,0.1799955584810005,0.0,0,1,0,0,0,0.016561166892167224,0.006756756756756757,0.006298695688427962,1
0.9411764705882353,0.4406218145686813,0.6129032258064516,0.575,0.06666666666666667,0.4509742331877502,0.5,0,0,0,0,0,0.021868336511581064,0.0005899705014749262,0.004251410262539948,0
0.5042016806722689,0.05626745472933356,0.3548387096774194,0.825,0.06666666666666667,0.1891646943254593,0.75,0,0,1,0,0,0.005531235428002717,0.001092896174863388,0.0011779357143598564,0
0.08403361344537814,0.34532395883724987,0.4838709677419355,0.825,0.0,0.8904665395565283,0.0,0,0,1,0,0,0.021679745519980895,0.0,0.036021591118510346,0
0.6134453781512604,0.35902417954069393,0.06451612903225806,0.42500000000000004,0.16666666666666666,0.7525533732536527,0.0,0,0,0,0,1,0.12331413473955284,0.0022522522522522522,0.0053925399099945355,0
0.9327731092436974,0.38126788450671134,0.8709677419354839,0.7,0.0,0.0,0.25,0,0,0,1,0,0.013329788548333483,0.0,0.0037139911626281105,0
0.9495798319327731,0.7032678965118941,0.8709677419354839,0.55,0.06666666666666667,0.9169876097625388,0.0,0,0,0,0,1,0.024607316361426445,0.0005847953216374269,0.006721319518069745,0
0.6974789915966386,0.6434577082522525,0.4193548387096774,0.95,0.0,0.39443289605044923,0.75,0,0,1,0,0,0.04576599179884139,0.0,0.008415060123994376,0
0.6638655462184874,0.33238474013863045,0.7096774193548387,0.7749999999999999,0.0,0.28751032853235803,0.0,0,0,0,0,1,0.014304388879085929,0.0,0.004611065526409843,0
0.6134453781512604,0.363612976916606,0.3548387096774194,0.2,0.0,0.5902818764017294,0.5,0,0,0,1,0,0.030647884308215904,0.0,0.005460067680714868,0
0.36134453781512604,0.9405314081920182,0.25806451612903225,0.875,0.0,0.37904763429092747,0.0,0,0,0,0,1,0.10397276728423384,0.0,0.02359220313011631,0
0.01680672268907563,0.6548977491221414,0.1935483870967742,0.5,0.06666666666666667,0.2475066472733675,0.5,1,1,0,0,0,0.09387552767381105,0.02222222222222222,0.24496372133039587,0
0.06722689075630252,0.41809308859583993,0.5161290322580645,0.5,0.06666666666666667,0.7694691584521907,0.0,1,0,1,0,0,0.02455861401916182,0.007407407407407407,0.05287390911793394,0
0.6134453781512604,0.3150556058425713,0.8709677419354839,0.6,0.16666666666666666,0.5377559125220825,0.0,0,1,0,0,0,0.01101081095093177,0.0022522522522522522,0.004745507687745505,0
0.008403361344537815,0.11465200711343831,0.0967741935483871,0.525,0.0,0.0,0.0,0,0,0,0,1,0.032389212844537135,0.0,0.07338642963511098,0
0.24369747899159663,0.5701872804434797,0.9032258064516129,0.375,0.0,0.8261465421174041,0.0,0,0,0,1,0,0.019233030243234812,0.0,0.021248490742307575,0
0.8991596638655461,0.41345882261088795,0.6451612903225806,0.8500000000000001,0.0,0.9999419801572137,0.0,0,0,0,1,0,0.019523254752269376,0.0,0.004183247462708667,0
0.14285714285714285,0.9377154986460889,0.0967741935483871,0.875,0.0,0.15916243355227488,0.0,0,0,0,0,1,0.234174453532231,0.0,0.05777709579411726,0
0.5126050420168067,0.3563080069301755,0.6451612903225806,0.575,0.06666666666666667,0.336587112792575,0.25,0,0,0,0,1,0.016854435334669227,0.001075268817204301,0.0064257506120076364,0
0.5042016806722689,0.456250480054185,0.16129032258064516,0.8999999999999999,0.0,0.3877706175512025,1.0,0,1,0,0,0,0.07717753548517896,0.0,0.008318408643840806,0
0.9159663865546218,0.5718932822549555,0.7741935483870968,0.07500000000000001,0.0,0.33048302519461653,1.0,0,1,0,0,0,0.022495773999174455,0.0,0.005672149397918214,0
0.9495798319327731,0.6099048148255678,0.7096774193548387,0.475,0.0,0.7084522906834136,0.0,0,0,1,0,0,0.026137055209093166,0.0,0.0058294823293252186,0
0.7310924369747899,0.9046325223750677,0.0,0.7,0.0,0.3464884990666808,0.0,0,0,0,0,1,0.9064774485842357,0.0,0.011255765330675708,0
0.8991596638655461,0.056931904847247736,0.8387096774193548,0.2,0.0,0.6068075281746357,1.0,0,0,0,0,1,0.002070866366050748,0.0,0.000588372243752827,0
0.7226890756302521,0.9405289581547103,0.03225806451612903,0.2,0.0,0.9808154388800969,0.0,0,0,1,0,0,0.4704692916261167,0.0,0.011836662435010971,0
0.3277310924369748,0.14663407953711283,0.7741935483870968,0.125,0.5,0.875173309271771,1.0,0,0,0,0,1,0.005814479016152346,0.0125,0.004357417248269563,1
0.31932773109243695,0.6684583993669431,0.6774193548387096,0.32499999999999996,0.0,0.48646237013058463,0.25,0,0,0,0,0,0.02996881717599998,0.0,0.019044591051121836,0
0.7731092436974789,0.7601289748639647,0.9354838709677419,0.2,0.0,0.8134862122846013,0.0,0,0,0,0,1,0.02477613988066029,0.0,0.008948242551748954,0
0.4117647058823529,0.7466601397672783,0.0,0.025000000000000022,0.06666666666666667,0.5456386084040742,0.0,0,0,0,1,0,0.7515611118765384,0.0013333333333333333,0.01651568120526431,0
0.3361344537815126,0.8422527758208105,0.4838709677419355,0.30000000000000004,0.5,0.78575672880125,0.0,0,0,0,0,1,0.05213696479019711,0.012195121951219513,0.022722224922201866,1
0.6050420168067226,0.17120870916395212,0.16129032258064516,0.04999999999999999,0.0,0.6023800139647759,0.5,0,0,1,0,0,0.030589616945198822,0.0,0.0026673295116855125,0
0.008403361344537815,0.5821631240556382,1.0,0.5,0.0,0.3979340934599633,0.75,1,0,0,0,1,0.01772748239984377,0.0,0.32793883069613683,0
0.1764705882352941,0.617620860238316,0.8064516129032258,0.35,0.0,0.46195798963245427,1.0,0,0,0,0,0,0.023326786116882638,0.0,0.03139299980349078,0
0.37815126050420167,0.6865417776482524,0.9032258064516129,0.675,0.5,0.17799287356275845,0.25,0,0,0,0,1,0.023167636028789906,0.010869565217391304,0.016545345024973433,1
0.4453781512605042,0.7603600746330365,0.4838709677419355,0.44999999999999996,0.0,0.3436955438760056,0.0,0,0,0,0,0,0.047117686633122866,0.0,0.015554334296052673,0
0.6722689075630252,0.7381788252013941,0.5483870967741935,1.0,0.06666666666666667,0.10417562806479816,0.0,0,0,0,0,1,0.04059161697673892,0.0008230452674897119,0.010007283332985506,0
0.453781512605042,0.21692956996169327,0.5483870967741935,0.42500000000000004,0.06666666666666667,0.0,0.25,0,0,1,0,0,0.012193536037829779,0.0012121212121212121,0.004508422542070658,0
0.8235294117647058,0.9561194234751876,0.0,0.35,0.0,0.2077230412801178,0.0,0,0,0,1,0,0.9569683127162601,0.0,0.010550108528528196,0
0.6638655462184874,0.12534474577044954,0.03225806451612903,0.275,0.0,0.813416188336411,0.0,0,0,0,0,1,0.07076223574769219,0.0,0.0017928155547948619,0
0.8151260504201681,0.4322091622983522,0.45161290322580644,0.15000000000000002,0.16666666666666666,0.0,0.0,0,0,0,1,0,0.02885474450344429,0.0017006802721088435,0.004838074091317967,0
0.31092436974789917,0.7514716047005272,0.1935483870967742,0.5,0.0,0.8625509924394142,0.25,1,0,1,0,0,0.10740489788123003,0.0,0.021929736941651255,0
0.6386554621848739,0.637715045389187,0.9354838709677419,0.675,0.0,0.2050101134588029,0.0,0,1,0,0,0,0.020774613959235955,0.0,0.009116323098302868,0
0.7310924369747899,0.8036385953233769,0.9032258064516129,0.30000000000000004,0.0,0.785508643956233,0.5,0,0,1,0,0,0.027127343881626867,0.0,0.010006001825209047,0
0.8235294117647058,0.44554436827686794,0.25806451612903225,0.42500000000000004,0.06666666666666667,0.16347790944503018,0.0,0,0,1,0,0,0.050038178862587435,0.0006734006734006734,0.0049339462333931935,0
0.9411764705882353,0.9323847891393766,0.1935483870967742,0.275,0.0,0.9185601475704691,0.25,0,1,0,0,0,0.13274966052964263,0.0,0.00899047492731049,0
0.6470588235294117,0.4221062905402059,0.3225806451612903,0.22499999999999998,0.0,0.8968267147364398,0.0,0,0,0,0,1,0.0387161104373949,0.0,0.005986840655572788,0
0.025210084033613446,0.6685959281278289,0.8387096774193548,0.5,0.06666666666666667,0.11050779366543358,0.0,1,0,0,1,0,0.02428683344377568,0.016666666666666666,0.18740396157015574,0
0.9915966386554621,0.9824963617966825,0.5161290322580645,0.22499999999999998,0.16666666666666666,0.5976263882247729,0.0,0,0,0,0,1,0.05711653409083987,0.0014005602240896359,0.008986053590680164,0
0.12605042016806722,0.32973202349438774,0.12903225806451613,0.5,0.06666666666666667,0.7505466869669427,0.25,1,0,1,0,0,0.06794703614037585,0.004166666666666667,0.023643585877945263,0
0.31092436974789917,0.5139591488129386,0.12903225806451613,0.5,0.0,0.6686086641631438,0.25,1,0,0,0,1,0.10407967009247333,0.0,0.015123327905295993,0
0.5882352941176471,0.10052454073744409,0.3548387096774194,0.7,0.0,0.8336250997841261,0.0,0,0,0,0,1,0.009147978179991769,0.0,0.001663755422335755,0
0.4453781512605042,0.7166739289855869,0.8709677419354839,0.65,0.0,0.2248408955862905,0.0,0,1,0,0,0,0.025076840890769836,0.0,0.014673355976744813,0
0.5714285714285714,0.6770685042273148,0.4193548387096774,0.44999999999999996,0.0,0.7123976399928775,0.25,0,0,1,0,0,0.048120318955964955,0.0,0.010816654436529101,0
0.9495798319327731,0.8171602287240496,0.967741935483871,0.925,0.0,0.9909609086307517,1.0,0,1,0,0,0,0.025757138281487332,0.0,0.007809259371221813,0
0.5378151260504201,0.9359278493413258,0.5483870967741935,0.30000000000000004,0.06666666666666667,0.0,0.0,0,1,0,0,0,0.0513651437236187,0.0010256410256410256,0.015830885991083996,0
0.5378151260504201,0.7263152341318944,0.4193548387096774,0.675,0.06666666666666667,0.9161193128049793,0.5,0,0,1,0,0,0.051569892530476724,0.0010256410256410256,0.012319170600921017,0
0.8823529411764706,0.731840313265037,0.45161290322580644,0.09999999999999998,0.06666666666666667,0.7025202619295798,0.0,0,0,0,0,1,0.04844372138873309,0.0006289308176100629,0.007536627256354262,0
0.6386554621848739,0.6255333373922285,0.3225806451612903,0.825,0.0,0.35492338379725863,0.25,0,0,0,0,1,0.056851715917835215,0.0,0.008944043952040844,0
0.8151260504201681,0.8734383002817175,0.22580645161290322,0.525,0.0,0.4401065164286186,0.25,0,0,0,0,0,0.1088375765296066,0.0,0.009740977757462922,0
0.8571428571428571,0.5126567906479462,0.22580645161290322,0.875,0.0,0.47709516654695905,0.0,0,0,0,0,1,0.06461232264211102,0.0,0.005444419187967214,0
0.10084033613445378,0.19451266777498188,0.45161290322580644,0.9750000000000001,0.06666666666666667,0.932014749044173,0.75,0,0,0,0,0,0.013314867818692669,0.005128205128205128,0.017817260013284476,0
0.7647058823529411,0.3279194654769939,1.0,0.4,0.0,0.8632992483429333,0.0,0,0,1,0,0,0.009936069834562886,0.0,0.003931698791701786,0
0.6218487394957983,0.5420248570168436,0.03225806451612903,0.42500000000000004,0.0,0.8030946583731636,0.0,0,0,0,0,1,0.27507186046707083,0.0,0.007975169270971357,0
0.08403361344537814,0.4025596887276601,0.29032258064516125,0.8500000000000001,0.0,0.698080743614316,0.0,0,1,0,0,0,0.04074496193110769,0.0,0.0416877636113709,0
0.8067226890756303,0.771337915964782,0.8709677419354839,0.42500000000000004,0.0,0.610384751585042,0.25,0,0,0,0,1,0.02699135831483285,0.0,0.008697153976352385,0
0.26050420168067223,0.2160346530010119,0.16129032258064516,0.32499999999999996,0.0,0.10346738584595931,0.0,0,0,0,0,1,0.037916077952778196,0.0,0.007856541369879835,0
0.19327731092436973,0.09260395804343778,0.8064516129032258,0.55,0.06666666666666667,0.22649946281628316,0.0,0,0,0,0,1,0.003524470076424549,0.0027777777777777775,0.004938950526422494,0
0.7394957983193277,0.1996605840815441,0.3870967741935484,0.07500000000000001,0.0,0.6910443371633098,0.25,0,1,0,0,0,0.01586562169985442,0.0,0.002501382371800385,0
0.680672268907563,0.2140593512554379,0.967741935483871,0.825,0.0,0.6657176754450022,0.5,0,1,0,0,0,0.006678634309055318,0.0,0.0029225394970103535,0
0.5378151260504201,0.21326413039621228,0.9032258064516129,0.825,0.0,0.23196933351206112,0.25,0,0,0,0,1,0.007163433236571624,0.0,0.0037238412829381116,0
0.7899159663865546,0.1449007189756982,0.8064516129032258,0.9750000000000001,0.0,0.7946157585894376,0.0,0,0,0,0,1,0.005496972263579859,0.0,0.001703558597207042,0
0.9411764705882353,0.8705231029738839,0.12903225806451613,0.5,0.0,0.5025778816355193,0.0,1,0,0,0,1,0.1740128833146448,0.0,0.008394320791741534,0
0.36134453781512604,0.2719451577115557,0.29032258064516125,0.8500000000000001,0.0,0.4852659609586478,0.75,0,0,1,0,0,0.027936188440588046,0.0,0.007045174600774948,0
0.7478991596638656,0.8518935297087237,0.7741935483870968,0.9750000000000001,0.0,0.2651566835857863,0.75,0,0,1,0,0,0.03347911473170769,0.0,0.010363242826221185,0
0.453781512605042,0.661854956729687,0.0,0.55,0.0,0.9477701373869863,0.0,0,1,0,0,0,0.6683965227684066,0.0,0.01331768903594495,0
1.0,0.44581201443578317,0.45161290322580644,0.5,0.0,0.6343609514453943,0.0,1,0,0,1,0,0.029744057764880726,0.0,0.0040392993067077864,0
0.1092436974789916,0.6898906111426145,0.6129032258064516,0.275,0.0,0.6828915489097271,0.0,0,1,0,0,0,0.03409066556154052,0.0,0.05506307663994734,0
0.6470588235294117,0.39726393308654107,0.3225806451612903,0.30000000000000004,0.0,0.8954402405622722,0.25,0,1,0,0,0,0.03650140398141677,0.0,0.0056400132118825915,0
0.37815126050420167,0.17677302972797684,0.1935483870967742,0.625,0.0,0.4067791184585128,0.5,0,0,0,0,1,0.02689335848049845,0.0,0.0044774749352965255,0
0.3361344537815126,0.3795997153546656,0.3870967741935484,0.5,0.0,0.9729747573670194,0.0,0,0,0,0,1,0.0294393239201811,0.0,0.010434065594029615,0
0.03361344537815126,0.9533502892248625,0.7096774193548387,0.875,1.0,0.2975377579132063,0.0,0,1,0,0,0,0.04078059299893501,0.2,0.21190242551806224,1
0.4117647058823529,0.14603296288360898,0.3870967741935484,0.09999999999999998,0.0,0.6376460749576355,0.0,0,0,1,0,0,0.011820223926868817,0.0,0.0034344016824805973,0
0.2184873949579832,0.6271007895939402,0.3548387096774194,0.5,0.0,0.0,0.0,1,0,0,0,1,0.05218042796831041,0.0,0.025926234598154328,0
0.1680672268907563,0.16966614525789359,0.9354838709677419,0.30000000000000004,0.0,0.555551998783584,0.25,0,0,1,0,0,0.0054748044162752744,0.0,0.009668080804658412,0
0.6302521008403361,0.1559638011887826,1.0,0.35,0.0,0.9258406374980243,0.0,0,1,0,0,0,0.004666410284757588,0.0,0.002336016179897376,0
0.3949579831932773,0.2910864008515023,0.8064516129032258,0.8500000000000001,0.06666666666666667,0.0,0.0,0,0,0,0,1,0.011010728222659492,0.0013888888888888887,0.006876314303408458,0
0.37815126050420167,0.8621847889188733,0.3548387096774194,0.6,0.0,0.6789341954948592,0.5,0,1,0,0,0,0.07139177754770289,0.0,0.020703381489195847,0
0.2689075630252101,0.021295703863663914,0.6129032258064516,0.5,0.0,0.48638634412969234,0.25,1,0,1,0,0,0.0013076334684453247,0.0,0.0011864416350689624,0
0.7815126050420168,0.09206145853252647,1.0,0.5,0.0,0.19539682571439432,0.25,1,0,0,0,1,0.00270809392671624,0.0,0.0011115955979048321,0
0.6302521008403361,0.059989918913156914,0.29032258064516125,0.625,0.0,0.7367559705419253,0.0,0,0,1,0,0,0.007150701383539607,0.0,0.0009608514603592922,0
0.40336134453781514,0.8877027237432258,0.8387096774193548,0.65,0.0,0.6637069877898241,0.5,0,0,0,1,0,0.03224491038246883,0.0,0.019991166710874236,0
0.0,0.6980085035078205,0.0,0.32499999999999996,0.0,0.0,0.5,0,0,1,0,0,0.7038506631276383,0.0,0.7822218121313245,0
0.9159663865546218,0.6400484405042944,0.3225806451612903,0.675,0.0,0.8221731832286642,0.0,0,1,0,0,0,0.058145743372010596,0.0,0.006346865844547588,0
0.907563025210084,0.6612609451843762,0.6129032258064516,0.5,0.0,0.10652243067128958,0.0,1,0,1,0,0,0.032686874943775715,0.0,0.006618781556525928,0
0.5714285714285714,0.26519289572481963,0.6451612903225806,0.475,0.06666666666666667,0.9135064191953648,0.25,0,0,0,0,1,0.012599556814996297,0.000966183574879227,0.004316371897576644,0
0.3529411764705882,0.04151810763365066,0.03225806451612903,0.5,0.0,0.2603210297921889,0.75,1,0,1,0,0,0.029659748451174382,0.0,0.0013779563370505206,0
0.6974789915966386,0.8740919906524544,0.3225806451612903,0.5,0.06666666666666667,0.48436965442181223,0.75,1,1,0,0,0,0.0790108228017692,0.0007936507936507935,0.011404981912783494,0
0.058823529411764705,0.9343075171677176,0.4193548387096774,0.9750000000000001,0.0,0.7537217728463134,0.25,0,1,0,0,0,0.06613907681241672,0.0,0.12977481864844156,0
0.8151260504201681,0.10528653533405014,0.1935483870967742,0.15000000000000002,0.0,0.11280057779760677,0.0,0,0,0,0,1,0.016878564707446704,0.0,0.001205335433996006,0
0.1764705882352941,0.5499713080214262,0.9032258064516129,0.2,0.0,0.14478551664669317,0.5,0,0,1,0,0,0.018549413503329632,0.0,0.028044444341198176,0
0.453781512605042,0.00456670620618542,0.45161290322580644,0.625,0.0,0.2149735209441629,0.0,0,1,0,0,0,0.0008967763131174659,0.0,0.00030376010683835493,0
0.15126050420168066,0.39477977900908484,0.9032258064516129,0.725,0.0,0.33645506763313054,0.0,0,0,1,0,0,0.013301507297809524,0.0,0.023608195650298033,0
0.08403361344537814,0.22962004862262375,0.03225806451612903,0.175,0.06666666666666667,0.5964960016325583,0.0,0,0,0,1,0,0.12189126115161739,0.006060606060606061,0.024567237087736175,0
0.18487394957983191,0.2602656052778377,0.06451612903225806,0.8999999999999999,0.0,0.374444059868475,0.0,0,0,0,1,0,0.09103145281182715,0.0,0.01310022774659849,0
0.47058823529411764,0.8523999115863203,0.9354838709677419,0.5,0.06666666666666667,0.20009243161161117,0.0,0,1,0,0,0,0.02779233702973299,0.0011695906432748538,0.016483963460518284,0
0.6470588235294117,0.4604640542163856,0.7419354838709677,0.925,0.0,0.9885920984976861,0.25,0,0,0,0,1,0.018910901602676552,0.0,0.00652235847614579,0
0.18487394957983191,0.18445185499062186,0.967741935483871,0.42500000000000004,0.0,0.8870213613055664,0.5,0,0,1,0,0,0.005742030241303059,0.0,0.009510715862200227,0
0.23529411764705882,0.818028031938523,0.7741935483870968,0.32499999999999996,0.0,0.9031828885478833,0.0,0,0,0,0,1,0.03215070054468676,0.0,0.03129440184108898,0
0.47058823529411764,0.38626087678750126,0.3225806451612903,0.65,0.0,0.7872872522402662,0.75,0,1,0,0,0,0.0355204769552106,0.0,0.007578513493565216,0
0.5462184873949579,0.7762055071693604,0.5806451612903225,0.175,0.0,0.2632240226157346,0.0,0,1,0,0,0,0.04037890925679084,0.0,0.012952769934688406,0
0.453781512605042,0.1569403452257736,0.7741935483870968,0.275,0.06666666666666667,0.12283801059962507,0.0,0,0,1,0,0,0.0062187544722205335,0.0012121212121212121,0.0033206704308718473,0
0.5462184873949579,0.24747528759660853,0.7741935483870968,0.65,0.0,0.5297191639540723,0.0,0,0,1,0,0,0.009770094620315676,0.0,0.004228974990447918,0
0.40336134453781514,0.6520249782936903,0.9032258064516129,0.55,0.16666666666666666,0.6584691964651911,0.0,0,0,0,0,1,0.02200042718253197,0.003401360544217687,0.014753501367762337,0
0.31092436974789917,0.5653080719786661,0.6451612903225806,0.575,0.0,0.31081829985855164,0.5,0,1,0,0,0,0.026614286095108138,0.0,0.016594837150300534,0
0.8151260504201681,0.6683485764446144,0.9354838709677419,0.8,0.5,0.0,0.0,0,1,0,0,0,0.021775977685643474,0.005102040816326531,0.007462036789317934,1
0.9747899159663865,0.42566162134567237,0.03225806451612903,0.5,0.0,0.32903653049342874,0.0,1,0,0,0,1,0.21801579186807948,0.0,0.003960251106451945,0
0.025210084033613446,0.424464737286787,0.9354838709677419,0.44999999999999996,0.0,0.4364292588065118,0.0,0,0,1,0,0,0.013803784419781468,0.0,0.12094117753099262,0
0.6302521008403361,0.13487024582000157,0.03225806451612903,0.5,0.5,0.0,0.0,1,1,0,0,0,0.07543284825801089,0.006578947368421052,0.0020337765240140615,1
0.20168067226890757,0.6337612772665162,0.5161290322580645,0.5,0.0,0.6621104417710857,0.0,1,0,1,0,0,0.036999554712014236,0.0,0.02830583184302062,0
0.5042016806722689,0.985843909021458,0.0967741935483871,0.75,0.0,0.8294036560503691,0.0,0,0,1,0,0,0.24597378975770937,0.0,0.01777267870967816,0
0.9243697478991596,0.23783437037287486,0.03225806451612903,0.5,0.06666666666666667,0.4860882421788251,1.0,1,0,0,0,1,0.12591896717554527,0.0006006006006006006,0.002342023929507221,0
0.2689075630252101,0.2025040157132326,0.12903225806451613,0.5,0.16666666666666666,0.19490065602436032,0.25,1,1,0,0,0,0.0429936910471265,0.005050505050505051,0.007166142042755245,0
0.6218487394957983,0.652850926704153,0.3870967741935484,0.675,0.0,0.0,0.0,0,0,0,0,1,0.050052019713247506,0.0,0.009584317010520493,0
0.7142857142857143,0.38371977975961297,0.4838709677419355,0.825,0.0,0.701808018342273,0.0,0,1,0,0,0,0.024033060314624925,0.0,0.004925979876729363,0
0.5210084033613445,0.08581496591406013,0.1935483870967742,0.7,0.0,0.7425419493466765,0.5,0,1,0,0,0,0.014150724241465936,0.0,0.0016451742990807755,0
0.3445378151260504,0.008651265487145204,0.45161290322580644,0.65,0.5,0.5990908890840667,0.0,0,1,0,0,0,0.0011638124242934012,0.011904761904761904,0.0005631755485507933,1
0.8403361344537815,0.37309311044200594,0.3870967741935484,0.925,0.0,0.9600323310572215,0.0,0,0,0,0,1,0.028948498400879794,0.0,0.0040512787109636406,0
0.7478991596638656,0.8994363607505167,0.3225806451612903,0.7,0.0,0.30789329950843186,0.0,0,0,1,0,0,0.08127028389291445,0.0,0.010938494354122206,0
0.453781512605042,0.7011770755072506,0.8709677419354839,0.2,0.0,0.8222091955448763,1.0,0,1,0,0,0,0.02453408874915019,0.0,0.014096244348177486,0
0.36974789915966383,0.16003700863021558,0.29032258064516125,0.6,0.0,0.5060970852031395,0.25,0,0,0,0,1,0.016961864816905974,0.0,0.004176245575386233,0
0.6470588235294117,0.011342304798279652,0.45161290322580644,0.25,0.0,0.7547201142790834,0.5,0,0,1,0,0,0.0013397444216613162,0.0,0.00025211022990411836,0
0.9663865546218487,0.5084977910667802,0.8064516129032258,0.30000000000000004,0.06666666666666667,0.601895848380146,0.0,0,0,0,0,1,0.01921093861939115,0.0005747126436781609,0.004773685741964693,0
0.08403361344537814,0.3538881867490304,1.0,0.09999999999999998,0.0,0.5352270476502964,0.0,0,1,0,0,0,0.01073189311036992,0.0,0.03686942502766523,0
0.11764705882352941,0.18439389119131144,0.9032258064516129,0.22499999999999998,0.0,0.4736679944541033,0.25,0,1,0,0,0,0.006187166629479941,0.0,0.014681396742233304,0
0.6050420168067226,0.051881459191586515,0.12903225806451613,0.5,0.0,0.18205026118932674,0.25,1,1,0,0,0,0.013451951792848875,0.0,0.0008872802432217467,0
0.9327731092436974,0.1299814413757319,0.25806451612903225,0.42500000000000004,0.0,0.18212828787445307,0.0,0,0,0,1,0,0.015653931981173413,0.0,0.0012707502758258387,0
0.025210084033613446,0.26369424873750597,0.3548387096774194,0.5,0.06666666666666667,0.5118310462178065,1.0,1,0,1,0,0,0.02248240464099385,0.016666666666666666,0.07717268476482671,0
0.4789915966386554,0.485150078872826,0.6451612903225806,0.35,0.0,0.0,0.0,0,0,0,1,0,0.022871081279416915,0.0,0.009301211687821012,0
0.6890756302521008,0.3176801674747502,0.7096774193548387,0.2,0.0,0.4090959108014941,0.0,0,0,1,0,0,0.01367742774103738,0.0,0.004244528017779005,0
0.10084033613445378,0.30461736481092266,0.5483870967741935,0.15000000000000002,0.5,0.6716897178835162,0.5,0,0,0,1,0,0.016970838010832604,0.03846153846153846,0.027040377589581655,1
0.025210084033613446,0.22038936972912754,0.8387096774193548,0.95,0.0,0.39070362063825825,0.0,0,0,1,0,0,0.008007729611575408,0.0,0.06538327427835607,0
0.09243697478991596,0.5733042179066449,0.6129032258064516,0.9750000000000001,0.0,0.7998755574406446,0.25,0,1,0,0,0,0.028374116677511448,0.0,0.05369238202637213,0
0.09243697478991596,0.9770086865664414,0.1935483870967742,0.4,0.0,0.8468576253078552,0.5,0,0,0,1,0,0.13900117886007338,0.0,0.09032749724693061,0
0.07563025210084033,0.9632315959424606,0.5483870967741935,0.475,0.0,0.3498976650014305,0.0,0,0,0,0,1,0.05285267391789769,0.0,0.10693115533008367,0
0.9411764705882353,0.5590943894431486,0.25806451612903225,0.575,0.0,0.3467125757008897,0.0,0,0,0,0,1,0.062410772815597586,0.0,0.005393117187145466,0
0.7731092436974789,0.8775074447446148,0.4193548387096774,0.7,0.0,0.0,0.5,0,1,0,0,0,0.06216041611269645,0.0,0.010322666603234273,0
0.7731092436974789,0.7662089057794461,0.7741935483870968,0.7749999999999999,0.0,0.4666696010035432,0.0,0,1,0,0,0,0.030118034058700022,0.0,0.009019434511314484,0
0.5630252100840336,0.920123781601551,0.8064516129032258,0.8,0.0,0.0,0.75,0,0,1,0,0,0.03473643488619622,0.0,0.014870894962681479,0
0.11764705882352941,0.14488032241510956,0.5806451612903225,0.09999999999999998,0.0,0.9358220511414903,0.25,0,1,0,0,0,0.007794071431967774,0.0,0.011812795064977157,0
0.5126050420168067,0.196002821299628,0.3225806451612903,0.6,0.0,0.8778542261453417,0.75,0,0,1,0,0,0.018558892509098465,0.0,0.0036101494681291518,0
0.4369747899159664,0.0071657466164066,0.0967741935483871,0.65,0.06666666666666667,0.733935005771974,0.0,0,0,1,0,0,0.00603749008178196,0.0012578616352201257,0.00037587698759858346,0
0.5294117647058824,0.36610901367500576,0.16129032258064516,0.875,1.0,0.5139037550842388,0.0,0,0,1,0,0,0.06244459553875701,0.015625,0.006385705033894679,1
0.42857142857142855,0.7745313558428878,0.3225806451612903,0.32499999999999996,0.0,0.1167919428444528,0.25,0,0,0,1,0,0.07013495097336911,0.0,0.016456740966099247,0
0.03361344537815126,0.05760554260506669,0.8709677419354839,0.375,0.0,0.1440772744278543,0.25,0,1,0,0,0,0.0019940403285854313,0.0,0.016814892642937517,0
0.8403361344537815,0.8929462935896856,0.22580645161290322,0.65,0.0,0.41414363712389635,0.5,0,0,0,0,1,0.11122890184380084,0.0,0.009656265391692379,0
0.025210084033613446,0.3462646506616346,0.9032258064516129,0.25,0.06666666666666667,0.6448005217784482,0.5,0,0,0,0,1,0.011660935517013795,0.016666666666666666,0.09965182301915776,0
0.48739495798319327,0.06320810416807289,0.3870967741935484,0.725,0.0,0.5864765749886461,0.0,0,0,0,0,0,0.005572333539208322,0.0,0.001352485216831129,0
0.10084033613445378,0.35580046128485754,0.3225806451612903,0.2,1.0,0.972344541833307,0.75,0,0,0,1,0,0.0328049182973293,0.07692307692307691,0.03132782153526517,1
0.4117647058823529,0.7533491703744919,0.25806451612903225,0.125,0.06666666666666667,0.0,0.25,0,1,0,0,0,0.08357708791803956,0.0013333333333333333,0.016661364055586554,0
0.25210084033613445,0.3209069686941991,0.8709677419354839,0.95,0.0,0.7514950112938624,0.25,0,1,0,0,0,0.011215745438023249,0.0,0.011800134052102876,0
0.12605042016806722,0.7503051419382155,0.03225806451612903,0.5,0.06666666666666667,0.9972190489147288,1.0,1,0,0,0,0,0.3771973656212337,0.004166666666666667,0.052268011384075934,0
0.5966386554621849,0.5546626802926308,0.16129032258064516,0.375,1.0,0.21894487914866884,0.25,0,0,0,1,0,0.09326226423819566,0.01388888888888889,0.008506617879473993,1
0.680672268907563,0.5606456918156054,0.7741935483870968,0.09999999999999998,0.06666666666666667,0.4728697214447341,0.25,0,0,0,0,0,0.022054573966893188,0.0008130081300813008,0.007525241324466606,0
0.4789915966386554,0.5714458237746148,0.7419354838709677,0.25,0.16666666666666666,0.8150287398290215,0.0,0,0,1,0,0,0.023445684016718517,0.0028735632183908046,0.010921441576667879,0
0.7647058823529411,0.9790037927802545,0.12903225806451613,0.04999999999999999,0.0,0.5445522368650079,0.25,0,0,0,1,0,0.19528929985138987,0.0,0.011638331565264084,0
0.6722689075630252,0.9182082811832684,0.6774193548387096,0.09999999999999998,0.0,0.9233697924690244,0.0,0,1,0,0,0,0.04110146987754126,0.0,0.012427608971793297,0
0.1092436974789916,0.7905645429049104,0.8387096774193548,0.5,0.0,0.7644734499198725,0.0,1,0,0,0,1,0.028716799286576923,0.0,0.06289384262165452,0
0.5546218487394958,0.5889776374069736,0.0967741935483871,0.5,0.0,0.6277326845781257,0.0,1,0,1,0,0,0.14867661042415176,0.0,0.009713513334383764,0
0.5210084033613445,0.556859832916439,0.8709677419354839,0.675,1.0,0.6418475118490523,0.25,0,0,0,0,0,0.019479611554905345,0.015873015873015872,0.00978728452190139,1
0.058823529411764705,0.11146750987150658,0.3225806451612903,0.125,0.5,0.34794899855750666,0.0,0,0,1,0,0,0.011022534483207358,0.0625,0.01776897966631831,1
0.42857142857142855,0.13432147829697744,0.29032258064516125,0.15000000000000002,0.0,0.3996946955858904,0.25,0,0,0,0,1,0.014440059619087502,0.0,0.003049658586622494,0
0.6386554621848739,0.13706478507068134,0.6129032258064516,0.175,0.16666666666666666,0.4867124556598356,0.0,0,0,0,0,1,0.006984107314235988,0.002164502164502164,0.0020359038791697816,0
0.31092436974789917,0.6807099130102003,0.967741935483871,0.44999999999999996,0.16666666666666666,0.2355065432377873,0.25,0,0,0,1,0,0.021440666547417,0.0043859649122807015,0.019901914796707516,0
0.5126050420168067,0.6114379256710132,0.5161290322580645,0.275,0.0,0.0,0.0,0,1,0,0,0,0.0357118196270341,0.0,0.01090685387899665,0
0.0,0.3923511999445638,0.4193548387096774,0.675,0.16666666666666666,0.3118646577129378,0.25,0,0,0,0,0,0.028176795985749074,0.16666666666666666,0.4493706875088258,0
1.0,0.0006972193669079092,0.5161290322580645,0.475,0.06666666666666667,0.5897917087643973,0.25,0,0,0,0,1,0.0004808986800299833,0.0005555555555555556,0.0,0
0.7142857142857143,0.399620460637231,0.29032258064516125,0.925,0.0,0.7703534608836222,0.0,0,0,0,0,1,0.04045672518934243,0.0,0.005127321015846247,0
0.1092436974789916,0.0018798932094071796,0.12903225806451613,0.625,0.0,0.5717255301313049,0.0,0,0,0,0,1,0.0036450990965276623,0.0,0.0015472276934472712,0
0.15966386554621848,0.5731996217305733,0.6774193548387096,0.625,0.0,0.8689031648823897,0.0,0,1,0,0,0,0.025722637436147416,0.0,0.032132853767400577,0
0.1092436974789916,0.9010243728486376,0.45161290322580644,0.5,0.0,0.20913952571779548,0.0,1,0,0,1,0,0.059504462642939224,0.0,0.07148578954899652,0
0.6470588235294117,0.4566170464694084,1.0,0.5,0.5,0.2923559857471255,0.25,1,0,1,0,0,0.013880065744908788,0.006410256410256411,0.006468649891313249,1
0.8739495798319328,0.10233681291715203,0.3870967741935484,0.875,0.0,0.7825356271844971,0.0,0,0,0,1,0,0.00852400634694088,0.0,0.0010815744005847356,0
0.8823529411764706,0.8877440272888422,0.7741935483870968,0.5,0.0,0.18464314795660114,0.0,1,1,0,0,0,0.03488539288300939,0.0,0.009138270725391253,0
0.15126050420168066,0.782172144276327,0.16129032258064516,0.7,0.16666666666666666,0.7959542163419889,0.0,0,0,0,1,0,0.1304469629651364,0.008771929824561403,0.0458112492604037,0
0.31092436974789917,0.42541475966991954,0.9032258064516129,0.5,0.16666666666666666,0.845541175081878,0.0,1,0,1,0,0,0.014337449827270638,0.0043859649122807015,0.012585905907239453,0
0.5630252100840336,0.0312828521929651,0.7096774193548387,0.5,0.0,0.6354613277740987,0.0,1,0,1,0,0,0.0014662611313349739,0.0,0.0006367828148991047,0
0.9243697478991596,0.5620584241613206,0.3225806451612903,0.725,0.0,0.33760946243615314,0.5,0,0,1,0,0,0.051192901113831776,0.0,0.005522832287004373,0
0.8235294117647058,0.11326122301860686,0.03225806451612903,0.8999999999999999,0.0,0.9975391583921701,0.0,0,1,0,0,0,0.06483735492884936,0.0,0.0012789379193198533,0
0.1764705882352941,0.4404282412043763,0.0,0.8999999999999999,0.0,0.0,0.75,0,1,0,0,0,0.4512534053947557,0.0,0.02262222020628459,0
0.2689075630252101,0.3211635284342959,0.6129032258064516,0.2,1.0,0.6797844862943127,0.0,0,0,0,0,0,0.016010970884810308,0.0303030303030303,0.011081792099597199,1
0.7394957983193277,0.8634046829114757,0.03225806451612903,0.825,0.0,0.41156475514626,0.0,0,0,1,0,0,0.4326531556829695,0.0,0.010622689174894576,0
0.6218487394957983,0.4408402353946845,0.22580645161290322,0.725,0.0,0.2848654239749994,0.0,0,1,0,0,0,0.055808918630012624,0.0,0.006506011286574513,0
0.5546218487394958,0.6826372144415163,0.22580645161290322,0.7,0.0,0.0,0.0,0,0,1,0,0,0.08544883226757839,0.0,0.011235786671133742,0
0.38655462184873945,0.8396908126418495,0.6129032258064516,0.925,0.0,0.3337401391275816,0.0,0,1,0,0,0,0.041435778065145985,0.0,0.01973761956919116,0
0.9831932773109243,0.7823945259959779,0.4838709677419355,0.275,0.0,0.20884942650386432,0.25,0,1,0,0,0,0.048468198202835724,0.0,0.0072171865713414355,0
0.8487394957983193,0.39596508664169017,0.6451612903225806,0.125,0.0,0.5634286926128735,0.0,0,0,1,0,0,0.01870633513905165,0.0,0.004253860850423059,0
0.6722689075630252,0.1397108866141926,0.5483870967741935,0.7749999999999999,0.06666666666666667,0.27077260423064686,0.5,0,0,0,0,1,0.007986599725393393,0.0008230452674897119,0.001961448345221694,0
0.20168067226890757,0.9225556069655051,0.7096774193548387,0.575,0.06666666666666667,0.9519535681202971,0.25,0,1,0,0,0,0.039467595370476526,0.0026666666666666666,0.040885347045740525,0
0.1092436974789916,0.07936767232123028,0.6451612903225806,0.22499999999999998,0.0,0.5395845379119659,1.0,0,1,0,0,0,0.003921921008885574,0.0,0.007574494673539093,0
0.9663865546218487,0.7928150655080767,0.7419354838709677,0.5,1.0,0.5980545346508506,0.0,1,1,0,0,0,0.0324909654932948,0.008620689655172414,0.007442759092507827,1
0.6302521008403361,0.9813785322749334,0.25806451612903225,0.825,0.0,0.5205000110037633,0.25,0,0,0,0,1,0.10842353598718332,0.0,0.014162996502698843,0
0.31092436974789917,0.17538134728613247,0.967741935483871,0.5,0.0,0.37958581834987565,0.0,1,0,1,0,0,0.00545509363793013,0.0,0.005420683051537089,0
0.38655462184873945,0.2982074547040165,0.6451612903225806,1.0,0.5,0.39055356932070767,0.25,0,1,0,0,0,0.014141265275631998,0.010638297872340425,0.007191699778595543,1
0.7394957983193277,0.36731647372827037,0.8387096774193548,0.5,1.0,0.16605879210690055,0.5,1,0,1,0,0,0.013344201238210722,0.011235955056179775,0.004552752650748266,1
0.38655462184873945,0.14762360877183592,0.3870967741935484,0.8500000000000001,0.06666666666666667,0.3138053214199256,0.0,0,0,0,0,0,0.011940214245105975,0.0014184397163120566,0.0037027414844397256,0
0.6050420168067226,0.10959492594006809,0.7419354838709677,0.7,0.06666666666666667,0.24014012792374992,0.0,0,0,0,0,1,0.004574176220920381,0.0009132420091324201,0.0017482136368089946,0
0.5294117647058824,0.692929923257073,0.29032258064516125,0.5,0.0,0.0,0.0,1,0,0,0,1,0.06922025126945656,0.0,0.011946605368414766,0
0.5294117647058824,0.8479344940058408,0.8709677419354839,0.875,0.06666666666666667,0.2875723497436123,0.5,0,0,0,0,1,0.029674029144149103,0.0010416666666666667,0.014584028324097836,0
0.15966386554621848,0.8353035308345158,0.3225806451612903,0.32499999999999996,0.0,0.5615040343797578,0.25,0,0,0,0,1,0.07555281554394497,0.0,0.046403996628403006,0
0.5210084033613445,0.9758502476763131,0.06451612903225806,0.575,0.06666666666666667,0.23489833523064887,0.0,0,0,0,1,0,0.3249452327073289,0.001058201058201058,0.01702962252038125,0
0.21008403361344538,0.44819492072148864,0.0,0.15000000000000002,0.0,0.2844552837070278,0.0,0,1,0,0,0,0.45886983504727924,0.0,0.019437604194997873,0
0.15126050420168066,0.2736726381834313,0.25806451612903225,0.475,0.0,0.33853777992073286,0.0,0,0,0,0,1,0.031310757180001925,0.0,0.016667046104246356,0
0.7983193277310924,0.3605994922787687,0.29032258064516125,0.5,0.0,0.554817747669703,0.25,0,0,0,0,1,0.03663011614978118,0.0,0.004130572913063256,0
0.6050420168067226,0.8741544257698517,0.6774193548387096,0.2,0.16666666666666666,0.7260543105742163,0.0,0,0,1,0,0,0.03913776014957364,0.00228310502283105,0.01315343397570229,0
0.6638655462184874,0.7307897576843685,0.5161290322580645,0.7749999999999999,0.0,0.3272799297359697,0.0,0,1,0,0,0,0.04259669714565966,0.0,0.010034196128861701,0
0.9495798319327731,0.6130805940180787,0.29032258064516125,0.8500000000000001,0.0,0.139513713690082,0.0,0,1,0,0,0,0.06138979041923078,0.0,0.005859818495783799,0
0.7563025210084033,0.6380987416485885,0.5483870967741935,0.30000000000000004,0.0,0.3615396465591232,0.25,0,1,0,0,0,0.03513917309401643,0.0,0.00768883405843036,0
0.6638655462184874,0.13374433117513632,0.6451612903225806,0.32499999999999996,0.16666666666666666,0.6885014675018856,0.0,0,0,0,1,0,0.0064611933059649605,0.0020833333333333333,0.0019071515863455567,0
0.4369747899159664,0.29057362845992735,0.06451612903225806,0.04999999999999999,0.0,0.5487876853884028,0.0,0,1,0,0,0,0.10093868648291436,0.0,0.006198937533275802,0
0.42857142857142855,0.7180877230141355,0.967741935483871,0.30000000000000004,1.0,0.43978840763541127,0.0,0,0,1,0,0,0.022623076859327053,0.01923076923076923,0.015274715412178057,1
0.4117647058823529,0.4217747392415085,0.5161290322580645,0.5,0.0,0.10744274541893327,0.5,1,0,0,0,1,0.024770992106152228,0.0,0.009439882938526422,0
0.9579831932773109,0.32336852117748954,0.4838709677419355,0.475,0.16666666666666666,0.10112858597640392,0.0,0,1,0,0,0,0.02033407677201814,0.0014492753623188406,0.003063824646529048,0
0.5294117647058824,0.2142376323035459,0.3870967741935484,0.7,0.0,0.45876889896344547,0.5,0,1,0,0,0,0.016965240834485373,0.0,0.003801593703464311,0
0.20168067226890757,0.7241888671693082,0.16129032258064516,0.8999999999999999,0.0,0.6344769911309668,0.0,0,0,0,0,1,0.12097003548848546,0.0,0.03224474311982147,0
0.19327731092436973,0.2591789728978098,0.0967741935483871,0.8999999999999999,0.06666666666666667,0.5245834075253737,0.0,0,0,0,0,0,0.06782196970556065,0.0027777777777777775,0.012497072043277385,0
0.37815126050420167,0.9629345901698051,0.4193548387096774,1.0,0.06666666666666667,0.7019080525539735,0.75,0,0,0,0,0,0.06814431035249056,0.0014492753623188406,0.023088454167772762,0
0.36134453781512604,0.6483241765230646,0.29032258064516125,0.22499999999999998,0.0,0.37929571913594445,0.25,0,0,0,0,1,0.06484596839413885,0.0,0.016360284442839435,0
0.12605042016806722,0.9719362314089638,0.16129032258064516,0.7749999999999999,0.16666666666666666,0.7699373185629484,0.5,0,1,0,0,0,0.1614624657300047,0.010416666666666666,0.06735233877492733,0
0.7983193277310924,0.6404827300341049,0.8709677419354839,0.44999999999999996,0.0,0.13267137360977455,0.0,0,1,0,0,0,0.022408367806134026,0.0,0.007305406070567396,0
0.37815126050420167,0.8479536451307979,0.3225806451612903,0.30000000000000004,0.0,0.5581168759715822,0.5,0,0,0,0,1,0.07668057847276895,0.0,0.020366484425257226,0
0.5966386554621849,0.726874945154894,0.8064516129032258,0.275,0.06666666666666667,0.4034479792088894,1.0,0,0,0,0,1,0.027447575198499802,0.0009259259259259259,0.011111252645497593,0
0.5294117647058824,0.7123450397340926,0.5483870967741935,0.30000000000000004,0.0,0.32976477955460765,1.0,0,0,0,0,0,0.039184171453730016,0.0,0.012276956103469842,0
0.6554621848739496,0.9290984724303223,1.0,0.44999999999999996,0.06666666666666667,0.6950036912624117,0.25,0,1,0,0,0,0.02835947396171184,0.0008438818565400844,0.012897212682218087,0
0.5378151260504201,0.2606362755055519,0.8387096774193548,0.675,0.0,0.6904461325773414,0.25,0,0,0,1,0,0.009469518926751774,0.0,0.004517483835793473,0
0.1680672268907563,0.5061668459889807,0.7096774193548387,0.42500000000000004,0.0,0.22788393630621673,0.5,0,0,1,0,0,0.021713963393552506,0.0,0.027117538302271142,0
0.38655462184873945,0.6261619761314915,0.3225806451612903,0.925,0.06666666666666667,0.920534822909435,0.25,0,0,0,0,1,0.05690775932180445,0.0014184397163120566,0.01479025485970046,0
0.8991596638655461,0.23860317166312983,0.8387096774193548,0.9750000000000001,1.0,0.5081938022803799,0.0,0,0,0,0,1,0.008669264717001059,0.009259259259259259,0.002420170917382548,1
0.8907563025210083,0.33218818589560073,0.6451612903225806,0.07500000000000001,0.16666666666666666,0.2501095374618119,0.5,0,0,0,0,1,0.01572809188778404,0.001557632398753894,0.003397025953175926,0
0.5042016806722689,0.8723485236871444,0.6451612903225806,0.44999999999999996,0.06666666666666667,0.30605267001314446,0.0,0,0,0,0,1,0.04095241075261595,0.001092896174863388,0.01574656591166007,0
0.5042016806722689,0.2830069128210983,0.25806451612903225,0.175,0.06666666666666667,0.9628713019852789,0.25,0,1,0,0,0,0.03232783484103217,0.001092896174863388,0.005225674893377548,0
0.42016806722689076,0.8605236432071103,0.5806451612903225,0.5,0.06666666666666667,0.5408189600843488,0.5,1,1,0,0,0,0.04473085474357027,0.00130718954248366,0.01861932566709366,0
0.7647058823529411,0.21700435735051823,0.16129032258064516,0.675,1.0,0.7638672425969681,0.0,0,0,0,0,1,0.03807456878414502,0.010869565217391304,0.0026188396557567657,1
0.1092436974789916,0.6396099042431502,0.16129032258064516,0.75,0.0,0.8687831238283492,0.0,0,0,0,0,1,0.10714624460094833,0.0,0.05115206966691905,0
0.09243697478991596,0.9669954657567882,0.16129032258064516,0.95,0.06666666666666667,0.42056783419929616,0.0,0,1,0,0,0,0.16065493500561367,0.005555555555555555,0.08941882388171285,0
0.7142857142857143,0.19615799032913106,0.22580645161290322,0.75,0.06666666666666667,0.8479039831622415,0.5,0,0,0,0,0,0.02581532383417338,0.0007751937984496124,0.0025509932563833665,0
0.4453781512605042,0.9267439253264562,0.8064516129032258,0.475,1.0,1.0,0.0,0,0,0,0,0,0.03498613004405833,0.018518518518518517,0.01890964438284255,1
0.7815126050420168,0.2593863889729047,0.0967741935483871,0.5,0.0,0.23244149499128702,0.25,1,0,0,0,1,0.06787282058531185,0.0,0.003050016350360338,0
0.15966386554621848,0.0306913723528725,0.06451612903225806,0.375,0.06666666666666667,0.5253636743766368,0.0,0,0,1,0,0,0.01598711366824665,0.0033333333333333335,0.002594138543313001,0
0.1680672268907563,0.5348263207344657,0.16129032258064516,0.875,0.0,0.2625097783441937,0.75,0,0,0,0,0,0.09002016150939444,0.0,0.028603693562538765,0
0.03361344537815126,0.6592498116431734,0.0967741935483871,0.32499999999999996,0.0,0.3593468966386504,0.25,0,0,0,1,0,0.16590479237824907,0.0,0.14784920410055394,0
0.6890756302521008,0.21008886162814044,0.967741935483871,0.875,0.0,0.0,0.0,0,1,0,0,0,0.006553031768987985,0.0,0.00283291928192551,0
0.6722689075630252,0.61079074831612,0.6129032258064516,0.95,0.0,0.6769155051027451,0.5,0,0,1,0,0,0.030212183519022523,0.0,0.008294671211361982,0
1.0,0.6755877425123491,1.0,0.6,0.06666666666666667,0.8689531819882399,0.0,0,0,0,0,1,0.020590522328625422,0.0005555555555555556,0.006124453404931671,0
0.14285714285714285,0.5977672075001522,0.12903225806451613,0.5,0.0,0.1356283849076384,0.5,1,1,0,0,0,0.12051702100670417,0.0,0.037210822225223594,0
0.6722689075630252,0.3946028454814962,0.4193548387096774,0.35,0.0,0.6171890786649034,0.75,0,1,0,0,0,0.028334516446750634,0.0,0.005388229478385749,0
0.8739495798319328,0.49417336210820484,0.3225806451612903,0.625,0.06666666666666667,0.8959084006730301,0.5,0,1,0,0,0,0.04514091971577278,0.0006349206349206349,0.0051453610115876885,0
0.1764705882352941,0.6595208674373423,0.5483870967741935,0.5,0.0,0.9674388640915192,0.0,1,0,1,0,0,0.0363062678302051,0.0,0.033466989850410404,0
0.24369747899159663,0.12820293887691842,0.5806451612903225,0.8500000000000001,0.06666666666666667,0.2253830810137067,0.25,0,1,0,0,0,0.006933295003183506,0.0022222222222222222,0.005204925673307725,0
0.6134453781512604,0.2432422560547874,0.4838709677419355,0.5,0.0,0.8171354603274319,0.25,1,0,1,0,0,0.015423065088374223,0.0,0.003688717635392257,0
0.7563025210084033,0.49751176252703055,0.5161290322580645,0.22499999999999998,0.0,0.2236905021517359,0.25,0,1,0,0,0,0.02913992486696451,0.0,0.006006473965795324,0
0.3445378151260504,0.8961777294630421,0.29032258064516125,0.8999999999999999,0.0,0.8556586352532566,0.5,0,0,0,0,1,0.08915183998232575,0.0,0.02357479971085852,0
0.6890756302521008,0.2608550842541288,0.6774193548387096,0.5,0.0,0.7638612405442661,0.0,1,0,0,0,0,0.011799814996110906,0.0,0.0034989772201691007,0
0.5882352941176471,0.6425577482981122,0.5806451612903225,0.09999999999999998,0.06666666666666667,0.0,0.0,0,0,0,0,1,0.03348089432940305,0.0009389671361502347,0.009977234281289256,0
0.7563025210084033,0.7637723640936742,0.16129032258064516,0.575,0.5,0.5593973138813474,0.0,0,0,0,0,0,0.127439658254582,0.005494505494505494,0.009192730709596642,1
0.5126050420168067,0.44833598161949345,0.0967741935483871,0.875,0.0,0.7053512301207012,0.0,0,1,0,0,0,0.11419639030049356,0.0,0.008042130455147827,0
0.5882352941176471,0.7823087134392672,0.5161290322580645,0.95,0.0,0.18030966590573977,0.75,0,0,1,0,0,0.0455685970677344,0.0,0.012120676192252435,0
0.9159663865546218,0.24326859395584782,0.3548387096774194,0.8,0.0,0.32054762728853264,0.0,0,0,1,0,0,0.020813195356120133,0.0,0.002418859585976352,0
0.6218487394957983,0.27417812171401507,0.8064516129032258,0.95,1.0,0.6291531703842714,0.25,0,0,1,0,0,0.01037299049311012,0.013333333333333334,0.004086147762997448,1
0.6554621848739496,0.06947289039843854,0.06451612903225806,0.275,0.0,0.26201360865415974,0.5,0,0,0,0,0,0.02866420445336785,0.0,0.0010477818228450029,0
0.058823529411764705,0.33103166620136376,0.7419354838709677,0.5,0.0,0.13377975267541498,0.0,1,1,0,0,0,0.013622215728281468,0.0,0.04765628135566698,0
0.9411764705882353,0.9777383893446571,0.7096774193548387,1.0,0.5,0.828351296143281,0.0,0,0,0,0,0,0.041820432194228804,0.004424778761061947,0.009427542488853956,1
0.9747899159663865,0.875216802780531,0.6129032258064516,0.9750000000000001,0.0,0.39273431513577645,0.0,0,1,0,0,0,0.043177714269229964,0.0,0.008144450738486273,0
0.13445378151260504,0.8267399766829949,0.0,0.22499999999999998,0.0,0.931242484929846,1.0,0,0,0,0,1,0.8300917687821394,0.0,0.05407829975957447,0
1.0,0.5952835025962024,0.6774193548387096,0.5,0.06666666666666667,0.13783513961774926,0.0,1,0,1,0,0,0.026707030998984298,0.0005555555555555556,0.005395713618673173,0
0.29411764705882354,0.30139242153643225,0.7419354838709677,0.0,0.0,0.0,0.0,0,0,1,0,0,0.012411138215217504,0.0,0.009544234091829721,0
0.9579831932773109,0.5029416577107595,0.9032258064516129,0.8500000000000001,0.0,0.3310052037796926,0.0,0,1,0,0,0,0.016959074164066067,0.0,0.00476425472751803,0
0.4789915966386554,0.40705861056832576,0.22580645161290322,0.5,0.0,0.10549207829077543,0.0,1,1,0,0,0,0.05166790559363392,0.0,0.007835019685482015,0
0.24369747899159663,0.16990326803534733,0.7741935483870968,0.525,0.0,0.5175830133905795,0.25,0,0,0,0,0,0.006727240444650197,0.0,0.006718603605608894,0
0.058823529411764705,0.10436748550588554,0.8709677419354839,0.8999999999999999,0.16666666666666666,0.4065350349819638,1.0,0,0,1,0,0,0.003631801483854462,0.020833333333333332,0.016802516953259412,0
0.4621848739495798,0.24631009068690596,0.4838709677419355,0.125,0.06666666666666667,0.17968545242472925,0.0,0,1,0,0,0,0.015611095463916496,0.0011904761904761904,0.004995812422109785,0
0.23529411764705882,0.4350643336921413,0.06451612903225806,0.275,0.06666666666666667,0.39054756726800566,0.5,0,0,0,0,1,0.14817050927238834,0.0022988505747126436,0.01691387286023867,0
0.13445378151260504,0.8940881743110076,0.45161290322580644,0.525,0.06666666666666667,0.8197103409366003,0.0,0,0,0,0,1,0.05905099499651111,0.00392156862745098,0.058392420616389655,0
0.03361344537815126,0.7478415273401909,0.3225806451612903,0.30000000000000004,0.06666666666666667,0.31436151163697984,1.0,0,0,0,0,0,0.06775554170820085,0.013333333333333334,0.16714391870951556,0
0.42016806722689076,0.9107425887494368,0.7096774193548387,0.2,0.0,0.8757114933307191,0.0,0,0,0,0,1,0.03896392188646383,0.0,0.019691616676117407,0
0.36134453781512604,0.28702323856303186,0.967741935483871,0.5,0.06666666666666667,0.4566941894127792,0.0,0,0,0,0,0,0.008986775228506164,0.0015151515151515152,0.007418346250412967,0
0.26050420168067223,0.06492163984427073,1.0,0.5,0.0,0.5998571511456918,0.0,1,0,0,0,1,0.001876381837890586,0.0,0.002714126176872435,0
0.47058823529411764,0.9167781127387117,0.29032258064516125,0.75,0.0,0.6660998061336977,0.75,0,1,0,0,0,0.09117202595354365,0.0,0.017713890170201585,0
0.3529411764705882,0.7181505256371291,0.03225806451612903,0.55,0.0,0.5055148860910431,0.5,0,0,1,0,0,0.36143108013710157,0.0,0.018513567428522205,0
0.9831932773109243,0.6649933932702293,0.3548387096774194,0.25,1.0,0.7415436079139065,0.0,0,0,0,0,1,0.05527705750408909,0.00847457627118644,0.006133744911097333,1
0.08403361344537814,0.398226879416473,0.9032258064516129,0.5,0.0,0.6089782705685344,0.5,1,1,0,0,0,0.01341807332260553,0.0,0.041258827962557386,0
0.3025210084033613,0.31650768170405646,0.7741935483870968,0.42500000000000004,0.0,0.43541691258410375,0.0,0,0,0,1,0,0.012477971891709195,0.0,0.0097259531380351,0
0.5042016806722689,0.7068407450841124,0.8064516129032258,0.925,0.0,0.5003351146091963,0.0,0,0,0,0,0,0.026691935599544327,0.0,0.01279193099490664,0
0.42857142857142855,0.23158020097084364,0.4193548387096774,0.925,0.06666666666666667,0.5051707684027937,0.25,0,0,0,1,0,0.016915309371669775,0.001282051282051282,0.005086421455714121,0
0.3025210084033613,0.4442581599411305,0.03225806451612903,0.5,0.0,0.7396209503650248,0.25,1,0,1,0,0,0.22713418201670543,0.0,0.013485851123110727,0
0.7647058823529411,0.11450518862775982,0.6451612903225806,0.875,0.0,0.5729539502509858,0.5,0,1,0,0,0,0.00556276698261602,0.0,0.0014055967318892823,0
0.5126050420168067,0.6296785350965598,0.7419354838709677,0.5,0.0,0.5831974535291069,0.0,1,0,0,1,0,0.02582510791918375,0.0,0.011227232041197681,0
0.5462184873949579,0.6941537168923907,0.22580645161290322,0.525,0.0,0.10643039919652521,0.0,0,0,0,0,1,0.08686054609211141,0.0,0.01159895476262859,0
0.25210084033613445,0.7179182825173137,1.0,0.32499999999999996,0.0,0.49288856789021845,0.75,0,0,1,0,0,0.021887760982024464,0.0,0.025746351760983402,0
0.36974789915966383,0.004348448716002824,0.45161290322580644,0.42500000000000004,0.0,0.6124754666095804,0.75,0,0,1,0,0,0.0008825072996439525,0.0,0.0004086919819272449,0
0.3529411764705882,0.8128089624651426,0.45161290322580644,0.15000000000000002,1.0,0.4272341140670109,0.25,0,1,0,0,0,0.05373720637017376,0.023255813953488372,0.020910777666833816,1
0.8403361344537815,0.40325329428953877,0.5483870967741935,0.8999999999999999,0.0,0.49559949502729933,0.0,0,0,1,0,0,0.022344603211763552,0.0,0.004376461732312437,0
0.2184873949579832,0.1476010275946477,0.9354838709677419,0.275,0.0,0.6932791014526968,0.0,0,0,1,0,0,0.004753529144191564,0.0,0.006586973229404202,0
0.24369747899159663,0.5089066410425431,0.25806451612903225,0.8,0.0,0.3798299018264246,0.25,0,0,1,0,0,0.05694223458021308,0.0,0.0190240682159028,0
0.7815126050420168,0.8709048596204165,0.0967741935483871,0.8,0.06666666666666667,0.36416054290567373,0.5,0,0,0,0,1,0.21779491414677016,0.0007092198581560283,0.010134316884017922,0
0.24369747899159663,0.515231800275572,0.9032258064516129,0.32499999999999996,0.0,0.0,0.25,0,0,1,0,0,0.01737467362263882,0.0,0.019253664819635884,0
0.5966386554621849,0.969066176038529,0.29032258064516125,0.0,0.06666666666666667,0.999265748886119,0.75,0,1,0,0,0,0.0962996787028594,0.0009259259259259259,0.014774288495412805,0
0.40336134453781514,0.9306740301721278,0.3870967741935484,0.5,0.0,0.5351690278075102,0.25,1,1,0,0,0,0.07100959603208243,0.0,0.020946154302093768,0
0.8403361344537815,0.6071211845211706,0.4838709677419355,0.55,0.0,0.9970009743332219,0.25,0,0,1,0,0,0.03772553565022653,0.0,0.0065745377399608375,0
0.9411764705882353,0.23152768850454336,0.12903225806451613,0.65,0.0,0.4935487936874411,0.75,0,0,0,1,0,0.048686130437365874,0.0,0.002236393606788892,0
0.31092436974789917,0.5360586895003611,0.5161290322580645,0.275,0.0,0.288240578277771,0.0,0,1,0,0,0,0.03136352601705903,0.0,0.01575663580012642,0
0.8655462184873949,0.5616805875744806,0.967741935483871,0.5,0.5,0.6429578915989268,0.5,1,1,0,0,0,0.01767529073219201,0.004807692307692307,0.005903541710992871,1
0.4369747899159664,0.4620953503069468,0.4838709677419355,0.5,0.16666666666666666,0.0,0.0,1,0,0,0,1,0.02883677033506316,0.0031446540880503146,0.009723120998877025,0
0.19327731092436973,0.025189568574155465,0.7419354838709677,0.07500000000000001,0.06666666666666667,0.2644264338403734,0.0,0,0,0,0,0,0.0011253221275186358,0.0027777777777777775,0.0018801115520488715,0
0.06722689075630252,0.8275712130906473,0.7741935483870968,0.04999999999999999,0.5,0.1606129296219307,0.75,0,1,0,0,0,0.03252504310766388,0.05555555555555556,0.10241932145373213,1
0.15126050420168066,0.7661638863439126,0.0967741935483871,0.575,0.0,0.549573954292368,0.0,0,0,0,1,0,0.19211623598901809,0.0,0.044893749998815,0
0.058823529411764705,0.6775276616358009,0.7741935483870968,0.925,0.0,0.960888623909377,0.25,0,0,1,0,0,0.02663940741507376,0.0,0.09482167721446262,0
0.8151260504201681,0.9177232554642059,0.6451612903225806,0.725,0.0,0.49643778172134867,0.0,0,0,0,1,0,0.043071312535427925,0.0,0.010233068715262434,0
0.7563025210084033,0.386653597350987,0.8064516129032258,0.95,0.5,0.5641149273051383,0.0,0,0,0,1,0,0.014615282324197556,0.005494505494505494,0.0046798692247285185,1
0.29411764705882354,0.3193361272742114,0.5161290322580645,0.44999999999999996,0.0,0.67165170488307,0.0,0,1,0,0,0,0.01886176319298454,0.0,0.010087015406892236,0
0.19327731092436973,0.6476123386002194,0.25806451612903225,0.5,0.0,0.36030922575520824,0.0,1,0,0,0,1,0.07205583171761089,0.0,0.030121723505841493,0
0.2773109243697479,0.2502878895921721,0.7419354838709677,0.44999999999999996,0.0,0.2573079993357728,1.0,0,0,0,0,1,0.01032297604532991,0.0,0.008480165060534905,0
0.5378151260504201,0.2628268742795614,0.9354838709677419,0.5,0.0,0.6812269796270324,0.25,1,0,1,0,0,0.00852008752775158,0.0,0.0045541837234442,0
0.6890756302521008,0.20266947489942902,0.5806451612903225,0.4,0.0,0.8591638340312386,0.0,0,1,0,0,0,0.010776765940612342,0.0,0.002735576183070887,0
0.5798319327731092,0.13796360167407784,0.8064516129032258,0.275,0.0,0.8749032169001798,0.25,0,0,0,0,1,0.005235321660252376,0.0,0.0022726969668493825,0
0.5210084033613445,0.2421429038977358,0.8709677419354839,0.65,0.0,0.37229132363268236,1.0,0,1,0,0,0,0.008457161902939173,0.0,0.004347335793949425,0
0.2184873949579832,0.8602503823793644,0.3548387096774194,0.9750000000000001,1.0,0.9599142906874151,0.0,0,0,0,1,0,0.07123369549887829,0.037037037037037035,0.035329661398815854,1
0.42857142857142855,0.5161124661859122,0.3870967741935484,0.95,0.0,0.44133093517983146,0.0,0,0,1,0,0,0.03973715861545056,0.0,0.011045010432785924,0
0.9327731092436974,0.5248995658248052,0.8709677419354839,0.7749999999999999,0.16666666666666666,0.7059834463386477,0.0,0,0,1,0,0,0.01836025507167025,0.001488095238095238,0.005110512168950785,0
0.24369747899159663,0.7466651827607371,0.7419354838709677,0.6,0.16666666666666666,0.27105870207611,0.25,0,1,0,0,0,0.03060525329456354,0.005555555555555555,0.02765445231785161,0
0.05042016806722689,0.600512351801837,0.8387096774193548,0.475,0.0,0.4227525813828329,0.75,0,0,0,0,1,0.021814001247303375,0.0,0.09641405499391117,0
0.29411764705882354,0.49456289762319017,0.1935483870967742,0.375,0.16666666666666666,0.6514247872772488,1.0,0,0,0,0,0,0.07141365587539075,0.004629629629629629,0.015387471078316306,0
0.5294117647058824,0.3994583294183779,0.06451612903225806,0.925,0.0,0.49754816147122316,0.0,0,0,1,0,0,0.1365314458364608,0.0,0.0069531479839509865,0
0.8403361344537815,0.015951825406421375,0.9354838709677419,0.725,0.0,0.42347882975977785,0.5,0,0,0,0,1,0.0004501161473923494,0.0,0.0002006296995597156,0
0.31932773109243695,0.44144296498941604,0.16129032258064516,0.8999999999999999,0.06666666666666667,0.1820642659789648,0.0,0,0,0,0,1,0.07475735930025537,0.0017094017094017094,0.01270580593942448,0
0.0,0.5670402687723594,0.22580645161290322,0.65,0.06666666666666667,0.3025514726036304,0.0,0,0,0,0,1,0.07127874834053073,0.06666666666666667,0.6396015517504043,0
0.8571428571428571,0.41804461869109777,0.8709677419354839,0.8500000000000001,0.06666666666666667,0.1356784020134886,0.25,0,1,0,0,0,0.01461783397434567,0.0006472491909385112,0.0044441312339116214,0
0.8991596638655461,0.5156780133202812,0.8064516129032258,0.475,0.0,0.559041192087694,0.0,0,0,0,0,1,0.019481758529588594,0.0,0.005213927664607279,0
0.36134453781512604,0.7967493966681044,0.4838709677419355,0.42500000000000004,0.06666666666666667,0.5345208061156915,0.25,0,1,0,0,0,0.049348021285567145,0.0015151515151515152,0.020033701822345526,0
0.226890756302521,0.7279930400973514,0.6451612903225806,0.55,0.06666666666666667,0.9802032295044905,0.25,0,0,0,0,1,0.03421132205505746,0.0023809523809523807,0.028917307114615827,0
0.38655462184873945,0.538607381643904,0.6129032258064516,0.5,0.0,0.5170548327528014,0.0,0,0,0,0,0,0.026672836149725838,0.0,0.012761655266311827,0
0.8151260504201681,0.6920231440324257,0.1935483870967742,0.30000000000000004,0.0,0.9465617241096455,0.0,0,0,0,0,0,0.09907655448204673,0.0,0.0077251067324118836,0
0.7142857142857143,0.007730766053573413,0.7096774193548387,0.175,0.0,0.0,0.0,0,0,1,0,0,0.0004620671933743203,0.0,0.0001650481343933135,0
0.9243697478991596,0.7093868238545269,0.29032258064516125,0.5,0.0,0.6964481852793655,0.0,1,0,0,0,1,0.07083410472411386,0.0,0.006968201313654707,0
0.4789915966386554,0.7553526883830624,0.9032258064516129,0.9750000000000001,0.0,0.6000292099898165,0.0,0,1,0,0,0,0.02549452337728676,0.0,0.014374351093143289,0
0.09243697478991596,0.7954869332772765,0.29032258064516125,0.42500000000000004,0.06666666666666667,0.7513529627132479,0.0,0,1,0,0,0,0.07927755118084062,0.005555555555555555,0.07385487714227086,0
0.8907563025210083,0.5146059178282804,0.1935483870967742,0.2,0.0,0.39208809412819184,0.0,0,0,0,1,0,0.07422155288649586,0.0,0.005253541220714286,0
0.11764705882352941,0.08702569268373535,0.6129032258064516,0.375,0.0,0.15125572945947513,0.0,0,1,0,0,0,0.004530554118165672,0.0,0.00761267108163277,0
0.19327731092436973,0.506485595842744,0.7096774193548387,0.5,0.0,0.7592356585952396,0.0,1,0,1,0,0,0.021727553980347265,0.0,0.023718283758461373,0
0.8907563025210083,0.3185114038824026,0.3225806451612903,0.95,0.0,0.7327185897576971,1.0,0,0,0,0,1,0.029480583385854416,0.0,0.0032578335931499453,0
0.14285714285714285,0.8200981909618695,0.0,0.8999999999999999,0.0,0.30085889374165964,0.0,0,0,0,0,1,0.8235784713555327,0.0,0.05066145559449653,0
0.8739495798319328,0.7982396318606608,0.12903225806451613,0.65,0.0,0.9699417200682633,0.5,0,0,0,0,0,0.15983586026223054,0.0,0.008298870908580875,0
0.40336134453781514,0.0005445207916903554,0.03225806451612903,0.25,0.0,0.3729935637988192,0.0,0,1,0,0,0,0.009569281147498332,0.0,0.0002751016042871941,0
0.18487394957983191,0.29027059967888996,0.9032258064516129,0.275,0.0,0.3240948404354289,0.75,0,0,0,0,1,0.009767458923963496,0.0,0.014520857692826624,0
0.5126050420168067,0.07734218564479857,0.3225806451612903,0.35,0.0,0.48756874851199106,0.0,0,0,0,0,1,0.007980247694676834,0.0,0.001525993424337267,0
0.3949579831932773,0.32626385276615133,0.22580645161290322,0.07500000000000001,0.0,0.9519795770153392,0.25,0,1,0,0,0,0.041763937177383886,0.0,0.0076743795368310035,0
0.23529411764705882,0.24346418860093194,0.6129032258064516,0.42500000000000004,1.0,0.608129980453315,1.0,0,0,0,0,0,0.01220116030498378,0.034482758620689655,0.009719166281427065,1
0.9327731092436974,0.8536440813652489,0.9032258064516129,0.22499999999999998,0.0,0.9115937650676531,0.0,0,0,0,0,1,0.028818313112868345,0.0,0.00830687259203083,0
0.19327731092436973,0.8697854375744173,0.5161290322580645,0.65,0.06666666666666667,0.6342129008120777,0.0,0,0,1,0,0,0.05061474107106828,0.0027777777777777775,0.040202534732490726,0
0.24369747899159663,0.7930501670047514,0.03225806451612903,0.675,0.0,0.7933713329958846,0.75,0,0,0,0,1,0.39815641740760555,0.0,0.029338178284942916,0
0.1092436974789916,0.03489214507013906,0.03225806451612903,0.675,0.0,0.42719610106656475,0.0,0,0,0,1,0,0.02641085826367225,0.0,0.0041150346155107344,0
0.49579831932773105,0.1913140011506192,0.12903225806451613,0.575,0.0,0.9899025466709614,0.25,0,0,1,0,0,0.04079898329488629,0.0,0.0036517948686556802,0
0.4621848739495798,0.5672208365219548,0.0967741935483871,0.8500000000000001,0.16666666666666666,0.7995074315415872,0.25,0,0,0,0,1,0.14334263394682964,0.002976190476190476,0.011236198854972158,0
0.3949579831932773,0.245887540919196,0.8064516129032258,0.30000000000000004,1.0,0.1633078512851395,0.5,0,0,0,0,0,0.009305940995227144,0.020833333333333332,0.005850894986801059,1
0.7815126050420168,0.32611225670772237,0.3225806451612903,0.825,0.0,0.5758349355479574,0.5,0,0,0,0,0,0.030158202563284452,0.0,0.003823020148433689,0
0.40336134453781514,0.4256730956870646,0.7741935483870968,0.09999999999999998,0.5,0.10075445802464443,0.0,0,0,0,0,1,0.01676011431439187,0.010204081632653062,0.009723092541440999,1
0.10084033613445378,0.38341997686103096,0.7419354838709677,0.0,0.0,0.31099836143961235,0.0,0,1,0,0,0,0.015762833875086018,0.0,0.033641419832313904,0
0.5378151260504201,0.2180916634908058,0.5483870967741935,0.5,0.0,0.47315982065866524,0.0,1,0,0,0,0,0.012256847833034447,0.0,0.0038047186778786164,0
0.06722689075630252,0.6725418561311143,0.6774193548387096,0.30000000000000004,0.0,0.64873986903521,0.0,0,0,0,0,1,0.030150838106887585,0.0,0.08366131472458117,0
0.8487394957983193,0.9670165156606588,0.22580645161290322,0.8999999999999999,0.06666666666666667,0.5043965036042326,1.0,0,0,0,0,1,0.12030856443492755,0.00065359477124183,0.01035049735298664,0
0.4789915966386554,0.7087491608111796,0.7419354838709677,0.44999999999999996,0.06666666666666667,0.2503016031482767,0.0,0,0,1,0,0,0.029055981641825383,0.0011494252873563218,0.01349935513148147,0
0.0,0.20800138900781778,0.6129032258064516,0.7,0.16666666666666666,0.5019696736283809,0.75,0,1,0,0,0,0.010462322505719757,0.16666666666666666,0.24861958102809337,0
0.4117647058823529,0.5375659320352301,0.4838709677419355,0.725,0.06666666666666667,0.12351424187071978,0.5,0,1,0,0,0,0.03346243094798982,0.0013333333333333333,0.01196174178459156,0
0.8655462184873949,0.5501139818606587,0.03225806451612903,0.04999999999999999,0.0,0.7278769339113976,0.75,0,1,0,0,0,0.2790381790326594,0.0,0.005782429524899636,0
0.38655462184873945,0.24885947700768613,0.12903225806451613,0.65,0.0,0.7419877598138563,0.0,0,0,0,0,1,0.05208542990880027,0.0,0.006048329883786436,0
0.9159663865546218,0.9852567984145645,0.7419354838709677,0.55,0.0,0.8761116301775207,0.0,0,0,0,1,0,0.040354251414810305,0.0,0.009764329211646994,0
0.7226890756302521,0.5944786449235656,0.12903225806451613,0.175,0.0,0.35001370468700294,0.0,0,0,0,0,1,0.1198720322320983,0.0,0.0075051930894480725,0
0.15966386554621848,0.55002412674239,0.29032258064516125,0.04999999999999999,0.0,0.3148476779058438,0.75,0,0,0,0,1,0.05520612922806456,0.0,0.03087098475910721,0
0.49579831932773105,0.9269628565768985,0.7096774193548387,0.725,0.0,0.5850780967090745,1.0,0,1,0,0,0,0.039655507953533814,0.0,0.017003433343148307,0
0.8403361344537815,0.19299703386233313,0.29032258064516125,0.025000000000000022,0.0,0.0,0.25,0,0,0,0,1,0.02019410470748869,0.0,0.002109507181608961,0
0.48739495798319327,0.386037004628488,0.12903225806451613,0.725,0.06666666666666667,0.29265808906646074,0.25,0,0,0,0,1,0.0789901833939651,0.0011299435028248588,0.007310967418304795,0
0.7899159663865546,0.642218418130962,0.29032258064516125,0.55,0.0,0.7494803222702164,0.0,0,0,0,1,0,0.06424720441570647,0.0,0.007404224137159765,0
0.38655462184873945,0.24492361457434092,0.7741935483870968,0.9750000000000001,0.0,0.35467529895224165,0.0,0,1,0,0,0,0.009670002229339465,0.0,0.005957137765558424,0
0.47058823529411764,0.0374678897089572,0.5806451612903225,0.825,0.0,0.9538882297745829,0.25,0,0,0,0,0,0.0022501508271496563,0.0,0.0009149254578782511,0
0.4621848739495798,0.45276832369631576,0.45161290322580644,0.7749999999999999,0.06666666666666667,0.3413807522172583,0.5,0,0,1,0,0,0.0301988401894446,0.0011904761904761904,0.009010570958387965,0
0.907563025210084,0.72760783298161,0.03225806451612903,0.5,0.06666666666666667,0.12141552410924536,0.0,1,0,1,0,0,0.36606825590396735,0.0006116207951070337,0.007281622472743011,0
0.6890756302521008,0.7820853312877155,0.5483870967741935,0.625,0.5,0.6228390109417421,0.0,0,1,0,0,0,0.04298367893375925,0.006024096385542169,0.01033757039750872,1
0.4621848739495798,0.8056959529017895,0.7419354838709677,0.07500000000000001,0.06666666666666667,0.6633388618907666,0.0,0,1,0,0,0,0.03301728636439621,0.0011904761904761904,0.01587355332236333,0
0.8907563025210083,0.328901746684681,0.967741935483871,0.125,0.0,0.12803978960804593,0.0,0,0,0,0,1,0.010311560705376891,0.0,0.003363578960351999,0
0.9579831932773109,0.5484303774735729,0.12903225806451613,0.07500000000000001,0.0,0.8050753357648316,0.5,0,0,0,0,0,0.11084054357904637,0.0,0.00519500060033423,0
0.8151260504201681,0.9452429320200807,0.7419354838709677,0.625,0.0,0.2490531761862557,0.25,0,1,0,0,0,0.038719260565720205,0.0,0.010538865208426059,0
0.7058823529411764,0.6321810236198705,0.06451612903225806,0.375,0.06666666666666667,0.549345876289691,0.75,0,0,1,0,0,0.21260496927832173,0.000784313725490196,0.008169328200685387,0
0.03361344537815126,0.6605186042970469,0.1935483870967742,1.0,0.0,0.4461385793941528,0.0,0,1,0,0,0,0.09466297299312793,0.0,0.14812553910503856,0
0.7899159663865546,0.44352484335788556,0.9354838709677419,0.275,0.0,0.595177550722347,0.0,0,1,0,0,0,0.014426830414921364,0.0,0.005126634546757374,0
0.04201680672268907,0.2539762165895048,1.0,0.5,0.0,0.18277050751356963,0.0,1,0,0,0,1,0.007670045337745537,0.0,0.04962061800342678,0
0.8403361344537815,0.62702285799057,0.0967741935483871,0.5,0.0,0.8124518585356192,0.0,1,0,0,0,0,0.15800391514785161,0.0,0.006789114890464709,0
0.6890756302521008,0.834381949301133,0.45161290322580644,0.525,0.5,0.3031236682945567,0.25,0,0,1,0,0,0.05514758289181867,0.006024096385542169,0.011023707276901,1
0.7478991596638656,0.8106704269839269,0.8064516129032258,0.925,0.5,0.579730267751571,0.75,0,1,0,0,0,0.03060812985303367,0.005555555555555555,0.009864457787391371,1
0.907563025210084,0.72418482460775,0.7419354838709677,0.2,0.16666666666666666,0.9369304302071308,0.25,0,0,0,0,1,0.029686692226206776,0.0015290519877675841,0.007247424787183408,0
0.6722689075630252,0.36431299340944046,0.03225806451612903,0.675,0.0,0.4727476797064596,0.0,0,0,0,0,1,0.18793488612672393,0.0,0.004981011086451748,0
0.7983193277310924,0.07488541073425863,0.6451612903225806,0.5,0.0,0.9471019088528276,0.25,1,1,0,0,0,0.0037126090924134818,0.0,0.00088959804465652,0
0.8403361344537815,0.09953158145048988,0.0,0.25,0.16666666666666666,0.6348831300304704,0.0,0,0,1,0,0,0.11695154292250905,0.0016501650165016502,0.0011017753202694769,0
0.21008403361344538,0.6778569058160333,0.7741935483870968,0.22499999999999998,0.0,0.29099351978376603,0.0,0,1,0,0,0,0.02665232240728745,0.0,0.029056628398122314,0
0.5714285714285714,0.22314423251213392,0.5806451612903225,0.8500000000000001,0.06666666666666667,0.3245349909669107,1.0,0,0,0,0,1,0.011833537747636406,0.000966183574879227,0.0036527535972323117,0
0.9663865546218487,0.8555344484841476,0.45161290322580644,0.175,0.16666666666666666,0.2807540178741129,0.25,0,0,1,0,0,0.05653046920462476,0.0014367816091954023,0.008031547213078052,0
0.680672268907563,0.016862524690761393,0.6129032258064516,0.5,0.0,0.6861366587372881,0.5,0,0,0,0,1,0.0010902626007981545,0.0,0.0003037455984082136,0
0.05042016806722689,0.4954347433992218,0.3225806451612903,0.75,0.0,0.3938446948856509,0.0,0,0,1,0,0,0.04525337238029449,0.0,0.08006745668559888,0
0.7310924369747899,0.4915990466578163,0.45161290322580644,0.5,0.06666666666666667,0.0,1.0,1,0,0,1,0,0.03273747521480104,0.0007575757575757576,0.006144624695226685,0
0.47058823529411764,0.02106150071400212,0.6129032258064516,0.7749999999999999,0.06666666666666667,0.2684157982029854,0.0,0,0,1,0,0,0.001296149849159449,0.0011695906432748538,0.0006014861931404248,0
0.8067226890756303,0.8496516230700903,0.4838709677419355,0.42500000000000004,0.0,0.741173481330615,0.5,0,0,0,0,1,0.0525904468691517,0.0,0.009576341060396901,0
0.8571428571428571,0.11535200318929523,0.6451612903225806,0.875,0.0,0.8858589637656078,0.0,0,1,0,0,0,0.005602311390128211,0.0,0.0012439111057221054,0
0.24369747899159663,0.446034212402636,0.5483870967741935,0.5,1.0,0.8616526852183446,0.0,1,0,0,0,1,0.024675342225784585,0.03333333333333333,0.016741865420312377,1
0.5966386554621849,0.9094389238978803,0.6774193548387096,0.375,0.0,0.1912574100342317,0.75,0,0,0,0,0,0.04071057396053837,0.0,0.013872452531219404,0
0.226890756302521,0.7697839593852416,1.0,0.55,0.06666666666666667,0.4055627024442359,0.0,0,0,0,0,1,0.023477208241848922,0.0023809523809523807,0.0305426281057368,0
0.5882352941176471,0.4829657072769742,0.5806451612903225,0.875,0.06666666666666667,0.755366335286668,0.75,0,0,1,0,0,0.025243806849944185,0.0009389671361502347,0.007529478238707733,0
0.6050420168067226,0.7330090218948809,0.06451612903225806,0.5,0.0,0.13502017690049997,0.75,0,0,1,0,0,0.24556411456790356,0.0,0.011047915135933091,0
0.2857142857142857,0.48676661348860695,0.4838709677419355,0.5,0.0,0.9293658431183465,0.0,1,0,1,0,0,0.030348894499965213,0.0,0.015590035804426182,0
0.15966386554621848,0.8527295845230817,0.5161290322580645,0.875,1.0,0.5298752173243249,0.75,0,0,0,0,1,0.04963086460052544,0.05,0.047352817661035516,1
0.4369747899159664,0.2911408937646265,0.4193548387096774,0.525,0.0,0.37818934075453803,0.0,0,0,0,0,1,0.021087342567358978,0.0,0.006210592890894079,0
0.1092436974789916,0.7870060270509436,0.0,0.825,0.06666666666666667,0.8237857347212746,0.0,0,0,0,0,0,0.791126490052324,0.0047619047619047615,0.06261704897302257,0
0.5966386554621849,0.4217839064644357,0.03225806451612903,0.30000000000000004,0.0,0.8894902056503324,0.0,0,0,0,0,1,0.21611444248573342,0.0,0.006496884866228286,0
0.3949579831932773,0.35120698842108283,0.22580645161290322,0.65,0.0,0.422776589593641,0.0,0,0,0,0,1,0.04482151212962953,0.0,0.008240260471784496,0
0.9243697478991596,0.7396404970423354,0.22580645161290322,0.8,0.0,0.627304538152048,0.0,0,0,0,0,1,0.09243639836541122,0.0,0.007265005746874085,0
0.24369747899159663,0.24694583453436203,0.7741935483870968,0.30000000000000004,0.0,0.3650328412317012,0.0,0,0,0,0,1,0.009749326198010989,0.0,0.009515167448410885,0
0.7058823529411764,0.3709560245661974,0.4838709677419355,0.32499999999999996,0.0,0.22465483195252775,0.5,0,0,0,0,0,0.02325075814708917,0.0,0.0048226722947217375,0
0.21008403361344538,0.5556423481271895,0.8064516129032258,0.5,0.0,0.1630097493342723,0.25,1,1,0,0,0,0.020989112645017297,0.0,0.023937867503065237,0
0.15126050420168066,0.8726035725709013,0.8387096774193548,0.8999999999999999,0.06666666666666667,0.7373901874441059,0.0,0,0,0,0,0,0.03169650107183642,0.003508771929824561,0.05099424725025243,0
0.6386554621848739,0.14390265544435243,0.45161290322580644,0.04999999999999999,0.0,0.5817669643017912,0.0,0,0,0,0,0,0.01000613854101115,0.0,0.002132608090970013,0
0.9327731092436974,0.25647946054098536,0.6129032258064516,0.25,0.0,0.0,0.0,0,0,0,0,1,0.012839334591185926,0.0,0.0025006818577812924,0
0.7563025210084033,0.8834214264664382,0.967741935483871,0.5,0.0,0.5711653385457827,0.0,1,0,0,0,0,0.027853246199042232,0.0,0.010624533348183045,0
0.29411764705882354,0.7890288391033141,0.0967741935483871,0.07500000000000001,0.0,0.16444624061429008,1.0,0,1,0,0,0,0.1977218910123955,0.0,0.024294806792209106,0
0.6218487394957983,0.5059654325052901,0.967741935483871,0.5,0.0,0.0,0.0,1,0,0,0,0,0.01591279651766894,0.0,0.007451601651854994,0
0.15966386554621848,0.05785603850282631,0.8064516129032258,0.6,0.16666666666666666,0.5778716320981776,0.75,0,0,1,0,0,0.0022138660146981907,0.008333333333333333,0.004073211605301133,0
0.5882352941176471,0.812259276178128,0.3870967741935484,0.825,0.06666666666666667,0.6815150781567296,0.0,0,0,1,0,0,0.06207698310994874,0.0009389671361502347,0.012580045409248999,0
0.8487394957983193,0.10950078325651039,0.5806451612903225,0.9750000000000001,0.06666666666666667,0.322376252678416,0.0,0,0,0,0,1,0.005968013207712576,0.00065359477124183,0.0011955220740017104,0
0.5714285714285714,0.03238293936120912,0.7096774193548387,0.5,0.06666666666666667,0.7389447190939301,0.5,1,0,0,0,1,0.0015131657180047422,0.000966183574879227,0.0006421302988889832,0
1.0,0.4955225976536891,0.29032258064516125,0.5,0.0,0.9728427122075749,0.5,1,0,0,0,1,0.0498614119477333,0.0,0.004490409731597296,0
0.8067226890756303,0.03478052545378468,0.16129032258064516,0.6,0.16666666666666666,0.25865445982526025,0.25,0,1,0,0,0,0.008291463627542347,0.001718213058419244,0.00042820887937194854,0
0.4453781512605042,0.32875935868313433,0.5483870967741935,0.8999999999999999,0.16666666666666666,0.44807724241690655,0.0,0,1,0,0,0,0.018286113359656738,0.0030864197530864196,0.006850639618611778,0
0.6050420168067226,0.5527440764937581,0.3548387096774194,0.5,0.06666666666666667,0.27596638050213174,1.0,0,0,0,0,1,0.046103907179808216,0.0009132420091324201,0.008358835447385502,0
0.8655462184873949,0.907690250603291,0.6129032258064516,0.5,0.0,0.19225375078276769,0.0,1,1,0,0,0,0.04476997599685756,0.0,0.00952655677138577,0
0.9411764705882353,0.5032862350411441,0.29032258064516125,0.75,1.0,0.157695932008747,0.75,0,1,0,0,0,0.05062275658515484,0.008849557522123894,0.004855300258647574,1
0.5462184873949579,0.5951565498296959,0.6129032258064516,0.5,1.0,0.5339706179513394,1.0,1,0,1,0,0,0.029445596120359577,0.01515151515151515,0.009965549003802213,1
0.5378151260504201,0.4600174940830578,0.3225806451612903,0.525,0.0,0.4473830049877058,0.0,0,0,0,0,0,0.04209590993496107,0.0,0.007857788965274877,0
0.19327731092436973,0.03788502897761209,0.3225806451612903,0.8500000000000001,0.0,0.6417774879008621,0.0,0,1,0,0,0,0.004462625835787306,0.0,0.0024561513172299356,0
0.7983193277310924,0.4346378638647387,0.5161290322580645,0.5,0.0,0.678874174967839,0.75,1,0,0,1,0,0.02551300868054253,0.0,0.004970421268841641,0
0.7731092436974789,0.3548419046051024,0.03225806451612903,0.625,0.0,0.410564413029256,0.75,0,0,0,0,1,0.1832909529341603,0.0,0.004202599695046255,0
0.5462184873949579,0.30046887997320315,0.5806451612903225,0.9750000000000001,0.0,0.2830628074801582,0.0,0,0,1,0,0,0.015824525527351446,0.0,0.005103343838942429,0
0.8487394957983193,0.9135658484072899,0.3225806451612903,0.5,0.06666666666666667,0.1277036746567326,0.0,1,0,1,0,0,0.08252993356953976,0.00065359477124183,0.009779849469970058,0
0.6218487394957983,0.8985050199018572,1.0,0.22499999999999998,0.0,0.1615872628438926,0.25,0,1,0,0,0,0.02742192369289413,0.0,0.013151110725170669,0
0.07563025210084033,0.5025018760139837,0.4193548387096774,0.7,0.0,0.4536831596405971,0.25,0,0,0,1,0,0.03589249329438074,0.0,0.056759147778670714,0
0.9831932773109243,0.3564960881275153,0.5806451612903225,0.7749999999999999,0.16666666666666666,0.9489905547697313,0.5,0,0,0,0,1,0.018716280102604947,0.0014124293785310734,0.003286763585581145,0
0.36134453781512604,0.3949337434369115,0.45161290322580644,0.5,0.0,0.5527410374348026,0.25,1,0,0,0,1,0.026417790548188123,0.0,0.010089053584703108,0
0.6554621848739496,0.5957063586185759,0.3870967741935484,0.175,0.0,0.34163884048344534,0.0,0,1,0,0,0,0.04574132117194209,0.0,0.008301599331188235,0
0.8991596638655461,0.0948777560010295,0.29032258064516125,0.175,0.06666666666666667,0.9472519601703783,0.0,0,1,0,0,0,0.010571993022045067,0.0006172839506172839,0.000970981783673598,0
0.3025210084033613,0.5235440010162755,0.0967741935483871,0.5,0.5,0.741409562070228,0.25,1,0,1,0,0,0.13263466201555282,0.013513513513513514,0.015819358427484574,1
0.8907563025210083,0.8968224363636497,0.06451612903225806,0.175,0.16666666666666666,0.48203285523649086,0.0,0,0,0,0,1,0.29911223830564104,0.001557632398753894,0.009143463514168428,0
0.7226890756302521,0.7578330449026912,0.7096774193548387,0.8999999999999999,0.0,0.5073735217444366,1.0,0,1,0,0,0,0.03244429402511649,0.0,0.009549880087028636,0
0.31932773109243695,0.46715737238888805,0.5161290322580645,0.4,0.16666666666666666,0.7092145513765707,0.5,0,0,0,0,0,0.027388914809319972,0.004273504273504273,0.013423810436461575,0
0.5042016806722689,0.05982478639860156,0.1935483870967742,0.5,0.0,0.5605977244217523,0.0,1,0,0,1,0,0.010509668820037626,0.0,0.0012414409855272105,0
0.7815126050420168,0.40276004052851716,0.0,0.925,0.0,0.12265194696586232,1.0,0,0,0,0,1,0.41431391279013663,0.0,0.004710967057462245,0
0.13445378151260504,0.19977663418203034,0.7741935483870968,0.525,0.0,0.25836636129556306,0.0,0,1,0,0,0,0.007899058549099974,0.0,0.013916933492855763,0
0.2689075630252101,0.3817116475141125,0.5161290322580645,0.275,0.5,0.8347074699547244,0.25,0,1,0,0,0,0.022459930139967096,0.01515151515151515,0.013079821928641593,1
0.8571428571428571,0.7353731241442479,0.6451612903225806,0.30000000000000004,1.0,0.1523641085251156,0.0,0,0,1,0,0,0.03455595600950381,0.009708737864077669,0.007799089427113465,1
0.5462184873949579,0.89630894937786,0.8064516129032258,0.44999999999999996,0.06666666666666667,0.9887661580260448,0.0,0,0,1,0,0,0.03383819935859225,0.00101010101010101,0.014934419106871235,0
0.3949579831932773,0.5629819861415273,0.29032258064516125,0.9750000000000001,0.5,0.9263408085565263,0.0,0,1,0,0,0,0.05647684761348744,0.010416666666666666,0.013044766022638349,1
0.9915966386554621,0.18497093622826474,0.6774193548387096,0.5,0.0,0.9991156975685684,0.0,0,1,0,0,0,0.008417263383351452,0.0,0.0016879028850658776,0
0.3277310924369748,0.4736105052373018,0.0,0.04999999999999999,0.16666666666666666,0.2868040869977532,0.5,0,1,0,0,0,0.48379374379308876,0.004166666666666667,0.013259091586703057,0
0.8487394957983193,0.5330790357943509,0.7419354838709677,0.55,0.0,0.2019410638438346,0.75,0,0,1,0,0,0.021877993790578337,0.0,0.0057177113285679804,0
0.7899159663865546,0.5362444023283032,0.7419354838709677,0.6,0.0,0.7694251433990424,0.0,0,0,1,0,0,0.02200733258693473,0.0,0.006189462585252852,0
0.15966386554621848,0.8829815426847746,0.4838709677419355,0.4,0.0,0.3543551894748004,0.5,0,0,1,0,0,0.054633267963982074,0.0,0.04899998888494648,0
0.4621848739495798,0.1907953486695052,0.4193548387096774,0.0,0.06666666666666667,0.7118454511442913,0.0,0,1,0,0,0,0.014058462855938408,0.0011904761904761904,0.003916280348455535,0
0.5714285714285714,0.33996670725970146,0.3548387096774194,0.7,0.0,0.7952019590700019,0.0,0,1,0,0,0,0.02871548246916316,0.0,0.005496463389904406,0
0.4789915966386554,0.5477184374658398,0.967741935483871,0.825,0.0,0.3635583369512373,0.75,0,1,0,0,0,0.017233611825290967,0.0,0.010475952398430351,0
0.9159663865546218,0.7425725587736387,0.5806451612903225,0.7749999999999999,0.16666666666666666,0.290991519099532,0.75,0,0,1,0,0,0.038642998516160675,0.0015151515151515152,0.007361825101474743,0
0.5546218487394958,0.7806277020083323,0.29032258064516125,0.7,0.5,0.9485664097121215,0.75,0,0,0,0,0,0.07782037389676276,0.007462686567164179,0.012828451417239518,1
0.7983193277310924,0.4009613660558683,0.16129032258064516,0.6,0.0,0.7085703310532202,0.0,0,0,1,0,0,0.06814094856300054,0.0,0.004588414605171127,0
0.13445378151260504,0.9740513690338887,0.9354838709677419,0.09999999999999998,0.0,0.8090506953378055,0.0,0,0,0,1,0,0.0317689388955835,0.0,0.06351461984786647,0
0.07563025210084033,0.9996294114401961,0.3548387096774194,0.8500000000000001,0.06666666666666667,0.9999839945261279,1.0,0,0,0,1,0,0.08262391881910894,0.006666666666666667,0.11089476218030121,0
0.5882352941176471,0.41057947751566054,0.5806451612903225,0.925,0.06666666666666667,0.6845881291401659,0.25,0,0,0,0,1,0.021507707586866424,0.0009389671361502347,0.006419248491884192,0
0.6470588235294117,0.8100983636894997,0.3548387096774194,0.8999999999999999,0.5,0.6201560933839373,0.0,0,1,0,0,0,0.06713521169764143,0.006410256410256411,0.011403649392562344,1
0.7310924369747899,0.5878897187573591,0.12903225806451613,0.32499999999999996,0.0,0.7033805561502033,0.75,0,0,0,0,0,0.11857974013944758,0.0,0.007336187113086449,0
0.6386554621848739,0.9569551516179046,0.967741935483871,0.5,0.06666666666666667,0.3915719175958178,0.0,1,1,0,0,0,0.030179413379064268,0.0008658008658008658,0.013631159028322957,0
0.7899159663865546,0.8262377190348666,0.9032258064516129,0.525,0.0,0.4150039313445198,0.25,0,0,0,1,0,0.027891548489440292,0.0,0.009513605100537803,0
0.3277310924369748,0.5745422013413709,0.1935483870967742,0.35,0.5,0.9312784972460582,0.5,0,0,0,1,0,0.08261823709930792,0.0125,0.016006877110445912,1
0.9747899159663865,0.4217294748022442,0.0967741935483871,0.15000000000000002,0.16666666666666666,0.0,0.0,0,1,0,0,0,0.10767344226889031,0.0014245014245014246,0.0039236529605522485,0
0.7983193277310924,0.985964246687233,0.03225806451612903,0.825,0.0,0.27122675955176667,0.0,0,0,0,0,1,0.4927474529747087,0.0,0.011224348066422085,0
0.36134453781512604,0.6479220641498985,0.5806451612903225,0.04999999999999999,0.06666666666666667,0.8114355109447431,0.0,0,1,0,0,0,0.0337577648967314,0.0015151515151515152,0.016350332450996947,0
0.8403361344537815,0.12703367898868015,0.3870967741935484,0.725,0.0,0.1970133785754728,0.75,0,0,0,0,1,0.010387013595327468,0.0,0.0013982992146896222,0
0.06722689075630252,0.566159521194109,0.8709677419354839,0.07500000000000001,0.0,0.29782385575866943,0.25,0,0,0,1,0,0.019805318043397118,0.0,0.07078942649806921,0
0.9663865546218487,0.9938587569008873,0.3870967741935484,0.32499999999999996,0.06666666666666667,0.37717699453213,0.0,0,1,0,0,0,0.07577593373428634,0.0005747126436781609,0.009330088520682131,0
0.7394957983193277,0.6881103936176854,0.45161290322580644,1.0,0.0,0.20314747643694142,0.25,0,0,1,0,0,0.04558479172670088,0.0,0.008477858498893362,0
0.2689075630252101,0.6734977177698307,1.0,0.6,0.0,0.7967544900355922,0.25,0,1,0,0,0,0.020526472569698716,0.0,0.02270848225584418,0
0.15126050420168066,0.2591238878923362,0.7419354838709677,0.375,0.0,0.0,0.5,0,1,0,0,0,0.010684020294863754,0.0,0.015833197242897775,0
