merchant_id,business_category,business_age_months,qris_volume_monthly,qris_active_days,ecommerce_rating,pln_delay_days,pdam_bill_avg,pdam_late_payments,risk_level
UMKM-00001,Jasa,41,"Rp 48,270,353",0,1.8,0.0,164523.0,0.0,1
UMKM-00002,Retail,40,"Rp 45,113,896",4,2.0,2.0,77209.0,0.0,2
UMKM-00003,jasa,46,"Rp 43,474,189",32,3.9,0.0,325907.0,3.0,0
UMKM-00004,RETAIL,13,"Rp 18,015,582",18,1.4,0.0,217328.0,,0
UMKM-00005,Jasa,71,"Rp 30,684,186",35,,0.0,240263.0,0.0,0
UMKM-00006,nan,100,"Rp 31,472,592",5,4.6,0.0,92105.0,0.0,0
UMKM-00007, F & B ,15,"Rp 27,031,542",14,3.2,0.0,150408.0,0.0,1
UMKM-00008,Jasa,58,7877037,35,2.1,15.0,397920.0,0.0,2
UMKM-00009,jasa,31,22185116,32,,,153423.0,1.0,1
UMKM-00010,RETAIL,21,9457123,23,2.0,0.0,497626.0,0.0,0
UMKM-00011,Retail,49,9805348,26,4.6,0.0,456726.0,2.0,0
UMKM-00012,jasa,110,28532185,10,3.9,0.0,168747.0,2.0,0
UMKM-00013,jasa,23,25810292,22,,0.0,379488.0,0.0,0
UMKM-00014, F & B ,14,48350357,32,4.1,0.0,202936.0,2.0,0
UMKM-00015,retail ,19,"Rp 20,744,597",40,3.0,0.0,311769.0,2.0,0
UMKM-00016,RETAIL,64,11448643,28,4.3,,115945.0,1.0,0
UMKM-00017,fnb,57,"Rp 27,829,829",30,4.3,0.0,181717.0,3.0,0
UMKM-00018,jasa,30,41858099,0,2.4,0.0,373408.0,2.0,1
UMKM-00019,retail ,-4,"Rp 32,413,908",33,2.6,0.0,133471.0,1.0,0
UMKM-00020,fnb,16,"Rp 13,410,534",17,4.6,0.0,457142.0,3.0,0
UMKM-00021,RETAIL,90,"Rp 26,188,819",17,3.1,30.0,170050.0,1.0,0
UMKM-00022,F&B,10,"Rp 2,653,005",5,4.5,0.0,182185.0,1.0,0
UMKM-00023,nan,12,27878179,39,3.5,,233811.0,0.0,0
UMKM-00024,retail ,63,"Rp 26,855,021",0,3.4,0.0,361357.0,3.0,1
UMKM-00025,Fashion,48,"Rp 16,799,439",41,1.1,2.0,469027.0,0.0,0
UMKM-00026,F&B,94,"Rp 22,726,547",29,2.1,,297487.0,0.0,0
UMKM-00027,nan,24,"Rp 6,280,156",3,3.0,0.0,185664.0,1.0,0
UMKM-00028, F & B ,39,"Rp 48,744,731",31,3.3,0.0,162695.0,1.0,0
UMKM-00029,Jasa,13,"Rp 16,925,767",9,,5.0,74552.0,1.0,0
UMKM-00030,Retail,81,28579735,42,3.9,0.0,374042.0,1.0,0
UMKM-00031,Fashion,28,"Rp 14,072,770",4,3.6,2.0,364262.0,0.0,0
UMKM-00032, F & B ,7,29814808,8,4.4,0.0,69744.0,3.0,1
UMKM-00033,RETAIL,37,"Rp 26,176,338",4,,0.0,334190.0,1.0,1
UMKM-00034, F & B ,56,19921824,10,3.6,0.0,393509.0,3.0,2
UMKM-00035,Jasa,112,28270209,34,1.2,,157908.0,0.0,0
UMKM-00036,RETAIL,87,"Rp 23,283,342",26,2.9,0.0,114932.0,1.0,0
UMKM-00037,Fashion,94,"Rp 37,484,731",3,2.1,0.0,438608.0,2.0,1
UMKM-00038,Jasa,16,"Rp 8,818,441",9,2.5,2.0,158229.0,0.0,1
UMKM-00039,fnb,46,1628373,38,,0.0,335228.0,2.0,1
UMKM-00040,Retail,46,18410605,32,1.2,0.0,348542.0,0.0,0
UMKM-00041,Fashion,105,"Rp 9,379,482",37,2.9,0.0,147219.0,1.0,0
UMKM-00042,fnb,30,"Rp 2,157,260",7,5.0,5.0,475693.0,1.0,0
UMKM-00043,nan,67,"Rp 10,764,128",23,2.2,2.0,186272.0,1.0,0
UMKM-00044,Fashion,97,"Rp 25,639,364",38,3.9,0.0,421131.0,1.0,1
UMKM-00045,nan,109,"Rp 16,299,289",32,3.2,0.0,52039.0,0.0,0
UMKM-00046,RETAIL,13,"Rp 40,786,906",40,2.3,2.0,259687.0,1.0,2
UMKM-00047,fnb,32,"Rp 4,581,311",42,1.4,5.0,139374.0,0.0,0
UMKM-00048,Retail,64,"Rp 23,935,373",18,1.9,0.0,149611.0,0.0,1
UMKM-00049,Jasa,110,"Rp 21,561,047",1,4.1,0.0,187706.0,0.0,0
UMKM-00050,jasa,105,"Rp 33,726,850",10,,0.0,114899.0,0.0,0
UMKM-00051, F & B ,73,"Rp 39,736,622",34,,2.0,51724.0,1.0,0
UMKM-00052,F&B,51,"Rp 30,487,730",16,2.3,,399734.0,2.0,0
UMKM-00053,Retail,14,46739326,41,3.3,0.0,284066.0,0.0,0
UMKM-00054,fnb,3,29735023,2,3.8,0.0,445671.0,0.0,0
UMKM-00055,jasa,26,"Rp 13,079,806",21,2.5,0.0,425110.0,0.0,0
UMKM-00056,Retail,-2,35904525,34,3.0,0.0,296701.0,1.0,0
UMKM-00057,fnb,44,9582299,20,,0.0,384772.0,0.0,1
UMKM-00058,retail ,76,"Rp 15,958,251",24,1.0,,235519.0,0.0,0
UMKM-00059,retail ,-1,"Rp 49,466,858",38,2.6,0.0,207684.0,1.0,0
UMKM-00060,nan,14,"Rp 15,877,072",1,3.3,5.0,352600.0,0.0,0
UMKM-00061,Retail,81,"Rp 39,030,119",0,,0.0,92773.0,0.0,1
UMKM-00062,retail ,69,"Rp 10,578,672",6,4.0,15.0,,0.0,1
UMKM-00063,fnb,31,"Rp 17,387,412",19,3.7,2.0,475217.0,0.0,0
UMKM-00064,nan,16,"Rp 12,354,168",42,2.1,0.0,322730.0,0.0,0
UMKM-00065,fnb,52,"Rp 30,908,822",5,,,144479.0,1.0,0
UMKM-00066,nan,62,"Rp 29,575,571",35,2.9,0.0,125012.0,0.0,0
UMKM-00067,Retail,87,"Rp 40,309,759",20,3.9,2.0,402651.0,0.0,0
UMKM-00068,jasa,38,44946186,34,1.4,30.0,446979.0,0.0,2
UMKM-00069,Jasa,28,20369656,35,4.8,0.0,357353.0,1.0,0
UMKM-00070,Fashion,71,"Rp 33,904,824",7,3.2,2.0,467294.0,3.0,2
UMKM-00071,jasa,36,26645793,3,,15.0,370578.0,1.0,1
UMKM-00072,RETAIL,3,"Rp 32,666,377",42,3.8,,347800.0,1.0,0
UMKM-00073,fnb,100,"Rp 37,046,153",15,1.2,5.0,496811.0,1.0,0
UMKM-00074,RETAIL,89,"Rp 18,459,562",2,2.9,0.0,447222.0,0.0,1
UMKM-00075,jasa,1,"Rp 27,170,235",6,2.9,2.0,329614.0,0.0,1
UMKM-00076,nan,62,"Rp 25,091,077",1,,5.0,122035.0,0.0,0
UMKM-00077,Fashion,13,39549859,0,4.3,2.0,411752.0,0.0,2
UMKM-00078,Fashion,100,"Rp 3,931,659",0,4.2,30.0,126840.0,0.0,2
UMKM-00079,F&B,88,"Rp 34,753,974",37,1.6,0.0,407915.0,1.0,0
UMKM-00080,Fashion,25,"Rp 44,663,382",6,2.5,0.0,,0.0,0
UMKM-00081,Jasa,29,"Rp 38,038,234",23,1.4,2.0,460614.0,4.0,0
UMKM-00082,Fashion,51,44893540,4,4.4,,357476.0,3.0,0
UMKM-00083,jasa,79,22864581,20,2.3,0.0,432680.0,4.0,1
UMKM-00084,F&B,55,5084032,27,2.8,,,0.0,0
UMKM-00085,jasa,25,"Rp 35,777,477",17,,,,3.0,1
UMKM-00086,jasa,77,"Rp 42,849,877",23,2.2,,485302.0,2.0,0
UMKM-00087, F & B ,89,"Rp 29,070,760",31,4.0,,469722.0,3.0,0
UMKM-00088,F&B,47,"Rp 4,554,382",44,4.0,30.0,180194.0,1.0,0
UMKM-00089,jasa,26,"Rp 8,297,881",32,3.1,15.0,158618.0,2.0,2
UMKM-00090, F & B ,60,"Rp 29,854,322",9,3.6,2.0,415568.0,0.0,0
UMKM-00091, F & B ,53,38912279,8,3.0,0.0,276772.0,0.0,0
UMKM-00092,F&B,110,17562351,32,1.1,0.0,145596.0,0.0,0
UMKM-00093,RETAIL,4,"Rp 39,120,293",32,1.3,0.0,363164.0,3.0,1
UMKM-00094,nan,-4,"Rp 1,499,964",6,2.5,0.0,195057.0,0.0,1
UMKM-00095,Jasa,60,"Rp 49,288,709",3,4.0,0.0,414560.0,0.0,2
UMKM-00096,nan,54,"Rp 3,997,493",27,4.7,,264525.0,4.0,1
UMKM-00097,Fashion,82,"Rp 42,133,161",22,1.1,2.0,434754.0,0.0,0
UMKM-00098,Jasa,11,7638784,31,2.5,0.0,444678.0,3.0,0
UMKM-00099,Fashion,90,26171259,43,1.9,5.0,74082.0,2.0,0
UMKM-00100,jasa,10,"Rp 17,916,781",15,4.3,0.0,445081.0,0.0,0
UMKM-00101,fnb,10,"Rp 20,720,121",9,4.4,0.0,348921.0,0.0,0
UMKM-00102,F&B,40,48057611,13,1.8,30.0,192394.0,1.0,2
UMKM-00103,Jasa,33,37982693,38,3.8,0.0,208834.0,,0
UMKM-00104,Jasa,111,24100170,35,3.9,2.0,326682.0,3.0,0
UMKM-00105,jasa,25,"Rp 9,190,219",33,1.7,0.0,369269.0,0.0,0
UMKM-00106,RETAIL,101,"Rp 39,636,713",23,2.7,2.0,254318.0,0.0,0
UMKM-00107, F & B ,82,39308849,17,3.5,15.0,311313.0,0.0,0
UMKM-00108,jasa,-5,3627014,15,,0.0,140583.0,2.0,2
UMKM-00109,retail ,5,25772234,40,,,446393.0,0.0,0
UMKM-00110, F & B ,113,"Rp 23,713,635",36,1.6,0.0,77502.0,0.0,0
UMKM-00111,F&B,79,11528542,40,3.2,2.0,442132.0,2.0,2
UMKM-00112, F & B ,-2,"Rp 41,867,616",24,4.4,,331393.0,0.0,0
UMKM-00113,RETAIL,65,35002060,7,3.1,,53197.0,0.0,0
UMKM-00114, F & B ,20,39857873,23,1.1,0.0,85229.0,2.0,1
UMKM-00115,F&B,105,"Rp 45,510,632",19,1.1,0.0,336310.0,1.0,0
UMKM-00116,RETAIL,44,"Rp 30,225,143",29,3.4,5.0,451908.0,0.0,0
UMKM-00117,nan,6,43407575,19,2.3,0.0,156298.0,1.0,2
UMKM-00118,Jasa,89,"Rp 15,123,720",17,3.3,0.0,,1.0,1
UMKM-00119,Jasa,75,"Rp 3,648,191",3,,5.0,344800.0,1.0,0
UMKM-00120,Fashion,91,"Rp 2,348,894",35,4.1,2.0,50606.0,3.0,0
UMKM-00121,nan,69,"Rp 40,706,422",5,4.4,0.0,369425.0,1.0,0
UMKM-00122,nan,86,"Rp 26,222,396",2,4.6,0.0,319519.0,1.0,1
UMKM-00123, F & B ,90,"Rp 32,256,552",17,2.2,,180708.0,1.0,0
UMKM-00124,Jasa,59,4550985,39,3.6,2.0,439469.0,1.0,0
UMKM-00125,F&B,41,"Rp 25,938,881",17,2.1,5.0,50819.0,0.0,0
UMKM-00126,Retail,86,"Rp 28,299,045",22,4.1,0.0,126992.0,0.0,0
UMKM-00127,Retail,47,35291982,34,1.5,0.0,212445.0,1.0,0
UMKM-00128,RETAIL,100,36353386,5,4.1,0.0,443999.0,0.0,0
UMKM-00129,Jasa,65,44903390,25,2.8,2.0,494214.0,0.0,0
UMKM-00130,Jasa,-4,"Rp 43,725,573",20,,0.0,57560.0,2.0,1
UMKM-00131,Retail,100,"Rp 18,706,306",23,4.0,2.0,341312.0,0.0,0
UMKM-00132,Jasa,18,"Rp 9,776,510",14,2.5,5.0,205336.0,1.0,0
UMKM-00133, F & B ,-2,19677518,26,4.6,5.0,438769.0,0.0,0
UMKM-00134,retail ,102,"Rp 35,239,091",31,2.1,0.0,411580.0,0.0,0
UMKM-00135,fnb,13,"Rp 25,207,963",11,4.9,5.0,306928.0,0.0,0
UMKM-00136,nan,20,"Rp 25,188,041",4,4.1,2.0,257317.0,0.0,0
UMKM-00137,Fashion,69,"Rp 9,828,325",6,5.0,0.0,128598.0,0.0,0
UMKM-00138,RETAIL,34,"Rp 7,927,416",21,1.2,0.0,490017.0,0.0,0
UMKM-00139,retail ,44,"Rp 39,939,633",26,2.1,2.0,125924.0,0.0,0
UMKM-00140,Retail,37,"Rp 46,733,958",14,4.0,0.0,228431.0,1.0,0
UMKM-00141,nan,69,"Rp 46,110,158",38,,0.0,209108.0,0.0,0
UMKM-00142,Jasa,103,"Rp 25,137,617",44,1.1,0.0,,2.0,2
UMKM-00143,Fashion,61,"Rp 3,241,105",34,,0.0,366858.0,1.0,0
UMKM-00144,Jasa,6,35874739,25,2.0,,342688.0,0.0,0
UMKM-00145,F&B,61,11710632,22,,5.0,311305.0,0.0,1
UMKM-00146,F&B,100,28730519,12,4.1,2.0,332967.0,0.0,0
UMKM-00147,Fashion,21,"Rp 31,253,569",25,2.4,,230900.0,4.0,1
UMKM-00148,Fashion,107,"Rp 22,452,647",2,1.0,2.0,416699.0,3.0,1
UMKM-00149,Retail,48,32938643,28,3.2,5.0,329122.0,0.0,1
UMKM-00150,Fashion,60,24831594,1,,0.0,209532.0,1.0,0
UMKM-00151, F & B ,43,"Rp 6,119,641",27,4.0,2.0,487327.0,4.0,0
UMKM-00152,Jasa,10,"Rp 40,308,102",22,2.8,0.0,446540.0,2.0,1
UMKM-00153,retail ,-4,"Rp 35,650,021",35,,0.0,269160.0,0.0,0
UMKM-00154,jasa,54,"Rp 14,224,541",5,4.4,0.0,498794.0,0.0,0
UMKM-00155,Fashion,48,"Rp 43,857,257",10,3.1,0.0,172418.0,0.0,0
UMKM-00156,RETAIL,24,"Rp 46,807,748",37,,0.0,184006.0,2.0,0
UMKM-00157,F&B,78,"Rp 43,021,153",33,,0.0,55033.0,2.0,0
UMKM-00158, F & B ,32,19699008,16,2.1,15.0,417211.0,1.0,0
UMKM-00159,nan,22,"Rp 13,750,721",2,4.6,0.0,187158.0,0.0,0
UMKM-00160,jasa,19,"Rp 13,390,870",43,1.3,15.0,480317.0,4.0,2
UMKM-00161,retail ,90,"Rp 39,144,148",33,4.3,2.0,225017.0,2.0,0
UMKM-00162,jasa,119,"Rp 30,159,511",21,,2.0,68894.0,0.0,0
UMKM-00163,Fashion,4,"Rp 45,432,707",28,1.2,0.0,242185.0,0.0,1
UMKM-00164,Retail,54,17646014,28,2.5,,54687.0,1.0,0
UMKM-00165,F&B,36,"Rp 47,233,995",4,4.8,0.0,446103.0,0.0,0
UMKM-00166,F&B,34,44238165,9,4.9,2.0,184115.0,0.0,0
UMKM-00167,nan,91,17862611,9,1.8,2.0,461231.0,0.0,0
UMKM-00168,Retail,71,49770129,8,1.6,0.0,329933.0,4.0,1
UMKM-00169,Jasa,114,"Rp 23,840,605",20,2.4,0.0,106784.0,2.0,1
UMKM-00170,fnb,99,"Rp 9,061,792",12,,0.0,318259.0,0.0,1
UMKM-00171, F & B ,112,"Rp 25,653,591",9,4.0,30.0,78821.0,3.0,0
UMKM-00172,F&B,36,"Rp 47,503,181",37,2.8,15.0,72879.0,1.0,2
UMKM-00173,RETAIL,41,"Rp 45,641,994",10,4.1,,429321.0,0.0,0
UMKM-00174,F&B,31,"Rp 4,235,863",3,4.0,0.0,234714.0,3.0,1
UMKM-00175,jasa,112,"Rp 11,783,675",30,3.3,0.0,241852.0,1.0,1
UMKM-00176,F&B,74,"Rp 29,817,246",33,4.3,0.0,99157.0,2.0,0
UMKM-00177,F&B,103,"Rp 38,937,462",41,1.8,,298341.0,0.0,0
UMKM-00178,fnb,16,"Rp 38,723,927",34,1.6,0.0,213789.0,1.0,1
UMKM-00179,fnb,51,"Rp 33,353,996",38,4.0,0.0,110262.0,0.0,0
UMKM-00180,retail ,78,"Rp 14,748,887",38,2.0,,90971.0,0.0,0
UMKM-00181,Jasa,108,37167193,32,1.0,2.0,413290.0,1.0,0
UMKM-00182,RETAIL,101,48366565,7,4.6,2.0,252112.0,4.0,0
UMKM-00183,F&B,21,"Rp 4,275,072",31,3.5,0.0,171535.0,1.0,0
UMKM-00184,F&B,35,"Rp 11,074,698",32,2.8,0.0,255257.0,0.0,0
UMKM-00185, F & B ,74,22595058,7,3.9,,142384.0,0.0,1
UMKM-00186,fnb,28,"Rp 9,676,514",13,2.3,2.0,244895.0,3.0,1
UMKM-00187,RETAIL,26,6932572,33,4.8,0.0,467958.0,0.0,0
UMKM-00188,nan,84,"Rp 29,482,724",7,1.3,0.0,162453.0,0.0,0
UMKM-00189,retail ,83,"Rp 3,145,977",41,3.6,0.0,412421.0,2.0,2
UMKM-00190,Jasa,60,"Rp 45,054,069",6,,2.0,338664.0,4.0,2
UMKM-00191,Retail,6,3226217,12,2.9,0.0,326977.0,2.0,1
UMKM-00192,Jasa,34,35187163,20,,2.0,232419.0,0.0,0
UMKM-00193,jasa,67,"Rp 43,304,796",31,4.7,2.0,111475.0,0.0,0
UMKM-00194,F&B,70,21038018,10,4.0,5.0,320287.0,2.0,0
UMKM-00195,retail ,84,"Rp 44,964,403",13,2.2,0.0,401616.0,3.0,2
UMKM-00196,jasa,67,"Rp 9,905,865",10,,5.0,414276.0,,1
UMKM-00197,RETAIL,4,39145210,1,4.6,2.0,137005.0,1.0,0
UMKM-00198,Retail,90,27466281,33,2.8,0.0,360682.0,2.0,1
UMKM-00199,fnb,115,"Rp 39,703,819",43,,,113795.0,0.0,0
UMKM-00200,retail ,92,23174126,16,2.9,0.0,415185.0,0.0,0
UMKM-00201,retail ,42,10869865,13,1.5,2.0,132159.0,0.0,0
UMKM-00202,F&B,14,"Rp 28,217,757",24,1.2,0.0,173796.0,4.0,1
UMKM-00203,Fashion,33,"Rp 12,287,967",26,,2.0,389310.0,0.0,0
UMKM-00204,retail ,54,"Rp 28,952,543",7,,2.0,,0.0,0
UMKM-00205, F & B ,60,4561497,16,,0.0,208312.0,4.0,1
UMKM-00206,Retail,59,"Rp 25,096,114",4,4.4,2.0,151542.0,0.0,0
UMKM-00207,Retail,45,"Rp 3,870,524",11,3.1,2.0,50553.0,0.0,0
UMKM-00208, F & B ,118,"Rp 33,145,513",37,4.1,5.0,467734.0,2.0,1
UMKM-00209,nan,30,"Rp 33,848,720",17,1.5,0.0,158381.0,2.0,0
UMKM-00210, F & B ,18,"Rp 38,421,725",25,4.6,0.0,325756.0,0.0,0
UMKM-00211, F & B ,112,"Rp 40,661,943",30,3.4,2.0,388817.0,4.0,1
UMKM-00212,Retail,21,48342310,36,4.0,0.0,114459.0,0.0,0
UMKM-00213,Jasa,-4,"Rp 17,810,950",5,1.1,2.0,337948.0,3.0,1
UMKM-00214,Retail,25,"Rp 17,990,515",40,2.3,0.0,,2.0,1
UMKM-00215,Fashion,51,"Rp 37,325,466",14,,0.0,221178.0,0.0,1
UMKM-00216,F&B,72,26308552,41,4.8,15.0,279113.0,2.0,1
UMKM-00217,jasa,60,1671253,25,1.7,5.0,422327.0,0.0,0
UMKM-00218,Jasa,23,"Rp 27,719,009",11,3.8,2.0,236218.0,0.0,0
UMKM-00219,fnb,9,"Rp 33,260,205",40,1.2,30.0,190689.0,3.0,2
UMKM-00220,jasa,6,"Rp 24,465,520",13,1.8,5.0,196470.0,0.0,1
UMKM-00221,F&B,95,7911616,0,2.4,2.0,307771.0,0.0,1
UMKM-00222,Fashion,22,35560584,16,,,,0.0,0
UMKM-00223,Fashion,78,"Rp 7,615,379",32,4.2,2.0,80971.0,0.0,0
UMKM-00224,fnb,119,"Rp 44,660,242",28,4.8,2.0,438777.0,3.0,0
UMKM-00225,Jasa,97,"Rp 23,403,427",44,4.7,0.0,248579.0,3.0,0
UMKM-00226,nan,18,"Rp 37,816,763",30,1.3,,235626.0,0.0,0
UMKM-00227, F & B ,15,"Rp 48,727,148",7,4.3,0.0,392222.0,0.0,0
UMKM-00228,Jasa,4,"Rp 21,602,307",29,2.8,0.0,386371.0,1.0,2
UMKM-00229,nan,104,"Rp 6,015,551",12,4.5,0.0,391134.0,0.0,0
UMKM-00230,Fashion,72,"Rp 25,803,477",15,1.4,0.0,398178.0,0.0,0
UMKM-00231,Retail,95,"Rp 49,294,603",1,4.3,0.0,135567.0,0.0,0
UMKM-00232,F&B,12,24413609,44,,15.0,352821.0,0.0,1
UMKM-00233,fnb,82,"Rp 39,041,288",17,2.3,2.0,380546.0,1.0,0
UMKM-00234,F&B,8,49167634,34,1.1,0.0,230910.0,4.0,2
UMKM-00235,RETAIL,28,"Rp 10,583,663",44,1.5,5.0,148104.0,2.0,2
UMKM-00236,RETAIL,52,"Rp 2,208,957",18,2.8,2.0,72291.0,2.0,1
UMKM-00237,Jasa,70,40786734,12,4.3,2.0,340641.0,0.0,0
UMKM-00238,Fashion,16,"Rp 43,719,684",3,4.1,0.0,427279.0,3.0,0
UMKM-00239,Fashion,114,29529536,18,,30.0,344113.0,4.0,2
UMKM-00240, F & B ,64,"Rp 49,785,397",24,1.6,0.0,289334.0,4.0,1
UMKM-00241, F & B ,30,"Rp 25,885,412",37,,0.0,223156.0,0.0,0
UMKM-00242, F & B ,39,17780412,30,4.5,0.0,459893.0,1.0,0
UMKM-00243,Retail,30,"Rp 10,938,256",35,1.4,5.0,80245.0,1.0,1
UMKM-00244,jasa,16,23907093,3,3.2,2.0,103312.0,0.0,0
UMKM-00245,retail ,72,40660093,38,1.4,0.0,216386.0,,0
UMKM-00246,jasa,74,"Rp 8,142,727",6,2.9,0.0,58267.0,0.0,0
UMKM-00247,F&B,55,"Rp 13,067,196",15,1.5,2.0,89812.0,0.0,0
UMKM-00248,jasa,94,37158112,4,1.3,2.0,446991.0,0.0,0
UMKM-00249,Retail,50,"Rp 45,610,333",22,1.8,0.0,437706.0,0.0,0
UMKM-00250,F&B,83,"Rp 23,986,990",35,2.0,15.0,389068.0,3.0,1
UMKM-00251,jasa,90,"Rp 28,950,611",31,2.1,,256874.0,0.0,0
UMKM-00252,Retail,27,18636027,23,,0.0,244150.0,0.0,0
UMKM-00253,retail ,39,"Rp 21,841,553",24,,2.0,75875.0,1.0,0
UMKM-00254,jasa,30,"Rp 48,301,994",44,1.3,0.0,145803.0,0.0,0
UMKM-00255,Retail,14,"Rp 45,607,689",27,1.8,5.0,306679.0,2.0,0
UMKM-00256, F & B ,12,"Rp 4,636,119",18,4.5,0.0,359733.0,2.0,0
UMKM-00257,Fashion,32,"Rp 21,334,211",6,,0.0,315678.0,0.0,1
UMKM-00258, F & B ,61,36221540,43,3.9,5.0,220952.0,4.0,1
UMKM-00259,Fashion,17,"Rp 3,853,507",40,2.5,15.0,461299.0,1.0,2
UMKM-00260,fnb,90,"Rp 25,370,764",16,1.9,0.0,111807.0,1.0,0
UMKM-00261,fnb,103,"Rp 27,947,160",1,1.2,0.0,363814.0,3.0,2
UMKM-00262,fnb,117,"Rp 26,790,412",15,3.0,0.0,387609.0,1.0,0
UMKM-00263,retail ,10,"Rp 17,450,961",38,3.3,2.0,366864.0,0.0,0
UMKM-00264, F & B ,53,"Rp 17,105,466",17,4.6,5.0,223962.0,0.0,0
UMKM-00265,Fashion,63,"Rp 19,931,543",38,4.5,2.0,482816.0,2.0,2
UMKM-00266,Retail,62,5070081,0,2.7,2.0,222401.0,4.0,2
UMKM-00267,F&B,15,"Rp 10,538,735",2,2.7,5.0,409763.0,0.0,1
UMKM-00268,Retail,98,"Rp 17,614,866",20,,2.0,,0.0,0
UMKM-00269,F&B,109,"Rp 38,471,432",29,,2.0,463973.0,1.0,0
UMKM-00270,RETAIL,72,"Rp 34,016,347",10,,2.0,345251.0,2.0,0
UMKM-00271,Retail,97,"Rp 11,603,512",21,1.6,30.0,446078.0,0.0,2
UMKM-00272,jasa,89,"Rp 42,727,974",24,4.9,0.0,132533.0,3.0,0
UMKM-00273,jasa,72,"Rp 36,905,148",2,3.0,0.0,67487.0,3.0,1
UMKM-00274,Jasa,64,"Rp 13,876,169",29,,0.0,340497.0,1.0,1
UMKM-00275, F & B ,6,"Rp 44,762,496",23,,15.0,58984.0,0.0,1
UMKM-00276,F&B,10,"Rp 31,948,393",44,3.6,0.0,335274.0,1.0,0
UMKM-00277,F&B,75,32339092,35,2.8,0.0,123794.0,0.0,0
UMKM-00278, F & B ,103,37323086,22,,,218351.0,1.0,0
UMKM-00279,retail ,81,"Rp 8,061,944",7,2.1,,90080.0,0.0,0
UMKM-00280,Jasa,8,27548036,3,1.3,,324983.0,1.0,1
UMKM-00281,retail ,55,"Rp 27,424,936",38,,0.0,274979.0,0.0,0
UMKM-00282,retail ,65,21653561,42,2.3,30.0,235629.0,2.0,2
UMKM-00283,retail ,40,"Rp 48,262,613",30,3.8,0.0,411018.0,2.0,0
UMKM-00284, F & B ,26,12569471,28,3.9,0.0,353643.0,,0
UMKM-00285,retail ,9,"Rp 32,922,728",35,2.3,0.0,442238.0,0.0,1
UMKM-00286,jasa,38,"Rp 40,611,606",12,3.7,2.0,448572.0,0.0,0
UMKM-00287,fnb,11,"Rp 36,787,846",40,,0.0,132036.0,0.0,0
UMKM-00288,RETAIL,35,"Rp 11,031,671",8,3.9,2.0,388070.0,0.0,0
UMKM-00289,F&B,48,"Rp 7,134,678",20,,15.0,341922.0,0.0,0
UMKM-00290,F&B,105,"Rp 42,947,371",2,1.6,0.0,155528.0,1.0,1
UMKM-00291,RETAIL,38,16911898,24,2.0,0.0,375336.0,1.0,1
UMKM-00292, F & B ,92,"Rp 38,531,240",24,4.1,0.0,233255.0,0.0,0
UMKM-00293,Retail,-1,"Rp 25,407,941",11,1.3,,135376.0,0.0,1
UMKM-00294, F & B ,103,"Rp 43,155,894",28,,0.0,178219.0,1.0,0
UMKM-00295,F&B,21,39298785,10,2.4,0.0,79980.0,0.0,0
UMKM-00296,F&B,110,"Rp 25,037,435",10,1.0,0.0,216891.0,3.0,1
UMKM-00297,RETAIL,81,3956156,25,4.0,30.0,64065.0,0.0,1
UMKM-00298,retail ,98,"Rp 20,058,912",13,3.2,0.0,437505.0,0.0,0
UMKM-00299, F & B ,117,"Rp 16,030,066",15,,0.0,322703.0,0.0,0
UMKM-00300,Fashion,72,35687675,9,,0.0,174514.0,0.0,0
UMKM-00301,RETAIL,73,"Rp 34,559,109",30,2.1,30.0,123969.0,3.0,2
UMKM-00302,jasa,37,"Rp 9,593,188",30,,0.0,189728.0,0.0,0
UMKM-00303,F&B,91,"Rp 17,907,550",35,,2.0,93210.0,2.0,0
UMKM-00304,RETAIL,111,17202721,9,2.0,0.0,243060.0,0.0,0
UMKM-00305, F & B ,25,"Rp 28,217,933",25,,,81477.0,1.0,1
UMKM-00306,F&B,93,20286179,19,4.2,2.0,156111.0,3.0,1
UMKM-00307,Retail,11,"Rp 6,827,316",43,1.1,2.0,79529.0,2.0,2
UMKM-00308,RETAIL,86,"Rp 28,047,758",8,3.9,0.0,330406.0,0.0,0
UMKM-00309,Jasa,77,"Rp 1,558,745",14,2.0,0.0,377231.0,2.0,1
UMKM-00310,F&B,104,26732643,8,4.8,0.0,218721.0,0.0,0
UMKM-00311, F & B ,48,"Rp 15,884,399",6,3.2,2.0,497004.0,0.0,1
UMKM-00312,fnb,56,49701012,25,1.1,,101686.0,1.0,1
UMKM-00313,Fashion,81,"Rp 46,741,083",23,2.6,0.0,223937.0,4.0,1
UMKM-00314,nan,26,43137283,11,4.9,30.0,479793.0,0.0,1
UMKM-00315,retail ,34,"Rp 48,698,365",19,3.9,0.0,386443.0,2.0,0
UMKM-00316,nan,7,13840143,13,2.2,,268597.0,0.0,0
UMKM-00317, F & B ,117,37425173,21,3.3,0.0,270725.0,0.0,1
UMKM-00318,jasa,78,42464523,15,3.4,0.0,245399.0,3.0,0
UMKM-00319,jasa,29,"Rp 35,171,855",28,1.1,0.0,241124.0,1.0,0
UMKM-00320,fnb,-1,43533682,31,1.7,5.0,425188.0,0.0,1
UMKM-00321,retail ,67,"Rp 26,802,855",18,3.2,5.0,86409.0,1.0,0
UMKM-00322,Jasa,23,"Rp 3,865,893",34,2.6,0.0,209152.0,2.0,1
UMKM-00323,fnb,64,"Rp 11,391,977",42,,2.0,209267.0,1.0,1
UMKM-00324,nan,19,"Rp 2,250,844",31,,0.0,247264.0,0.0,2
UMKM-00325,fnb,89,1916094,19,3.0,0.0,196681.0,0.0,0
UMKM-00326,nan,16,"Rp 22,066,577",39,2.2,0.0,69535.0,3.0,1
UMKM-00327,F&B,60,44030025,19,1.6,2.0,173828.0,1.0,0
UMKM-00328,jasa,39,"Rp 34,801,321",7,3.4,2.0,447326.0,2.0,0
UMKM-00329,F&B,63,49383953,34,3.7,5.0,421662.0,2.0,1
UMKM-00330,Fashion,118,"Rp 19,242,304",41,,5.0,450423.0,0.0,0
UMKM-00331,retail ,85,"Rp 24,392,532",12,1.9,0.0,243616.0,1.0,0
UMKM-00332,Jasa,83,"Rp 14,458,496",40,3.4,5.0,98637.0,0.0,1
UMKM-00333,nan,66,23046478,5,4.6,0.0,476290.0,0.0,0
UMKM-00334,Jasa,113,"Rp 15,756,739",15,,5.0,222736.0,0.0,0
UMKM-00335,nan,-5,38738683,4,1.8,0.0,267484.0,2.0,1
UMKM-00336, F & B ,78,"Rp 46,055,292",44,4.1,5.0,124405.0,0.0,1
UMKM-00337,fnb,38,"Rp 41,392,595",33,,2.0,93872.0,0.0,1
UMKM-00338,Fashion,81,"Rp 6,236,840",5,2.0,0.0,324329.0,0.0,1
UMKM-00339,jasa,90,"Rp 16,954,465",32,,2.0,418850.0,0.0,2
UMKM-00340,nan,69,"Rp 36,297,659",14,,0.0,464094.0,0.0,0
UMKM-00341,Jasa,33,"Rp 11,760,301",14,2.6,0.0,313540.0,2.0,1
UMKM-00342,Fashion,105,"Rp 30,335,471",13,1.3,2.0,315604.0,0.0,0
UMKM-00343,Retail,48,"Rp 8,660,064",38,4.5,15.0,414801.0,0.0,2
UMKM-00344,Retail,82,"Rp 16,763,809",4,,0.0,232386.0,2.0,1
UMKM-00345,F&B,69,18363686,25,3.4,0.0,488605.0,1.0,1
UMKM-00346,jasa,23,"Rp 21,751,625",16,2.5,2.0,,2.0,1
UMKM-00347, F & B ,48,"Rp 29,470,965",42,3.7,2.0,87312.0,0.0,1
UMKM-00348,Jasa,84,34731648,15,2.7,0.0,,2.0,1
UMKM-00349,fnb,10,"Rp 19,953,728",34,4.0,30.0,193344.0,0.0,1
UMKM-00350,fnb,93,"Rp 4,683,460",37,4.3,2.0,247435.0,1.0,0
UMKM-00351,Jasa,14,43066702,22,3.7,0.0,52655.0,0.0,0
UMKM-00352,retail ,40,"Rp 19,595,568",12,3.0,0.0,486321.0,0.0,0
UMKM-00353, F & B ,61,"Rp 21,021,787",32,,0.0,368007.0,2.0,0
UMKM-00354,Fashion,59,"Rp 37,448,990",28,,2.0,111045.0,0.0,0
UMKM-00355,nan,52,"Rp 2,480,175",33,1.4,0.0,357661.0,0.0,1
UMKM-00356,retail ,47,"Rp 2,829,484",33,1.5,,124227.0,1.0,1
UMKM-00357,nan,105,19444906,26,4.8,0.0,486854.0,1.0,0
UMKM-00358,nan,-5,"Rp 32,932,048",14,1.9,2.0,386933.0,1.0,2
UMKM-00359,retail ,75,"Rp 49,070,000",8,4.3,0.0,260161.0,1.0,0
UMKM-00360,F&B,60,"Rp 22,196,641",25,2.0,30.0,104322.0,1.0,0
UMKM-00361,Retail,23,"Rp 44,912,076",2,2.7,5.0,413944.0,0.0,2
UMKM-00362,nan,78,"Rp 8,217,037",35,3.6,0.0,432926.0,3.0,2
UMKM-00363,retail ,64,"Rp 6,017,226",4,1.6,,447438.0,1.0,2
UMKM-00364,retail ,2,"Rp 13,300,059",19,3.9,0.0,101141.0,1.0,1
UMKM-00365,RETAIL,23,"Rp 3,746,153",19,3.8,2.0,60716.0,0.0,0
UMKM-00366,F&B,106,"Rp 26,138,143",4,3.2,15.0,110644.0,3.0,2
UMKM-00367,jasa,45,"Rp 49,212,066",9,3.3,5.0,175650.0,0.0,0
UMKM-00368,RETAIL,27,"Rp 18,881,404",15,1.4,,,1.0,0
UMKM-00369,RETAIL,-3,49859258,24,2.7,30.0,268496.0,0.0,2
UMKM-00370,Jasa,54,"Rp 31,707,007",43,1.3,,,1.0,0
UMKM-00371,Retail,29,"Rp 13,098,334",24,2.2,0.0,182454.0,0.0,0
UMKM-00372,retail ,63,"Rp 25,069,712",29,4.6,0.0,260970.0,2.0,0
UMKM-00373,Retail,85,"Rp 22,902,830",13,3.3,2.0,185239.0,0.0,0
UMKM-00374, F & B ,102,"Rp 21,560,328",21,4.0,5.0,298926.0,0.0,0
UMKM-00375,Jasa,70,20083785,42,3.3,2.0,167323.0,2.0,0
UMKM-00376,jasa,78,"Rp 24,962,516",27,1.8,0.0,415993.0,0.0,0
UMKM-00377,Retail,103,"Rp 11,056,396",29,3.4,15.0,276895.0,0.0,2
UMKM-00378,fnb,14,18045818,18,4.0,,131117.0,0.0,0
UMKM-00379,nan,67,34423281,37,1.6,0.0,141730.0,4.0,2
UMKM-00380, F & B ,33,"Rp 36,949,252",41,4.3,0.0,491937.0,0.0,0
UMKM-00381,F&B,-2,"Rp 26,828,037",19,3.2,0.0,209895.0,0.0,0
UMKM-00382,jasa,109,"Rp 23,322,717",34,1.0,0.0,110972.0,1.0,0
UMKM-00383, F & B ,112,"Rp 33,800,222",21,3.1,2.0,124963.0,0.0,0
UMKM-00384,nan,13,"Rp 45,134,346",14,,,104534.0,0.0,0
UMKM-00385,Jasa,96,"Rp 46,789,743",10,2.2,0.0,479967.0,2.0,1
UMKM-00386,nan,85,"Rp 37,062,152",33,4.1,2.0,428237.0,0.0,0
UMKM-00387,RETAIL,39,38297281,23,4.6,2.0,336265.0,2.0,0
UMKM-00388,nan,37,"Rp 26,259,300",5,4.1,0.0,121736.0,1.0,0
UMKM-00389,RETAIL,7,"Rp 34,668,992",16,4.4,2.0,261369.0,3.0,0
UMKM-00390,Jasa,7,"Rp 6,115,011",27,4.6,5.0,203198.0,4.0,1
UMKM-00391,Fashion,54,"Rp 19,127,203",30,,15.0,111581.0,0.0,1
UMKM-00392,RETAIL,51,"Rp 46,650,997",35,,0.0,269703.0,1.0,0
UMKM-00393,F&B,80,1549656,8,2.8,5.0,338267.0,2.0,1
UMKM-00394,nan,86,17592258,9,1.0,0.0,101036.0,0.0,0
UMKM-00395,nan,46,29604680,20,3.0,0.0,442206.0,0.0,1
UMKM-00396,F&B,105,15077387,33,4.7,0.0,390999.0,4.0,0
UMKM-00397,fnb,47,"Rp 21,180,425",30,1.8,0.0,196662.0,0.0,1
UMKM-00398,retail ,103,45040993,28,3.6,0.0,489481.0,0.0,0
UMKM-00399,Fashion,80,28893802,42,3.6,0.0,235396.0,2.0,0
UMKM-00400,jasa,37,"Rp 20,773,001",42,1.6,2.0,248792.0,1.0,0
UMKM-00401,RETAIL,77,"Rp 42,844,417",10,2.0,2.0,72701.0,0.0,0
UMKM-00402,F&B,66,9480287,32,,0.0,253611.0,0.0,0
UMKM-00403,Jasa,110,"Rp 45,721,257",0,1.8,0.0,353322.0,0.0,1
UMKM-00404,RETAIL,66,"Rp 19,116,299",20,3.3,2.0,155734.0,3.0,0
UMKM-00405,retail ,36,39959104,22,2.9,0.0,349262.0,4.0,1
UMKM-00406,Jasa,84,38257799,8,3.1,0.0,75387.0,0.0,0
UMKM-00407, F & B ,106,"Rp 42,529,775",0,1.5,5.0,107613.0,2.0,1
UMKM-00408,nan,109,"Rp 40,488,817",20,3.1,0.0,358810.0,0.0,0
UMKM-00409, F & B ,20,"Rp 47,749,580",21,1.2,0.0,220207.0,1.0,0
UMKM-00410,RETAIL,17,46931435,3,4.5,0.0,79554.0,0.0,1
UMKM-00411,retail ,37,"Rp 17,954,692",0,2.4,0.0,431531.0,1.0,1
UMKM-00412,Fashion,71,"Rp 2,199,217",9,4.4,,274389.0,0.0,0
UMKM-00413,RETAIL,22,32193070,14,,0.0,92146.0,0.0,0
UMKM-00414,F&B,3,"Rp 42,860,474",35,4.1,2.0,150037.0,0.0,1
UMKM-00415,Retail,14,"Rp 14,507,188",28,2.3,5.0,456204.0,0.0,0
UMKM-00416,RETAIL,50,"Rp 33,596,266",4,1.9,0.0,233191.0,4.0,2
UMKM-00417,nan,77,"Rp 33,122,771",28,2.6,0.0,328600.0,4.0,1
UMKM-00418,nan,106,"Rp 37,504,340",26,1.1,15.0,431825.0,2.0,2
UMKM-00419,RETAIL,33,"Rp 46,956,920",24,4.7,30.0,434717.0,0.0,1
UMKM-00420,Jasa,45,"Rp 2,931,441",15,2.5,0.0,251650.0,0.0,0
UMKM-00421,Retail,6,47671201,15,5.0,0.0,472430.0,0.0,0
UMKM-00422,F&B,73,"Rp 32,282,329",35,4.0,5.0,254669.0,0.0,0
UMKM-00423,RETAIL,89,14716680,24,1.3,0.0,373549.0,0.0,0
UMKM-00424,Jasa,49,13313453,40,3.6,0.0,454250.0,1.0,1
UMKM-00425,nan,72,"Rp 27,301,554",0,,0.0,268595.0,0.0,0
UMKM-00426,nan,5,"Rp 41,054,430",4,2.0,0.0,313021.0,2.0,0
UMKM-00427,retail ,20,"Rp 44,099,689",40,2.0,0.0,112718.0,1.0,0
UMKM-00428,RETAIL,36,"Rp 49,753,731",19,4.7,0.0,370244.0,0.0,0
UMKM-00429,Retail,21,33251324,4,3.0,5.0,267285.0,1.0,0
UMKM-00430,fnb,5,"Rp 23,596,028",35,3.7,2.0,59642.0,0.0,0
UMKM-00431,Retail,32,"Rp 46,645,125",28,2.1,0.0,412988.0,0.0,1
UMKM-00432,nan,92,"Rp 40,665,485",33,3.1,0.0,246215.0,0.0,0
UMKM-00433,nan,37,"Rp 49,655,043",17,2.4,5.0,279457.0,2.0,1
UMKM-00434, F & B ,13,"Rp 35,396,761",1,2.3,0.0,362627.0,0.0,1
UMKM-00435,nan,58,"Rp 44,136,622",15,2.0,0.0,377437.0,1.0,0
UMKM-00436,F&B,0,"Rp 42,297,775",28,2.6,0.0,387594.0,0.0,2
UMKM-00437,jasa,40,48670630,32,,0.0,408773.0,0.0,1
UMKM-00438,RETAIL,110,"Rp 10,277,584",15,1.9,,295299.0,0.0,0
UMKM-00439,Retail,96,"Rp 10,980,178",34,4.9,2.0,,1.0,0
UMKM-00440,jasa,107,"Rp 1,174,588",42,1.5,0.0,361652.0,1.0,1
UMKM-00441,Jasa,36,"Rp 38,328,050",41,,5.0,157815.0,2.0,0
UMKM-00442,fnb,86,"Rp 17,218,864",16,,0.0,181651.0,0.0,0
UMKM-00443,F&B,59,"Rp 36,084,764",3,1.1,0.0,324731.0,0.0,1
UMKM-00444,Retail,93,"Rp 13,707,658",3,,0.0,116181.0,1.0,1
UMKM-00445,jasa,98,"Rp 5,739,023",24,4.2,2.0,229542.0,0.0,0
UMKM-00446,fnb,66,"Rp 42,082,269",32,3.8,0.0,252871.0,0.0,0
UMKM-00447, F & B ,53,"Rp 34,070,232",13,4.5,0.0,197000.0,0.0,0
UMKM-00448,F&B,46,"Rp 15,330,983",23,4.2,0.0,404489.0,2.0,0
UMKM-00449,F&B,112,18810506,10,,0.0,93591.0,1.0,0
UMKM-00450, F & B ,41,"Rp 39,179,967",24,4.4,2.0,344045.0,0.0,0
UMKM-00451,RETAIL,114,47892742,27,2.6,15.0,143411.0,1.0,1
UMKM-00452, F & B ,1,"Rp 41,401,561",6,3.2,5.0,189571.0,2.0,1
UMKM-00453,F&B,5,"Rp 32,789,623",35,4.1,2.0,443449.0,0.0,2
UMKM-00454,F&B,97,"Rp 12,835,157",9,1.3,,198490.0,0.0,2
UMKM-00455,jasa,55,"Rp 20,935,762",35,4.4,0.0,371710.0,1.0,0
UMKM-00456,nan,62,"Rp 9,870,046",30,1.6,0.0,306772.0,1.0,0
UMKM-00457,fnb,19,5768424,18,4.5,0.0,327390.0,0.0,0
UMKM-00458, F & B ,6,"Rp 28,871,254",17,2.2,0.0,482001.0,1.0,1
UMKM-00459,fnb,20,"Rp 10,509,388",5,2.3,0.0,153425.0,0.0,1
UMKM-00460, F & B ,96,"Rp 11,531,544",27,1.3,0.0,425544.0,2.0,1
UMKM-00461,Jasa,104,"Rp 34,398,593",6,4.5,0.0,346647.0,0.0,0
UMKM-00462,F&B,6,"Rp 41,904,385",37,1.7,2.0,447493.0,0.0,1
UMKM-00463,nan,37,"Rp 21,849,307",11,3.5,,378621.0,1.0,0
UMKM-00464,jasa,45,"Rp 14,196,706",40,,0.0,181421.0,0.0,0
UMKM-00465,nan,111,"Rp 25,191,656",33,2.1,0.0,404942.0,0.0,0
UMKM-00466,nan,31,21571084,24,,5.0,248013.0,2.0,0
UMKM-00467,nan,40,"Rp 46,639,764",16,1.3,0.0,385144.0,1.0,1
UMKM-00468,fnb,47,"Rp 36,146,143",32,,0.0,194580.0,2.0,0
UMKM-00469, F & B ,82,3058721,22,2.9,0.0,147565.0,0.0,1
UMKM-00470,Fashion,74,16733562,8,,5.0,160123.0,2.0,2
UMKM-00471,Jasa,115,"Rp 41,946,799",5,1.7,15.0,379225.0,0.0,2
UMKM-00472,Retail,7,"Rp 23,933,441",1,3.9,2.0,428578.0,0.0,2
UMKM-00473,nan,83,38631205,37,4.7,0.0,78957.0,0.0,0
UMKM-00474,RETAIL,119,"Rp 16,486,047",8,,0.0,188968.0,0.0,0
UMKM-00475,fnb,112,"Rp 6,393,333",2,1.8,0.0,155634.0,0.0,2
UMKM-00476,jasa,48,14482663,15,4.9,,185360.0,0.0,0
UMKM-00477,Retail,51,5512121,24,1.1,2.0,468960.0,,0
UMKM-00478,Fashion,110,"Rp 7,908,008",23,,0.0,71150.0,3.0,1
UMKM-00479,RETAIL,112,43002112,28,3.1,2.0,400021.0,2.0,1
UMKM-00480,Fashion,-2,"Rp 12,864,040",43,2.1,0.0,160540.0,1.0,1
UMKM-00481,Retail,69,"Rp 40,455,158",39,3.7,,155139.0,2.0,0
UMKM-00482,nan,90,"Rp 19,941,059",25,4.8,15.0,281961.0,0.0,2
UMKM-00483,RETAIL,43,46977981,37,2.8,0.0,333235.0,1.0,0
UMKM-00484,Fashion,1,25463497,34,4.0,5.0,181972.0,0.0,0
UMKM-00485,jasa,104,21978606,22,3.6,0.0,358846.0,0.0,0
UMKM-00486, F & B ,116,43333002,3,2.9,0.0,331869.0,0.0,0
UMKM-00487,F&B,5,"Rp 17,092,709",41,1.2,2.0,78722.0,1.0,1
UMKM-00488, F & B ,86,38685711,13,4.0,2.0,467294.0,0.0,0
UMKM-00489,Retail,48,"Rp 43,885,569",38,,0.0,263119.0,2.0,0
UMKM-00490,fnb,99,"Rp 14,346,122",6,,2.0,68059.0,3.0,2
UMKM-00491,F&B,81,33029948,7,4.8,2.0,68161.0,0.0,0
UMKM-00492,Jasa,39,46883048,41,4.1,0.0,251773.0,0.0,0
UMKM-00493,jasa,17,44530178,18,,0.0,402489.0,2.0,0
UMKM-00494,Jasa,108,36640604,1,,2.0,60687.0,0.0,0
UMKM-00495,RETAIL,22,"Rp 35,919,697",0,4.3,0.0,394647.0,3.0,0
UMKM-00496,F&B,101,"Rp 30,095,955",41,3.4,30.0,411914.0,3.0,2
UMKM-00497,Jasa,105,"Rp 37,796,654",37,4.9,0.0,,0.0,0
UMKM-00498,Jasa,51,"Rp 26,281,805",12,4.8,0.0,220590.0,0.0,0
UMKM-00499,Fashion,20,"Rp 32,623,585",41,4.9,0.0,177260.0,4.0,0
UMKM-00500, F & B ,19,"Rp 25,100,149",43,4.8,2.0,411603.0,4.0,0
UMKM-00501,Fashion,48,"Rp 10,710,622",23,1.0,2.0,211713.0,0.0,0
UMKM-00502,F&B,23,43231609,31,,0.0,221800.0,0.0,1
UMKM-00503,F&B,77,26889895,29,2.1,0.0,362231.0,1.0,0
UMKM-00504,Retail,91,"Rp 16,703,721",5,3.8,15.0,486767.0,0.0,2
UMKM-00505,Fashion,30,"Rp 21,033,721",37,4.9,0.0,264986.0,4.0,1
UMKM-00506,retail ,8,"Rp 33,468,095",32,,0.0,251764.0,2.0,1
UMKM-00507, F & B ,72,"Rp 48,099,838",43,3.3,0.0,276941.0,1.0,0
UMKM-00508,F&B,29,"Rp 38,331,196",22,3.9,0.0,236505.0,0.0,1
UMKM-00509,Retail,24,"Rp 29,065,499",9,2.0,0.0,420085.0,2.0,1
UMKM-00510,Fashion,86,"Rp 17,635,015",14,1.9,0.0,257459.0,0.0,1
UMKM-00511, F & B ,11,"Rp 12,788,510",22,1.2,0.0,106561.0,0.0,1
UMKM-00512,Fashion,61,"Rp 24,502,846",35,1.4,15.0,317508.0,1.0,0
UMKM-00513,Jasa,74,"Rp 37,327,651",0,3.6,0.0,389152.0,0.0,0
UMKM-00514,Retail,104,"Rp 22,642,128",7,3.0,5.0,447190.0,2.0,0
UMKM-00515, F & B ,24,"Rp 19,421,389",2,1.1,2.0,265138.0,3.0,1
UMKM-00516,nan,110,"Rp 34,239,538",13,4.9,0.0,74053.0,0.0,0
UMKM-00517,RETAIL,87,"Rp 10,357,832",16,3.6,2.0,483288.0,0.0,0
UMKM-00518,RETAIL,39,"Rp 43,179,476",33,3.1,0.0,444426.0,0.0,0
UMKM-00519, F & B ,73,"Rp 31,883,787",5,2.1,0.0,269171.0,0.0,2
UMKM-00520,Fashion,104,40100068,4,3.6,,484805.0,2.0,2
UMKM-00521,Retail,114,"Rp 49,715,743",40,2.5,2.0,257517.0,1.0,1
UMKM-00522,RETAIL,83,23029587,39,3.8,30.0,,3.0,1
UMKM-00523,Retail,45,"Rp 34,629,236",28,3.7,15.0,88966.0,1.0,1
UMKM-00524,RETAIL,96,"Rp 46,600,430",34,1.4,0.0,338214.0,0.0,0
UMKM-00525,Jasa,100,"Rp 20,754,093",17,4.6,0.0,247715.0,0.0,0
UMKM-00526,Fashion,117,4789514,39,2.9,0.0,159573.0,0.0,0
UMKM-00527,Jasa,41,"Rp 22,734,323",29,2.6,15.0,284362.0,0.0,2
UMKM-00528,RETAIL,47,"Rp 19,750,087",14,4.8,30.0,282810.0,0.0,0
UMKM-00529,nan,58,"Rp 2,940,483",14,2.8,2.0,156327.0,0.0,1
UMKM-00530,nan,112,20689114,15,3.9,0.0,454462.0,4.0,1
UMKM-00531,Jasa,110,"Rp 26,653,159",32,3.6,0.0,200271.0,0.0,0
UMKM-00532,nan,116,"Rp 23,004,581",9,1.7,15.0,351973.0,1.0,2
UMKM-00533,RETAIL,32,25466478,18,5.0,,373269.0,0.0,0
UMKM-00534, F & B ,58,"Rp 29,553,775",36,2.9,0.0,155111.0,0.0,0
UMKM-00535,Jasa,81,"Rp 7,825,711",2,2.6,0.0,417421.0,0.0,1
UMKM-00536,fnb,83,"Rp 2,261,402",35,4.7,0.0,50169.0,0.0,0
UMKM-00537,Fashion,100,"Rp 31,714,068",3,,0.0,406087.0,0.0,0
UMKM-00538,nan,1,"Rp 30,041,075",10,3.8,15.0,404552.0,1.0,2
UMKM-00539,nan,16,"Rp 15,553,939",40,4.4,0.0,456165.0,1.0,0
UMKM-00540,F&B,75,"Rp 13,229,115",32,1.9,2.0,97313.0,1.0,0
UMKM-00541,retail ,76,27532675,27,1.7,0.0,390879.0,2.0,2
UMKM-00542,Jasa,107,11967690,31,1.3,0.0,110131.0,3.0,0
UMKM-00543,jasa,35,"Rp 36,680,460",15,,0.0,438339.0,2.0,0
UMKM-00544,nan,68,"Rp 32,084,035",8,1.8,5.0,261084.0,0.0,0
UMKM-00545,Fashion,4,"Rp 37,631,627",10,2.2,2.0,157127.0,4.0,2
UMKM-00546,fnb,51,"Rp 3,326,344",5,2.1,0.0,222836.0,4.0,2
UMKM-00547,nan,1,"Rp 46,400,140",26,2.2,0.0,211971.0,2.0,1
UMKM-00548,fnb,106,"Rp 14,886,255",11,,0.0,268007.0,1.0,0
UMKM-00549,RETAIL,119,11738073,21,4.8,0.0,,0.0,0
UMKM-00550,RETAIL,44,"Rp 35,631,269",39,2.3,2.0,246562.0,2.0,1
UMKM-00551,retail ,96,"Rp 23,494,683",36,2.6,2.0,204353.0,3.0,1
UMKM-00552, F & B ,85,"Rp 12,488,057",20,,0.0,162339.0,1.0,1
UMKM-00553,jasa,46,17125202,32,,15.0,118570.0,1.0,1
UMKM-00554,F&B,27,"Rp 29,276,823",16,4.7,2.0,456544.0,0.0,0
UMKM-00555,retail ,-5,44480786,28,3.0,0.0,356191.0,0.0,0
UMKM-00556,Retail,102,36183472,39,2.4,0.0,169168.0,2.0,0
UMKM-00557,F&B,47,28577420,9,4.9,15.0,463012.0,0.0,1
UMKM-00558,Jasa,54,"Rp 11,628,172",17,2.7,2.0,,1.0,0
UMKM-00559,Fashion,28,"Rp 21,440,505",12,1.9,0.0,152173.0,2.0,1
UMKM-00560,Retail,-2,"Rp 30,354,523",26,1.7,2.0,367395.0,0.0,1
UMKM-00561,Retail,11,"Rp 3,916,596",9,5.0,0.0,312935.0,0.0,0
UMKM-00562,retail ,-2,"Rp 34,196,609",31,4.0,15.0,324477.0,2.0,2
UMKM-00563, F & B ,37,"Rp 31,877,053",40,2.6,,290119.0,0.0,0
UMKM-00564,retail ,112,"Rp 38,681,868",44,4.3,2.0,217681.0,0.0,0
UMKM-00565,Jasa,84,34402592,2,3.2,5.0,381036.0,2.0,1
UMKM-00566,nan,-2,"Rp 28,631,757",21,2.3,0.0,221362.0,2.0,1
UMKM-00567,nan,-5,"Rp 5,866,940",26,4.0,2.0,185997.0,3.0,0
UMKM-00568, F & B ,65,"Rp 21,239,727",2,4.0,5.0,453980.0,1.0,0
UMKM-00569,Jasa,88,"Rp 1,384,083",32,3.0,0.0,104226.0,0.0,0
UMKM-00570, F & B ,44,"Rp 43,474,638",1,,2.0,127632.0,2.0,0
UMKM-00571,fnb,67,17419167,10,1.3,30.0,351612.0,1.0,1
UMKM-00572,nan,55,"Rp 40,162,400",9,4.2,0.0,52094.0,1.0,0
UMKM-00573,Retail,29,"Rp 32,074,455",38,4.3,0.0,357727.0,0.0,0
UMKM-00574,jasa,2,"Rp 28,444,669",32,3.7,2.0,99021.0,0.0,1
UMKM-00575,Fashion,119,"Rp 43,609,292",6,4.4,15.0,252858.0,0.0,1
UMKM-00576,Jasa,18,"Rp 34,369,021",14,3.9,30.0,65362.0,0.0,2
UMKM-00577,F&B,77,"Rp 33,191,226",25,4.6,2.0,222647.0,0.0,0
UMKM-00578, F & B ,30,"Rp 20,828,014",10,,15.0,489237.0,,1
UMKM-00579,Fashion,44,20313263,37,2.6,5.0,324329.0,0.0,0
UMKM-00580,F&B,110,"Rp 41,018,575",26,,0.0,220843.0,0.0,0
UMKM-00581,Fashion,117,"Rp 12,712,961",38,2.2,5.0,393822.0,0.0,0
UMKM-00582,jasa,37,37809424,6,,0.0,431128.0,1.0,0
UMKM-00583,F&B,21,"Rp 22,574,879",0,4.6,0.0,,3.0,1
UMKM-00584,retail ,26,"Rp 10,084,970",9,2.6,0.0,,2.0,0
UMKM-00585,RETAIL,72,"Rp 40,823,623",20,,0.0,190836.0,2.0,0
UMKM-00586,retail ,115,31479362,14,3.1,0.0,290596.0,3.0,0
UMKM-00587,nan,12,"Rp 30,627,659",29,3.1,0.0,208185.0,3.0,0
UMKM-00588,RETAIL,22,"Rp 2,932,303",29,,0.0,329032.0,0.0,0
UMKM-00589,retail ,118,"Rp 3,751,821",7,,0.0,,0.0,0
UMKM-00590,RETAIL,23,"Rp 41,869,327",23,2.5,0.0,363157.0,0.0,0
UMKM-00591,RETAIL,10,32759418,18,3.2,5.0,473419.0,0.0,0
UMKM-00592,Retail,93,"Rp 24,303,156",2,4.8,30.0,299482.0,1.0,1
UMKM-00593, F & B ,41,1426941,14,3.6,15.0,299443.0,0.0,1
UMKM-00594, F & B ,117,13262378,35,2.3,0.0,165091.0,1.0,0
UMKM-00595,Retail,53,"Rp 39,404,656",5,1.0,5.0,332859.0,0.0,0
UMKM-00596,Fashion,25,"Rp 1,386,354",41,4.9,0.0,485795.0,0.0,0
UMKM-00597,fnb,-2,"Rp 29,105,973",17,3.0,0.0,52906.0,0.0,1
UMKM-00598,Fashion,31,40060768,37,4.8,2.0,143125.0,2.0,1
UMKM-00599,F&B,11,"Rp 1,935,709",18,3.2,2.0,323952.0,1.0,1
UMKM-00600,F&B,33,"Rp 3,485,178",29,3.4,15.0,202184.0,4.0,1
UMKM-00601,RETAIL,42,"Rp 49,115,019",12,3.8,2.0,270701.0,2.0,1
UMKM-00602,retail ,40,"Rp 7,379,022",38,2.3,0.0,114945.0,0.0,0
UMKM-00603,retail ,84,"Rp 49,517,969",11,3.8,30.0,117105.0,0.0,0
UMKM-00604, F & B ,42,"Rp 6,477,630",33,3.1,2.0,422356.0,1.0,0
UMKM-00605,Jasa,33,7288893,11,3.7,15.0,286106.0,2.0,2
UMKM-00606,Fashion,99,"Rp 17,328,470",43,4.3,5.0,338563.0,0.0,0
UMKM-00607,nan,-2,"Rp 13,054,240",23,1.7,0.0,438402.0,0.0,0
UMKM-00608,jasa,24,"Rp 29,688,172",3,3.5,0.0,61156.0,1.0,0
UMKM-00609,retail ,24,"Rp 19,123,581",35,,0.0,55062.0,0.0,0
UMKM-00610,jasa,16,"Rp 35,690,510",13,1.4,0.0,234889.0,4.0,0
UMKM-00611,RETAIL,69,9875206,16,3.7,0.0,470961.0,1.0,1
UMKM-00612,jasa,60,13932366,2,1.3,0.0,84940.0,0.0,1
UMKM-00613,nan,102,"Rp 35,087,469",37,3.4,,72463.0,0.0,0
UMKM-00614,Retail,6,9602541,22,1.9,30.0,348332.0,2.0,2
UMKM-00615,nan,88,"Rp 31,461,879",12,2.2,5.0,121813.0,2.0,0
UMKM-00616,jasa,30,"Rp 27,167,544",8,,0.0,84017.0,1.0,2
UMKM-00617,nan,12,"Rp 49,382,891",20,2.0,0.0,301824.0,1.0,0
UMKM-00618,fnb,84,"Rp 49,191,644",40,4.3,2.0,426519.0,1.0,0
UMKM-00619,RETAIL,47,"Rp 18,204,925",7,3.6,0.0,211316.0,0.0,2
UMKM-00620,Fashion,65,"Rp 43,198,579",16,4.8,15.0,314841.0,4.0,2
UMKM-00621,Retail,119,25129461,15,1.2,,282129.0,0.0,0
UMKM-00622,retail ,-5,"Rp 33,078,935",15,4.2,0.0,,0.0,0
UMKM-00623,F&B,52,"Rp 33,482,616",27,3.8,5.0,160930.0,0.0,0
UMKM-00624,Fashion,84,"Rp 2,750,866",15,2.0,0.0,104086.0,0.0,2
UMKM-00625,F&B,81,29470337,13,3.9,2.0,138385.0,0.0,1
UMKM-00626,RETAIL,84,"Rp 38,331,605",43,,0.0,,1.0,0
UMKM-00627,Retail,103,"Rp 24,010,323",37,2.8,0.0,188326.0,0.0,0
UMKM-00628, F & B ,0,"Rp 11,190,880",19,3.8,5.0,250899.0,3.0,1
UMKM-00629,retail ,64,"Rp 39,401,816",44,2.8,5.0,111631.0,1.0,1
UMKM-00630,fnb,38,"Rp 30,342,253",40,2.3,2.0,392671.0,0.0,0
UMKM-00631, F & B ,66,"Rp 17,431,928",33,,0.0,488793.0,0.0,0
UMKM-00632,RETAIL,18,28200854,28,,2.0,259648.0,0.0,0
UMKM-00633,Fashion,80,"Rp 11,339,460",2,2.5,5.0,,0.0,1
UMKM-00634,fnb,13,"Rp 33,525,366",9,2.6,,169771.0,0.0,1
UMKM-00635,nan,95,"Rp 39,789,180",19,3.4,30.0,425789.0,0.0,0
UMKM-00636,jasa,12,"Rp 9,400,728",1,4.0,5.0,109019.0,0.0,0
UMKM-00637,fnb,89,35178567,26,3.9,2.0,201539.0,0.0,0
UMKM-00638,RETAIL,95,5817167,31,1.1,2.0,432951.0,0.0,0
UMKM-00639,Jasa,24,"Rp 42,285,877",9,3.7,0.0,416672.0,3.0,0
UMKM-00640,jasa,115,"Rp 47,682,092",39,2.8,0.0,377377.0,0.0,0
UMKM-00641,F&B,36,"Rp 41,385,139",16,3.1,15.0,50372.0,1.0,1
UMKM-00642,retail ,27,"Rp 23,883,644",32,3.2,15.0,283865.0,0.0,1
UMKM-00643,F&B,68,"Rp 28,219,726",5,3.9,2.0,260809.0,0.0,0
UMKM-00644,fnb,95,"Rp 22,523,136",38,,0.0,252459.0,2.0,0
UMKM-00645,F&B,6,"Rp 24,939,733",17,3.6,0.0,,0.0,0
UMKM-00646,RETAIL,112,"Rp 28,387,010",8,3.3,0.0,173297.0,0.0,0
UMKM-00647,nan,88,"Rp 23,565,989",7,2.5,0.0,178058.0,1.0,0
UMKM-00648,Fashion,21,"Rp 15,528,821",24,1.6,0.0,113615.0,0.0,0
UMKM-00649,retail ,33,"Rp 29,487,437",30,4.8,,296576.0,0.0,0
UMKM-00650,F&B,3,"Rp 25,294,691",41,2.8,0.0,341589.0,0.0,1
UMKM-00651,F&B,112,"Rp 7,923,985",3,3.3,2.0,240219.0,0.0,0
UMKM-00652,fnb,15,"Rp 47,329,192",19,4.0,0.0,397676.0,0.0,0
UMKM-00653,Fashion,70,"Rp 11,740,049",27,1.3,,421579.0,4.0,0
UMKM-00654, F & B ,113,23878786,39,4.4,30.0,467347.0,1.0,1
UMKM-00655,F&B,23,"Rp 12,313,161",0,4.2,0.0,465950.0,1.0,0
UMKM-00656,RETAIL,27,"Rp 9,032,304",39,,,215172.0,1.0,0
UMKM-00657,Jasa,101,"Rp 36,821,030",43,1.1,2.0,457954.0,2.0,1
UMKM-00658,retail ,56,9451392,22,3.1,0.0,126974.0,1.0,0
UMKM-00659,F&B,111,33424666,12,1.2,2.0,171049.0,2.0,1
UMKM-00660,RETAIL,9,22904952,15,3.2,0.0,229871.0,0.0,2
UMKM-00661,RETAIL,-4,"Rp 6,897,162",25,3.9,2.0,490645.0,0.0,0
UMKM-00662,retail ,46,14403760,30,1.5,,443971.0,2.0,1
UMKM-00663, F & B ,97,"Rp 41,063,108",0,,5.0,112716.0,3.0,2
UMKM-00664,RETAIL,111,5910662,16,2.8,0.0,381205.0,0.0,0
UMKM-00665,Jasa,38,11848338,15,4.2,0.0,79884.0,1.0,0
UMKM-00666,RETAIL,48,30603896,36,3.1,0.0,51796.0,1.0,0
UMKM-00667,RETAIL,12,8776604,9,2.3,0.0,456970.0,0.0,0
UMKM-00668,RETAIL,-3,"Rp 11,129,678",37,,0.0,193233.0,3.0,1
UMKM-00669,nan,1,"Rp 10,897,442",43,4.6,0.0,429891.0,1.0,0
UMKM-00670,nan,37,"Rp 34,343,598",30,2.8,5.0,117713.0,1.0,0
UMKM-00671, F & B ,76,2035108,9,2.6,5.0,405812.0,0.0,1
UMKM-00672,F&B,102,33324470,33,,0.0,379730.0,0.0,0
UMKM-00673,RETAIL,32,"Rp 30,503,563",5,2.5,0.0,494357.0,0.0,0
UMKM-00674,Fashion,31,"Rp 18,255,581",27,,0.0,434350.0,0.0,2
UMKM-00675,F&B,52,22933587,27,4.0,0.0,402810.0,0.0,0
UMKM-00676, F & B ,27,"Rp 3,074,242",12,1.9,0.0,163796.0,2.0,0
UMKM-00677,Retail,102,"Rp 39,787,193",40,2.7,0.0,88577.0,1.0,1
UMKM-00678,F&B,53,46158440,11,1.8,2.0,104765.0,0.0,1
UMKM-00679,F&B,89,"Rp 18,271,425",39,4.8,30.0,74841.0,0.0,1
UMKM-00680,jasa,116,26779222,1,3.4,0.0,,1.0,0
UMKM-00681,fnb,5,"Rp 19,311,446",7,4.0,5.0,158567.0,0.0,1
UMKM-00682,jasa,62,24333626,41,3.9,0.0,271717.0,,0
UMKM-00683,Jasa,117,"Rp 27,929,620",8,4.5,30.0,285352.0,2.0,1
UMKM-00684,nan,76,23228367,7,4.8,0.0,162642.0,2.0,0
UMKM-00685,nan,62,"Rp 30,956,104",2,1.1,0.0,258783.0,0.0,2
UMKM-00686,fnb,107,2766299,8,4.9,0.0,117229.0,2.0,0
UMKM-00687,retail ,92,"Rp 47,410,650",12,,0.0,439999.0,0.0,0
UMKM-00688,retail ,87,"Rp 16,277,887",8,2.5,2.0,113914.0,1.0,1
UMKM-00689, F & B ,82,"Rp 41,441,040",30,,,232275.0,0.0,0
UMKM-00690,fnb,16,"Rp 17,387,621",24,3.9,5.0,274874.0,1.0,0
UMKM-00691,F&B,60,"Rp 25,235,619",43,4.2,0.0,423543.0,0.0,0
UMKM-00692,retail ,38,"Rp 19,439,872",44,1.9,2.0,326982.0,0.0,0
UMKM-00693,RETAIL,0,28776190,7,3.6,2.0,151224.0,0.0,0
UMKM-00694,Fashion,36,"Rp 44,177,639",30,1.1,15.0,136765.0,0.0,2
UMKM-00695,F&B,19,49054070,44,4.4,5.0,119703.0,1.0,0
UMKM-00696,Jasa,113,"Rp 39,511,212",44,4.8,2.0,203687.0,4.0,0
UMKM-00697,RETAIL,51,38877674,30,,2.0,496991.0,2.0,0
UMKM-00698,RETAIL,79,"Rp 33,254,147",16,3.1,5.0,353989.0,0.0,0
UMKM-00699,fnb,49,"Rp 37,426,144",18,3.9,0.0,88907.0,0.0,0
UMKM-00700, F & B ,117,"Rp 13,505,751",2,2.3,0.0,474374.0,0.0,0
UMKM-00701,Jasa,10,"Rp 41,457,970",29,3.5,2.0,246115.0,0.0,1
UMKM-00702,retail ,89,45920447,9,,30.0,234248.0,4.0,0
UMKM-00703,fnb,8,"Rp 14,049,353",28,1.6,0.0,367565.0,0.0,1
UMKM-00704,retail ,33,41371555,39,1.6,,83330.0,2.0,1
UMKM-00705,fnb,22,"Rp 33,870,547",17,3.9,0.0,229217.0,2.0,0
UMKM-00706,fnb,90,"Rp 48,818,749",11,2.7,0.0,105244.0,1.0,0
UMKM-00707,fnb,86,"Rp 38,121,000",22,4.6,0.0,253600.0,4.0,1
UMKM-00708, F & B ,45,5679020,10,2.2,,258826.0,0.0,0
UMKM-00709,fnb,113,36346795,8,1.2,0.0,433840.0,0.0,0
UMKM-00710,Retail,43,18416138,23,3.6,0.0,90564.0,3.0,0
UMKM-00711,Fashion,3,35332299,24,3.7,0.0,276939.0,1.0,0
UMKM-00712,retail ,52,47003901,24,,2.0,153963.0,0.0,0
UMKM-00713,F&B,39,"Rp 48,814,123",8,3.7,30.0,265963.0,0.0,1
UMKM-00714,jasa,16,28668708,11,3.1,0.0,230568.0,2.0,0
UMKM-00715,Jasa,26,"Rp 16,414,846",10,3.8,15.0,171299.0,0.0,1
UMKM-00716,nan,63,"Rp 32,674,195",37,1.2,,170972.0,3.0,2
UMKM-00717, F & B ,81,"Rp 2,702,424",27,,0.0,112469.0,0.0,0
UMKM-00718,F&B,63,"Rp 12,690,251",7,,5.0,314860.0,1.0,0
UMKM-00719,RETAIL,36,"Rp 18,962,776",9,1.4,0.0,213433.0,1.0,0
UMKM-00720,Retail,47,"Rp 25,794,122",24,,0.0,77254.0,1.0,0
UMKM-00721,nan,90,24287103,35,1.8,2.0,354776.0,0.0,0
UMKM-00722,jasa,53,"Rp 11,149,576",42,,5.0,153964.0,3.0,0
UMKM-00723,F&B,68,"Rp 43,889,341",8,2.1,0.0,159623.0,1.0,1
UMKM-00724,nan,117,"Rp 47,799,153",40,1.9,0.0,333421.0,2.0,2
UMKM-00725,F&B,33,"Rp 47,270,141",7,,,438977.0,0.0,0
UMKM-00726,Retail,116,"Rp 1,867,838",2,,5.0,67503.0,0.0,0
UMKM-00727,jasa,9,"Rp 35,612,312",17,2.7,0.0,150566.0,0.0,1
UMKM-00728,RETAIL,65,4087714,34,2.8,0.0,296502.0,0.0,0
UMKM-00729,fnb,23,"Rp 47,262,899",16,2.7,0.0,399065.0,1.0,0
UMKM-00730,retail ,117,"Rp 17,135,519",35,2.3,0.0,213307.0,0.0,0
UMKM-00731,RETAIL,105,21255408,27,2.1,2.0,388324.0,2.0,1
UMKM-00732,fnb,-3,9856832,14,4.5,2.0,202759.0,0.0,0
UMKM-00733, F & B ,77,46073616,18,1.6,0.0,229481.0,0.0,0
UMKM-00734,Fashion,4,"Rp 12,628,824",21,1.7,5.0,159264.0,3.0,1
UMKM-00735,Jasa,86,44250106,5,3.3,0.0,483314.0,4.0,1
UMKM-00736,Jasa,23,"Rp 14,969,223",6,2.4,2.0,476766.0,3.0,2
UMKM-00737,retail ,73,"Rp 6,600,068",43,2.7,0.0,345008.0,2.0,2
UMKM-00738,jasa,29,"Rp 25,928,872",8,4.2,0.0,189850.0,1.0,0
UMKM-00739,Retail,0,"Rp 35,340,322",19,4.6,0.0,210855.0,3.0,0
UMKM-00740,jasa,6,"Rp 31,790,152",36,4.2,2.0,499029.0,2.0,0
UMKM-00741,Retail,105,"Rp 27,088,053",10,1.9,0.0,409067.0,4.0,1
UMKM-00742,jasa,32,45781149,1,4.9,0.0,259982.0,0.0,0
UMKM-00743,Fashion,71,"Rp 45,546,481",21,2.5,0.0,95596.0,3.0,1
UMKM-00744, F & B ,87,"Rp 25,830,240",35,1.7,0.0,464511.0,1.0,0
UMKM-00745, F & B ,13,"Rp 9,586,625",4,3.0,0.0,461838.0,0.0,0
UMKM-00746,fnb,61,"Rp 39,813,677",6,3.9,2.0,492297.0,0.0,1
UMKM-00747,nan,2,39600960,5,1.3,0.0,468708.0,3.0,0
UMKM-00748, F & B ,2,"Rp 20,646,137",21,3.5,2.0,179739.0,1.0,0
UMKM-00749, F & B ,113,31031192,9,4.4,,69733.0,,0
UMKM-00750,RETAIL,116,"Rp 25,954,255",39,2.0,2.0,159082.0,0.0,0
UMKM-00751,RETAIL,78,"Rp 20,780,441",19,3.8,5.0,62372.0,0.0,0
UMKM-00752,fnb,41,"Rp 11,718,126",27,2.6,5.0,161950.0,0.0,1
UMKM-00753,nan,-2,23414507,22,2.7,,347400.0,1.0,0
UMKM-00754,retail ,45,"Rp 38,782,748",34,,0.0,234017.0,1.0,1
UMKM-00755,RETAIL,79,"Rp 26,832,599",0,3.5,15.0,123353.0,1.0,0
UMKM-00756,retail ,61,31954678,28,2.4,,134757.0,0.0,0
UMKM-00757,F&B,39,"Rp 42,627,022",8,4.3,0.0,245755.0,0.0,0
UMKM-00758,RETAIL,2,"Rp 14,090,642",8,4.9,0.0,309923.0,0.0,1
UMKM-00759,Fashion,81,"Rp 35,008,961",21,4.7,,164687.0,3.0,1
UMKM-00760,nan,10,"Rp 12,249,737",1,1.7,2.0,298146.0,0.0,2
UMKM-00761,fnb,71,"Rp 48,450,466",15,1.1,0.0,309739.0,0.0,0
UMKM-00762,F&B,61,"Rp 27,277,590",39,,5.0,417844.0,0.0,0
UMKM-00763,nan,106,"Rp 25,363,504",5,3.9,0.0,199297.0,2.0,0
UMKM-00764,Fashion,3,"Rp 46,364,187",12,4.9,0.0,108546.0,0.0,0
UMKM-00765,nan,54,"Rp 17,412,182",32,4.1,2.0,301126.0,0.0,0
UMKM-00766,Fashion,72,19088845,18,,2.0,58064.0,1.0,0
UMKM-00767,Fashion,71,12600244,14,1.1,15.0,153073.0,4.0,2
UMKM-00768,retail ,111,16855977,32,4.3,0.0,457202.0,1.0,0
UMKM-00769,jasa,115,"Rp 38,509,212",9,1.7,15.0,353833.0,0.0,1
UMKM-00770,F&B,65,"Rp 47,171,456",0,1.2,0.0,246924.0,1.0,1
UMKM-00771,nan,9,"Rp 49,963,907",11,4.4,2.0,499821.0,4.0,1
UMKM-00772,Retail,65,43237808,42,3.3,0.0,476059.0,1.0,0
UMKM-00773,F&B,96,"Rp 37,907,353",28,1.5,0.0,268061.0,0.0,0
UMKM-00774,jasa,92,"Rp 17,838,480",16,2.5,30.0,356150.0,0.0,2
UMKM-00775,F&B,35,"Rp 39,648,934",3,1.3,0.0,82195.0,4.0,2
UMKM-00776, F & B ,16,"Rp 33,144,598",28,3.6,15.0,312347.0,2.0,2
UMKM-00777,Retail,18,"Rp 34,547,455",6,2.1,0.0,483879.0,1.0,1
UMKM-00778,jasa,107,3459507,43,4.5,0.0,490030.0,0.0,0
UMKM-00779,retail ,95,47781134,12,2.4,0.0,357392.0,1.0,1
UMKM-00780,nan,38,30803276,4,3.0,5.0,319604.0,0.0,1
UMKM-00781,Jasa,-5,"Rp 4,452,097",5,1.3,0.0,168463.0,0.0,1
UMKM-00782,jasa,4,"Rp 33,114,043",33,2.1,2.0,274128.0,3.0,0
UMKM-00783,fnb,101,"Rp 8,292,306",6,3.7,2.0,369374.0,0.0,0
UMKM-00784,nan,74,"Rp 12,739,799",27,3.9,0.0,499292.0,0.0,0
UMKM-00785,jasa,104,"Rp 37,634,634",9,2.0,0.0,172268.0,4.0,1
UMKM-00786, F & B ,66,40557306,3,3.0,0.0,235782.0,0.0,1
UMKM-00787,Jasa,50,8518933,2,,,185427.0,2.0,1
UMKM-00788, F & B ,107,"Rp 29,887,817",24,2.5,0.0,81935.0,1.0,0
UMKM-00789,Jasa,83,"Rp 33,939,304",22,1.5,0.0,167739.0,3.0,0
UMKM-00790,fnb,44,"Rp 44,891,098",26,2.7,0.0,52663.0,2.0,1
UMKM-00791,nan,6,"Rp 6,792,819",13,3.4,2.0,222463.0,2.0,1
UMKM-00792,retail ,83,26788031,37,1.0,2.0,407047.0,0.0,0
UMKM-00793, F & B ,75,"Rp 8,642,139",31,2.4,,462762.0,0.0,0
UMKM-00794, F & B ,54,"Rp 10,030,672",22,3.4,30.0,268070.0,4.0,2
UMKM-00795,Fashion,20,33685284,39,4.8,0.0,443254.0,0.0,0
UMKM-00796,Jasa,104,"Rp 32,983,357",36,2.6,0.0,228884.0,2.0,1
UMKM-00797,RETAIL,106,"Rp 44,928,540",2,1.7,5.0,240934.0,0.0,0
UMKM-00798,nan,72,10698597,34,3.1,,60318.0,0.0,0
UMKM-00799,Jasa,35,43111718,12,2.1,0.0,452136.0,0.0,0
UMKM-00800,Fashion,30,"Rp 40,365,735",33,1.9,0.0,373387.0,0.0,0
UMKM-00801,F&B,115,"Rp 39,834,379",23,,30.0,298925.0,,1
UMKM-00802,Jasa,17,"Rp 26,336,747",0,4.7,0.0,235003.0,3.0,2
UMKM-00803,retail ,37,"Rp 18,295,177",11,4.3,0.0,160723.0,1.0,0
UMKM-00804,nan,0,"Rp 16,936,565",7,1.7,,396188.0,2.0,1
UMKM-00805,Fashion,105,2035598,18,4.1,15.0,260865.0,1.0,2
UMKM-00806,F&B,63,"Rp 20,289,118",8,1.9,0.0,204855.0,2.0,1
UMKM-00807,Retail,37,"Rp 8,169,158",27,,0.0,86902.0,2.0,0
UMKM-00808,Fashion,19,"Rp 34,718,376",13,,0.0,409989.0,0.0,0
UMKM-00809,Retail,12,"Rp 45,539,145",26,4.6,,269286.0,0.0,0
UMKM-00810,nan,56,"Rp 28,856,367",17,,,217611.0,1.0,0
UMKM-00811, F & B ,7,3969852,41,1.3,5.0,261919.0,4.0,0
UMKM-00812,Fashion,37,"Rp 42,505,062",40,2.2,0.0,383218.0,1.0,0
UMKM-00813,fnb,72,"Rp 23,502,043",5,3.3,0.0,,3.0,0
UMKM-00814,Retail,22,7800541,32,,2.0,249865.0,2.0,0
UMKM-00815,retail ,12,"Rp 39,310,436",36,1.5,0.0,416909.0,1.0,0
UMKM-00816,fnb,53,49737346,41,2.7,2.0,96543.0,3.0,1
UMKM-00817,jasa,54,"Rp 8,689,969",24,2.1,2.0,61398.0,0.0,0
UMKM-00818,jasa,57,"Rp 4,871,018",12,1.1,0.0,276806.0,0.0,1
UMKM-00819,F&B,51,17223694,22,,,268380.0,2.0,0
UMKM-00820, F & B ,86,"Rp 10,459,412",35,4.3,0.0,457988.0,0.0,0
UMKM-00821,nan,45,"Rp 7,412,083",32,1.9,5.0,311617.0,0.0,0
UMKM-00822,Fashion,50,"Rp 28,603,044",20,1.6,0.0,385580.0,1.0,0
UMKM-00823,RETAIL,21,8875639,33,1.6,5.0,472227.0,0.0,0
UMKM-00824,retail ,26,33209731,35,2.9,2.0,159809.0,4.0,1
UMKM-00825,Retail,105,"Rp 15,301,576",16,,0.0,100396.0,4.0,1
UMKM-00826,nan,3,47378726,9,3.0,0.0,160583.0,1.0,1
UMKM-00827,fnb,98,"Rp 22,787,497",22,,0.0,116193.0,1.0,0
UMKM-00828,jasa,90,"Rp 41,362,075",43,1.8,0.0,421605.0,2.0,0
UMKM-00829,retail ,78,"Rp 17,727,830",1,4.0,5.0,70840.0,0.0,0
UMKM-00830,RETAIL,86,"Rp 6,210,558",34,1.6,0.0,,0.0,0
UMKM-00831,Fashion,91,"Rp 32,162,476",13,4.2,0.0,271039.0,2.0,0
UMKM-00832,F&B,62,"Rp 33,181,415",44,3.2,0.0,208691.0,2.0,0
UMKM-00833,RETAIL,40,"Rp 12,966,251",40,4.3,2.0,148119.0,0.0,0
UMKM-00834,retail ,115,"Rp 14,012,949",1,1.0,5.0,130061.0,2.0,1
UMKM-00835,RETAIL,92,"Rp 20,167,127",18,4.0,0.0,376044.0,1.0,0
UMKM-00836,retail ,106,25917426,15,1.2,2.0,95384.0,0.0,0
UMKM-00837,retail ,61,17208313,42,,15.0,174679.0,1.0,1
UMKM-00838,Jasa,20,"Rp 19,503,897",43,3.8,0.0,342061.0,0.0,1
UMKM-00839,Retail,2,"Rp 1,117,408",24,2.3,5.0,424445.0,0.0,1
UMKM-00840,jasa,0,"Rp 35,190,863",0,2.3,0.0,,2.0,1
UMKM-00841,Jasa,74,"Rp 32,351,061",1,4.4,0.0,,3.0,0
UMKM-00842,Fashion,18,43742328,26,4.6,2.0,368569.0,0.0,1
UMKM-00843,Jasa,42,"Rp 3,036,721",1,,0.0,130116.0,3.0,1
UMKM-00844, F & B ,97,"Rp 33,738,154",29,4.2,15.0,,0.0,1
UMKM-00845, F & B ,88,"Rp 11,029,521",9,4.3,0.0,373465.0,0.0,0
UMKM-00846,jasa,39,"Rp 7,087,494",18,3.3,0.0,,0.0,0
UMKM-00847,RETAIL,7,23940401,41,1.1,2.0,238161.0,0.0,1
UMKM-00848,Retail,63,"Rp 34,259,097",15,1.3,2.0,414117.0,0.0,0
UMKM-00849,jasa,19,"Rp 32,143,495",12,3.6,5.0,168880.0,3.0,0
UMKM-00850,retail ,14,26483622,7,2.6,0.0,97055.0,0.0,1
UMKM-00851,fnb,112,"Rp 9,879,391",30,3.3,15.0,313081.0,0.0,1
UMKM-00852,Retail,76,"Rp 22,813,333",44,1.9,,311049.0,2.0,2
UMKM-00853,Retail,105,"Rp 18,884,393",24,3.6,0.0,268588.0,0.0,0
UMKM-00854,retail ,76,"Rp 33,127,288",38,,5.0,329817.0,1.0,0
UMKM-00855,retail ,60,43729836,20,2.8,2.0,152974.0,0.0,1
UMKM-00856,F&B,68,"Rp 6,408,520",37,2.9,0.0,297910.0,0.0,0
UMKM-00857,jasa,113,9070024,40,,0.0,385101.0,2.0,0
UMKM-00858,retail ,39,"Rp 6,512,460",28,4.5,0.0,229654.0,0.0,0
UMKM-00859, F & B ,108,38049017,5,3.1,,472716.0,0.0,0
UMKM-00860,Fashion,41,"Rp 36,547,266",17,4.5,0.0,238928.0,0.0,0
UMKM-00861,fnb,57,"Rp 33,530,400",43,2.1,2.0,62953.0,0.0,0
UMKM-00862,jasa,70,"Rp 13,512,020",34,1.7,0.0,117052.0,1.0,2
UMKM-00863,nan,105,39860607,26,1.1,2.0,227412.0,0.0,0
UMKM-00864, F & B ,71,"Rp 40,203,166",4,1.4,0.0,93042.0,1.0,2
UMKM-00865,RETAIL,108,"Rp 6,194,914",6,1.6,5.0,431324.0,1.0,1
UMKM-00866,retail ,105,5716302,9,,0.0,383850.0,0.0,0
UMKM-00867,nan,115,"Rp 17,379,767",9,4.6,30.0,207579.0,4.0,2
UMKM-00868,retail ,49,"Rp 3,473,055",27,4.6,15.0,174765.0,4.0,2
UMKM-00869,Retail,69,"Rp 2,327,877",35,4.7,2.0,183425.0,1.0,0
UMKM-00870, F & B ,13,"Rp 25,293,885",9,4.8,0.0,324143.0,0.0,0
UMKM-00871,Retail,29,24794028,34,3.0,0.0,388618.0,0.0,0
UMKM-00872,F&B,97,"Rp 37,241,760",34,3.1,30.0,113134.0,0.0,1
UMKM-00873,Retail,47,"Rp 41,033,055",36,1.5,0.0,443796.0,0.0,0
UMKM-00874,F&B,20,19677171,19,1.5,0.0,266321.0,0.0,0
UMKM-00875,F&B,104,"Rp 44,848,928",12,4.1,2.0,254901.0,2.0,0
UMKM-00876,nan,8,"Rp 21,976,027",10,4.4,0.0,120086.0,0.0,0
UMKM-00877,retail ,112,"Rp 40,686,878",44,4.1,0.0,95248.0,4.0,0
UMKM-00878,RETAIL,39,"Rp 35,226,657",18,4.3,2.0,429795.0,0.0,0
UMKM-00879,Retail,38,21287679,27,2.1,0.0,308945.0,1.0,0
UMKM-00880, F & B ,82,27606158,37,,0.0,374393.0,3.0,0
UMKM-00881,F&B,99,"Rp 45,067,405",44,2.8,2.0,246906.0,0.0,0
UMKM-00882,retail ,59,37625042,3,5.0,0.0,217956.0,4.0,1
UMKM-00883,fnb,45,"Rp 12,591,786",36,4.8,5.0,459644.0,0.0,0
UMKM-00884,jasa,37,26563517,18,3.4,0.0,57647.0,4.0,2
UMKM-00885,nan,113,"Rp 38,286,670",36,,2.0,118079.0,4.0,1
UMKM-00886,RETAIL,80,"Rp 9,306,931",13,2.0,0.0,266851.0,0.0,0
UMKM-00887,Jasa,17,"Rp 28,781,704",30,2.5,0.0,251386.0,2.0,0
UMKM-00888,nan,50,13213092,27,,0.0,130094.0,0.0,0
UMKM-00889,fnb,112,12547091,35,1.7,0.0,103546.0,0.0,0
UMKM-00890,jasa,13,48842145,43,1.9,15.0,495920.0,0.0,2
UMKM-00891,fnb,76,33648101,37,2.4,0.0,393063.0,0.0,0
UMKM-00892,Retail,70,"Rp 21,112,921",18,4.7,2.0,342177.0,1.0,0
UMKM-00893,F&B,49,"Rp 23,189,265",41,,,397219.0,0.0,0
UMKM-00894,RETAIL,86,"Rp 19,121,307",0,3.6,2.0,296047.0,2.0,2
UMKM-00895,Fashion,86,"Rp 5,329,394",22,,0.0,397769.0,0.0,0
UMKM-00896,F&B,54,"Rp 35,346,056",27,1.8,0.0,410964.0,4.0,1
UMKM-00897,Fashion,53,"Rp 8,079,903",3,,,310993.0,0.0,1
UMKM-00898,jasa,27,"Rp 22,866,106",40,4.2,2.0,81000.0,0.0,0
UMKM-00899,retail ,13,"Rp 2,601,207",17,4.6,2.0,122113.0,2.0,0
UMKM-00900,Jasa,22,"Rp 31,215,866",38,3.0,0.0,193701.0,3.0,0
UMKM-00901, F & B ,117,"Rp 23,025,925",24,2.4,15.0,287478.0,2.0,1
UMKM-00902,F&B,46,27773069,17,4.2,5.0,479642.0,0.0,0
UMKM-00903,RETAIL,119,45252345,5,3.7,0.0,450138.0,0.0,0
UMKM-00904,fnb,43,"Rp 32,737,687",18,1.2,2.0,405579.0,0.0,0
UMKM-00905,RETAIL,31,23980906,11,2.4,0.0,176956.0,1.0,0
UMKM-00906,jasa,20,"Rp 11,806,322",24,3.7,0.0,276371.0,0.0,0
UMKM-00907,Fashion,93,"Rp 15,377,746",34,3.3,15.0,250544.0,0.0,1
UMKM-00908,fnb,92,47661780,0,4.9,0.0,149294.0,1.0,0
UMKM-00909, F & B ,93,14180114,4,4.5,2.0,373193.0,2.0,0
UMKM-00910, F & B ,34,"Rp 31,913,815",0,1.2,0.0,146155.0,2.0,2
UMKM-00911,F&B,74,"Rp 32,382,041",7,3.9,0.0,319865.0,0.0,0
UMKM-00912,jasa,32,38637804,38,,0.0,428683.0,1.0,0
UMKM-00913,retail ,71,"Rp 32,401,115",42,3.7,,,0.0,0
UMKM-00914,jasa,81,"Rp 21,670,839",17,3.5,0.0,413157.0,0.0,0
UMKM-00915,Fashion,118,"Rp 13,775,505",8,3.0,0.0,496375.0,2.0,0
UMKM-00916,RETAIL,48,32797739,4,4.4,2.0,161870.0,1.0,0
UMKM-00917, F & B ,16,"Rp 31,701,923",3,,0.0,117714.0,2.0,2
UMKM-00918,RETAIL,10,7191081,43,4.6,0.0,,0.0,0
UMKM-00919,RETAIL,22,"Rp 15,220,331",28,2.1,0.0,161992.0,3.0,1
UMKM-00920,RETAIL,106,"Rp 42,864,172",0,2.4,0.0,321891.0,0.0,2
UMKM-00921, F & B ,29,"Rp 10,900,154",29,3.5,0.0,,3.0,0
UMKM-00922,nan,54,"Rp 25,051,036",44,4.9,0.0,436246.0,0.0,0
UMKM-00923,Retail,39,"Rp 5,821,699",0,2.5,0.0,202390.0,0.0,1
UMKM-00924,Fashion,40,"Rp 41,159,561",2,1.1,5.0,179244.0,0.0,1
UMKM-00925,nan,66,40726488,21,2.8,0.0,207691.0,0.0,1
UMKM-00926,Fashion,102,"Rp 2,496,030",7,3.2,,123640.0,0.0,0
UMKM-00927,fnb,49,"Rp 12,237,698",17,4.2,2.0,359890.0,4.0,1
UMKM-00928,jasa,113,17788225,24,3.9,0.0,188410.0,0.0,2
UMKM-00929,jasa,80,"Rp 22,149,688",19,4.9,,,1.0,0
UMKM-00930,Jasa,79,19500696,30,4.1,0.0,441655.0,3.0,0
UMKM-00931,jasa,20,9313264,29,2.2,0.0,277681.0,1.0,0
UMKM-00932, F & B ,98,21476613,15,3.6,0.0,368644.0,0.0,2
UMKM-00933,retail ,79,"Rp 49,624,409",1,3.7,5.0,192395.0,,0
UMKM-00934,F&B,19,"Rp 36,545,799",16,5.0,0.0,261158.0,0.0,0
UMKM-00935,Jasa,99,"Rp 16,796,762",9,1.6,0.0,,1.0,0
UMKM-00936,F&B,59,"Rp 9,718,936",6,1.8,0.0,310023.0,2.0,1
UMKM-00937,Fashion,0,"Rp 32,890,577",41,1.6,5.0,178191.0,0.0,1
UMKM-00938,F&B,17,"Rp 22,186,229",8,3.4,0.0,331063.0,2.0,0
UMKM-00939,F&B,109,33420096,16,1.5,0.0,199728.0,0.0,1
UMKM-00940,Jasa,58,"Rp 20,485,884",8,3.6,0.0,299223.0,0.0,0
UMKM-00941,fnb,81,2000294,8,4.2,15.0,366100.0,0.0,2
UMKM-00942,RETAIL,37,"Rp 46,141,494",36,2.7,0.0,66544.0,4.0,0
UMKM-00943,jasa,101,27112808,23,3.2,0.0,100936.0,3.0,0
UMKM-00944,jasa,17,"Rp 25,951,460",38,4.7,15.0,240360.0,0.0,2
UMKM-00945, F & B ,90,3285362,10,3.3,0.0,269590.0,0.0,0
UMKM-00946,Jasa,24,46393415,7,1.8,2.0,331710.0,0.0,0
UMKM-00947, F & B ,71,"Rp 43,120,305",24,2.4,,438998.0,1.0,0
UMKM-00948,retail ,101,"Rp 42,415,223",1,3.1,15.0,64880.0,3.0,2
UMKM-00949,retail ,12,"Rp 47,985,134",9,1.6,0.0,495992.0,4.0,0
UMKM-00950, F & B ,81,"Rp 46,169,625",23,3.5,0.0,193008.0,2.0,0
UMKM-00951,Jasa,73,"Rp 12,916,937",15,,0.0,408428.0,1.0,0
UMKM-00952, F & B ,91,"Rp 20,813,989",18,3.6,,304718.0,0.0,0
UMKM-00953,jasa,15,"Rp 14,890,893",30,2.5,,62198.0,0.0,1
UMKM-00954,nan,51,"Rp 38,938,864",10,2.3,0.0,58376.0,1.0,0
UMKM-00955,Retail,97,"Rp 28,141,380",5,4.7,2.0,117432.0,1.0,0
UMKM-00956,F&B,17,"Rp 12,879,286",5,,15.0,421935.0,2.0,1
UMKM-00957,Retail,85,"Rp 5,773,598",31,2.9,0.0,478388.0,0.0,0
UMKM-00958,Jasa,39,2660102,38,2.4,0.0,265531.0,0.0,2
UMKM-00959,Retail,38,45288210,12,3.8,0.0,460332.0,0.0,1
UMKM-00960,retail ,76,"Rp 36,066,142",2,2.3,0.0,113295.0,4.0,2
UMKM-00961,Fashion,82,"Rp 26,998,054",40,1.5,30.0,453029.0,2.0,2
UMKM-00962,F&B,109,14708759,34,2.2,,279953.0,0.0,0
UMKM-00963,RETAIL,41,"Rp 7,807,087",37,,0.0,101313.0,3.0,0
UMKM-00964,Jasa,34,"Rp 38,616,748",16,2.0,0.0,156873.0,0.0,1
UMKM-00965,F&B,45,40141671,2,1.9,0.0,332376.0,0.0,1
UMKM-00966,Retail,36,"Rp 46,131,781",33,1.0,5.0,264300.0,0.0,1
UMKM-00967,retail ,1,"Rp 30,329,957",11,3.5,2.0,345753.0,1.0,0
UMKM-00968,fnb,44,"Rp 2,655,464",23,3.5,2.0,429003.0,1.0,0
UMKM-00969,nan,42,"Rp 10,795,427",5,,2.0,351165.0,1.0,0
UMKM-00970,RETAIL,78,"Rp 42,931,546",41,4.8,0.0,95108.0,1.0,0
UMKM-00971,nan,85,"Rp 14,947,082",10,2.6,0.0,442365.0,0.0,0
UMKM-00972,F&B,0,"Rp 32,842,064",26,1.1,,272886.0,0.0,1
UMKM-00973,retail ,85,"Rp 1,878,835",23,1.9,0.0,257435.0,2.0,2
UMKM-00974,retail ,3,"Rp 49,673,094",17,3.8,2.0,135305.0,1.0,0
UMKM-00975,Retail,111,"Rp 26,789,402",26,1.8,0.0,54821.0,0.0,0
UMKM-00976,jasa,103,"Rp 8,556,142",40,1.2,2.0,432645.0,0.0,0
UMKM-00977,Retail,51,37831992,20,3.5,2.0,198869.0,0.0,0
UMKM-00978,jasa,25,20947086,33,3.1,2.0,115580.0,0.0,0
UMKM-00979,jasa,15,45412525,32,4.0,30.0,461286.0,0.0,1
UMKM-00980,RETAIL,84,6088268,17,,0.0,317380.0,0.0,0
UMKM-00981,Retail,34,"Rp 29,197,770",2,4.8,2.0,76745.0,2.0,0
UMKM-00982,fnb,106,"Rp 41,834,427",23,1.2,0.0,,0.0,0
UMKM-00983, F & B ,39,"Rp 24,200,108",0,1.2,5.0,143353.0,2.0,1
UMKM-00984, F & B ,71,"Rp 20,156,309",5,4.9,0.0,200181.0,2.0,2
UMKM-00985,Retail,43,"Rp 23,257,499",18,3.6,15.0,207071.0,0.0,1
UMKM-00986,Retail,81,"Rp 15,188,311",21,,0.0,483993.0,1.0,1
UMKM-00987,nan,14,"Rp 3,760,451",42,1.4,0.0,316158.0,0.0,2
UMKM-00988,RETAIL,95,"Rp 30,963,888",7,1.3,0.0,88548.0,1.0,1
UMKM-00989,Retail,112,"Rp 43,640,429",4,,,251203.0,0.0,2
UMKM-00990,nan,111,"Rp 7,369,553",8,2.7,0.0,91033.0,0.0,0
UMKM-00991,jasa,86,40987407,20,1.4,0.0,495386.0,1.0,0
UMKM-00992,retail ,11,"Rp 46,709,216",27,2.8,0.0,351204.0,0.0,1
UMKM-00993,retail ,22,"Rp 22,018,460",3,3.2,0.0,379240.0,0.0,1
UMKM-00994,jasa,35,15765065,23,1.0,0.0,,0.0,0
UMKM-00995,Jasa,60,"Rp 45,792,350",7,,2.0,126860.0,0.0,1
UMKM-00996,nan,19,"Rp 37,402,843",16,,0.0,404145.0,3.0,0
UMKM-00997,nan,52,21121659,33,1.2,2.0,145285.0,0.0,1
UMKM-00998,jasa,108,"Rp 10,445,112",19,1.5,0.0,75822.0,0.0,0
UMKM-00999,fnb,35,"Rp 17,300,930",15,1.9,0.0,132392.0,0.0,0
UMKM-01000,Fashion,0,"Rp 36,998,581",9,2.7,2.0,170123.0,0.0,1
UMKM-01001,F&B,69,"Rp 41,484,790",33,3.9,0.0,84985.0,1.0,0
UMKM-01002,jasa,115,"Rp 36,769,101",42,1.5,0.0,75276.0,0.0,0
UMKM-01003,Retail,119,"Rp 25,273,337",9,,0.0,486255.0,2.0,0
UMKM-01004,Retail,32,"Rp 16,807,704",29,4.4,0.0,263044.0,1.0,0
UMKM-01005,RETAIL,0,"Rp 30,754,903",29,,2.0,184059.0,0.0,0
UMKM-01006,jasa,39,30309935,24,1.2,2.0,320474.0,1.0,0
UMKM-01007,RETAIL,69,"Rp 45,603,078",42,2.8,2.0,207045.0,1.0,0
UMKM-01008,jasa,8,"Rp 27,352,995",40,3.6,0.0,461737.0,0.0,1
UMKM-01009,nan,60,"Rp 3,933,361",6,,0.0,280203.0,0.0,0
UMKM-01010,F&B,34,"Rp 34,976,087",19,4.8,0.0,387955.0,0.0,0
UMKM-01011,nan,-3,"Rp 15,010,010",16,2.6,2.0,98119.0,0.0,2
UMKM-01012,Fashion,113,"Rp 1,799,717",2,3.5,0.0,426763.0,0.0,1
UMKM-01013,retail ,111,"Rp 40,201,501",39,4.6,0.0,470768.0,1.0,0
UMKM-01014, F & B ,93,49781478,35,4.3,5.0,275833.0,2.0,0
UMKM-01015,jasa,91,"Rp 15,584,766",25,2.9,0.0,349747.0,3.0,1
UMKM-01016,Fashion,18,"Rp 18,699,022",9,2.0,,78940.0,1.0,0
UMKM-01017,retail ,13,"Rp 29,572,953",33,1.5,0.0,489181.0,1.0,2
UMKM-01018,Jasa,12,"Rp 43,734,083",13,,5.0,,1.0,0
UMKM-01019,F&B,58,42428124,7,3.9,0.0,,,0
UMKM-01020,RETAIL,107,"Rp 12,689,720",26,4.9,30.0,254010.0,0.0,1
UMKM-01021,RETAIL,110,"Rp 35,748,160",9,,0.0,348105.0,0.0,0
UMKM-01022,nan,119,22838570,14,,0.0,317072.0,0.0,0
UMKM-01023,Retail,82,33352109,36,3.9,0.0,59604.0,0.0,0
UMKM-01024,retail ,103,15700938,21,2.2,,98029.0,0.0,0
UMKM-01025,Jasa,29,"Rp 36,058,761",44,3.7,,405444.0,0.0,0
UMKM-01026,Fashion,56,"Rp 19,555,066",30,3.7,0.0,194849.0,0.0,0
UMKM-01027,F&B,-5,"Rp 24,463,485",1,2.1,2.0,483580.0,4.0,2
UMKM-01028,retail ,94,"Rp 18,313,104",44,,2.0,102068.0,4.0,1
UMKM-01029,Jasa,19,"Rp 16,601,315",30,1.4,0.0,468807.0,2.0,1
UMKM-01030, F & B ,39,7971631,13,1.2,0.0,251145.0,0.0,0
UMKM-01031,jasa,43,"Rp 14,322,772",9,4.4,,242550.0,3.0,0
UMKM-01032,RETAIL,118,"Rp 30,978,764",29,1.2,0.0,237275.0,3.0,0
UMKM-01033,Fashion,101,"Rp 19,980,104",35,,0.0,212977.0,3.0,1
UMKM-01034,RETAIL,92,"Rp 28,025,546",39,2.0,0.0,162236.0,1.0,0
UMKM-01035,Fashion,83,"Rp 13,513,349",14,4.6,0.0,153949.0,0.0,0
UMKM-01036,nan,10,"Rp 20,329,408",13,2.3,2.0,185333.0,0.0,1
UMKM-01037,Retail,92,"Rp 11,922,181",30,1.8,0.0,477919.0,3.0,2
UMKM-01038,Fashion,87,"Rp 2,724,620",28,3.9,0.0,87306.0,0.0,0
UMKM-01039,RETAIL,13,39724151,26,,0.0,382106.0,0.0,0
UMKM-01040,nan,17,"Rp 46,055,774",20,2.3,0.0,,0.0,0
UMKM-01041,Fashion,77,"Rp 5,830,165",8,4.0,0.0,444574.0,0.0,0
UMKM-01042, F & B ,19,7566692,19,2.0,30.0,391103.0,3.0,1
UMKM-01043,Retail,10,18135278,34,4.6,0.0,84537.0,0.0,0
UMKM-01044,Fashion,48,8248730,14,3.2,5.0,77337.0,0.0,0
UMKM-01045,nan,109,"Rp 49,259,953",23,3.2,0.0,437906.0,,1
UMKM-01046,retail ,67,"Rp 45,898,291",15,2.1,0.0,179162.0,0.0,0
UMKM-01047,fnb,-5,"Rp 3,077,645",35,4.3,0.0,309850.0,3.0,1
UMKM-01048,Jasa,36,"Rp 35,955,903",10,3.3,2.0,375391.0,0.0,0
UMKM-01049,fnb,13,"Rp 49,297,390",7,,15.0,403445.0,1.0,1
UMKM-01050,fnb,91,"Rp 22,557,113",2,1.8,0.0,489709.0,0.0,1
UMKM-01051,F&B,28,36270980,18,2.9,0.0,329720.0,1.0,0
UMKM-01052, F & B ,74,"Rp 5,952,505",40,4.1,2.0,85584.0,0.0,0
UMKM-01053,retail ,102,"Rp 47,347,043",2,4.8,0.0,351179.0,4.0,2
UMKM-01054,jasa,98,5100321,35,3.7,2.0,143733.0,0.0,0
UMKM-01055,Fashion,49,"Rp 30,324,351",24,3.0,0.0,466625.0,0.0,0
UMKM-01056,Jasa,12,"Rp 34,534,918",35,2.0,2.0,448072.0,3.0,1
UMKM-01057,Retail,28,36652143,10,3.7,2.0,408124.0,0.0,1
UMKM-01058,retail ,83,40649993,15,4.9,0.0,268209.0,1.0,0
UMKM-01059,RETAIL,119,1037361,16,2.9,2.0,294795.0,1.0,1
UMKM-01060,jasa,39,"Rp 16,547,216",41,1.6,0.0,399307.0,0.0,0
UMKM-01061,F&B,0,"Rp 20,676,061",23,1.4,0.0,484401.0,0.0,0
UMKM-01062,F&B,15,"Rp 42,701,268",16,2.1,0.0,256778.0,4.0,0
UMKM-01063,retail ,116,4463227,19,3.3,0.0,253363.0,0.0,1
UMKM-01064,nan,64,"Rp 37,012,288",21,4.8,0.0,269459.0,0.0,0
UMKM-01065,fnb,90,"Rp 36,316,288",5,,,479961.0,1.0,0
UMKM-01066,RETAIL,99,12960096,6,2.2,2.0,472928.0,0.0,0
UMKM-01067,F&B,42,"Rp 34,554,469",13,2.9,0.0,324167.0,2.0,0
UMKM-01068,Jasa,101,"Rp 16,378,456",10,4.7,15.0,311199.0,0.0,1
UMKM-01069,F&B,33,"Rp 29,783,001",11,2.7,0.0,437668.0,3.0,2
UMKM-01070,Retail,25,47440908,4,1.9,2.0,412331.0,0.0,1
UMKM-01071,Fashion,100,26787355,4,1.7,0.0,112919.0,0.0,1
UMKM-01072,F&B,4,"Rp 21,181,374",19,2.8,5.0,50540.0,2.0,1
UMKM-01073,Retail,24,"Rp 18,480,861",14,4.2,5.0,,0.0,0
UMKM-01074,retail ,115,"Rp 25,908,847",25,2.2,2.0,300845.0,0.0,0
UMKM-01075,retail ,110,"Rp 10,694,535",32,,0.0,,2.0,0
UMKM-01076,jasa,12,"Rp 47,923,182",29,3.4,0.0,153030.0,1.0,0
UMKM-01077,F&B,54,"Rp 35,148,407",23,2.8,0.0,377033.0,0.0,1
UMKM-01078,Jasa,82,"Rp 16,562,820",22,1.8,0.0,204478.0,0.0,0
UMKM-01079,F&B,110,"Rp 38,537,495",8,,0.0,99054.0,2.0,0
UMKM-01080,Jasa,119,"Rp 3,282,373",2,,2.0,231912.0,0.0,2
UMKM-01081, F & B ,67,"Rp 8,527,872",35,3.9,15.0,321190.0,3.0,2
UMKM-01082,jasa,89,"Rp 37,104,984",6,3.5,0.0,364639.0,0.0,1
UMKM-01083, F & B ,9,"Rp 10,240,832",21,5.0,0.0,352723.0,2.0,0
UMKM-01084,F&B,-2,"Rp 20,169,951",13,2.8,15.0,286394.0,0.0,2
UMKM-01085,jasa,57,42058793,28,2.7,30.0,,0.0,2
UMKM-01086, F & B ,34,"Rp 41,868,585",15,2.4,0.0,271703.0,0.0,0
UMKM-01087,fnb,3,"Rp 23,195,842",33,2.4,0.0,408021.0,0.0,0
UMKM-01088,F&B,103,"Rp 10,750,576",9,2.1,2.0,,0.0,1
UMKM-01089, F & B ,3,"Rp 14,283,643",6,4.9,5.0,215247.0,0.0,0
UMKM-01090,fnb,20,"Rp 23,773,738",24,,0.0,59012.0,3.0,2
UMKM-01091,fnb,-2,"Rp 21,384,156",26,2.3,2.0,57030.0,0.0,1
UMKM-01092,retail ,75,"Rp 21,377,416",14,2.2,2.0,172047.0,4.0,0
UMKM-01093,F&B,10,18336247,31,1.4,0.0,267522.0,0.0,1
UMKM-01094,fnb,9,"Rp 24,268,496",27,4.5,5.0,279347.0,1.0,0
UMKM-01095,retail ,93,"Rp 37,255,675",8,2.5,0.0,193099.0,3.0,1
UMKM-01096, F & B ,115,"Rp 39,998,435",6,3.3,2.0,252814.0,4.0,1
UMKM-01097,Retail,46,"Rp 41,096,587",15,4.6,2.0,143399.0,0.0,0
UMKM-01098,F&B,63,41719803,25,2.6,0.0,330709.0,1.0,2
UMKM-01099,jasa,113,"Rp 33,115,603",34,,2.0,278285.0,0.0,1
UMKM-01100,Jasa,-1,"Rp 29,692,913",16,2.7,5.0,472506.0,0.0,2
UMKM-01101,Jasa,14,21912770,22,3.8,,413680.0,2.0,0
UMKM-01102, F & B ,73,"Rp 47,282,282",7,2.7,0.0,426065.0,0.0,0
UMKM-01103,nan,12,"Rp 3,988,088",1,2.6,0.0,468216.0,0.0,2
UMKM-01104,nan,105,49397873,30,5.0,,493919.0,0.0,0
UMKM-01105, F & B ,-4,35534339,31,3.4,2.0,214197.0,0.0,0
UMKM-01106,fnb,87,"Rp 47,525,732",28,2.5,,192710.0,0.0,0
UMKM-01107,F&B,7,"Rp 19,678,953",2,2.0,0.0,235352.0,3.0,1
UMKM-01108,Jasa,-2,"Rp 48,115,534",7,,0.0,403266.0,0.0,1
UMKM-01109,Jasa,36,"Rp 22,762,464",1,,0.0,369684.0,1.0,1
UMKM-01110,fnb,103,"Rp 28,513,679",30,,15.0,321369.0,2.0,2
UMKM-01111,Jasa,68,"Rp 14,779,190",36,,30.0,468653.0,1.0,1
UMKM-01112,jasa,55,"Rp 24,186,579",19,2.5,2.0,146774.0,2.0,0
UMKM-01113,F&B,89,"Rp 17,773,349",28,2.5,0.0,394412.0,1.0,0
UMKM-01114,Fashion,99,22365372,16,4.1,0.0,,0.0,0
UMKM-01115,Jasa,2,"Rp 17,649,919",9,3.0,2.0,98531.0,0.0,0
UMKM-01116, F & B ,61,"Rp 35,539,893",40,,2.0,182730.0,4.0,0
UMKM-01117,jasa,106,46298401,21,3.4,2.0,337294.0,4.0,0
UMKM-01118,Jasa,57,"Rp 23,488,128",5,2.0,0.0,194387.0,1.0,0
UMKM-01119,jasa,104,"Rp 36,360,855",42,3.3,0.0,199275.0,0.0,0
UMKM-01120,retail ,3,"Rp 36,504,840",33,1.0,0.0,171159.0,0.0,1
UMKM-01121,Fashion,88,"Rp 4,594,128",30,2.2,2.0,88649.0,0.0,1
UMKM-01122,RETAIL,111,"Rp 21,266,766",11,1.8,0.0,220495.0,2.0,1
UMKM-01123, F & B ,5,"Rp 24,666,269",11,3.6,,288498.0,1.0,0
UMKM-01124, F & B ,93,4895090,15,1.5,2.0,244689.0,1.0,1
UMKM-01125,F&B,95,"Rp 28,011,610",24,2.2,0.0,332536.0,1.0,0
UMKM-01126,jasa,119,"Rp 37,319,445",21,,0.0,187115.0,0.0,1
UMKM-01127,fnb,36,"Rp 23,939,708",26,1.0,,308634.0,2.0,1
UMKM-01128, F & B ,7,17216761,23,,0.0,66867.0,0.0,0
UMKM-01129,jasa,30,"Rp 9,424,990",11,2.2,0.0,414360.0,1.0,1
UMKM-01130,jasa,114,"Rp 8,038,170",17,1.9,,443573.0,0.0,0
UMKM-01131,Retail,7,"Rp 18,639,435",44,1.5,2.0,488656.0,0.0,1
UMKM-01132,Retail,6,"Rp 48,209,261",15,1.6,2.0,468045.0,0.0,0
UMKM-01133,RETAIL,31,"Rp 30,217,951",3,,0.0,,3.0,1
UMKM-01134,retail ,68,"Rp 10,663,464",11,,15.0,485010.0,1.0,1
UMKM-01135,RETAIL,118,4801082,32,,0.0,215030.0,0.0,0
UMKM-01136,Jasa,114,"Rp 21,123,884",21,,0.0,342552.0,2.0,0
UMKM-01137,fnb,67,41251106,17,1.1,0.0,76279.0,1.0,0
UMKM-01138,Jasa,46,"Rp 13,317,876",32,2.4,0.0,210539.0,1.0,0
UMKM-01139,nan,65,"Rp 12,095,868",26,4.3,,152868.0,0.0,0
UMKM-01140,Jasa,-4,"Rp 37,760,109",41,3.5,2.0,367275.0,0.0,0
UMKM-01141,F&B,112,"Rp 37,060,500",18,4.9,2.0,353596.0,0.0,0
UMKM-01142,Jasa,50,"Rp 11,024,015",13,4.8,,276199.0,0.0,0
UMKM-01143,RETAIL,54,13481158,24,1.7,0.0,388999.0,1.0,0
UMKM-01144, F & B ,17,"Rp 1,483,075",33,,0.0,207768.0,0.0,0
UMKM-01145, F & B ,97,"Rp 13,348,378",23,4.8,2.0,,0.0,0
UMKM-01146,Retail,34,"Rp 33,447,283",37,2.5,2.0,375756.0,0.0,0
UMKM-01147,fnb,58,"Rp 32,969,752",22,4.9,0.0,77578.0,0.0,0
UMKM-01148,fnb,97,"Rp 11,165,918",4,1.1,0.0,51908.0,4.0,2
UMKM-01149,F&B,79,"Rp 9,715,978",43,3.6,0.0,148059.0,4.0,2
UMKM-01150,RETAIL,17,29094575,35,2.1,0.0,129368.0,0.0,0
UMKM-01151,Retail,23,"Rp 40,006,163",23,1.5,0.0,265369.0,2.0,2
UMKM-01152,nan,72,"Rp 25,276,259",35,3.3,0.0,454802.0,0.0,0
UMKM-01153,fnb,84,7746037,4,2.2,0.0,463936.0,2.0,2
UMKM-01154, F & B ,45,"Rp 28,330,357",38,3.7,0.0,383084.0,0.0,0
UMKM-01155,Jasa,63,"Rp 26,998,966",5,,0.0,400022.0,0.0,1
UMKM-01156,Jasa,113,"Rp 22,250,430",44,2.6,,444841.0,3.0,1
UMKM-01157,Retail,89,"Rp 13,685,328",35,1.7,,147543.0,3.0,2
UMKM-01158,RETAIL,83,"Rp 14,679,946",44,3.4,2.0,219258.0,0.0,0
UMKM-01159,RETAIL,25,10231261,3,4.3,,480370.0,3.0,0
UMKM-01160,retail ,44,8841640,9,3.4,,252962.0,1.0,2
UMKM-01161,Fashion,14,"Rp 44,779,557",0,,0.0,477373.0,0.0,0
UMKM-01162,fnb,102,9740245,20,3.0,0.0,498277.0,0.0,1
UMKM-01163,RETAIL,49,"Rp 16,708,276",39,2.6,,330015.0,0.0,0
UMKM-01164, F & B ,75,"Rp 16,107,626",38,2.8,2.0,441886.0,2.0,1
UMKM-01165,Retail,103,"Rp 14,486,194",36,,0.0,425105.0,,0
UMKM-01166,nan,-4,"Rp 43,120,986",2,4.0,2.0,367797.0,1.0,0
UMKM-01167,retail ,19,"Rp 6,137,956",30,2.7,0.0,452324.0,1.0,2
UMKM-01168,jasa,7,"Rp 23,051,629",26,2.8,0.0,427542.0,2.0,0
UMKM-01169,F&B,116,"Rp 48,031,920",16,3.0,0.0,264878.0,0.0,0
UMKM-01170,nan,97,"Rp 26,429,327",22,3.6,0.0,,0.0,0
UMKM-01171,jasa,86,"Rp 3,318,292",12,,0.0,262912.0,0.0,2
UMKM-01172,Jasa,100,45945123,26,3.7,30.0,375622.0,1.0,1
UMKM-01173,F&B,113,"Rp 30,692,050",19,2.3,0.0,336434.0,3.0,1
UMKM-01174,fnb,64,"Rp 3,379,897",12,2.6,0.0,306515.0,0.0,1
UMKM-01175, F & B ,61,"Rp 19,071,632",43,4.5,0.0,195505.0,0.0,0
UMKM-01176,F&B,52,"Rp 36,539,628",23,2.3,2.0,279056.0,2.0,1
UMKM-01177,Fashion,93,"Rp 42,257,621",40,4.9,,218671.0,0.0,0
UMKM-01178,jasa,76,"Rp 13,306,806",2,1.7,0.0,191890.0,1.0,2
UMKM-01179,fnb,69,2560121,42,2.0,0.0,56984.0,0.0,0
UMKM-01180,Fashion,112,"Rp 6,878,263",9,,0.0,484576.0,1.0,0
UMKM-01181,Jasa,78,18220251,0,4.2,2.0,,2.0,0
UMKM-01182,Fashion,58,"Rp 4,099,072",12,3.9,0.0,293138.0,0.0,0
UMKM-01183,retail ,63,"Rp 41,205,155",13,1.7,0.0,,2.0,1
UMKM-01184,retail ,77,26126308,32,1.9,0.0,243332.0,0.0,0
UMKM-01185,Retail,80,31270785,1,3.3,0.0,260338.0,0.0,0
UMKM-01186,nan,53,"Rp 49,897,936",1,2.2,,450387.0,0.0,2
UMKM-01187,nan,54,39107068,38,2.7,0.0,303251.0,3.0,1
UMKM-01188,fnb,77,5315596,40,2.9,0.0,408768.0,0.0,0
UMKM-01189,Jasa,105,"Rp 7,775,996",30,,15.0,428719.0,0.0,0
UMKM-01190,RETAIL,56,"Rp 45,163,983",3,2.0,15.0,266677.0,1.0,0
UMKM-01191,retail ,10,"Rp 29,227,962",33,1.7,0.0,100570.0,0.0,1
UMKM-01192,fnb,82,"Rp 10,929,729",18,2.6,,429435.0,0.0,0
UMKM-01193,RETAIL,99,16195753,36,,2.0,145350.0,0.0,1
UMKM-01194,nan,62,"Rp 36,514,731",8,3.1,0.0,496139.0,2.0,0
UMKM-01195,Retail,9,"Rp 6,079,111",23,4.4,0.0,178742.0,4.0,1
UMKM-01196,Fashion,83,"Rp 25,679,850",12,1.5,0.0,169788.0,0.0,0
UMKM-01197,retail ,102,"Rp 3,853,501",43,1.5,0.0,,1.0,1
UMKM-01198,fnb,49,"Rp 45,770,473",29,1.3,0.0,161606.0,0.0,1
UMKM-01199,F&B,29,"Rp 7,282,444",18,4.4,2.0,112653.0,1.0,0
UMKM-01200,RETAIL,49,3459622,40,1.3,15.0,453426.0,0.0,1
UMKM-01201,Fashion,8,32604183,9,,0.0,371524.0,0.0,0
UMKM-01202,retail ,43,"Rp 15,569,117",41,2.4,0.0,485821.0,2.0,1
UMKM-01203,nan,77,5240012,43,2.3,0.0,151791.0,0.0,0
UMKM-01204,Jasa,96,"Rp 46,892,882",13,1.4,2.0,170598.0,0.0,1
UMKM-01205,RETAIL,94,"Rp 48,661,960",39,3.3,5.0,211897.0,4.0,2
UMKM-01206,nan,1,40118828,19,3.3,0.0,170996.0,,0
UMKM-01207,retail ,24,"Rp 8,903,797",3,3.0,2.0,431565.0,0.0,0
UMKM-01208,RETAIL,77,13505703,37,2.2,0.0,262313.0,1.0,0
UMKM-01209,Fashion,43,"Rp 12,704,145",43,2.5,5.0,282545.0,1.0,1
UMKM-01210,retail ,83,"Rp 8,049,985",38,2.3,0.0,477007.0,0.0,0
UMKM-01211,jasa,10,"Rp 42,060,593",4,,0.0,125237.0,3.0,2
UMKM-01212,fnb,105,"Rp 8,026,206",41,2.4,0.0,142150.0,2.0,2
UMKM-01213,Fashion,112,5247328,31,3.7,30.0,130202.0,2.0,1
UMKM-01214,RETAIL,98,"Rp 19,228,685",5,,2.0,382919.0,0.0,0
UMKM-01215,Jasa,45,"Rp 31,583,887",13,2.4,,396410.0,0.0,0
UMKM-01216,nan,66,"Rp 37,855,306",5,2.7,0.0,378535.0,0.0,0
UMKM-01217,F&B,76,"Rp 22,513,632",13,1.0,0.0,124894.0,0.0,0
UMKM-01218,nan,86,"Rp 21,841,213",11,3.0,0.0,298514.0,0.0,0
UMKM-01219,RETAIL,74,"Rp 9,302,975",26,2.0,2.0,100817.0,0.0,0
UMKM-01220,nan,110,"Rp 14,101,446",25,1.2,15.0,119574.0,0.0,2
UMKM-01221,fnb,77,40680895,11,4.6,15.0,309972.0,0.0,1
UMKM-01222,retail ,36,"Rp 9,437,534",7,,2.0,355076.0,0.0,0
UMKM-01223,F&B,11,"Rp 39,965,244",9,2.7,2.0,375548.0,0.0,1
UMKM-01224, F & B ,57,"Rp 49,509,615",15,4.3,,70071.0,0.0,0
UMKM-01225,RETAIL,39,48934957,25,1.7,0.0,487544.0,1.0,0
UMKM-01226,Retail,71,"Rp 23,884,398",7,4.4,15.0,103694.0,0.0,1
UMKM-01227, F & B ,1,20556276,40,2.0,,310575.0,3.0,2
UMKM-01228,nan,21,"Rp 1,483,791",44,3.4,0.0,50733.0,1.0,0
UMKM-01229,RETAIL,4,"Rp 27,836,754",28,3.7,5.0,111127.0,2.0,0
UMKM-01230,jasa,28,"Rp 16,374,160",19,4.6,0.0,216761.0,3.0,0
UMKM-01231,Retail,30,"Rp 19,935,930",16,3.4,0.0,225361.0,0.0,1
UMKM-01232,F&B,19,12836889,18,2.8,2.0,128345.0,0.0,0
UMKM-01233,Jasa,0,10184874,16,3.3,0.0,289274.0,0.0,0
UMKM-01234,jasa,18,"Rp 20,399,496",38,1.8,0.0,194758.0,0.0,1
UMKM-01235, F & B ,12,14317681,0,3.8,30.0,119034.0,0.0,1
UMKM-01236,retail ,81,"Rp 5,225,872",28,1.7,0.0,157620.0,2.0,1
UMKM-01237,fnb,0,14380190,13,3.2,0.0,185789.0,0.0,1
UMKM-01238,Jasa,23,"Rp 43,604,299",16,3.6,2.0,316998.0,,1
UMKM-01239,jasa,19,"Rp 43,553,366",12,4.6,0.0,150162.0,2.0,0
UMKM-01240,retail ,49,"Rp 2,245,749",28,2.8,0.0,420931.0,1.0,2
UMKM-01241,retail ,75,"Rp 20,004,157",33,4.1,0.0,326502.0,0.0,0
UMKM-01242,RETAIL,40,"Rp 19,195,396",26,1.7,0.0,465073.0,1.0,0
UMKM-01243,jasa,18,"Rp 30,862,122",32,1.6,0.0,262192.0,0.0,0
UMKM-01244,F&B,69,"Rp 49,600,834",28,3.1,30.0,317104.0,0.0,1
UMKM-01245,nan,20,"Rp 9,237,881",36,3.4,0.0,479499.0,2.0,0
UMKM-01246,Retail,109,"Rp 20,796,183",38,3.5,0.0,76576.0,0.0,0
UMKM-01247,Retail,92,"Rp 17,493,750",18,4.0,,141909.0,0.0,0
UMKM-01248, F & B ,22,"Rp 38,281,336",23,2.2,15.0,330844.0,2.0,2
UMKM-01249, F & B ,-3,15459536,13,3.5,0.0,224612.0,0.0,0
UMKM-01250,Retail,69,"Rp 49,941,990",36,1.8,2.0,363310.0,1.0,0
UMKM-01251,F&B,32,"Rp 10,921,625",4,,5.0,97417.0,1.0,0
UMKM-01252,fnb,55,40465270,23,1.3,2.0,331556.0,0.0,0
UMKM-01253,Fashion,72,18812427,33,4.0,5.0,147760.0,2.0,0
UMKM-01254,nan,45,"Rp 3,189,568",30,3.0,0.0,109291.0,4.0,1
UMKM-01255,fnb,84,"Rp 35,201,554",29,2.0,0.0,141255.0,0.0,0
UMKM-01256,RETAIL,42,"Rp 4,782,164",8,3.2,0.0,308757.0,0.0,1
UMKM-01257,Fashion,15,"Rp 2,761,331",26,2.4,2.0,,1.0,2
UMKM-01258,Fashion,48,"Rp 20,670,186",27,4.3,2.0,266140.0,2.0,0
UMKM-01259,jasa,50,"Rp 34,869,747",41,3.1,0.0,319665.0,1.0,0
UMKM-01260,F&B,97,9539202,25,,0.0,435959.0,0.0,0
UMKM-01261,F&B,88,"Rp 43,663,932",17,4.9,,323493.0,0.0,0
UMKM-01262,Fashion,53,24553648,35,1.3,0.0,82768.0,4.0,1
UMKM-01263,jasa,66,34437995,7,3.8,0.0,,0.0,0
UMKM-01264,nan,45,30229727,17,,5.0,112985.0,1.0,0
UMKM-01265,Fashion,14,"Rp 48,219,465",19,2.0,0.0,57611.0,2.0,1
UMKM-01266,Jasa,106,30545279,31,3.7,0.0,,0.0,0
UMKM-01267, F & B ,90,38513447,28,1.5,0.0,361869.0,1.0,0
UMKM-01268, F & B ,80,"Rp 28,298,766",17,4.4,2.0,51548.0,0.0,1
UMKM-01269,fnb,53,12061060,6,2.0,0.0,140297.0,4.0,1
UMKM-01270,RETAIL,65,"Rp 3,214,979",0,2.4,,195060.0,0.0,1
UMKM-01271, F & B ,3,"Rp 41,908,724",27,3.5,0.0,144729.0,0.0,0
UMKM-01272,retail ,103,"Rp 34,750,643",32,1.0,2.0,242258.0,1.0,0
UMKM-01273,fnb,-5,2836082,3,,0.0,326641.0,2.0,0
UMKM-01274, F & B ,23,32893172,19,4.6,0.0,442481.0,0.0,0
UMKM-01275,RETAIL,57,"Rp 36,792,131",35,3.7,5.0,252653.0,0.0,0
UMKM-01276,F&B,66,30506320,30,2.6,0.0,463092.0,0.0,0
UMKM-01277,F&B,50,"Rp 36,367,497",37,3.6,2.0,470035.0,0.0,1
UMKM-01278,nan,112,33145070,27,4.7,0.0,271217.0,2.0,1
UMKM-01279,Fashion,62,"Rp 41,949,943",2,1.8,0.0,451055.0,0.0,1
UMKM-01280,Jasa,29,"Rp 22,364,497",5,3.1,2.0,88457.0,2.0,0
UMKM-01281,F&B,117,"Rp 30,968,674",44,1.9,2.0,428728.0,2.0,1
UMKM-01282,jasa,-3,"Rp 26,543,156",22,4.4,0.0,,3.0,0
UMKM-01283, F & B ,112,"Rp 43,027,193",6,3.9,,158296.0,1.0,0
UMKM-01284,jasa,103,"Rp 32,125,982",35,4.2,0.0,178919.0,0.0,0
UMKM-01285,RETAIL,98,"Rp 22,755,450",0,4.8,0.0,111976.0,0.0,0
UMKM-01286,F&B,1,"Rp 32,877,611",5,1.9,0.0,60275.0,4.0,2
UMKM-01287,Jasa,21,27291842,23,1.2,0.0,88151.0,3.0,1
UMKM-01288,RETAIL,-5,21749378,36,2.2,0.0,84173.0,0.0,1
UMKM-01289,retail ,85,"Rp 33,562,980",44,2.6,5.0,261057.0,4.0,1
UMKM-01290,retail ,74,7166994,35,3.5,0.0,405944.0,2.0,1
UMKM-01291,jasa,96,"Rp 38,726,492",23,4.2,0.0,355756.0,3.0,2
UMKM-01292,Fashion,65,24380568,37,2.4,,65960.0,1.0,0
UMKM-01293,fnb,38,"Rp 17,856,163",44,2.9,0.0,316682.0,3.0,0
UMKM-01294,Fashion,81,11342588,28,4.1,0.0,362482.0,3.0,0
UMKM-01295,nan,35,"Rp 24,929,820",36,1.9,0.0,78709.0,0.0,0
UMKM-01296,Fashion,117,42690969,44,1.9,0.0,183211.0,4.0,1
UMKM-01297,nan,69,40524109,31,3.4,0.0,478662.0,0.0,0
UMKM-01298,nan,36,16505393,24,2.7,0.0,217634.0,0.0,0
UMKM-01299,Jasa,111,"Rp 18,745,626",9,4.8,2.0,200175.0,2.0,0
UMKM-01300,F&B,27,11799520,34,2.4,2.0,359348.0,1.0,0
UMKM-01301,Jasa,44,"Rp 28,764,911",24,,5.0,,3.0,1
UMKM-01302,nan,57,21713858,26,3.3,5.0,480586.0,0.0,0
UMKM-01303,RETAIL,94,46310804,44,1.2,0.0,175211.0,0.0,0
UMKM-01304,retail ,31,"Rp 46,554,920",31,1.3,0.0,258168.0,0.0,0
UMKM-01305,nan,99,"Rp 26,860,758",11,1.8,2.0,463557.0,0.0,0
UMKM-01306,Jasa,53,"Rp 44,821,332",3,1.6,0.0,56069.0,2.0,0
UMKM-01307,RETAIL,75,"Rp 24,403,748",41,2.3,0.0,255287.0,0.0,0
UMKM-01308,Jasa,93,"Rp 30,629,610",25,,2.0,456509.0,0.0,0
UMKM-01309,Fashion,42,"Rp 33,679,646",2,3.4,0.0,148582.0,0.0,2
UMKM-01310, F & B ,-1,"Rp 23,163,668",16,3.4,5.0,150895.0,2.0,2
UMKM-01311,jasa,42,"Rp 9,531,225",8,1.5,0.0,,0.0,0
UMKM-01312,fnb,90,"Rp 24,729,273",28,3.4,,180640.0,2.0,0
UMKM-01313,Jasa,-3,"Rp 10,657,570",0,2.6,5.0,,0.0,1
UMKM-01314,fnb,110,"Rp 22,911,845",17,4.6,0.0,148658.0,0.0,2
UMKM-01315,Retail,41,45044887,40,,2.0,163982.0,3.0,2
UMKM-01316,Jasa,56,2034780,19,4.1,2.0,134162.0,0.0,0
UMKM-01317, F & B ,93,"Rp 41,683,254",40,3.8,2.0,349811.0,1.0,1
UMKM-01318,fnb,110,"Rp 33,597,747",33,1.5,0.0,363776.0,2.0,0
UMKM-01319,nan,8,"Rp 28,733,052",27,1.3,0.0,148861.0,1.0,1
UMKM-01320,Jasa,57,35303477,34,,0.0,358250.0,2.0,0
UMKM-01321,F&B,106,"Rp 31,477,458",15,2.7,0.0,119022.0,2.0,1
UMKM-01322,jasa,119,46977520,20,2.8,,394225.0,1.0,1
UMKM-01323, F & B ,55,"Rp 8,736,085",12,,0.0,443035.0,0.0,0
UMKM-01324,fnb,25,34941837,34,3.5,0.0,138164.0,0.0,1
UMKM-01325, F & B ,89,"Rp 7,805,360",41,1.7,0.0,427530.0,3.0,2
UMKM-01326,RETAIL,11,"Rp 33,489,400",31,1.8,30.0,,4.0,2
UMKM-01327,jasa,118,39116218,37,1.0,2.0,381224.0,0.0,1
UMKM-01328,nan,18,"Rp 39,313,101",5,3.8,5.0,397841.0,0.0,0
UMKM-01329,Jasa,110,"Rp 47,479,403",37,2.9,15.0,478189.0,0.0,2
UMKM-01330,Jasa,17,46330272,37,4.8,15.0,68376.0,1.0,1
UMKM-01331,Jasa,76,"Rp 37,655,436",12,3.9,2.0,442086.0,0.0,1
UMKM-01332,jasa,44,"Rp 40,089,125",38,1.4,0.0,100184.0,2.0,0
UMKM-01333,F&B,112,"Rp 37,486,640",12,,0.0,110854.0,3.0,0
UMKM-01334,Retail,72,28075979,11,3.0,2.0,137936.0,4.0,1
UMKM-01335,retail ,108,"Rp 44,651,126",32,4.7,0.0,382599.0,0.0,0
UMKM-01336,Fashion,73,"Rp 21,964,658",27,,2.0,,4.0,1
UMKM-01337,fnb,73,"Rp 21,589,413",2,4.3,0.0,236198.0,2.0,2
UMKM-01338,F&B,64,"Rp 46,843,878",17,2.2,2.0,,0.0,0
UMKM-01339,nan,21,"Rp 26,847,200",25,2.1,0.0,428665.0,0.0,0
UMKM-01340,fnb,9,44658912,39,4.6,0.0,,2.0,0
UMKM-01341,Jasa,44,24210780,1,1.2,5.0,138904.0,4.0,2
UMKM-01342, F & B ,30,"Rp 35,511,172",3,3.6,0.0,203802.0,0.0,0
UMKM-01343,nan,113,"Rp 31,553,797",27,1.2,2.0,68167.0,0.0,0
UMKM-01344,fnb,2,19988062,27,4.2,2.0,497552.0,0.0,1
UMKM-01345,Jasa,73,20086447,24,,,113178.0,4.0,2
UMKM-01346,fnb,-3,"Rp 33,750,125",25,4.6,15.0,329712.0,4.0,2
UMKM-01347, F & B ,56,"Rp 49,677,728",44,,0.0,,0.0,0
UMKM-01348,Jasa,41,44447859,1,1.5,2.0,384513.0,0.0,0
UMKM-01349,Retail,71,48955593,41,3.0,0.0,252432.0,3.0,0
UMKM-01350,F&B,99,"Rp 35,394,700",33,,0.0,109657.0,2.0,0
UMKM-01351,RETAIL,92,"Rp 40,683,458",29,3.4,5.0,50571.0,4.0,1
UMKM-01352,Fashion,82,"Rp 6,770,938",20,3.1,2.0,218140.0,3.0,0
UMKM-01353,jasa,98,"Rp 32,511,091",43,1.6,0.0,70122.0,0.0,0
UMKM-01354,Fashion,90,"Rp 29,896,688",36,,0.0,181655.0,2.0,0
UMKM-01355,nan,55,"Rp 9,441,243",43,4.2,15.0,172011.0,0.0,0
UMKM-01356,Fashion,26,"Rp 13,603,858",22,,0.0,306172.0,2.0,2
UMKM-01357,Jasa,88,30141728,32,2.6,15.0,304259.0,1.0,2
UMKM-01358,Retail,110,"Rp 12,652,065",1,,2.0,242961.0,4.0,2
UMKM-01359,RETAIL,107,"Rp 3,791,671",26,1.8,0.0,303300.0,4.0,1
UMKM-01360,F&B,7,"Rp 36,616,324",21,1.7,0.0,203035.0,0.0,1
UMKM-01361,F&B,-5,"Rp 21,208,759",33,2.3,0.0,152874.0,0.0,0
UMKM-01362, F & B ,28,"Rp 24,740,482",15,,30.0,262348.0,0.0,1
UMKM-01363,jasa,56,"Rp 38,632,572",19,1.4,15.0,340508.0,3.0,1
UMKM-01364,fnb,73,46539259,25,2.0,2.0,121227.0,2.0,1
UMKM-01365,Retail,102,"Rp 29,631,509",15,1.3,0.0,388005.0,4.0,1
UMKM-01366,fnb,72,"Rp 26,262,572",5,2.1,2.0,139950.0,1.0,0
UMKM-01367,RETAIL,115,"Rp 38,463,740",44,1.4,0.0,55126.0,0.0,0
UMKM-01368,Fashion,87,"Rp 30,989,149",43,,2.0,142144.0,0.0,1
UMKM-01369,F&B,92,"Rp 27,124,219",22,2.8,0.0,315906.0,0.0,0
UMKM-01370,RETAIL,76,"Rp 8,466,897",41,,15.0,314930.0,1.0,1
UMKM-01371,Fashion,112,42240159,36,,5.0,,3.0,0
UMKM-01372,F&B,65,1915767,7,3.5,0.0,166363.0,0.0,2
UMKM-01373,Fashion,87,"Rp 43,244,404",5,2.5,15.0,390493.0,3.0,2
UMKM-01374,jasa,113,"Rp 44,270,918",36,1.2,0.0,197489.0,0.0,0
UMKM-01375,Retail,25,"Rp 16,547,488",21,4.7,0.0,66294.0,0.0,0
UMKM-01376,nan,58,"Rp 29,208,068",5,2.6,0.0,118335.0,1.0,0
UMKM-01377,RETAIL,119,34092720,31,3.4,2.0,434328.0,0.0,1
UMKM-01378,RETAIL,19,"Rp 42,768,923",16,4.5,30.0,264847.0,3.0,1
UMKM-01379,retail ,32,28275395,37,,15.0,291248.0,0.0,2
UMKM-01380,Jasa,8,"Rp 21,480,929",16,,2.0,384603.0,0.0,0
UMKM-01381,jasa,2,"Rp 12,881,412",36,4.7,0.0,100209.0,2.0,0
UMKM-01382,jasa,85,"Rp 1,381,856",22,1.7,0.0,,,1
UMKM-01383,fnb,48,46586552,12,,0.0,267493.0,1.0,0
UMKM-01384,Fashion,-4,21542660,31,1.5,30.0,,0.0,2
UMKM-01385,Jasa,75,"Rp 48,849,253",21,2.1,,172285.0,0.0,0
UMKM-01386,Retail,95,"Rp 43,706,401",6,4.2,0.0,154875.0,0.0,0
UMKM-01387,Retail,72,"Rp 28,873,913",21,4.6,5.0,224993.0,0.0,0
UMKM-01388,jasa,83,39133529,20,3.7,2.0,185460.0,3.0,0
UMKM-01389,Retail,50,"Rp 42,167,744",5,1.4,0.0,118163.0,0.0,0
UMKM-01390,retail ,88,"Rp 38,571,331",13,3.1,2.0,299580.0,0.0,1
UMKM-01391,RETAIL,87,"Rp 16,528,998",15,3.3,15.0,57247.0,1.0,1
UMKM-01392, F & B ,78,"Rp 38,509,631",2,2.1,0.0,250251.0,3.0,1
UMKM-01393,nan,79,37823328,8,,30.0,334719.0,0.0,0
UMKM-01394,fnb,55,"Rp 38,807,891",20,2.3,0.0,70146.0,0.0,0
UMKM-01395,Fashion,111,"Rp 25,134,159",29,1.8,0.0,72371.0,0.0,0
UMKM-01396,nan,16,"Rp 48,711,124",29,1.4,0.0,404387.0,0.0,1
UMKM-01397,Fashion,29,"Rp 41,691,372",41,2.5,15.0,157102.0,0.0,2
UMKM-01398,F&B,95,"Rp 30,822,454",41,3.8,0.0,101507.0,1.0,1
UMKM-01399,nan,10,37408567,31,1.9,5.0,76875.0,0.0,1
UMKM-01400, F & B ,44,"Rp 15,959,998",22,4.1,2.0,63792.0,0.0,0
UMKM-01401,jasa,116,"Rp 18,253,593",2,1.5,0.0,491939.0,0.0,0
UMKM-01402,retail ,107,"Rp 1,398,422",0,2.8,15.0,395397.0,4.0,2
UMKM-01403,RETAIL,37,17899153,2,3.8,0.0,398072.0,1.0,0
UMKM-01404,RETAIL,11,"Rp 35,688,061",36,1.5,15.0,396537.0,3.0,2
UMKM-01405,retail ,74,42206558,6,,0.0,121679.0,0.0,1
UMKM-01406,Jasa,52,18155571,2,4.2,2.0,241973.0,2.0,0
UMKM-01407,F&B,113,"Rp 11,279,977",35,3.4,5.0,199542.0,0.0,0
UMKM-01408,Fashion,-4,"Rp 21,770,827",2,3.0,30.0,331878.0,0.0,2
UMKM-01409, F & B ,-2,"Rp 25,592,105",3,4.4,0.0,194175.0,2.0,0
UMKM-01410,Retail,79,"Rp 12,504,456",30,4.9,2.0,97728.0,2.0,1
UMKM-01411,nan,33,"Rp 41,831,618",1,1.7,0.0,140487.0,,1
UMKM-01412,F&B,92,"Rp 43,982,514",13,3.8,0.0,,2.0,0
UMKM-01413,nan,88,"Rp 11,347,737",36,1.3,0.0,306040.0,0.0,0
UMKM-01414, F & B ,0,25950408,30,,0.0,231917.0,0.0,1
UMKM-01415,fnb,75,"Rp 7,609,001",1,,15.0,,0.0,2
UMKM-01416,fnb,97,"Rp 26,715,215",30,4.9,5.0,225587.0,0.0,0
UMKM-01417,F&B,83,"Rp 43,370,519",42,3.2,0.0,95240.0,2.0,0
UMKM-01418,jasa,63,"Rp 40,579,377",21,2.1,15.0,271255.0,1.0,2
UMKM-01419, F & B ,63,48655757,9,1.5,0.0,212360.0,4.0,1
UMKM-01420, F & B ,14,"Rp 35,915,196",29,4.7,2.0,117310.0,1.0,0
UMKM-01421,retail ,58,15213506,32,2.4,30.0,427405.0,1.0,1
UMKM-01422,jasa,10,"Rp 20,948,769",18,,15.0,87432.0,0.0,2
UMKM-01423,Fashion,45,32140320,24,4.4,0.0,251667.0,0.0,0
UMKM-01424,Fashion,99,"Rp 37,148,977",0,,5.0,170050.0,2.0,2
UMKM-01425,Retail,31,"Rp 4,182,999",31,,0.0,299826.0,,0
UMKM-01426,RETAIL,98,"Rp 10,514,440",24,2.7,15.0,416919.0,0.0,2
UMKM-01427,fnb,67,"Rp 25,183,681",40,4.7,2.0,334641.0,2.0,0
UMKM-01428,Fashion,63,"Rp 41,583,878",16,4.6,5.0,340427.0,1.0,1
UMKM-01429,jasa,36,"Rp 29,413,551",13,1.3,0.0,424741.0,4.0,0
UMKM-01430, F & B ,51,"Rp 29,019,326",44,2.1,2.0,222184.0,0.0,0
UMKM-01431,Fashion,60,"Rp 40,345,172",12,,2.0,301134.0,1.0,0
UMKM-01432, F & B ,3,"Rp 43,505,874",37,3.1,2.0,484904.0,0.0,1
UMKM-01433,Fashion,101,34545816,38,4.0,2.0,424183.0,1.0,0
UMKM-01434,fnb,94,"Rp 26,049,902",1,2.2,,125280.0,0.0,2
UMKM-01435,nan,80,35395029,31,4.0,5.0,381343.0,0.0,0
UMKM-01436,Fashion,58,"Rp 1,850,122",31,3.7,0.0,241983.0,1.0,2
UMKM-01437,jasa,80,"Rp 14,029,792",39,3.9,15.0,324607.0,0.0,0
UMKM-01438,Fashion,16,"Rp 35,284,991",5,,0.0,400758.0,2.0,1
UMKM-01439,RETAIL,28,"Rp 24,105,620",24,2.7,2.0,482125.0,2.0,1
UMKM-01440,fnb,49,"Rp 34,460,390",2,2.4,30.0,302046.0,3.0,2
UMKM-01441,jasa,23,36416447,17,3.7,0.0,187232.0,0.0,0
UMKM-01442,retail ,32,"Rp 32,033,811",37,4.2,15.0,422984.0,0.0,0
UMKM-01443,jasa,117,12348964,42,1.8,5.0,77682.0,0.0,0
UMKM-01444,RETAIL,104,"Rp 14,129,224",2,4.4,2.0,439920.0,0.0,0
UMKM-01445,nan,91,48953688,4,1.2,0.0,272183.0,1.0,1
UMKM-01446,fnb,12,"Rp 19,782,680",23,1.0,0.0,155446.0,0.0,0
UMKM-01447,retail ,65,"Rp 27,448,146",33,,,408545.0,0.0,0
UMKM-01448,RETAIL,59,21794857,38,4.9,0.0,,0.0,0
UMKM-01449,RETAIL,91,"Rp 46,439,465",23,3.1,2.0,220148.0,0.0,0
UMKM-01450,F&B,-5,"Rp 36,260,124",35,,0.0,452542.0,4.0,2
UMKM-01451,fnb,82,"Rp 26,102,864",27,5.0,0.0,480726.0,,0
UMKM-01452,jasa,-2,"Rp 18,403,992",33,,5.0,135065.0,1.0,1
UMKM-01453, F & B ,-2,12106789,15,4.4,0.0,74527.0,0.0,2
UMKM-01454,nan,119,19539203,35,,,151019.0,3.0,0
UMKM-01455, F & B ,76,"Rp 7,523,229",6,1.4,2.0,262694.0,3.0,1
UMKM-01456,jasa,21,"Rp 43,925,139",17,3.1,2.0,353457.0,3.0,1
UMKM-01457,jasa,37,"Rp 4,486,082",5,4.1,0.0,71777.0,1.0,0
UMKM-01458,fnb,53,36105074,27,3.6,,112382.0,0.0,0
UMKM-01459,jasa,26,44734865,38,,0.0,485478.0,0.0,0
UMKM-01460,F&B,27,"Rp 12,498,649",33,4.0,2.0,348643.0,3.0,0
UMKM-01461,retail ,22,3494903,40,1.9,0.0,327534.0,3.0,2
UMKM-01462,jasa,100,"Rp 25,566,499",28,3.6,0.0,488797.0,0.0,0
UMKM-01463, F & B ,99,25003294,3,2.6,2.0,309606.0,0.0,1
UMKM-01464,jasa,49,23473124,13,1.3,2.0,107853.0,1.0,0
UMKM-01465,F&B,94,"Rp 17,188,024",4,1.8,0.0,67921.0,2.0,0
UMKM-01466,Fashion,54,"Rp 5,862,944",24,,0.0,484076.0,2.0,0
UMKM-01467,Fashion,64,"Rp 49,642,458",38,4.6,5.0,345089.0,1.0,0
UMKM-01468,RETAIL,56,34919148,7,,0.0,461976.0,0.0,0
UMKM-01469,nan,74,"Rp 48,793,791",14,1.8,0.0,221578.0,0.0,0
UMKM-01470,Retail,28,"Rp 39,807,519",18,,0.0,288368.0,2.0,0
UMKM-01471,retail ,81,"Rp 5,920,791",10,4.8,0.0,499199.0,2.0,0
UMKM-01472,Jasa,108,"Rp 33,391,010",19,,0.0,53243.0,0.0,2
UMKM-01473,RETAIL,100,"Rp 26,130,020",35,,0.0,,0.0,0
UMKM-01474,nan,82,"Rp 18,231,839",17,4.5,2.0,184738.0,1.0,0
UMKM-01475,Fashion,50,"Rp 26,061,958",13,,0.0,263929.0,0.0,0
UMKM-01476, F & B ,107,"Rp 9,015,648",37,1.5,2.0,331555.0,1.0,0
UMKM-01477,Jasa,7,2310646,24,3.0,,396084.0,1.0,1
UMKM-01478,nan,50,"Rp 9,429,948",15,1.1,,241198.0,2.0,1
UMKM-01479,nan,12,"Rp 15,923,019",17,1.6,15.0,335730.0,2.0,2
UMKM-01480,RETAIL,48,"Rp 18,669,959",0,1.9,0.0,392312.0,0.0,1
UMKM-01481,Jasa,71,"Rp 36,569,183",39,3.7,0.0,379654.0,1.0,1
UMKM-01482,fnb,107,"Rp 40,396,920",0,3.0,15.0,108862.0,0.0,2
UMKM-01483,Retail,95,"Rp 35,967,717",0,2.2,0.0,51258.0,2.0,2
UMKM-01484,fnb,37,28691349,20,3.3,0.0,155356.0,2.0,0
UMKM-01485,Jasa,33,"Rp 2,330,657",24,1.5,2.0,331638.0,0.0,0
UMKM-01486,fnb,55,"Rp 34,477,650",26,4.0,0.0,354346.0,0.0,0
UMKM-01487,F&B,36,"Rp 48,459,283",9,3.8,15.0,456744.0,0.0,1
UMKM-01488,Fashion,75,"Rp 33,108,301",11,1.9,5.0,134673.0,1.0,0
UMKM-01489,F&B,73,16434272,27,3.4,5.0,268786.0,0.0,2
UMKM-01490,jasa,12,"Rp 6,000,783",31,3.0,15.0,167363.0,1.0,1
UMKM-01491,fnb,17,36883199,32,1.2,0.0,440983.0,1.0,0
UMKM-01492,jasa,48,"Rp 26,110,847",7,2.1,5.0,392688.0,1.0,1
UMKM-01493, F & B ,109,"Rp 22,596,739",41,5.0,0.0,127400.0,3.0,0
UMKM-01494,retail ,24,"Rp 12,475,418",25,,2.0,181028.0,0.0,0
UMKM-01495, F & B ,116,"Rp 46,789,019",41,3.0,0.0,410867.0,3.0,0
UMKM-01496,Jasa,92,"Rp 49,372,348",40,4.4,5.0,157148.0,0.0,0
UMKM-01497,nan,52,"Rp 17,017,834",1,2.2,,249479.0,0.0,1
UMKM-01498,Fashion,62,"Rp 45,638,031",34,2.0,0.0,110589.0,0.0,0
UMKM-01499,fnb,61,"Rp 24,399,482",33,4.6,0.0,212504.0,1.0,0
UMKM-01500,RETAIL,65,11186163,5,2.2,0.0,458418.0,0.0,0
UMKM-01501,retail ,114,"Rp 16,960,724",30,3.6,0.0,128637.0,1.0,0
UMKM-01502,Retail,12,"Rp 6,805,333",22,4.0,0.0,439232.0,0.0,1
UMKM-01503,Retail,100,6516552,11,,15.0,66238.0,3.0,1
UMKM-01504,Retail,1,"Rp 18,684,488",27,5.0,0.0,323323.0,1.0,0
UMKM-01505,fnb,34,"Rp 47,318,024",14,4.2,0.0,309058.0,1.0,0
UMKM-01506,Retail,64,"Rp 11,884,890",18,3.6,5.0,80793.0,4.0,1
UMKM-01507,F&B,80,"Rp 15,192,912",11,4.6,0.0,58004.0,2.0,0
UMKM-01508,retail ,116,"Rp 21,851,627",1,,0.0,164462.0,0.0,0
UMKM-01509,F&B,59,"Rp 14,979,640",10,4.9,5.0,333260.0,0.0,0
UMKM-01510,nan,62,35090796,43,4.1,5.0,436583.0,1.0,0
UMKM-01511,retail ,104,"Rp 49,096,263",36,1.8,0.0,398191.0,0.0,0
UMKM-01512,F&B,43,"Rp 15,311,631",37,,0.0,,0.0,0
UMKM-01513,retail ,46,"Rp 27,788,986",24,1.3,0.0,,0.0,1
UMKM-01514,nan,108,30429963,42,2.3,0.0,81856.0,2.0,1
UMKM-01515,jasa,101,20397125,20,1.5,0.0,281618.0,0.0,1
UMKM-01516,fnb,23,28899688,41,,2.0,259423.0,0.0,0
UMKM-01517,fnb,15,"Rp 5,139,524",35,2.4,15.0,52488.0,0.0,2
UMKM-01518,Retail,84,"Rp 27,468,794",8,3.9,0.0,395576.0,1.0,0
UMKM-01519, F & B ,72,28582031,11,3.3,2.0,383296.0,1.0,1
UMKM-01520,Retail,3,"Rp 18,768,209",9,,0.0,428475.0,1.0,0
UMKM-01521,Jasa,117,"Rp 36,142,481",4,3.2,2.0,82791.0,0.0,0
UMKM-01522,F&B,41,"Rp 26,114,962",32,3.6,2.0,150641.0,3.0,0
UMKM-01523,retail ,70,"Rp 27,979,772",4,4.5,30.0,298703.0,0.0,2
UMKM-01524, F & B ,36,3042361,15,1.3,0.0,81027.0,1.0,1
UMKM-01525,nan,45,"Rp 34,072,822",36,2.2,0.0,193663.0,4.0,1
UMKM-01526,Jasa,50,18887186,36,3.8,2.0,54726.0,4.0,1
UMKM-01527,nan,45,"Rp 21,647,249",28,1.1,0.0,286470.0,1.0,0
UMKM-01528,fnb,64,"Rp 23,659,761",17,1.8,0.0,316277.0,4.0,1
UMKM-01529,fnb,14,"Rp 10,034,612",28,1.9,0.0,236753.0,1.0,1
UMKM-01530,Retail,82,"Rp 1,187,486",5,,2.0,378424.0,0.0,0
UMKM-01531,F&B,21,"Rp 36,183,214",17,2.1,0.0,375188.0,0.0,1
UMKM-01532, F & B ,32,"Rp 33,990,353",31,3.4,,398241.0,1.0,0
UMKM-01533,Fashion,66,"Rp 17,708,838",41,4.9,0.0,210885.0,1.0,0
UMKM-01534,Jasa,59,2733391,30,4.2,0.0,140105.0,0.0,0
UMKM-01535,Jasa,48,"Rp 26,532,414",10,2.3,2.0,187012.0,3.0,1
UMKM-01536,Retail,107,"Rp 26,260,526",25,2.9,0.0,279425.0,0.0,0
UMKM-01537,fnb,107,"Rp 36,757,093",27,1.8,0.0,73196.0,0.0,0
UMKM-01538,Retail,18,"Rp 39,104,488",26,1.1,0.0,318361.0,0.0,1
UMKM-01539,retail ,41,"Rp 35,717,318",18,2.2,0.0,69433.0,4.0,2
UMKM-01540, F & B ,65,"Rp 38,629,773",44,2.5,5.0,323078.0,2.0,1
UMKM-01541,F&B,77,"Rp 3,929,386",26,3.3,0.0,104377.0,1.0,0
UMKM-01542,jasa,80,"Rp 30,919,038",19,4.8,,338342.0,2.0,0
UMKM-01543,RETAIL,57,49494936,2,4.8,5.0,94357.0,2.0,1
UMKM-01544,RETAIL,51,"Rp 29,183,077",15,1.3,0.0,97787.0,4.0,1
UMKM-01545,Retail,49,"Rp 18,735,317",38,3.5,0.0,469579.0,0.0,0
UMKM-01546,retail ,54,"Rp 47,833,658",43,1.2,0.0,228531.0,1.0,1
UMKM-01547, F & B ,93,"Rp 34,623,951",28,3.6,0.0,205091.0,0.0,0
UMKM-01548,Fashion,56,"Rp 47,848,819",14,1.5,2.0,498143.0,4.0,2
UMKM-01549,RETAIL,24,"Rp 35,515,087",29,4.8,0.0,397419.0,,0
UMKM-01550, F & B ,87,"Rp 16,985,227",39,,,468805.0,2.0,0
UMKM-01551,F&B,16,44139728,0,1.1,0.0,91113.0,0.0,1
UMKM-01552,nan,69,"Rp 19,919,140",28,4.1,0.0,454309.0,0.0,0
UMKM-01553,retail ,78,"Rp 11,608,191",29,3.5,0.0,252869.0,0.0,0
UMKM-01554,fnb,23,37534106,39,3.0,0.0,298074.0,0.0,1
UMKM-01555, F & B ,109,"Rp 3,292,056",31,3.4,15.0,491156.0,1.0,2
UMKM-01556,F&B,35,"Rp 9,547,596",9,3.7,2.0,175182.0,0.0,0
UMKM-01557,Fashion,36,"Rp 8,122,759",26,4.5,0.0,335936.0,,0
UMKM-01558,jasa,92,20389111,7,4.1,30.0,267258.0,0.0,1
UMKM-01559,fnb,59,15444292,35,3.3,15.0,419256.0,3.0,2
UMKM-01560,jasa,25,"Rp 5,233,384",41,,5.0,233273.0,2.0,0
UMKM-01561,Fashion,24,47243586,34,4.9,15.0,464243.0,0.0,1
UMKM-01562,F&B,106,"Rp 14,412,066",35,2.2,2.0,264917.0,0.0,0
UMKM-01563,RETAIL,12,16194144,35,,2.0,122381.0,,0
UMKM-01564,jasa,113,"Rp 40,406,805",24,3.9,0.0,450026.0,2.0,0
UMKM-01565,fnb,116,43870321,19,4.9,0.0,196300.0,0.0,0
UMKM-01566,Retail,11,22227912,44,1.5,2.0,347369.0,0.0,1
UMKM-01567,Jasa,32,"Rp 13,603,880",16,,30.0,76187.0,1.0,1
UMKM-01568, F & B ,8,46323185,22,1.2,2.0,447457.0,0.0,1
UMKM-01569,RETAIL,81,"Rp 15,167,068",24,4.1,,200565.0,0.0,0
UMKM-01570,jasa,83,"Rp 3,873,382",30,4.8,0.0,60729.0,2.0,0
UMKM-01571,nan,73,"Rp 19,167,395",5,,2.0,324693.0,1.0,2
UMKM-01572, F & B ,104,"Rp 42,667,756",34,,2.0,350157.0,0.0,0
UMKM-01573,Retail,50,41682512,3,,2.0,336491.0,4.0,1
UMKM-01574,Fashion,16,49827949,39,1.5,2.0,218280.0,1.0,1
UMKM-01575,Jasa,61,"Rp 42,868,484",19,4.6,0.0,376916.0,3.0,0
UMKM-01576,F&B,50,"Rp 48,679,117",40,2.6,0.0,352522.0,0.0,0
UMKM-01577,Retail,113,"Rp 34,422,146",0,3.2,,51998.0,0.0,0
UMKM-01578,Retail,13,"Rp 1,746,470",44,,0.0,493499.0,0.0,0
UMKM-01579,Fashion,51,"Rp 47,290,673",25,,0.0,215832.0,0.0,0
UMKM-01580,retail ,38,17094140,33,4.8,0.0,424316.0,4.0,1
UMKM-01581,Fashion,92,"Rp 41,622,998",9,4.8,0.0,303807.0,4.0,0
UMKM-01582,retail ,29,"Rp 44,515,802",22,4.3,5.0,164100.0,2.0,0
UMKM-01583,retail ,108,"Rp 36,472,949",23,1.8,5.0,468305.0,1.0,0
UMKM-01584,RETAIL,119,"Rp 15,378,121",12,2.3,,284416.0,2.0,0
UMKM-01585,RETAIL,-5,"Rp 25,049,484",28,3.0,0.0,427544.0,1.0,1
UMKM-01586,fnb,46,20607311,26,4.6,2.0,77737.0,0.0,0
UMKM-01587,jasa,79,"Rp 4,429,985",30,3.1,30.0,246822.0,1.0,2
UMKM-01588,jasa,87,"Rp 42,958,628",42,4.9,,88514.0,1.0,0
UMKM-01589,F&B,64,"Rp 37,368,700",9,4.9,,243854.0,0.0,2
UMKM-01590,jasa,31,26623125,30,3.4,5.0,239019.0,0.0,0
UMKM-01591,RETAIL,59,8058175,38,4.5,0.0,499349.0,0.0,0
UMKM-01592,fnb,45,"Rp 46,153,141",9,,0.0,479753.0,1.0,0
UMKM-01593,fnb,-5,"Rp 31,448,840",23,,15.0,173549.0,0.0,2
UMKM-01594,retail ,85,"Rp 42,787,255",32,3.6,15.0,100232.0,2.0,2
UMKM-01595,Fashion,15,"Rp 20,016,881",13,4.4,5.0,144766.0,0.0,2
UMKM-01596,F&B,47,"Rp 30,326,068",34,1.3,0.0,256225.0,0.0,0
UMKM-01597,retail ,10,"Rp 47,152,021",44,3.5,2.0,322605.0,2.0,1
UMKM-01598,Fashion,102,"Rp 30,125,802",33,1.9,0.0,132394.0,1.0,0
UMKM-01599,jasa,117,"Rp 11,347,578",16,1.5,0.0,321467.0,0.0,0
UMKM-01600,retail ,55,48515328,20,4.6,0.0,296622.0,3.0,0
UMKM-01601, F & B ,48,15228944,31,,,255611.0,0.0,0
UMKM-01602,jasa,34,"Rp 11,104,587",2,,0.0,490499.0,3.0,1
UMKM-01603,Fashion,20,"Rp 4,423,604",14,2.5,2.0,349184.0,1.0,2
UMKM-01604,F&B,74,11897502,7,4.9,0.0,189750.0,0.0,0
UMKM-01605,Fashion,86,36398780,31,4.4,2.0,195821.0,1.0,0
UMKM-01606,retail ,59,"Rp 1,759,848",37,1.1,2.0,304643.0,0.0,1
UMKM-01607,retail ,94,8100282,25,4.9,,397172.0,0.0,0
UMKM-01608,Retail,68,"Rp 27,575,101",29,2.5,0.0,404878.0,0.0,0
UMKM-01609,F&B,58,"Rp 31,543,878",8,3.8,0.0,263259.0,0.0,0
UMKM-01610,nan,37,32952342,31,3.9,5.0,403040.0,2.0,0
UMKM-01611,jasa,11,"Rp 10,181,252",10,4.6,0.0,135793.0,2.0,0
UMKM-01612,fnb,115,2539152,21,,0.0,388843.0,3.0,0
UMKM-01613,F&B,53,"Rp 18,601,053",33,2.1,2.0,154835.0,0.0,0
UMKM-01614,fnb,17,1841618,40,3.6,2.0,134321.0,1.0,0
UMKM-01615,F&B,1,10350351,17,2.6,0.0,,0.0,0
UMKM-01616,F&B,38,34272020,18,3.1,0.0,208989.0,1.0,0
UMKM-01617,Fashion,47,23768449,17,3.2,15.0,241487.0,3.0,2
UMKM-01618,F&B,65,33891145,36,2.6,2.0,167004.0,0.0,1
UMKM-01619,Retail,102,"Rp 39,283,556",17,2.9,0.0,172297.0,,1
UMKM-01620,nan,73,"Rp 18,812,556",11,1.8,0.0,295040.0,2.0,2
UMKM-01621,retail ,28,"Rp 12,750,687",3,3.4,2.0,276549.0,2.0,2
UMKM-01622,Jasa,40,"Rp 42,920,558",42,4.0,0.0,329729.0,1.0,1
UMKM-01623,fnb,103,"Rp 34,657,453",26,2.7,15.0,268178.0,2.0,2
UMKM-01624,retail ,62,"Rp 24,858,375",4,,2.0,197732.0,,2
UMKM-01625,Jasa,72,"Rp 9,388,817",5,1.2,0.0,301087.0,2.0,1
UMKM-01626,nan,72,"Rp 9,610,679",12,3.4,,,0.0,1
UMKM-01627,nan,10,"Rp 31,518,624",22,3.3,0.0,407925.0,1.0,0
UMKM-01628,fnb,65,"Rp 45,401,924",41,1.1,0.0,427462.0,0.0,0
UMKM-01629,fnb,90,"Rp 48,516,748",24,1.9,2.0,167273.0,4.0,1
UMKM-01630,nan,13,"Rp 6,473,024",3,4.6,2.0,499029.0,3.0,1
UMKM-01631,Jasa,-4,"Rp 29,173,270",31,3.2,0.0,237665.0,1.0,0
UMKM-01632,F&B,4,"Rp 33,773,607",43,2.7,0.0,280513.0,2.0,0
UMKM-01633,jasa,44,"Rp 1,216,194",14,2.7,0.0,306133.0,3.0,1
UMKM-01634, F & B ,119,"Rp 3,454,082",25,4.6,0.0,278776.0,0.0,0
UMKM-01635,retail ,75,"Rp 7,474,467",41,2.5,5.0,56968.0,1.0,0
UMKM-01636,Fashion,95,"Rp 24,742,626",10,4.4,2.0,117249.0,0.0,0
UMKM-01637,retail ,6,38151758,8,2.2,0.0,190312.0,2.0,1
UMKM-01638,Fashion,64,23534338,10,3.1,0.0,223615.0,0.0,0
UMKM-01639,Jasa,16,"Rp 11,584,422",1,,0.0,348263.0,2.0,2
UMKM-01640,Fashion,26,"Rp 29,607,313",44,4.3,0.0,418541.0,0.0,0
UMKM-01641,fnb,99,41219109,26,,0.0,473254.0,0.0,0
UMKM-01642,jasa,78,"Rp 2,034,023",25,,0.0,325244.0,0.0,0
UMKM-01643,jasa,-5,"Rp 42,731,520",7,1.1,0.0,354938.0,0.0,1
UMKM-01644,fnb,48,"Rp 31,156,188",20,2.9,2.0,416663.0,0.0,0
UMKM-01645,Retail,105,43336585,20,1.9,5.0,98121.0,1.0,1
UMKM-01646,Jasa,111,18077979,7,2.7,0.0,321287.0,1.0,0
UMKM-01647,Retail,52,"Rp 27,221,432",0,4.4,,371520.0,0.0,0
UMKM-01648,Retail,64,"Rp 4,849,182",37,4.1,15.0,133144.0,1.0,2
UMKM-01649,retail ,77,"Rp 29,611,730",12,2.0,,418672.0,1.0,1
UMKM-01650,nan,12,"Rp 33,084,226",8,4.9,30.0,132016.0,0.0,1
UMKM-01651,retail ,0,"Rp 19,341,674",27,4.6,2.0,180604.0,0.0,0
UMKM-01652,nan,39,8919584,5,3.1,2.0,261817.0,2.0,0
UMKM-01653, F & B ,91,"Rp 27,832,808",22,3.1,0.0,390881.0,0.0,1
UMKM-01654,Fashion,17,"Rp 38,796,586",35,4.6,5.0,118677.0,0.0,0
UMKM-01655,nan,17,"Rp 36,132,018",16,3.5,2.0,442084.0,,0
UMKM-01656,fnb,20,"Rp 5,474,220",8,3.1,2.0,142889.0,2.0,0
UMKM-01657,retail ,71,"Rp 9,736,857",11,,2.0,127006.0,0.0,0
UMKM-01658,Jasa,1,"Rp 30,795,023",21,1.9,0.0,459771.0,1.0,2
UMKM-01659,Fashion,73,"Rp 1,986,275",11,4.5,2.0,497221.0,2.0,0
UMKM-01660, F & B ,38,"Rp 35,964,556",5,3.1,0.0,145133.0,2.0,0
UMKM-01661,nan,21,"Rp 27,780,164",43,3.4,5.0,342234.0,0.0,0
UMKM-01662, F & B ,20,4394020,8,1.4,30.0,489551.0,0.0,1
UMKM-01663,Jasa,91,"Rp 10,860,685",36,2.2,15.0,337620.0,1.0,2
UMKM-01664,Retail,73,18587802,2,2.7,5.0,376148.0,0.0,1
UMKM-01665,jasa,30,32471719,33,2.7,0.0,243545.0,4.0,1
UMKM-01666,Jasa,103,"Rp 10,817,539",7,,,124469.0,0.0,1
UMKM-01667,RETAIL,49,32380142,9,2.1,0.0,432263.0,0.0,0
UMKM-01668,Jasa,58,29026421,40,,30.0,483521.0,3.0,1
UMKM-01669, F & B ,85,"Rp 47,253,533",41,3.3,0.0,437638.0,0.0,0
UMKM-01670,fnb,51,"Rp 27,324,690",42,3.5,0.0,125650.0,0.0,0
UMKM-01671,retail ,63,"Rp 1,981,598",8,1.5,5.0,277880.0,1.0,0
UMKM-01672,fnb,55,10348148,13,1.0,2.0,355801.0,0.0,0
UMKM-01673, F & B ,-4,32684301,36,4.7,0.0,435414.0,2.0,0
UMKM-01674,retail ,49,12576635,26,1.3,2.0,411406.0,0.0,2
UMKM-01675,RETAIL,116,"Rp 42,974,581",40,4.6,2.0,212930.0,0.0,0
UMKM-01676,jasa,91,17064329,31,2.6,0.0,431502.0,0.0,0
UMKM-01677,Fashion,74,"Rp 43,418,799",3,3.6,2.0,484519.0,2.0,1
UMKM-01678, F & B ,81,"Rp 37,398,942",1,1.7,0.0,446697.0,0.0,1
UMKM-01679,nan,32,5323492,32,4.3,2.0,374985.0,0.0,0
UMKM-01680, F & B ,113,"Rp 17,985,366",20,,0.0,57931.0,2.0,1
UMKM-01681, F & B ,74,"Rp 20,350,554",0,2.5,2.0,156951.0,3.0,1
UMKM-01682,retail ,72,"Rp 34,322,053",43,2.0,0.0,104694.0,2.0,1
UMKM-01683,F&B,23,2858777,10,4.4,0.0,320779.0,0.0,0
UMKM-01684,Jasa,20,"Rp 7,510,529",0,4.4,2.0,357396.0,1.0,0
UMKM-01685,F&B,29,"Rp 18,257,836",10,2.5,2.0,,1.0,1
UMKM-01686,RETAIL,73,"Rp 5,935,500",6,2.2,,240826.0,3.0,1
UMKM-01687,nan,61,34542066,1,4.1,15.0,381161.0,3.0,1
UMKM-01688,jasa,81,"Rp 31,852,401",14,,5.0,203149.0,4.0,1
UMKM-01689,Retail,23,"Rp 5,863,099",7,3.5,0.0,379097.0,2.0,0
UMKM-01690,RETAIL,28,"Rp 39,473,746",25,4.7,0.0,,0.0,0
UMKM-01691,Retail,91,"Rp 24,770,368",39,2.5,0.0,385356.0,2.0,2
UMKM-01692,Retail,35,23973735,41,,0.0,384691.0,2.0,0
UMKM-01693,jasa,35,2122207,34,,15.0,499077.0,3.0,2
UMKM-01694,fnb,17,"Rp 20,468,143",40,3.7,0.0,198126.0,3.0,0
UMKM-01695,F&B,65,28748801,40,2.6,0.0,,1.0,2
UMKM-01696, F & B ,-3,"Rp 34,981,989",20,,0.0,105153.0,1.0,0
UMKM-01697,Fashion,52,11204207,37,2.2,0.0,,0.0,1
UMKM-01698,Retail,26,"Rp 12,586,122",7,3.1,0.0,484275.0,1.0,0
UMKM-01699,nan,25,"Rp 19,942,672",42,,2.0,495155.0,0.0,0
UMKM-01700,RETAIL,76,"Rp 42,072,050",31,,0.0,303617.0,4.0,1
UMKM-01701,fnb,37,"Rp 48,831,146",7,4.7,2.0,165095.0,3.0,0
UMKM-01702,Retail,1,"Rp 42,321,659",43,2.2,2.0,475114.0,2.0,1
UMKM-01703,fnb,99,"Rp 34,373,269",9,1.9,5.0,411425.0,0.0,0
UMKM-01704,fnb,-5,3152259,22,3.8,5.0,360705.0,0.0,1
UMKM-01705,Retail,55,"Rp 28,785,034",3,4.4,5.0,399617.0,1.0,0
UMKM-01706,retail ,8,"Rp 4,390,919",37,3.5,0.0,,0.0,1
UMKM-01707,Jasa,46,44648136,29,2.0,0.0,179552.0,0.0,0
UMKM-01708,nan,90,"Rp 41,585,551",40,4.4,,335980.0,3.0,1
UMKM-01709, F & B ,0,39009669,22,,0.0,372564.0,0.0,0
UMKM-01710, F & B ,97,"Rp 6,871,348",4,2.5,0.0,277850.0,0.0,1
UMKM-01711,nan,4,36933652,20,,0.0,321055.0,1.0,0
UMKM-01712,retail ,65,"Rp 4,519,065",5,,2.0,469251.0,4.0,1
UMKM-01713, F & B ,84,24737914,16,3.4,0.0,206065.0,2.0,0
UMKM-01714,fnb,92,"Rp 36,338,642",24,4.7,5.0,141216.0,4.0,0
UMKM-01715,jasa,24,"Rp 39,752,795",23,,2.0,230768.0,2.0,1
UMKM-01716,RETAIL,94,"Rp 8,341,127",21,4.5,0.0,123080.0,0.0,0
UMKM-01717,F&B,15,"Rp 3,463,501",12,,0.0,334433.0,4.0,2
UMKM-01718, F & B ,54,"Rp 27,910,743",16,2.3,2.0,81346.0,0.0,0
UMKM-01719,nan,75,43971759,13,3.1,0.0,289261.0,0.0,0
UMKM-01720,jasa,91,"Rp 10,975,595",33,1.3,0.0,75644.0,0.0,0
UMKM-01721,Retail,68,33992740,25,1.9,0.0,78279.0,2.0,1
UMKM-01722,Jasa,109,37373559,18,4.1,5.0,145446.0,3.0,0
UMKM-01723,nan,57,"Rp 7,779,865",25,3.6,2.0,,0.0,0
UMKM-01724,fnb,105,39580446,2,1.7,0.0,299983.0,0.0,2
UMKM-01725,Jasa,36,"Rp 19,710,135",1,2.8,2.0,163917.0,3.0,1
UMKM-01726,RETAIL,45,"Rp 24,027,890",27,1.6,2.0,84341.0,0.0,0
UMKM-01727,RETAIL,58,"Rp 45,092,191",1,4.4,0.0,169660.0,2.0,0
UMKM-01728,retail ,70,"Rp 11,254,769",21,1.4,0.0,168481.0,0.0,1
UMKM-01729,Fashion,50,"Rp 25,397,736",6,3.6,30.0,,0.0,0
UMKM-01730,retail ,74,"Rp 32,163,841",3,3.4,2.0,150957.0,0.0,0
UMKM-01731,jasa,35,"Rp 32,193,579",37,2.9,2.0,347123.0,0.0,0
UMKM-01732,Jasa,26,25761921,38,,0.0,437720.0,2.0,0
UMKM-01733,Fashion,9,"Rp 27,293,184",19,2.6,5.0,418770.0,3.0,1
UMKM-01734,Retail,56,"Rp 16,565,219",5,4.2,2.0,115109.0,0.0,0
UMKM-01735,fnb,21,"Rp 9,731,896",8,4.0,0.0,159239.0,2.0,0
UMKM-01736,Jasa,22,"Rp 36,556,939",30,4.0,30.0,202999.0,2.0,2
UMKM-01737,retail ,75,"Rp 3,652,808",25,4.0,0.0,381500.0,0.0,0
UMKM-01738,F&B,58,13260515,35,1.6,0.0,206473.0,1.0,0
UMKM-01739,Fashion,104,14692648,25,1.4,0.0,495086.0,1.0,0
UMKM-01740,Fashion,53,15952923,27,4.4,5.0,212773.0,0.0,0
UMKM-01741,fnb,108,17203557,4,4.3,5.0,123226.0,0.0,0
UMKM-01742, F & B ,52,11877097,9,3.7,5.0,280398.0,,1
UMKM-01743,RETAIL,-4,"Rp 36,465,560",17,,,153658.0,1.0,0
UMKM-01744,RETAIL,30,"Rp 29,850,620",14,2.5,0.0,185298.0,0.0,0
UMKM-01745,F&B,108,"Rp 39,310,929",32,1.9,2.0,140808.0,0.0,0
UMKM-01746,jasa,65,6133381,4,3.7,2.0,419677.0,0.0,1
UMKM-01747,jasa,7,"Rp 39,402,675",36,4.7,,247421.0,0.0,0
UMKM-01748,Retail,9,"Rp 20,202,574",39,2.7,0.0,168525.0,0.0,1
UMKM-01749,Jasa,83,"Rp 13,132,015",21,,,208075.0,0.0,0
UMKM-01750,nan,81,"Rp 42,200,071",21,2.1,0.0,264075.0,0.0,0
UMKM-01751, F & B ,54,"Rp 4,917,430",21,1.1,5.0,282350.0,1.0,1
UMKM-01752,retail ,16,"Rp 44,794,619",14,3.1,2.0,409715.0,0.0,1
UMKM-01753,nan,57,"Rp 32,423,484",16,5.0,15.0,497934.0,0.0,0
UMKM-01754,nan,84,14628984,44,4.3,0.0,400745.0,0.0,0
UMKM-01755,Fashion,91,"Rp 6,544,223",27,4.6,0.0,118160.0,0.0,0
UMKM-01756,F&B,69,29694421,21,,0.0,55505.0,0.0,0
UMKM-01757,RETAIL,68,"Rp 13,992,054",20,2.9,2.0,456597.0,1.0,0
UMKM-01758,Retail,19,"Rp 40,497,144",41,5.0,2.0,319693.0,0.0,0
UMKM-01759,jasa,95,32811340,16,2.8,,282108.0,0.0,0
UMKM-01760,F&B,42,2171758,4,4.7,0.0,101149.0,2.0,1
UMKM-01761,Fashion,37,46633622,17,4.0,0.0,453419.0,1.0,0
UMKM-01762,retail ,111,17702269,16,2.3,0.0,237899.0,0.0,0
UMKM-01763,Retail,32,6276085,3,3.0,0.0,455144.0,0.0,0
UMKM-01764,Fashion,35,25226332,6,2.5,5.0,325601.0,4.0,2
UMKM-01765,RETAIL,39,8185180,24,1.5,15.0,437437.0,4.0,2
UMKM-01766,RETAIL,82,9023556,36,,,434609.0,0.0,0
UMKM-01767,RETAIL,34,"Rp 27,157,817",39,4.6,0.0,218183.0,0.0,0
UMKM-01768,F&B,104,"Rp 48,486,626",39,4.0,0.0,336731.0,0.0,0
UMKM-01769,F&B,114,44453942,42,2.1,0.0,109354.0,0.0,0
UMKM-01770,jasa,91,"Rp 24,876,708",8,,2.0,414055.0,0.0,0
UMKM-01771,jasa,11,"Rp 28,614,790",18,3.5,,337456.0,1.0,0
UMKM-01772,retail ,82,"Rp 29,662,434",8,2.7,0.0,378189.0,0.0,1
UMKM-01773,Retail,95,12138188,22,3.0,0.0,,0.0,0
UMKM-01774,fnb,51,"Rp 47,239,881",30,3.8,5.0,449310.0,1.0,0
UMKM-01775,fnb,-4,"Rp 11,207,809",31,2.9,2.0,127994.0,4.0,2
UMKM-01776,Fashion,90,"Rp 33,092,869",30,1.8,0.0,350657.0,0.0,0
UMKM-01777,RETAIL,115,"Rp 31,261,475",16,3.1,15.0,282418.0,2.0,2
UMKM-01778,Retail,118,"Rp 19,057,496",38,2.4,0.0,382590.0,0.0,0
UMKM-01779,nan,56,"Rp 24,904,686",21,2.2,,56572.0,0.0,0
UMKM-01780,F&B,82,"Rp 32,138,855",34,2.3,0.0,296818.0,3.0,2
UMKM-01781,Jasa,3,"Rp 21,793,005",29,2.8,0.0,218140.0,0.0,1
UMKM-01782, F & B ,62,"Rp 39,540,950",39,4.5,0.0,452297.0,1.0,0
UMKM-01783,retail ,75,"Rp 38,282,093",36,,0.0,134872.0,0.0,0
UMKM-01784,RETAIL,11,11064981,25,3.7,2.0,208985.0,0.0,0
UMKM-01785,RETAIL,111,"Rp 2,279,372",5,2.9,2.0,352522.0,1.0,0
UMKM-01786,RETAIL,44,38649660,33,1.0,0.0,495112.0,0.0,1
UMKM-01787,F&B,106,"Rp 31,175,764",31,2.4,2.0,112189.0,0.0,0
UMKM-01788,F&B,88,"Rp 15,172,928",24,4.3,0.0,76084.0,1.0,0
UMKM-01789, F & B ,34,6767034,12,2.6,0.0,409384.0,0.0,1
UMKM-01790,nan,52,"Rp 9,837,010",37,3.3,,372825.0,0.0,1
UMKM-01791,Retail,69,3449851,37,1.8,15.0,72418.0,2.0,2
UMKM-01792,RETAIL,79,"Rp 7,507,552",1,4.7,0.0,223799.0,0.0,0
UMKM-01793,fnb,15,31118147,4,,0.0,124860.0,1.0,0
UMKM-01794,jasa,12,"Rp 43,224,873",10,1.6,2.0,475448.0,4.0,1
UMKM-01795,fnb,49,"Rp 36,996,979",10,3.9,0.0,247809.0,0.0,0
UMKM-01796,Fashion,23,"Rp 2,236,968",23,1.3,2.0,132168.0,0.0,0
UMKM-01797,fnb,18,"Rp 4,078,882",13,3.4,2.0,451219.0,1.0,2
UMKM-01798,Fashion,68,27925851,44,,0.0,207543.0,0.0,0
UMKM-01799,Jasa,103,"Rp 36,542,454",29,1.6,0.0,112468.0,1.0,0
UMKM-01800,jasa,11,39836024,39,,5.0,497644.0,0.0,0
UMKM-01801,fnb,12,17040416,43,4.8,0.0,468021.0,0.0,0
UMKM-01802,Jasa,36,29218511,34,4.3,0.0,118211.0,0.0,0
UMKM-01803,retail ,106,"Rp 17,273,406",20,1.3,5.0,125012.0,2.0,1
UMKM-01804,Retail,78,"Rp 4,193,796",4,3.4,5.0,69259.0,0.0,0
UMKM-01805,Jasa,95,9482216,37,1.9,0.0,221134.0,2.0,0
UMKM-01806,Retail,39,12668300,1,2.1,30.0,,2.0,2
UMKM-01807,fnb,76,26134254,39,,2.0,487074.0,0.0,0
UMKM-01808,nan,11,"Rp 26,452,363",36,1.5,0.0,247117.0,0.0,1
UMKM-01809,Jasa,67,"Rp 27,757,444",33,3.4,0.0,130099.0,0.0,0
UMKM-01810,jasa,8,28219614,10,2.6,5.0,198096.0,1.0,1
UMKM-01811,fnb,43,"Rp 4,049,307",35,1.8,0.0,374124.0,2.0,1
UMKM-01812,RETAIL,23,"Rp 47,465,821",10,,0.0,397314.0,0.0,0
UMKM-01813,F&B,89,"Rp 28,729,937",8,4.8,2.0,119283.0,0.0,0
UMKM-01814,Jasa,-2,"Rp 30,859,883",5,4.1,2.0,364015.0,0.0,0
UMKM-01815,jasa,76,"Rp 3,801,818",33,1.5,2.0,70287.0,0.0,1
UMKM-01816,retail ,117,"Rp 23,696,802",36,4.4,2.0,75887.0,1.0,0
UMKM-01817,RETAIL,14,"Rp 21,822,937",31,4.7,0.0,440637.0,0.0,0
UMKM-01818,retail ,114,19640248,11,,0.0,436514.0,0.0,1
UMKM-01819,fnb,114,"Rp 39,499,046",44,2.3,2.0,67802.0,1.0,0
UMKM-01820,F&B,41,"Rp 42,406,448",31,1.5,5.0,123135.0,0.0,0
UMKM-01821,Jasa,101,25551282,16,2.4,2.0,321794.0,0.0,2
UMKM-01822,Jasa,102,42424699,3,3.7,0.0,200915.0,0.0,0
UMKM-01823,nan,3,"Rp 42,373,920",41,,,235128.0,1.0,0
UMKM-01824,nan,71,"Rp 28,390,168",32,1.0,0.0,473448.0,0.0,0
UMKM-01825,fnb,73,"Rp 48,967,799",42,2.4,0.0,483296.0,0.0,0
UMKM-01826,fnb,21,"Rp 14,463,582",42,2.8,0.0,417790.0,0.0,2
UMKM-01827,F&B,9,"Rp 2,378,148",8,,0.0,355671.0,0.0,1
UMKM-01828,nan,86,37598842,33,3.7,2.0,92297.0,0.0,2
UMKM-01829,jasa,95,"Rp 16,005,563",38,,0.0,,0.0,0
UMKM-01830,jasa,113,"Rp 14,045,088",29,,0.0,301008.0,0.0,0
UMKM-01831,F&B,13,34793258,19,2.1,0.0,341329.0,0.0,0
UMKM-01832,jasa,84,19494570,38,4.8,2.0,167769.0,0.0,0
UMKM-01833,Fashion,46,26916606,22,2.4,30.0,443562.0,1.0,2
UMKM-01834,Retail,20,"Rp 46,844,447",40,,5.0,492484.0,2.0,0
UMKM-01835,F&B,83,"Rp 1,481,809",43,1.2,0.0,93418.0,0.0,0
UMKM-01836,F&B,20,"Rp 27,400,656",34,2.1,2.0,59612.0,0.0,0
UMKM-01837, F & B ,20,"Rp 42,816,801",22,1.7,0.0,223886.0,0.0,1
UMKM-01838,RETAIL,40,25061606,38,3.6,0.0,,0.0,0
UMKM-01839,RETAIL,86,"Rp 38,921,641",22,4.4,15.0,182703.0,0.0,2
UMKM-01840,Fashion,43,"Rp 43,336,821",36,2.3,0.0,369355.0,0.0,0
UMKM-01841,nan,76,"Rp 48,204,322",22,,0.0,196524.0,0.0,1
UMKM-01842,fnb,90,"Rp 34,105,995",38,3.9,0.0,306097.0,3.0,0
UMKM-01843,fnb,47,29324386,27,2.6,0.0,128105.0,0.0,0
UMKM-01844,retail ,-3,"Rp 34,591,612",18,1.3,0.0,484116.0,4.0,2
UMKM-01845,Fashion,60,"Rp 8,546,691",29,1.9,0.0,203554.0,3.0,1
UMKM-01846,F&B,91,"Rp 6,611,544",20,4.5,0.0,286379.0,2.0,0
UMKM-01847,Fashion,36,"Rp 3,251,347",23,4.3,,,3.0,0
UMKM-01848,Fashion,13,31991473,20,1.3,2.0,347616.0,0.0,0
UMKM-01849,Fashion,11,"Rp 5,792,030",25,1.9,15.0,399604.0,0.0,1
UMKM-01850,RETAIL,102,"Rp 14,218,691",35,4.1,5.0,168123.0,0.0,0
UMKM-01851,Fashion,27,"Rp 20,397,109",25,,2.0,484386.0,0.0,0
UMKM-01852,Retail,70,"Rp 7,702,245",32,4.0,0.0,272874.0,0.0,0
UMKM-01853,fnb,43,"Rp 9,745,662",35,1.8,0.0,248385.0,2.0,1
UMKM-01854,retail ,50,25173742,3,4.8,2.0,130379.0,0.0,0
UMKM-01855,Retail,57,"Rp 11,891,264",8,4.1,0.0,216987.0,0.0,0
UMKM-01856,retail ,-3,"Rp 19,659,202",7,1.8,0.0,145554.0,1.0,1
UMKM-01857, F & B ,101,"Rp 19,742,845",1,3.2,0.0,58057.0,0.0,1
UMKM-01858,retail ,43,45771647,28,1.5,5.0,,0.0,1
UMKM-01859,fnb,49,35657680,22,2.4,,230910.0,0.0,0
UMKM-01860,fnb,20,11023293,5,3.6,0.0,110014.0,2.0,2
UMKM-01861,Fashion,93,"Rp 42,764,557",42,2.3,2.0,202522.0,1.0,0
UMKM-01862,Jasa,66,"Rp 22,040,744",35,3.6,30.0,206577.0,1.0,2
UMKM-01863, F & B ,46,"Rp 25,993,085",20,2.0,0.0,469106.0,0.0,0
UMKM-01864,F&B,94,"Rp 10,418,530",21,3.9,0.0,495201.0,3.0,0
UMKM-01865,jasa,111,"Rp 9,623,353",8,,0.0,158269.0,0.0,0
UMKM-01866,retail ,112,"Rp 49,289,292",33,4.2,30.0,347157.0,2.0,2
UMKM-01867,Jasa,1,"Rp 21,360,866",25,1.5,0.0,477169.0,4.0,2
UMKM-01868,Fashion,40,"Rp 29,964,394",0,2.4,0.0,183536.0,1.0,1
UMKM-01869,RETAIL,40,"Rp 36,917,751",35,2.9,0.0,,1.0,0
UMKM-01870,F&B,94,"Rp 36,372,654",43,2.7,15.0,162839.0,0.0,2
UMKM-01871,nan,10,"Rp 23,187,903",4,2.7,,96825.0,0.0,0
UMKM-01872,Jasa,18,"Rp 42,753,855",40,2.8,0.0,210638.0,3.0,1
UMKM-01873,RETAIL,55,"Rp 18,340,722",21,5.0,,144035.0,0.0,0
UMKM-01874, F & B ,48,31289845,3,,0.0,51521.0,3.0,1
UMKM-01875,Fashion,56,42389199,1,4.1,0.0,329507.0,1.0,0
UMKM-01876,F&B,-5,9904337,15,3.2,,130938.0,0.0,0
UMKM-01877,F&B,43,"Rp 40,027,078",15,2.7,2.0,267169.0,1.0,1
UMKM-01878,F&B,19,29077868,21,3.5,0.0,434303.0,0.0,1
UMKM-01879, F & B ,4,39599848,42,4.4,0.0,252308.0,0.0,0
UMKM-01880,retail ,112,28249629,0,2.9,5.0,192534.0,0.0,1
UMKM-01881,nan,74,"Rp 23,051,113",14,4.5,15.0,385253.0,0.0,2
UMKM-01882, F & B ,10,"Rp 46,056,232",23,,30.0,232177.0,3.0,2
UMKM-01883,jasa,52,"Rp 1,354,182",3,3.6,2.0,366842.0,0.0,2
UMKM-01884,nan,66,39697230,17,2.3,30.0,289052.0,1.0,2
UMKM-01885,fnb,23,37195387,16,2.5,2.0,470319.0,0.0,0
UMKM-01886,Fashion,97,"Rp 49,442,602",6,3.3,2.0,169511.0,2.0,0
UMKM-01887, F & B ,86,"Rp 44,985,572",44,2.9,5.0,459723.0,1.0,0
UMKM-01888,RETAIL,0,37471017,9,2.5,0.0,146783.0,0.0,1
UMKM-01889,nan,10,19351471,0,2.2,0.0,244173.0,4.0,2
UMKM-01890,jasa,14,"Rp 8,012,022",1,3.5,0.0,148829.0,3.0,1
UMKM-01891,fnb,74,"Rp 23,324,455",21,3.0,2.0,166774.0,1.0,1
UMKM-01892,retail ,65,49838504,31,2.3,0.0,491542.0,3.0,1
UMKM-01893,RETAIL,99,30649386,28,1.8,0.0,453563.0,1.0,0
UMKM-01894,nan,72,"Rp 40,464,554",34,4.1,0.0,269403.0,2.0,0
UMKM-01895,Fashion,37,"Rp 14,482,486",16,4.2,0.0,318243.0,0.0,0
UMKM-01896,RETAIL,20,"Rp 37,324,217",11,1.9,5.0,387248.0,0.0,0
UMKM-01897,fnb,84,"Rp 38,068,510",23,2.0,0.0,54406.0,,0
UMKM-01898,RETAIL,72,"Rp 46,658,703",29,2.0,0.0,471253.0,0.0,0
UMKM-01899,Retail,65,"Rp 40,517,564",43,4.5,2.0,152439.0,0.0,0
UMKM-01900,Jasa,27,"Rp 10,699,755",29,4.1,15.0,238250.0,0.0,1
UMKM-01901,retail ,20,"Rp 17,644,741",19,,0.0,448092.0,0.0,0
UMKM-01902,fnb,115,19875167,41,4.3,0.0,,0.0,0
UMKM-01903,RETAIL,39,"Rp 48,503,723",6,1.1,,211943.0,1.0,1
UMKM-01904,Jasa,78,"Rp 27,702,025",41,2.0,0.0,264985.0,,0
UMKM-01905,Jasa,57,36134321,37,4.7,,408586.0,0.0,0
UMKM-01906,RETAIL,61,"Rp 9,927,377",6,4.5,0.0,414973.0,2.0,0
UMKM-01907,Fashion,46,"Rp 1,287,555",29,,0.0,162631.0,0.0,0
UMKM-01908,Retail,62,"Rp 4,775,944",11,2.8,0.0,94895.0,0.0,1
UMKM-01909, F & B ,119,"Rp 37,298,886",30,2.3,0.0,304408.0,1.0,1
UMKM-01910,Retail,20,"Rp 26,574,001",17,4.5,30.0,355904.0,3.0,1
UMKM-01911,RETAIL,69,48600903,42,3.6,,358450.0,0.0,0
UMKM-01912,retail ,-4,"Rp 47,651,455",1,,,125179.0,0.0,0
UMKM-01913, F & B ,8,"Rp 4,197,418",32,,30.0,197659.0,0.0,2
UMKM-01914,fnb,102,12509800,10,4.5,15.0,126554.0,3.0,2
UMKM-01915,Retail,24,3788647,33,4.6,2.0,,0.0,0
UMKM-01916,RETAIL,43,"Rp 7,224,898",15,3.6,15.0,453260.0,0.0,0
UMKM-01917,Retail,6,7378384,34,,0.0,181015.0,3.0,1
UMKM-01918, F & B ,84,"Rp 19,347,713",32,,0.0,94425.0,1.0,0
UMKM-01919,jasa,38,24722901,20,3.4,2.0,307997.0,4.0,1
UMKM-01920,nan,27,29335107,19,3.8,30.0,202448.0,3.0,0
UMKM-01921,Retail,7,"Rp 42,831,301",7,1.1,2.0,334734.0,0.0,1
UMKM-01922,fnb,72,31806181,25,4.4,15.0,355547.0,1.0,1
UMKM-01923,fnb,82,"Rp 18,632,650",32,4.7,0.0,76628.0,0.0,0
UMKM-01924,F&B,92,"Rp 1,308,697",25,2.0,5.0,139421.0,,0
UMKM-01925,Retail,102,12799568,36,,,417907.0,0.0,0
UMKM-01926,nan,20,8279074,29,3.7,0.0,183264.0,2.0,0
UMKM-01927,Fashion,15,"Rp 47,860,830",30,3.3,,202505.0,0.0,1
UMKM-01928,Jasa,22,43015948,32,4.4,2.0,396773.0,0.0,0
UMKM-01929,nan,42,"Rp 44,585,013",10,,2.0,436206.0,0.0,0
UMKM-01930,Jasa,94,"Rp 30,731,215",40,4.2,30.0,80617.0,1.0,2
UMKM-01931,Jasa,34,38758158,4,2.3,0.0,298588.0,0.0,0
UMKM-01932,jasa,60,"Rp 15,854,762",1,4.1,0.0,419598.0,0.0,0
UMKM-01933,F&B,100,33070801,12,2.8,2.0,212754.0,0.0,0
UMKM-01934,nan,67,18619822,17,1.5,0.0,322394.0,0.0,0
UMKM-01935,nan,81,41932207,25,2.5,0.0,344980.0,1.0,0
UMKM-01936,jasa,73,"Rp 38,425,981",24,1.9,0.0,424463.0,0.0,1
UMKM-01937,Retail,71,"Rp 43,393,455",43,,,379317.0,0.0,0
UMKM-01938,Retail,17,"Rp 16,333,352",13,1.4,0.0,440083.0,1.0,0
UMKM-01939,Retail,75,"Rp 42,279,386",4,4.1,0.0,418905.0,2.0,0
UMKM-01940,retail ,42,21476662,41,,,56251.0,1.0,1
UMKM-01941,Jasa,118,"Rp 18,325,939",1,4.7,,151429.0,4.0,0
UMKM-01942,retail ,-4,"Rp 21,010,156",3,4.4,5.0,368390.0,0.0,0
UMKM-01943,F&B,78,"Rp 27,794,485",11,4.3,2.0,302093.0,2.0,0
UMKM-01944,jasa,14,22550363,10,1.3,0.0,214078.0,1.0,2
UMKM-01945,nan,53,26251174,3,4.2,0.0,136966.0,1.0,0
UMKM-01946,Jasa,40,"Rp 13,597,628",42,4.1,0.0,484001.0,1.0,0
UMKM-01947,retail ,-3,"Rp 27,110,856",8,1.5,5.0,,0.0,0
UMKM-01948,retail ,49,"Rp 37,440,011",9,,0.0,449680.0,0.0,0
UMKM-01949,RETAIL,6,"Rp 34,052,558",26,,2.0,117344.0,1.0,0
UMKM-01950,retail ,34,"Rp 40,466,516",5,4.6,0.0,453497.0,0.0,0
UMKM-01951,Fashion,60,"Rp 43,635,059",14,3.8,0.0,,1.0,0
UMKM-01952,nan,94,"Rp 8,355,554",41,4.8,2.0,171720.0,2.0,2
UMKM-01953,Fashion,72,"Rp 11,297,650",30,1.4,15.0,144840.0,0.0,2
UMKM-01954,nan,10,"Rp 2,877,330",21,,0.0,281306.0,0.0,2
UMKM-01955,jasa,77,"Rp 16,009,846",5,4.9,0.0,155293.0,0.0,0
UMKM-01956,nan,28,39636502,32,,0.0,,0.0,0
UMKM-01957,Fashion,38,"Rp 27,878,284",28,2.5,0.0,304235.0,0.0,0
UMKM-01958,nan,119,"Rp 43,498,174",20,3.6,2.0,58998.0,0.0,0
UMKM-01959,jasa,104,"Rp 34,145,074",29,4.5,0.0,457733.0,0.0,0
UMKM-01960,jasa,0,23985303,20,2.0,0.0,418227.0,0.0,1
UMKM-01961,F&B,71,48472463,35,1.1,30.0,497498.0,0.0,1
UMKM-01962,nan,58,"Rp 18,825,494",21,,2.0,355010.0,,0
UMKM-01963,RETAIL,94,41589915,19,2.9,0.0,425528.0,,0
UMKM-01964,Retail,16,"Rp 34,677,614",21,2.2,0.0,72969.0,0.0,0
UMKM-01965,fnb,12,"Rp 38,797,327",39,4.5,0.0,413124.0,0.0,0
UMKM-01966,jasa,6,"Rp 25,269,034",10,4.0,0.0,196855.0,0.0,0
UMKM-01967, F & B ,46,29609573,30,4.4,2.0,168259.0,0.0,0
UMKM-01968,Retail,117,"Rp 27,816,706",39,1.6,2.0,81107.0,1.0,0
UMKM-01969,Jasa,112,"Rp 45,402,190",12,3.8,0.0,226703.0,0.0,1
UMKM-01970,nan,88,"Rp 11,413,824",17,4.9,2.0,446975.0,0.0,0
UMKM-01971,Fashion,111,"Rp 34,718,918",21,,0.0,64789.0,2.0,1
UMKM-01972,fnb,45,11082304,16,1.7,0.0,256418.0,2.0,2
UMKM-01973, F & B ,98,45774495,37,5.0,15.0,325358.0,,0
UMKM-01974,Retail,65,15410440,24,,0.0,382801.0,0.0,0
UMKM-01975,nan,90,"Rp 38,400,988",31,4.4,0.0,341626.0,3.0,1
UMKM-01976,F&B,42,40813657,14,1.6,30.0,213544.0,1.0,1
UMKM-01977,Jasa,13,"Rp 18,504,684",12,3.7,0.0,124536.0,1.0,0
UMKM-01978,fnb,0,"Rp 19,841,834",25,4.7,0.0,360331.0,3.0,0
UMKM-01979,RETAIL,78,13675420,10,,5.0,81087.0,4.0,1
UMKM-01980,F&B,21,21231923,12,,2.0,313085.0,2.0,1
UMKM-01981, F & B ,47,"Rp 31,975,456",32,1.5,15.0,280714.0,0.0,2
UMKM-01982,fnb,101,"Rp 39,427,019",36,2.2,0.0,431484.0,0.0,0
UMKM-01983,F&B,95,14747550,37,,0.0,182393.0,1.0,0
UMKM-01984,Jasa,42,29242335,0,,0.0,264646.0,2.0,2
UMKM-01985,RETAIL,1,"Rp 28,068,277",38,1.7,2.0,95972.0,1.0,0
UMKM-01986,F&B,53,7284179,26,1.4,0.0,398802.0,0.0,1
UMKM-01987,retail ,63,"Rp 16,052,662",35,2.5,2.0,351505.0,0.0,2
UMKM-01988,RETAIL,5,13442674,31,,0.0,91354.0,0.0,1
UMKM-01989, F & B ,9,"Rp 7,914,128",40,,0.0,378471.0,3.0,1
UMKM-01990,Jasa,58,"Rp 46,811,747",14,3.8,0.0,97191.0,0.0,0
UMKM-01991,nan,-3,"Rp 37,353,090",30,4.6,,367972.0,1.0,0
UMKM-01992,Fashion,116,"Rp 42,216,640",5,2.2,30.0,60136.0,3.0,2
UMKM-01993,Fashion,63,"Rp 18,680,026",24,3.1,,458963.0,0.0,0
UMKM-01994,Fashion,17,16221492,17,2.5,0.0,378423.0,2.0,1
UMKM-01995,fnb,47,30624942,21,1.0,0.0,384204.0,2.0,1
UMKM-01996, F & B ,31,"Rp 6,541,543",30,3.3,0.0,260474.0,0.0,0
UMKM-01997,Jasa,3,"Rp 6,169,619",35,4.3,2.0,89342.0,0.0,0
UMKM-01998,RETAIL,9,"Rp 40,949,453",8,1.1,0.0,393995.0,1.0,1
UMKM-01999,fnb,-3,"Rp 41,515,939",2,1.0,0.0,276519.0,0.0,1
UMKM-02000, F & B ,87,"Rp 16,571,652",32,3.9,0.0,488548.0,1.0,0
UMKM-02001,nan,64,"Rp 13,768,876",26,3.7,0.0,345105.0,1.0,0
UMKM-02002,retail ,11,"Rp 38,250,043",42,2.6,0.0,156198.0,0.0,1
UMKM-02003,Jasa,20,"Rp 39,985,591",0,3.6,0.0,119810.0,0.0,0
UMKM-02004,Fashion,15,"Rp 27,211,918",43,4.8,0.0,341982.0,0.0,0
UMKM-02005,F&B,66,"Rp 33,670,368",8,2.0,0.0,326476.0,0.0,0
UMKM-02006,Jasa,15,"Rp 17,153,106",4,,2.0,375145.0,1.0,0
UMKM-02007,jasa,115,42906302,14,1.7,5.0,140329.0,1.0,1
UMKM-02008, F & B ,5,"Rp 33,766,156",8,3.9,0.0,479566.0,0.0,0
UMKM-02009,Retail,32,31648348,44,2.4,5.0,431915.0,2.0,1
UMKM-02010,nan,66,"Rp 29,385,743",27,5.0,0.0,393098.0,0.0,0
UMKM-02011,retail ,100,7225175,12,3.9,0.0,98473.0,3.0,1
UMKM-02012,nan,82,18778838,23,2.5,2.0,221969.0,0.0,0
UMKM-02013,Jasa,119,"Rp 4,246,319",44,1.6,,323826.0,0.0,0
UMKM-02014,Retail,29,"Rp 2,636,617",9,3.4,2.0,464943.0,2.0,1
UMKM-02015,jasa,113,"Rp 31,912,181",41,2.2,0.0,237741.0,1.0,1
UMKM-02016,RETAIL,8,"Rp 46,673,576",21,4.6,2.0,93775.0,0.0,0
UMKM-02017,F&B,113,"Rp 28,529,128",38,,0.0,369085.0,0.0,0
UMKM-02018,Retail,8,33943536,21,2.2,0.0,324259.0,0.0,1
UMKM-02019, F & B ,4,"Rp 20,243,920",36,,0.0,100937.0,0.0,1
UMKM-02020,Fashion,6,"Rp 28,525,616",38,1.5,2.0,357276.0,0.0,1
UMKM-02021,jasa,32,"Rp 2,046,251",19,,0.0,243110.0,1.0,0
UMKM-02022,F&B,102,"Rp 1,285,356",9,1.2,5.0,324169.0,3.0,1
UMKM-02023,retail ,113,"Rp 33,288,939",9,3.4,2.0,145439.0,2.0,0
UMKM-02024,Fashion,104,"Rp 44,467,245",25,3.1,0.0,370670.0,0.0,0
UMKM-02025,Jasa,28,"Rp 37,557,769",24,3.1,30.0,197979.0,3.0,1
UMKM-02026,Retail,35,"Rp 44,111,734",27,3.7,2.0,118832.0,0.0,0
UMKM-02027,F&B,4,"Rp 32,147,410",12,1.2,0.0,106108.0,0.0,1
UMKM-02028,fnb,116,"Rp 9,505,089",14,2.8,0.0,464079.0,2.0,2
UMKM-02029,RETAIL,11,4275654,5,2.8,2.0,186757.0,0.0,1
UMKM-02030,RETAIL,11,"Rp 4,674,777",11,2.8,0.0,56647.0,0.0,1
UMKM-02031,jasa,61,"Rp 40,787,982",18,4.9,,80145.0,0.0,0
UMKM-02032,retail ,56,25899950,31,1.6,0.0,483778.0,0.0,1
UMKM-02033,jasa,89,"Rp 45,056,567",10,3.8,0.0,153894.0,0.0,0
UMKM-02034,fnb,109,"Rp 15,918,181",37,2.6,,201839.0,2.0,1
UMKM-02035, F & B ,-5,"Rp 14,525,634",32,3.0,,148702.0,0.0,0
UMKM-02036,retail ,6,"Rp 33,276,687",1,4.0,0.0,166839.0,0.0,0
UMKM-02037,nan,97,"Rp 22,172,318",14,1.6,5.0,,0.0,0
UMKM-02038, F & B ,-2,15813019,35,4.1,0.0,184952.0,2.0,0
UMKM-02039,retail ,36,"Rp 42,599,453",4,1.3,5.0,377806.0,0.0,0
UMKM-02040,retail ,7,"Rp 42,613,994",14,,30.0,166775.0,0.0,1
UMKM-02041,fnb,92,"Rp 32,531,769",42,,0.0,110487.0,2.0,1
UMKM-02042,Jasa,100,17669382,9,1.8,0.0,351937.0,0.0,0
UMKM-02043,fnb,79,36796451,16,4.1,0.0,163584.0,0.0,0
UMKM-02044,retail ,80,"Rp 11,450,652",33,1.7,0.0,160549.0,1.0,0
UMKM-02045,F&B,115,"Rp 49,297,495",23,4.2,0.0,369734.0,0.0,0
UMKM-02046, F & B ,-2,"Rp 18,089,267",9,2.9,15.0,121461.0,0.0,2
UMKM-02047,fnb,76,"Rp 32,237,759",29,3.7,0.0,102470.0,0.0,0
UMKM-02048,Jasa,63,"Rp 20,568,220",2,4.7,0.0,248689.0,0.0,0
UMKM-02049,Retail,13,"Rp 16,099,691",36,2.6,5.0,,,0
UMKM-02050,jasa,-4,"Rp 46,240,374",2,1.9,0.0,150361.0,0.0,2
UMKM-02051,retail ,6,40817180,39,4.5,0.0,251895.0,0.0,0
UMKM-02052,nan,75,"Rp 4,568,125",4,1.6,0.0,219743.0,2.0,1
UMKM-02053,Retail,68,"Rp 7,656,669",27,3.5,2.0,448551.0,0.0,0
UMKM-02054,RETAIL,92,"Rp 45,584,476",43,4.7,0.0,118525.0,0.0,0
UMKM-02055,Fashion,0,"Rp 20,220,121",13,3.7,5.0,155879.0,1.0,0
UMKM-02056,Jasa,2,"Rp 27,899,165",38,1.8,0.0,405853.0,1.0,0
UMKM-02057,nan,119,"Rp 40,579,572",10,1.6,2.0,383401.0,1.0,0
UMKM-02058,Fashion,45,"Rp 24,139,997",7,2.0,2.0,499446.0,0.0,1
UMKM-02059,Jasa,5,"Rp 15,184,706",36,2.6,2.0,263331.0,2.0,1
UMKM-02060,F&B,57,"Rp 20,940,473",7,,0.0,52728.0,0.0,1
UMKM-02061,jasa,51,"Rp 3,674,986",11,4.2,0.0,395655.0,0.0,0
UMKM-02062,Retail,6,"Rp 37,970,246",14,2.4,30.0,72167.0,0.0,2
UMKM-02063, F & B ,67,"Rp 36,504,688",18,,0.0,217001.0,2.0,1
UMKM-02064,Jasa,-4,"Rp 20,580,744",27,4.4,0.0,256108.0,1.0,0
UMKM-02065, F & B ,2,33079348,6,,2.0,123711.0,2.0,1
UMKM-02066,jasa,116,"Rp 12,796,776",39,2.2,15.0,218469.0,1.0,2
UMKM-02067,retail ,5,"Rp 22,031,500",6,3.3,0.0,438362.0,0.0,0
UMKM-02068,RETAIL,118,"Rp 27,009,038",29,2.3,2.0,243320.0,0.0,0
UMKM-02069,Retail,47,34719733,17,2.0,2.0,228608.0,1.0,0
UMKM-02070,jasa,94,"Rp 27,267,844",23,3.4,0.0,384581.0,0.0,1
UMKM-02071,jasa,4,34851612,5,4.3,2.0,388570.0,0.0,0
UMKM-02072,F&B,79,"Rp 17,237,538",3,1.4,15.0,126851.0,3.0,2
UMKM-02073,Fashion,78,"Rp 4,405,914",2,2.1,,130962.0,2.0,1
UMKM-02074,RETAIL,106,"Rp 42,720,218",5,1.8,0.0,474532.0,0.0,0
UMKM-02075,Retail,2,5177927,25,4.2,2.0,347209.0,2.0,2
UMKM-02076,retail ,30,6032403,43,4.7,0.0,432282.0,1.0,0
UMKM-02077,retail ,87,4229065,37,,0.0,130286.0,0.0,0
UMKM-02078,fnb,100,46402380,10,,2.0,335818.0,0.0,0
UMKM-02079,jasa,70,"Rp 12,607,230",28,4.7,0.0,306005.0,0.0,0
UMKM-02080,Jasa,119,"Rp 47,583,644",19,2.4,0.0,431776.0,0.0,0
UMKM-02081,F&B,8,"Rp 1,587,426",9,3.9,0.0,76085.0,0.0,1
UMKM-02082,RETAIL,106,"Rp 4,430,460",25,1.4,0.0,350230.0,4.0,1
UMKM-02083,retail ,48,47986677,26,2.8,0.0,299567.0,0.0,0
UMKM-02084,Retail,108,16090951,13,3.0,0.0,426844.0,2.0,0
UMKM-02085,fnb,79,46083420,35,4.0,2.0,113493.0,0.0,1
UMKM-02086,Retail,80,"Rp 42,557,461",11,2.2,0.0,496402.0,0.0,0
UMKM-02087,F&B,15,"Rp 31,278,292",22,2.1,2.0,98248.0,3.0,1
UMKM-02088,Jasa,102,37020939,20,2.2,30.0,76156.0,0.0,2
UMKM-02089,fnb,44,11055169,7,3.2,0.0,266425.0,3.0,0
UMKM-02090,fnb,88,"Rp 32,907,752",38,4.5,2.0,251241.0,0.0,0
UMKM-02091,Fashion,33,"Rp 35,330,817",8,4.3,2.0,412499.0,3.0,0
UMKM-02092,RETAIL,14,"Rp 33,360,929",23,1.2,2.0,184948.0,0.0,0
UMKM-02093,fnb,82,"Rp 11,293,122",30,4.5,0.0,,0.0,0
UMKM-02094,Fashion,81,28462991,24,1.4,2.0,236354.0,1.0,0
UMKM-02095,Fashion,1,"Rp 42,018,802",16,2.7,0.0,384107.0,2.0,1
UMKM-02096,F&B,3,"Rp 10,465,027",41,4.1,0.0,488993.0,0.0,0
UMKM-02097, F & B ,-5,"Rp 48,850,326",28,,2.0,98119.0,,0
UMKM-02098,Retail,20,"Rp 10,395,448",2,1.2,0.0,,1.0,2
UMKM-02099,Jasa,32,"Rp 10,370,097",20,2.3,2.0,412236.0,0.0,0
UMKM-02100,nan,32,47086355,7,3.9,2.0,428784.0,0.0,0
UMKM-02101,Retail,112,"Rp 5,559,512",13,3.1,5.0,196713.0,0.0,0
UMKM-02102,fnb,55,7519453,38,2.7,0.0,126432.0,0.0,0
UMKM-02103,Jasa,38,29437969,15,4.3,,128451.0,0.0,0
UMKM-02104,retail ,80,"Rp 7,846,090",17,4.1,2.0,135340.0,2.0,0
UMKM-02105, F & B ,38,9607964,30,4.1,0.0,331555.0,1.0,0
UMKM-02106,retail ,68,"Rp 29,696,848",10,2.8,0.0,446317.0,0.0,1
UMKM-02107,retail ,113,"Rp 3,995,353",37,,2.0,340680.0,0.0,0
UMKM-02108,RETAIL,56,36229687,19,1.7,30.0,285249.0,4.0,2
UMKM-02109,Retail,116,"Rp 26,650,424",44,4.0,2.0,,0.0,0
UMKM-02110,nan,0,"Rp 19,685,367",3,4.0,2.0,195781.0,0.0,1
UMKM-02111,F&B,11,"Rp 29,082,991",19,4.9,0.0,399801.0,1.0,0
UMKM-02112,nan,45,"Rp 37,843,795",30,1.8,0.0,,2.0,0
UMKM-02113,retail ,108,"Rp 32,634,412",19,1.5,0.0,258317.0,,1
UMKM-02114,fnb,32,"Rp 26,812,055",10,1.6,5.0,307010.0,4.0,1
UMKM-02115, F & B ,18,"Rp 10,158,430",0,1.7,0.0,444633.0,3.0,0
UMKM-02116,jasa,45,"Rp 37,340,634",43,,0.0,332437.0,0.0,0
UMKM-02117,nan,4,"Rp 42,267,841",17,4.9,0.0,366041.0,0.0,0
UMKM-02118,retail ,114,"Rp 49,460,280",38,3.4,30.0,94649.0,1.0,1
UMKM-02119, F & B ,66,5209229,43,3.1,5.0,347684.0,0.0,0
UMKM-02120,Jasa,15,"Rp 46,830,915",32,3.7,0.0,374395.0,0.0,0
UMKM-02121,Retail,114,"Rp 36,203,811",35,1.3,,432007.0,0.0,0
UMKM-02122,Fashion,64,"Rp 11,685,090",17,,0.0,236499.0,0.0,0
UMKM-02123,RETAIL,79,"Rp 28,923,691",30,3.6,0.0,241244.0,0.0,0
UMKM-02124, F & B ,51,23328309,34,1.7,0.0,347161.0,0.0,1
UMKM-02125,fnb,33,47887039,38,3.5,0.0,164383.0,0.0,0
UMKM-02126,fnb,82,29412406,37,3.4,0.0,70242.0,2.0,0
UMKM-02127, F & B ,27,16520967,14,1.3,2.0,244501.0,1.0,1
UMKM-02128,fnb,53,"Rp 20,169,217",5,2.1,2.0,166313.0,4.0,1
UMKM-02129,Retail,12,"Rp 28,437,957",7,2.6,2.0,147544.0,0.0,0
UMKM-02130,fnb,50,"Rp 36,871,262",39,2.0,2.0,265597.0,0.0,0
UMKM-02131,nan,86,28391477,21,2.0,5.0,150151.0,0.0,2
UMKM-02132,Fashion,51,"Rp 14,747,849",0,3.3,0.0,162457.0,1.0,1
UMKM-02133,fnb,110,"Rp 19,010,603",12,2.9,2.0,58770.0,2.0,2
UMKM-02134,Fashion,90,"Rp 15,887,956",23,3.7,2.0,444352.0,0.0,0
UMKM-02135,retail ,70,"Rp 14,194,473",20,4.8,,61602.0,3.0,0
UMKM-02136,F&B,42,36803551,44,3.6,0.0,151437.0,1.0,0
UMKM-02137,Retail,36,"Rp 20,228,819",42,3.3,0.0,60466.0,0.0,1
UMKM-02138,F&B,21,"Rp 48,379,401",3,4.4,2.0,453629.0,1.0,0
UMKM-02139,retail ,68,19274332,6,3.5,5.0,227147.0,1.0,0
UMKM-02140,Retail,104,6571944,11,1.7,0.0,444373.0,0.0,0
UMKM-02141, F & B ,115,49681267,12,2.3,2.0,188524.0,0.0,0
UMKM-02142, F & B ,46,47255986,43,3.9,0.0,338369.0,2.0,0
UMKM-02143,Fashion,36,"Rp 45,849,313",15,4.0,,90043.0,1.0,0
UMKM-02144,retail ,26,"Rp 46,837,139",5,4.9,0.0,457694.0,0.0,0
UMKM-02145,Fashion,100,39150204,13,3.5,0.0,275848.0,3.0,0
UMKM-02146,RETAIL,20,"Rp 47,954,620",30,4.6,0.0,137333.0,0.0,0
UMKM-02147,fnb,19,"Rp 38,844,423",35,1.2,0.0,,0.0,0
UMKM-02148,jasa,69,40296070,36,3.3,0.0,186683.0,0.0,0
UMKM-02149,RETAIL,17,40607109,40,4.7,5.0,264578.0,3.0,0
UMKM-02150,fnb,92,42779199,34,2.1,30.0,211238.0,1.0,1
UMKM-02151,Retail,51,"Rp 7,582,123",9,1.6,0.0,199779.0,1.0,0
UMKM-02152,Fashion,46,7805969,16,2.4,2.0,,4.0,2
UMKM-02153,Retail,98,"Rp 14,773,042",41,4.2,0.0,,2.0,0
UMKM-02154,Retail,81,"Rp 49,346,601",29,1.3,0.0,278609.0,0.0,0
UMKM-02155,fnb,87,"Rp 32,154,708",43,3.4,0.0,483900.0,2.0,0
UMKM-02156,retail ,25,23413805,6,1.5,0.0,115567.0,2.0,1
UMKM-02157,fnb,58,"Rp 25,723,537",17,2.7,2.0,471230.0,0.0,0
UMKM-02158,Jasa,65,"Rp 15,719,831",18,4.9,0.0,141483.0,0.0,0
UMKM-02159, F & B ,98,"Rp 49,788,334",14,1.8,30.0,58951.0,2.0,2
UMKM-02160, F & B ,27,"Rp 12,679,241",38,1.1,2.0,285270.0,0.0,0
UMKM-02161,RETAIL,79,"Rp 10,571,226",43,2.7,5.0,379474.0,0.0,1
UMKM-02162, F & B ,-4,"Rp 19,448,395",21,3.3,,292456.0,2.0,2
UMKM-02163,fnb,12,"Rp 26,261,318",38,2.2,,112831.0,3.0,0
UMKM-02164,nan,41,"Rp 48,177,360",41,3.2,2.0,78936.0,0.0,0
UMKM-02165,Fashion,27,17380352,29,4.8,0.0,65574.0,0.0,0
UMKM-02166,fnb,95,"Rp 12,386,047",19,2.2,0.0,299840.0,1.0,0
UMKM-02167,fnb,92,"Rp 21,005,625",31,2.2,5.0,,1.0,0
UMKM-02168,jasa,78,"Rp 42,782,385",41,2.9,2.0,185143.0,,0
UMKM-02169,Fashion,29,9324878,24,3.1,,258703.0,1.0,0
UMKM-02170,Jasa,45,"Rp 37,568,562",22,1.0,0.0,464225.0,1.0,0
UMKM-02171, F & B ,108,"Rp 42,883,168",4,3.5,0.0,209703.0,,0
UMKM-02172,Fashion,119,31076989,40,5.0,0.0,334506.0,0.0,0
UMKM-02173, F & B ,112,39301924,29,2.2,15.0,211772.0,0.0,0
UMKM-02174,RETAIL,12,"Rp 19,888,494",38,3.5,0.0,359249.0,1.0,0
UMKM-02175,Fashion,104,"Rp 25,752,734",26,1.0,0.0,212304.0,0.0,0
UMKM-02176, F & B ,82,"Rp 13,277,440",41,,0.0,353919.0,0.0,0
UMKM-02177,Jasa,66,47478791,36,2.8,0.0,496927.0,0.0,0
UMKM-02178,F&B,119,"Rp 34,771,083",6,,0.0,329998.0,1.0,0
UMKM-02179,Retail,24,"Rp 7,620,661",4,3.2,2.0,440506.0,3.0,1
UMKM-02180,Retail,38,"Rp 10,929,464",14,1.7,0.0,118823.0,0.0,0
UMKM-02181,Jasa,47,"Rp 15,697,042",41,4.1,2.0,96782.0,1.0,0
UMKM-02182,jasa,4,"Rp 17,309,272",7,3.2,,334234.0,0.0,0
UMKM-02183,F&B,81,"Rp 12,843,128",8,2.1,,339305.0,1.0,1
UMKM-02184,RETAIL,46,31671903,10,4.7,2.0,460110.0,1.0,0
UMKM-02185,Jasa,43,"Rp 24,144,254",21,1.1,2.0,156265.0,3.0,2
UMKM-02186,Retail,5,"Rp 25,349,707",33,3.9,0.0,96300.0,0.0,0
UMKM-02187,Retail,60,"Rp 20,312,460",34,,,402810.0,0.0,0
UMKM-02188,Retail,52,"Rp 36,114,587",12,3.1,0.0,94665.0,0.0,0
UMKM-02189,retail ,84,"Rp 31,107,648",10,2.2,0.0,220624.0,1.0,0
UMKM-02190,Jasa,30,36166021,31,2.3,0.0,246360.0,3.0,2
UMKM-02191,fnb,27,49632967,41,1.1,0.0,405398.0,3.0,1
UMKM-02192,RETAIL,41,"Rp 1,468,163",14,3.9,0.0,293572.0,0.0,0
UMKM-02193,Retail,7,"Rp 10,228,420",37,3.8,5.0,366789.0,2.0,1
UMKM-02194, F & B ,34,"Rp 22,276,123",0,3.6,2.0,164946.0,0.0,0
UMKM-02195,Jasa,83,4000102,23,4.5,2.0,482572.0,0.0,0
UMKM-02196,retail ,62,"Rp 30,097,750",42,4.6,0.0,354328.0,3.0,0
UMKM-02197,Jasa,36,31573747,39,3.2,15.0,362961.0,0.0,0
UMKM-02198,RETAIL,13,48906429,21,3.7,0.0,346777.0,0.0,0
UMKM-02199,retail ,76,"Rp 27,210,478",2,1.0,0.0,360864.0,0.0,2
UMKM-02200,RETAIL,95,"Rp 3,378,772",13,4.4,2.0,378445.0,0.0,0
UMKM-02201,Jasa,88,"Rp 43,291,777",1,4.3,,205712.0,0.0,0
UMKM-02202,fnb,13,16935238,31,1.1,0.0,,2.0,1
UMKM-02203,RETAIL,52,"Rp 23,517,808",37,3.2,2.0,101857.0,0.0,0
UMKM-02204,retail ,17,"Rp 34,401,359",32,4.6,2.0,55765.0,0.0,0
UMKM-02205,retail ,117,"Rp 27,615,123",41,1.7,30.0,393016.0,0.0,2
UMKM-02206,RETAIL,48,"Rp 36,066,617",5,2.4,0.0,80761.0,1.0,0
UMKM-02207,nan,74,"Rp 28,930,454",40,2.3,0.0,349886.0,2.0,1
UMKM-02208,Jasa,59,"Rp 22,040,202",38,2.4,0.0,295955.0,3.0,0
UMKM-02209,nan,6,"Rp 37,923,169",24,1.2,0.0,182455.0,4.0,2
UMKM-02210,jasa,18,"Rp 29,665,409",33,2.1,0.0,327602.0,0.0,0
UMKM-02211,Jasa,28,14242686,10,2.2,,183507.0,,0
UMKM-02212,RETAIL,47,"Rp 23,103,126",36,4.5,0.0,209808.0,0.0,0
UMKM-02213,F&B,115,6363240,40,,,79992.0,0.0,0
UMKM-02214,RETAIL,2,36582649,6,2.8,0.0,369710.0,2.0,1
UMKM-02215,nan,12,1659297,21,2.5,,483908.0,0.0,1
UMKM-02216,fnb,51,"Rp 31,364,494",38,1.5,2.0,164358.0,0.0,0
UMKM-02217,RETAIL,106,"Rp 7,985,481",9,5.0,0.0,204514.0,3.0,1
UMKM-02218,RETAIL,-1,"Rp 45,507,918",20,4.3,2.0,335844.0,2.0,0
UMKM-02219,fnb,20,"Rp 40,303,209",5,3.2,0.0,153932.0,0.0,0
UMKM-02220,RETAIL,24,8226460,0,2.9,0.0,77763.0,2.0,1
UMKM-02221,Retail,48,"Rp 6,506,774",33,3.6,0.0,228628.0,2.0,0
UMKM-02222,F&B,7,9977914,13,,0.0,248975.0,3.0,1
UMKM-02223, F & B ,77,"Rp 6,237,264",35,1.2,2.0,185937.0,1.0,1
UMKM-02224,F&B,23,"Rp 46,853,960",26,2.6,5.0,222914.0,2.0,2
UMKM-02225,RETAIL,-3,20011185,8,4.9,0.0,483143.0,2.0,0
UMKM-02226,Retail,84,11048456,5,1.7,,,1.0,0
UMKM-02227,Jasa,98,"Rp 49,080,335",30,,,433871.0,1.0,0
UMKM-02228,RETAIL,117,"Rp 45,855,075",16,,0.0,251806.0,1.0,0
UMKM-02229,nan,52,"Rp 20,230,255",42,,0.0,304694.0,0.0,0
UMKM-02230,Retail,116,"Rp 41,906,614",35,3.3,0.0,474292.0,,0
UMKM-02231,fnb,70,"Rp 47,937,182",20,2.2,2.0,276889.0,0.0,1
UMKM-02232,Retail,-4,"Rp 29,462,405",26,4.6,0.0,69734.0,0.0,0
UMKM-02233,fnb,69,23208585,40,2.6,0.0,314973.0,2.0,1
UMKM-02234,jasa,102,48039823,27,1.8,2.0,281989.0,0.0,0
UMKM-02235, F & B ,22,"Rp 40,707,715",15,3.2,2.0,314059.0,1.0,0
UMKM-02236,Fashion,76,"Rp 23,909,685",34,4.2,0.0,89980.0,0.0,0
UMKM-02237,Retail,71,15174101,35,1.1,30.0,59440.0,1.0,2
UMKM-02238,retail ,95,25998095,34,3.0,2.0,185891.0,4.0,1
UMKM-02239,nan,80,34234685,44,4.1,0.0,,2.0,1
UMKM-02240,RETAIL,70,32474949,18,1.4,2.0,,0.0,0
UMKM-02241,nan,-4,41759705,20,4.6,0.0,344369.0,4.0,1
UMKM-02242,F&B,95,"Rp 5,528,458",32,2.1,0.0,453550.0,0.0,0
UMKM-02243,Fashion,1,"Rp 34,012,055",22,,0.0,156860.0,0.0,1
UMKM-02244,F&B,20,"Rp 31,900,994",5,3.4,0.0,264200.0,0.0,1
UMKM-02245,jasa,84,"Rp 22,104,435",31,,0.0,407511.0,,0
UMKM-02246,Fashion,82,"Rp 13,779,593",21,,0.0,381800.0,0.0,1
UMKM-02247,Fashion,70,"Rp 16,255,164",2,3.0,2.0,310008.0,1.0,0
UMKM-02248,F&B,10,"Rp 14,979,901",34,1.4,2.0,416924.0,0.0,2
UMKM-02249,fnb,17,"Rp 18,554,366",15,4.6,0.0,315105.0,0.0,0
UMKM-02250,F&B,34,"Rp 29,483,392",41,3.7,0.0,390529.0,4.0,2
UMKM-02251,nan,54,"Rp 17,010,986",24,3.2,5.0,267768.0,1.0,1
UMKM-02252,fnb,67,"Rp 45,970,969",16,2.5,0.0,344689.0,2.0,2
UMKM-02253,nan,26,"Rp 17,695,033",38,1.5,0.0,256947.0,0.0,0
UMKM-02254,jasa,9,"Rp 48,914,328",12,3.8,0.0,101569.0,2.0,0
UMKM-02255,RETAIL,95,"Rp 3,321,991",27,4.3,15.0,182688.0,2.0,2
UMKM-02256,Jasa,7,6462762,10,1.5,15.0,173915.0,0.0,2
UMKM-02257,fnb,-1,"Rp 19,453,315",9,3.0,5.0,124447.0,1.0,0
UMKM-02258,jasa,69,"Rp 19,867,867",38,2.9,0.0,234906.0,4.0,1
UMKM-02259,retail ,68,46658566,23,2.4,5.0,337693.0,2.0,0
UMKM-02260,jasa,46,"Rp 40,409,545",37,4.2,0.0,122361.0,0.0,0
UMKM-02261,F&B,71,"Rp 48,428,722",23,1.4,0.0,330374.0,1.0,0
UMKM-02262,F&B,35,26940280,32,1.8,2.0,100618.0,2.0,1
UMKM-02263,Jasa,47,"Rp 45,897,273",16,,2.0,426820.0,0.0,0
UMKM-02264,jasa,104,43836195,43,2.5,0.0,321026.0,1.0,0
UMKM-02265, F & B ,44,"Rp 35,081,601",35,2.2,0.0,131844.0,,1
UMKM-02266,RETAIL,9,"Rp 8,123,801",34,4.5,5.0,429344.0,4.0,1
UMKM-02267,F&B,100,"Rp 21,559,092",5,4.0,30.0,488024.0,2.0,1
UMKM-02268,Jasa,114,"Rp 2,897,465",15,1.3,2.0,165933.0,0.0,0
UMKM-02269,RETAIL,1,"Rp 36,817,999",44,4.0,0.0,334644.0,,0
UMKM-02270,jasa,34,"Rp 23,475,701",27,3.7,15.0,393554.0,1.0,1
UMKM-02271,jasa,22,"Rp 22,442,986",40,2.1,5.0,190405.0,0.0,1
UMKM-02272,Fashion,26,"Rp 11,459,177",31,1.1,2.0,365527.0,1.0,0
UMKM-02273,Jasa,93,"Rp 31,548,432",25,1.5,0.0,116513.0,3.0,1
UMKM-02274,F&B,9,"Rp 9,536,341",10,2.0,0.0,207882.0,0.0,2
UMKM-02275, F & B ,106,13417859,24,4.3,0.0,206189.0,3.0,2
UMKM-02276,jasa,94,"Rp 26,460,801",30,2.9,0.0,122258.0,3.0,1
UMKM-02277, F & B ,79,2119816,20,4.7,0.0,262278.0,0.0,0
UMKM-02278,jasa,64,"Rp 34,537,019",44,4.2,2.0,325361.0,3.0,0
UMKM-02279,F&B,59,"Rp 6,168,949",2,2.1,0.0,305354.0,4.0,2
UMKM-02280,RETAIL,-2,38526801,11,4.4,15.0,484986.0,0.0,2
UMKM-02281,Retail,5,22327254,39,1.5,0.0,136427.0,0.0,0
UMKM-02282,RETAIL,102,17772468,40,1.1,0.0,95272.0,0.0,0
UMKM-02283,jasa,20,"Rp 32,281,748",24,3.4,5.0,133053.0,0.0,1
UMKM-02284,nan,55,"Rp 37,780,682",16,2.4,0.0,373868.0,2.0,2
UMKM-02285,Retail,31,"Rp 3,470,950",37,,0.0,458434.0,0.0,0
UMKM-02286,Retail,17,"Rp 9,789,784",35,3.7,0.0,87633.0,4.0,1
UMKM-02287, F & B ,87,44014078,35,4.4,15.0,353672.0,,1
UMKM-02288,Jasa,79,"Rp 2,043,423",18,2.3,,233224.0,0.0,1
UMKM-02289, F & B ,106,"Rp 9,315,308",43,,2.0,321657.0,1.0,0
UMKM-02290, F & B ,103,"Rp 47,226,296",1,3.1,5.0,483650.0,1.0,1
UMKM-02291,nan,103,35272316,16,3.6,0.0,224776.0,1.0,1
UMKM-02292,RETAIL,107,"Rp 5,609,635",29,1.8,30.0,278038.0,0.0,1
UMKM-02293,RETAIL,85,"Rp 20,576,161",9,4.7,,385045.0,0.0,0
UMKM-02294,retail ,97,"Rp 20,880,139",34,3.6,2.0,373066.0,0.0,0
UMKM-02295,jasa,34,"Rp 10,254,404",35,3.5,5.0,154936.0,0.0,1
UMKM-02296,nan,71,"Rp 29,119,485",32,4.6,2.0,412215.0,3.0,0
UMKM-02297,retail ,17,"Rp 41,170,675",0,4.6,0.0,150378.0,0.0,0
UMKM-02298,F&B,117,42169919,17,1.5,30.0,100293.0,0.0,2
UMKM-02299,jasa,10,"Rp 37,692,309",3,1.6,2.0,411525.0,1.0,1
UMKM-02300,jasa,88,"Rp 5,448,388",26,4.0,2.0,105272.0,0.0,0
UMKM-02301,Fashion,55,25147779,24,4.8,2.0,251440.0,0.0,0
UMKM-02302,Fashion,62,"Rp 28,277,564",27,3.7,30.0,320814.0,1.0,0
UMKM-02303,fnb,98,"Rp 46,924,616",21,2.6,5.0,339953.0,1.0,0
UMKM-02304,fnb,74,"Rp 15,823,516",41,3.7,0.0,330213.0,0.0,0
UMKM-02305, F & B ,25,"Rp 34,203,861",24,1.9,0.0,145447.0,0.0,0
UMKM-02306,F&B,47,"Rp 29,473,481",16,5.0,,261774.0,0.0,0
UMKM-02307,Retail,100,"Rp 2,594,575",43,2.7,2.0,430323.0,1.0,1
UMKM-02308,Retail,19,47797801,11,4.7,,149675.0,2.0,0
UMKM-02309,Fashion,38,"Rp 40,700,092",15,2.7,15.0,448675.0,0.0,2
UMKM-02310,Fashion,6,2732329,36,4.7,2.0,471692.0,0.0,0
UMKM-02311,Fashion,84,19172210,15,2.3,0.0,112289.0,2.0,0
UMKM-02312,nan,95,"Rp 22,291,273",16,,0.0,339321.0,3.0,0
UMKM-02313,Jasa,106,"Rp 19,323,773",30,4.8,2.0,315567.0,3.0,0
UMKM-02314,fnb,91,"Rp 24,862,148",14,,0.0,289264.0,0.0,0
UMKM-02315,nan,86,29251513,12,3.7,5.0,373145.0,1.0,0
UMKM-02316,RETAIL,3,"Rp 22,746,117",39,1.4,5.0,463576.0,1.0,0
UMKM-02317,Retail,6,30415614,26,2.9,0.0,211304.0,3.0,0
UMKM-02318,jasa,63,"Rp 37,755,322",20,,5.0,94940.0,2.0,0
UMKM-02319,fnb,48,"Rp 1,029,882",1,2.0,0.0,186433.0,0.0,1
UMKM-02320,retail ,110,37229950,7,4.2,0.0,313545.0,0.0,0
UMKM-02321,RETAIL,48,"Rp 29,108,142",41,3.7,0.0,,0.0,0
UMKM-02322,fnb,22,10675864,6,1.9,30.0,116948.0,0.0,2
UMKM-02323,nan,50,"Rp 32,041,722",9,2.1,0.0,72814.0,4.0,1
UMKM-02324,F&B,93,"Rp 13,757,810",3,2.7,0.0,53230.0,0.0,1
UMKM-02325,jasa,63,"Rp 2,398,705",42,,0.0,155825.0,0.0,0
UMKM-02326,fnb,92,"Rp 49,540,668",40,4.7,0.0,416297.0,3.0,0
UMKM-02327,Jasa,104,"Rp 40,766,147",35,4.0,2.0,158998.0,0.0,0
UMKM-02328,Fashion,92,41358759,34,,0.0,88824.0,0.0,0
UMKM-02329,Fashion,71,22594746,42,,15.0,169410.0,0.0,1
UMKM-02330,jasa,97,"Rp 24,711,279",2,3.8,0.0,362560.0,1.0,0
UMKM-02331,nan,100,"Rp 15,709,426",17,2.7,2.0,412707.0,0.0,0
UMKM-02332,Fashion,103,41266419,42,1.9,0.0,241061.0,0.0,0
UMKM-02333,fnb,106,"Rp 39,152,009",23,2.7,,121812.0,0.0,0
UMKM-02334,retail ,52,"Rp 46,331,489",31,4.5,0.0,246363.0,1.0,0
UMKM-02335,Retail,72,"Rp 43,772,387",33,1.3,15.0,108876.0,0.0,2
UMKM-02336,Retail,69,"Rp 6,132,869",1,2.5,5.0,105572.0,2.0,0
UMKM-02337,RETAIL,36,"Rp 26,855,341",1,4.8,5.0,137304.0,0.0,0
UMKM-02338, F & B ,32,"Rp 9,762,127",9,1.1,15.0,138668.0,0.0,2
UMKM-02339,F&B,62,42036858,22,,0.0,164266.0,1.0,0
UMKM-02340,jasa,47,"Rp 42,488,564",14,2.5,2.0,125111.0,0.0,0
UMKM-02341,RETAIL,27,49705554,11,1.8,0.0,385511.0,0.0,0
UMKM-02342, F & B ,65,8111905,42,1.1,5.0,230890.0,2.0,1
UMKM-02343,nan,50,"Rp 31,203,352",16,1.3,,,0.0,0
UMKM-02344,Jasa,99,"Rp 14,859,696",17,1.7,,118348.0,1.0,0
UMKM-02345,Jasa,66,2037904,13,1.1,0.0,478459.0,0.0,2
UMKM-02346,F&B,95,"Rp 6,634,222",16,2.3,0.0,335501.0,2.0,1
UMKM-02347,Fashion,45,"Rp 17,381,542",14,1.2,0.0,425378.0,,0
UMKM-02348,fnb,68,17654389,11,3.8,0.0,397465.0,0.0,1
UMKM-02349,RETAIL,37,"Rp 24,165,622",15,,0.0,87783.0,1.0,1
UMKM-02350,RETAIL,115,"Rp 38,923,678",31,4.5,0.0,175985.0,0.0,0
UMKM-02351,jasa,9,10972060,22,3.2,,101703.0,3.0,1
UMKM-02352,jasa,32,"Rp 32,326,650",37,,2.0,291467.0,0.0,0
UMKM-02353,Jasa,9,"Rp 43,834,752",33,,2.0,428983.0,1.0,1
UMKM-02354,Jasa,-1,"Rp 16,176,259",33,1.5,0.0,,1.0,0
UMKM-02355,retail ,87,"Rp 44,986,459",15,2.2,2.0,400701.0,0.0,0
UMKM-02356,retail ,77,25420113,33,4.2,,245954.0,0.0,0
UMKM-02357,Fashion,48,"Rp 49,927,001",39,,2.0,115923.0,0.0,0
UMKM-02358,retail ,45,9661351,6,3.5,0.0,203320.0,2.0,0
UMKM-02359,fnb,4,"Rp 26,500,562",32,2.5,0.0,376892.0,0.0,1
UMKM-02360,fnb,6,"Rp 7,767,414",3,3.7,,212526.0,1.0,1
UMKM-02361,RETAIL,112,14315702,42,1.7,0.0,390872.0,0.0,0
UMKM-02362,Retail,-2,"Rp 15,932,920",6,2.8,2.0,429993.0,0.0,0
UMKM-02363,fnb,89,30644421,17,3.0,0.0,52380.0,1.0,0
UMKM-02364, F & B ,12,"Rp 8,013,383",3,1.4,0.0,173256.0,3.0,1
UMKM-02365,Jasa,74,"Rp 46,230,048",10,1.1,30.0,218175.0,1.0,2
UMKM-02366,jasa,98,40168490,42,4.0,0.0,294441.0,2.0,0
UMKM-02367,retail ,30,"Rp 39,977,876",19,3.1,0.0,144389.0,1.0,0
UMKM-02368,RETAIL,19,"Rp 41,915,415",10,2.3,0.0,280656.0,1.0,0
UMKM-02369,F&B,81,5374296,14,2.7,,50743.0,0.0,0
UMKM-02370,jasa,70,"Rp 39,319,790",16,4.8,0.0,90124.0,3.0,0
UMKM-02371, F & B ,92,"Rp 30,154,998",33,2.5,15.0,194200.0,1.0,2
UMKM-02372,retail ,30,"Rp 8,782,634",11,1.4,0.0,168174.0,1.0,0
UMKM-02373, F & B ,95,"Rp 28,874,386",41,2.9,15.0,231292.0,1.0,2
UMKM-02374,Jasa,61,"Rp 22,767,260",27,3.6,,302731.0,0.0,0
UMKM-02375,Jasa,3,"Rp 33,469,815",34,1.0,0.0,95653.0,0.0,1
UMKM-02376,Fashion,55,"Rp 29,394,763",7,2.3,0.0,358216.0,0.0,0
UMKM-02377,RETAIL,47,"Rp 38,121,440",26,2.6,0.0,291864.0,2.0,0
UMKM-02378,jasa,12,35001527,21,2.9,5.0,434358.0,0.0,0
UMKM-02379,nan,37,"Rp 29,438,086",23,2.2,0.0,91302.0,0.0,0
UMKM-02380,nan,29,"Rp 7,824,464",1,3.7,0.0,389155.0,3.0,2
UMKM-02381,jasa,57,"Rp 29,747,708",30,4.8,0.0,279673.0,1.0,0
UMKM-02382,F&B,115,20478649,21,4.7,0.0,418596.0,0.0,0
UMKM-02383,RETAIL,113,"Rp 10,374,587",0,3.7,0.0,344042.0,2.0,1
UMKM-02384, F & B ,92,"Rp 24,377,929",13,,30.0,153620.0,0.0,0
UMKM-02385,F&B,99,"Rp 18,612,574",24,4.3,30.0,330033.0,1.0,0
UMKM-02386,Retail,72,"Rp 44,735,877",35,4.3,0.0,192024.0,1.0,0
UMKM-02387,jasa,-2,"Rp 19,748,688",35,4.3,2.0,358129.0,0.0,1
UMKM-02388, F & B ,87,"Rp 34,056,049",40,1.6,2.0,495193.0,0.0,0
UMKM-02389,nan,35,"Rp 30,564,708",2,1.1,5.0,124106.0,0.0,2
UMKM-02390,fnb,39,47712017,4,4.9,2.0,372283.0,0.0,0
UMKM-02391,Fashion,44,"Rp 18,856,445",0,4.8,2.0,321041.0,0.0,0
UMKM-02392,nan,73,13012272,18,3.3,2.0,330942.0,,0
UMKM-02393,RETAIL,22,"Rp 31,010,229",32,5.0,5.0,55656.0,0.0,0
UMKM-02394,Jasa,36,"Rp 18,971,663",41,4.1,0.0,,3.0,0
UMKM-02395,fnb,74,"Rp 34,221,319",29,,0.0,,1.0,1
UMKM-02396,Fashion,70,24317207,11,2.6,0.0,,1.0,0
UMKM-02397,Fashion,110,"Rp 19,365,132",9,3.4,2.0,258264.0,0.0,0
UMKM-02398,Retail,63,36788700,33,3.1,0.0,176474.0,0.0,0
UMKM-02399,Retail,92,7442399,15,5.0,2.0,152748.0,1.0,0
UMKM-02400,retail ,100,20380303,39,3.0,0.0,194501.0,3.0,0
UMKM-02401,nan,-5,"Rp 15,569,226",28,4.3,15.0,286923.0,0.0,2
UMKM-02402,nan,33,"Rp 17,274,309",14,4.3,0.0,485407.0,1.0,0
UMKM-02403,nan,90,"Rp 13,206,970",10,,2.0,395510.0,0.0,1
UMKM-02404,retail ,84,"Rp 5,961,826",43,1.3,2.0,209836.0,0.0,0
UMKM-02405,F&B,11,39754080,33,3.6,0.0,,1.0,0
UMKM-02406,Fashion,106,"Rp 7,636,708",35,,0.0,,2.0,0
UMKM-02407,fnb,117,10672204,29,3.6,15.0,55642.0,0.0,1
UMKM-02408,RETAIL,85,34604324,34,,0.0,133746.0,0.0,0
UMKM-02409,Fashion,82,24250265,8,2.6,30.0,320062.0,0.0,2
UMKM-02410,Retail,29,"Rp 22,849,453",17,,30.0,430679.0,,2
UMKM-02411, F & B ,40,"Rp 9,734,143",18,2.1,2.0,426582.0,0.0,1
UMKM-02412,Jasa,36,"Rp 41,125,952",38,1.4,5.0,460692.0,0.0,0
UMKM-02413,retail ,112,"Rp 37,672,545",3,,2.0,333205.0,0.0,0
UMKM-02414,jasa,33,"Rp 7,060,297",5,2.6,2.0,166408.0,0.0,0
UMKM-02415, F & B ,84,10171667,32,4.6,,231106.0,2.0,0
UMKM-02416,RETAIL,43,"Rp 47,210,871",31,4.9,0.0,279499.0,0.0,0
UMKM-02417,nan,56,"Rp 21,069,455",15,,0.0,233714.0,2.0,0
UMKM-02418,Retail,32,"Rp 1,915,108",10,2.8,0.0,473645.0,0.0,0
UMKM-02419,Retail,17,"Rp 33,207,260",21,4.1,2.0,274778.0,1.0,0
UMKM-02420,Retail,16,"Rp 47,966,011",35,1.6,0.0,481781.0,0.0,0
UMKM-02421,nan,-2,20161488,22,1.4,,332359.0,3.0,0
UMKM-02422,jasa,43,"Rp 33,741,167",25,4.5,0.0,432292.0,0.0,0
UMKM-02423,retail ,53,"Rp 29,132,051",30,1.1,15.0,425757.0,1.0,2
UMKM-02424, F & B ,67,2418351,28,4.9,0.0,222336.0,2.0,0
UMKM-02425,nan,62,"Rp 5,917,970",4,3.7,0.0,368242.0,1.0,1
UMKM-02426,RETAIL,65,"Rp 4,726,713",37,2.7,0.0,118764.0,0.0,0
UMKM-02427,retail ,81,43537710,24,1.6,0.0,405415.0,4.0,1
UMKM-02428,RETAIL,-4,"Rp 34,734,548",33,3.9,0.0,190515.0,0.0,0
UMKM-02429,retail ,43,"Rp 30,439,292",11,,,,4.0,0
UMKM-02430,jasa,82,"Rp 32,910,396",21,3.8,0.0,89276.0,0.0,0
UMKM-02431,Jasa,98,22825461,8,2.7,2.0,81711.0,0.0,0
UMKM-02432,RETAIL,113,30483553,19,1.3,0.0,225749.0,0.0,0
UMKM-02433,nan,89,"Rp 17,616,198",28,2.3,0.0,298073.0,0.0,0
UMKM-02434,retail ,105,"Rp 31,798,370",43,2.3,2.0,,0.0,0
UMKM-02435,Retail,25,"Rp 27,394,560",28,1.0,0.0,89764.0,0.0,0
UMKM-02436,Fashion,105,20079906,44,1.0,30.0,54844.0,,2
UMKM-02437,Retail,34,16145496,26,2.3,5.0,297958.0,2.0,1
UMKM-02438,F&B,42,1722153,16,3.9,0.0,157181.0,0.0,0
UMKM-02439,Jasa,45,"Rp 29,778,554",4,3.5,2.0,414683.0,0.0,1
UMKM-02440,Jasa,37,"Rp 4,446,010",44,2.0,0.0,336774.0,1.0,2
UMKM-02441,Retail,92,"Rp 49,132,181",12,3.4,5.0,397276.0,0.0,0
UMKM-02442, F & B ,49,"Rp 7,492,922",41,3.6,15.0,463769.0,2.0,2
UMKM-02443,jasa,82,"Rp 41,870,277",14,3.1,15.0,151510.0,1.0,2
UMKM-02444,RETAIL,43,"Rp 20,346,611",14,,0.0,276276.0,1.0,0
UMKM-02445,nan,118,4332951,17,2.5,0.0,487131.0,1.0,1
UMKM-02446,Jasa,84,"Rp 48,821,382",1,1.5,2.0,196236.0,1.0,0
UMKM-02447,Retail,74,"Rp 1,311,416",22,2.5,,240360.0,0.0,1
UMKM-02448,Retail,51,8129343,42,2.4,,329169.0,0.0,0
UMKM-02449,jasa,105,14603581,12,3.4,0.0,316983.0,0.0,0
UMKM-02450,jasa,71,"Rp 23,612,831",42,4.4,5.0,88937.0,1.0,0
UMKM-02451,fnb,9,"Rp 5,924,191",3,2.5,,254263.0,0.0,1
UMKM-02452,fnb,21,14970740,24,,0.0,425218.0,2.0,0
UMKM-02453, F & B ,62,13809213,10,4.2,15.0,358804.0,0.0,1
UMKM-02454, F & B ,74,"Rp 35,379,197",41,,0.0,246669.0,0.0,0
UMKM-02455,F&B,58,"Rp 18,684,867",11,,0.0,165911.0,0.0,0
UMKM-02456, F & B ,88,"Rp 10,782,357",12,1.3,0.0,345404.0,1.0,0
UMKM-02457,retail ,102,23824162,8,4.6,2.0,408344.0,2.0,0
UMKM-02458,jasa,24,31272080,44,1.7,15.0,335350.0,2.0,1
UMKM-02459,nan,30,24479921,37,2.3,2.0,367907.0,4.0,1
UMKM-02460,retail ,61,18767607,5,3.4,0.0,133059.0,4.0,2
UMKM-02461,RETAIL,80,"Rp 38,803,799",42,,0.0,202946.0,2.0,0
UMKM-02462,Retail,107,"Rp 24,612,300",42,2.0,2.0,318938.0,0.0,0
UMKM-02463, F & B ,80,"Rp 1,587,069",9,4.1,2.0,198711.0,0.0,1
UMKM-02464,Retail,108,"Rp 21,724,277",22,3.8,2.0,478479.0,0.0,0
UMKM-02465,Jasa,115,3315138,14,1.6,0.0,430117.0,,0
UMKM-02466,F&B,108,"Rp 41,140,674",44,2.9,5.0,494623.0,0.0,0
UMKM-02467,Jasa,113,"Rp 30,875,646",22,2.9,,354105.0,0.0,0
UMKM-02468,F&B,118,"Rp 1,549,666",39,2.2,2.0,,4.0,2
UMKM-02469,fnb,43,4983027,36,4.1,5.0,397945.0,0.0,0
UMKM-02470,Retail,70,"Rp 42,230,294",33,4.7,,234329.0,1.0,0
UMKM-02471,F&B,49,27332571,15,3.9,2.0,61736.0,2.0,2
UMKM-02472,Fashion,79,42901563,44,,2.0,214986.0,2.0,0
UMKM-02473,retail ,50,"Rp 46,827,857",40,1.2,5.0,493154.0,2.0,0
UMKM-02474,F&B,62,"Rp 5,782,969",31,1.1,0.0,371539.0,2.0,1
UMKM-02475,F&B,89,29301216,37,4.6,2.0,130338.0,1.0,0
UMKM-02476,retail ,38,3059417,39,4.6,15.0,164946.0,0.0,0
UMKM-02477,Retail,25,"Rp 42,351,983",4,,0.0,391901.0,1.0,0
UMKM-02478,Retail,52,8794087,16,2.4,30.0,119385.0,2.0,1
UMKM-02479,retail ,81,"Rp 38,742,864",21,4.3,2.0,115285.0,0.0,0
UMKM-02480,Jasa,112,22587590,38,,0.0,203886.0,0.0,0
UMKM-02481,Fashion,47,19609976,40,2.1,2.0,170862.0,0.0,0
UMKM-02482,nan,78,"Rp 31,283,124",17,3.7,0.0,489983.0,1.0,0
UMKM-02483,RETAIL,73,"Rp 33,102,967",27,4.9,15.0,185688.0,0.0,1
UMKM-02484,Fashion,17,32227450,12,,0.0,140100.0,2.0,0
UMKM-02485,Retail,22,"Rp 37,093,497",41,4.1,,377803.0,0.0,0
UMKM-02486,nan,10,47731915,0,2.4,2.0,272105.0,0.0,2
UMKM-02487,fnb,31,28322543,18,3.6,2.0,117713.0,0.0,1
UMKM-02488, F & B ,15,"Rp 15,989,214",33,,,,1.0,1
UMKM-02489,F&B,73,"Rp 19,803,307",3,,0.0,,0.0,2
UMKM-02490,retail ,11,"Rp 32,695,058",42,2.9,5.0,96811.0,0.0,1
UMKM-02491,retail ,108,"Rp 13,489,289",2,,0.0,196181.0,4.0,1
UMKM-02492,F&B,31,"Rp 4,731,622",40,4.5,15.0,285037.0,2.0,2
UMKM-02493, F & B ,71,"Rp 48,466,955",9,1.0,2.0,499462.0,3.0,1
UMKM-02494,RETAIL,13,25562579,27,4.9,,375531.0,1.0,0
UMKM-02495, F & B ,24,49860516,33,2.4,30.0,445340.0,3.0,2
UMKM-02496,nan,39,"Rp 10,104,687",38,,0.0,151558.0,2.0,0
UMKM-02497, F & B ,12,"Rp 14,595,880",18,1.6,0.0,380093.0,4.0,1
UMKM-02498,nan,72,"Rp 37,642,118",41,4.4,2.0,201843.0,0.0,0
UMKM-02499, F & B ,56,"Rp 1,954,227",35,4.5,2.0,56089.0,0.0,1
UMKM-02500,RETAIL,30,"Rp 13,832,377",42,1.1,0.0,317977.0,0.0,0
UMKM-02501,RETAIL,94,45578506,2,1.2,0.0,196820.0,3.0,2
UMKM-02502,Retail,78,"Rp 31,691,270",22,4.7,2.0,99308.0,1.0,0
UMKM-02503,F&B,46,"Rp 38,626,908",16,1.5,0.0,92083.0,0.0,0
UMKM-02504,RETAIL,13,"Rp 47,432,969",6,3.5,30.0,464603.0,1.0,1
UMKM-02505,nan,103,46964380,25,3.5,15.0,427749.0,2.0,2
UMKM-02506,RETAIL,38,"Rp 22,605,192",42,4.5,5.0,391818.0,3.0,2
UMKM-02507,Retail,1,"Rp 37,952,931",17,3.3,0.0,313846.0,2.0,1
UMKM-02508,retail ,115,"Rp 34,612,463",5,2.7,0.0,477649.0,2.0,1
UMKM-02509,nan,38,"Rp 32,334,729",30,4.9,2.0,71773.0,0.0,0
UMKM-02510,Retail,111,"Rp 42,813,714",28,1.9,,455641.0,0.0,0
UMKM-02511,Jasa,62,"Rp 11,306,743",8,2.1,0.0,302923.0,3.0,1
UMKM-02512,Jasa,117,"Rp 3,451,550",34,1.3,0.0,88575.0,2.0,2
UMKM-02513,fnb,28,3081552,16,4.9,0.0,332242.0,1.0,0
UMKM-02514, F & B ,60,"Rp 33,049,800",11,3.8,2.0,122519.0,0.0,0
UMKM-02515,F&B,63,"Rp 47,479,712",35,1.0,2.0,,0.0,0
UMKM-02516,jasa,49,"Rp 32,873,953",23,3.8,0.0,440843.0,0.0,0
UMKM-02517,Fashion,4,32921068,9,2.6,0.0,306788.0,1.0,1
UMKM-02518,Retail,90,"Rp 31,120,919",29,4.9,2.0,314541.0,1.0,0
UMKM-02519,retail ,36,32225096,28,2.1,0.0,76770.0,4.0,1
UMKM-02520,Fashion,35,41865414,38,3.8,2.0,350366.0,1.0,0
UMKM-02521,retail ,71,"Rp 18,955,858",9,3.5,15.0,231779.0,0.0,1
UMKM-02522,Fashion,97,6381862,38,1.0,2.0,,0.0,0
UMKM-02523,Retail,63,42534065,27,4.5,2.0,143737.0,2.0,0
UMKM-02524,jasa,116,"Rp 16,233,162",17,1.6,30.0,257709.0,0.0,2
UMKM-02525,Fashion,4,12030140,40,3.7,,99033.0,1.0,0
UMKM-02526,Retail,4,"Rp 17,210,635",16,4.1,0.0,251110.0,1.0,0
UMKM-02527,RETAIL,96,11019577,10,3.5,0.0,378023.0,0.0,0
UMKM-02528,jasa,85,"Rp 2,734,441",0,1.4,15.0,390619.0,0.0,2
UMKM-02529,nan,54,"Rp 30,650,827",16,4.9,0.0,,0.0,0
UMKM-02530,retail ,45,"Rp 45,636,414",35,1.9,,250604.0,0.0,1
UMKM-02531,Jasa,15,42491540,35,3.5,0.0,,1.0,0
UMKM-02532, F & B ,2,3960841,8,,,98787.0,1.0,1
UMKM-02533,Jasa,59,25522289,44,4.8,2.0,400912.0,4.0,0
UMKM-02534,jasa,86,"Rp 15,115,491",27,3.4,5.0,140150.0,3.0,0
UMKM-02535,nan,107,"Rp 37,147,291",32,2.0,0.0,145551.0,0.0,0
UMKM-02536,retail ,97,8992388,2,4.3,,156350.0,1.0,0
UMKM-02537,nan,72,23544420,7,1.7,0.0,177943.0,1.0,1
UMKM-02538,Fashion,79,25473340,5,1.1,0.0,375070.0,0.0,2
UMKM-02539,retail ,24,"Rp 36,473,147",5,4.6,0.0,317130.0,,0
UMKM-02540,Fashion,79,"Rp 9,880,121",28,3.3,,128485.0,1.0,0
UMKM-02541,Retail,43,"Rp 36,732,322",36,1.3,0.0,266415.0,3.0,0
UMKM-02542,jasa,3,"Rp 13,918,652",11,,2.0,255828.0,4.0,0
UMKM-02543,Retail,11,"Rp 17,312,999",8,1.6,2.0,181307.0,1.0,1
UMKM-02544,fnb,63,47267957,40,1.1,30.0,189065.0,0.0,2
UMKM-02545,nan,52,20952817,18,1.5,2.0,272152.0,1.0,0
UMKM-02546,Fashion,51,"Rp 2,740,584",16,4.1,2.0,195908.0,1.0,0
UMKM-02547,RETAIL,56,"Rp 20,994,412",43,4.0,5.0,382904.0,2.0,0
UMKM-02548,Retail,89,"Rp 31,173,030",31,3.4,5.0,264222.0,0.0,0
UMKM-02549,fnb,46,"Rp 46,809,257",34,1.8,0.0,476222.0,0.0,0
UMKM-02550,F&B,55,"Rp 39,805,640",13,4.0,0.0,273038.0,3.0,1
UMKM-02551,Jasa,34,"Rp 24,844,479",15,,0.0,464524.0,,0
UMKM-02552,retail ,32,"Rp 26,286,997",20,,0.0,377731.0,0.0,0
UMKM-02553,fnb,37,"Rp 39,998,987",11,4.6,0.0,,3.0,0
UMKM-02554,jasa,57,35716928,23,2.8,2.0,125108.0,0.0,1
UMKM-02555,Retail,13,"Rp 30,007,653",33,,,271205.0,2.0,0
UMKM-02556,jasa,94,"Rp 38,705,970",7,4.8,0.0,320642.0,0.0,0
UMKM-02557,Jasa,44,"Rp 42,330,450",43,2.8,5.0,357210.0,4.0,1
UMKM-02558,RETAIL,27,"Rp 36,659,471",20,3.2,2.0,489934.0,1.0,0
UMKM-02559,nan,7,"Rp 37,674,242",7,3.3,0.0,401673.0,0.0,2
UMKM-02560,nan,72,31433622,27,2.0,2.0,462209.0,0.0,0
UMKM-02561,jasa,114,"Rp 35,376,361",15,3.9,,62485.0,0.0,0
UMKM-02562,Fashion,91,7647162,9,3.9,0.0,119136.0,1.0,0
UMKM-02563,RETAIL,56,"Rp 22,687,889",14,1.9,2.0,264957.0,3.0,1
UMKM-02564,nan,87,"Rp 4,772,217",3,,0.0,227195.0,2.0,1
UMKM-02565,RETAIL,37,49754833,25,5.0,0.0,96264.0,2.0,0
UMKM-02566,fnb,43,36582274,14,3.3,2.0,95606.0,2.0,0
UMKM-02567,RETAIL,30,"Rp 22,989,497",35,1.7,15.0,348490.0,4.0,2
UMKM-02568, F & B ,116,"Rp 35,288,891",31,2.1,5.0,153865.0,2.0,0
UMKM-02569,Jasa,102,8718742,42,3.5,0.0,216383.0,0.0,0
UMKM-02570,nan,4,"Rp 28,553,666",37,1.6,,427336.0,2.0,1
UMKM-02571,RETAIL,89,"Rp 33,495,926",3,1.1,0.0,435160.0,0.0,1
UMKM-02572,jasa,0,3306648,40,4.2,5.0,223334.0,,1
UMKM-02573,F&B,51,"Rp 46,560,154",8,3.9,0.0,103166.0,0.0,0
UMKM-02574, F & B ,-5,"Rp 26,474,534",34,2.2,30.0,351219.0,0.0,2
UMKM-02575, F & B ,65,"Rp 38,458,301",27,1.2,5.0,479598.0,0.0,0
UMKM-02576,Fashion,52,"Rp 13,664,903",36,2.9,,390819.0,1.0,1
UMKM-02577,RETAIL,85,17018797,8,,0.0,415590.0,0.0,1
UMKM-02578,Fashion,15,37752292,1,,2.0,498439.0,4.0,1
UMKM-02579,Fashion,86,11740829,2,2.1,5.0,54806.0,0.0,1
UMKM-02580,F&B,74,"Rp 34,510,772",43,,5.0,492874.0,0.0,1
UMKM-02581,fnb,50,"Rp 3,780,596",4,2.5,2.0,341501.0,0.0,0
UMKM-02582,RETAIL,104,"Rp 5,040,015",9,,0.0,371021.0,0.0,1
UMKM-02583,Retail,81,"Rp 5,870,807",27,2.1,0.0,,0.0,0
UMKM-02584,nan,110,"Rp 21,854,627",14,2.3,0.0,103155.0,0.0,1
UMKM-02585,Fashion,14,"Rp 7,957,038",13,2.3,30.0,370195.0,0.0,2
UMKM-02586,Jasa,96,"Rp 43,920,509",22,2.9,15.0,174503.0,0.0,2
UMKM-02587,retail ,48,23533373,12,4.4,0.0,123147.0,0.0,0
UMKM-02588,Jasa,19,44250629,15,2.6,,177117.0,2.0,2
UMKM-02589,F&B,22,"Rp 30,162,052",29,4.2,0.0,207976.0,0.0,0
UMKM-02590,F&B,-1,"Rp 27,631,565",39,1.5,0.0,388886.0,0.0,1
UMKM-02591,jasa,114,"Rp 8,356,148",7,4.6,0.0,147486.0,0.0,0
UMKM-02592,fnb,15,"Rp 43,649,452",16,1.7,30.0,182779.0,1.0,0
UMKM-02593,nan,12,17304297,29,1.2,5.0,255101.0,0.0,0
UMKM-02594,Fashion,41,"Rp 20,578,545",16,,0.0,494812.0,1.0,2
UMKM-02595,Jasa,64,"Rp 34,395,388",34,1.8,2.0,255117.0,,0
UMKM-02596,retail ,51,"Rp 41,079,870",0,3.0,0.0,334434.0,0.0,0
UMKM-02597,F&B,87,"Rp 15,370,051",23,2.8,0.0,397019.0,0.0,0
UMKM-02598,F&B,13,"Rp 15,885,447",24,,0.0,69311.0,0.0,0
UMKM-02599,fnb,91,"Rp 9,577,482",1,,0.0,231081.0,0.0,1
UMKM-02600,retail ,59,"Rp 31,980,624",24,3.0,30.0,98175.0,0.0,1
UMKM-02601,retail ,103,"Rp 41,777,585",13,2.3,2.0,314864.0,0.0,0
UMKM-02602,fnb,-3,"Rp 17,414,776",38,3.5,0.0,347934.0,3.0,0
UMKM-02603,F&B,36,39988394,32,1.2,0.0,131285.0,0.0,0
UMKM-02604,nan,15,32671087,16,1.1,0.0,,0.0,0
UMKM-02605,RETAIL,93,33702379,30,2.7,0.0,402472.0,2.0,2
UMKM-02606,RETAIL,99,35028250,9,4.2,2.0,470688.0,0.0,0
UMKM-02607,fnb,34,"Rp 48,466,959",5,,0.0,334586.0,0.0,0
UMKM-02608,retail ,61,"Rp 21,660,640",38,1.1,5.0,73802.0,1.0,0
UMKM-02609,Fashion,19,13825630,24,,0.0,235187.0,0.0,1
UMKM-02610,fnb,103,7766699,37,1.9,0.0,62721.0,2.0,1
UMKM-02611,nan,96,19502049,36,2.7,,347901.0,0.0,0
UMKM-02612,fnb,103,"Rp 26,753,195",29,3.3,0.0,217670.0,1.0,0
UMKM-02613, F & B ,49,"Rp 9,193,421",33,1.9,0.0,471448.0,2.0,1
UMKM-02614,Jasa,78,"Rp 40,419,151",17,,0.0,219243.0,0.0,1
UMKM-02615,retail ,46,"Rp 11,302,122",23,3.3,0.0,469298.0,0.0,1
UMKM-02616,jasa,38,26828467,26,2.5,0.0,141402.0,0.0,0
UMKM-02617,jasa,103,"Rp 38,318,472",26,,0.0,51939.0,3.0,2
UMKM-02618,retail ,92,23888009,38,3.0,30.0,431526.0,2.0,1
UMKM-02619,nan,79,"Rp 7,553,855",20,2.3,5.0,344133.0,0.0,0
UMKM-02620, F & B ,50,"Rp 43,150,667",18,,2.0,270317.0,2.0,1
UMKM-02621, F & B ,49,"Rp 23,559,871",38,4.1,0.0,442548.0,2.0,0
UMKM-02622,F&B,106,"Rp 21,423,493",22,1.8,2.0,123251.0,,2
UMKM-02623,Jasa,81,"Rp 19,369,426",38,,0.0,255035.0,0.0,0
UMKM-02624,RETAIL,64,3918634,43,2.4,0.0,289351.0,3.0,1
UMKM-02625,Retail,109,7562344,14,2.6,0.0,,0.0,0
UMKM-02626,nan,111,"Rp 8,401,628",42,4.7,0.0,326598.0,3.0,0
UMKM-02627,Retail,71,"Rp 21,661,701",1,2.2,0.0,444593.0,0.0,1
UMKM-02628,Retail,107,10818968,34,4.5,0.0,85523.0,0.0,0
UMKM-02629,retail ,81,"Rp 1,829,119",19,3.0,0.0,342951.0,2.0,1
UMKM-02630,jasa,67,"Rp 33,658,904",27,4.5,0.0,68467.0,2.0,0
UMKM-02631,jasa,75,"Rp 11,286,479",14,3.8,0.0,87177.0,0.0,0
UMKM-02632,RETAIL,119,"Rp 45,433,999",15,3.8,0.0,193359.0,1.0,1
UMKM-02633,retail ,60,"Rp 2,054,853",32,,0.0,360811.0,0.0,0
UMKM-02634,Retail,13,"Rp 6,042,596",11,4.4,0.0,193910.0,0.0,0
UMKM-02635,Fashion,77,"Rp 7,424,788",38,2.0,0.0,475281.0,0.0,0
UMKM-02636,jasa,114,"Rp 4,386,243",38,4.6,0.0,367403.0,0.0,0
UMKM-02637,nan,1,"Rp 44,712,859",42,3.5,0.0,,1.0,0
UMKM-02638,nan,112,"Rp 43,229,925",19,,5.0,349016.0,0.0,0
UMKM-02639,F&B,57,37999515,28,4.9,0.0,299912.0,0.0,0
UMKM-02640,fnb,36,16444816,42,,0.0,60522.0,4.0,1
UMKM-02641,Fashion,36,"Rp 39,531,469",2,,0.0,164108.0,0.0,0
UMKM-02642,jasa,53,"Rp 49,669,254",4,2.1,0.0,210204.0,1.0,1
UMKM-02643, F & B ,14,"Rp 16,997,653",1,4.9,0.0,90425.0,3.0,2
UMKM-02644,jasa,67,2535410,22,,,317622.0,0.0,0
UMKM-02645,F&B,11,1349760,25,,15.0,143873.0,0.0,2
UMKM-02646,nan,21,"Rp 32,390,940",25,4.7,0.0,240427.0,1.0,0
UMKM-02647,Retail,41,8490526,6,1.6,2.0,101793.0,1.0,2
UMKM-02648, F & B ,-4,27905373,9,1.6,0.0,317169.0,1.0,2
UMKM-02649,retail ,57,"Rp 40,381,710",4,3.3,0.0,319908.0,1.0,0
UMKM-02650,Jasa,56,30579729,11,1.2,5.0,248720.0,4.0,1
UMKM-02651,Retail,94,"Rp 12,219,042",31,3.7,0.0,381180.0,0.0,0
UMKM-02652,Jasa,13,"Rp 1,296,177",41,2.0,0.0,407206.0,2.0,1
UMKM-02653,Fashion,11,35733850,30,1.5,2.0,343665.0,0.0,1
UMKM-02654,fnb,63,"Rp 1,994,199",21,2.6,2.0,221464.0,0.0,2
UMKM-02655, F & B ,33,"Rp 19,696,614",16,2.9,,340951.0,0.0,2
UMKM-02656,RETAIL,76,"Rp 7,716,487",19,1.7,5.0,243273.0,0.0,0
UMKM-02657, F & B ,111,"Rp 39,688,215",19,1.2,5.0,330157.0,2.0,1
UMKM-02658,jasa,112,"Rp 29,588,402",42,2.7,0.0,323455.0,0.0,0
UMKM-02659,nan,117,"Rp 18,962,838",7,4.0,0.0,211699.0,0.0,0
UMKM-02660,jasa,65,"Rp 38,747,339",33,4.5,5.0,130483.0,0.0,0
UMKM-02661,jasa,75,"Rp 7,630,064",22,1.4,,321185.0,0.0,0
UMKM-02662,Fashion,33,35099933,37,3.1,0.0,237585.0,2.0,0
UMKM-02663,Retail,30,31662747,27,2.1,,383940.0,2.0,0
UMKM-02664,RETAIL,34,30108395,12,2.5,0.0,335450.0,2.0,0
UMKM-02665,RETAIL,39,"Rp 22,976,255",28,4.7,0.0,224899.0,1.0,0
UMKM-02666,jasa,-2,44955276,7,2.4,0.0,401230.0,1.0,2
UMKM-02667,Jasa,96,"Rp 6,567,768",10,2.5,0.0,142151.0,0.0,0
UMKM-02668,Fashion,19,"Rp 7,964,587",44,1.8,5.0,192499.0,1.0,0
UMKM-02669,jasa,63,14404397,17,4.8,0.0,215150.0,0.0,0
UMKM-02670,fnb,24,"Rp 5,639,596",24,2.8,,390503.0,4.0,1
UMKM-02671,nan,70,"Rp 4,465,495",21,3.3,2.0,474429.0,4.0,0
UMKM-02672,Retail,62,27244114,44,2.8,0.0,179428.0,3.0,2
UMKM-02673,retail ,82,"Rp 16,999,346",34,2.0,5.0,112960.0,0.0,1
UMKM-02674,fnb,23,"Rp 30,677,320",28,4.2,0.0,375885.0,0.0,0
UMKM-02675,Jasa,67,"Rp 9,744,047",20,1.1,5.0,279789.0,3.0,1
UMKM-02676, F & B ,62,5206330,6,3.8,0.0,371144.0,2.0,0
UMKM-02677, F & B ,45,"Rp 43,232,028",11,3.4,0.0,339351.0,2.0,1
UMKM-02678,fnb,18,"Rp 45,392,751",35,1.6,2.0,316080.0,0.0,0
UMKM-02679,jasa,8,"Rp 16,937,214",23,,,264386.0,2.0,0
UMKM-02680,retail ,63,33720196,31,,2.0,363919.0,1.0,0
UMKM-02681,F&B,12,"Rp 20,331,509",26,2.2,2.0,330818.0,0.0,2
UMKM-02682,F&B,36,"Rp 42,489,577",31,2.1,5.0,230862.0,3.0,0
UMKM-02683,Jasa,51,"Rp 27,790,262",31,1.2,0.0,326518.0,0.0,0
UMKM-02684,jasa,77,"Rp 23,367,788",31,,15.0,146128.0,1.0,1
UMKM-02685,RETAIL,6,"Rp 11,897,788",25,4.5,0.0,165040.0,0.0,0
UMKM-02686,RETAIL,76,"Rp 31,641,113",10,4.3,0.0,177401.0,1.0,0
UMKM-02687,Retail,11,"Rp 6,831,398",17,,0.0,421788.0,0.0,0
UMKM-02688,retail ,24,"Rp 19,784,924",38,3.1,0.0,196389.0,0.0,0
UMKM-02689,retail ,82,27468851,4,2.0,0.0,341325.0,1.0,1
UMKM-02690, F & B ,69,"Rp 31,187,141",15,,0.0,454996.0,0.0,1
UMKM-02691,Fashion,93,"Rp 16,975,814",10,4.3,0.0,287819.0,2.0,0
UMKM-02692,Jasa,17,9828452,34,4.2,2.0,255468.0,0.0,0
UMKM-02693,F&B,75,"Rp 31,628,404",10,4.1,2.0,365138.0,3.0,0
UMKM-02694,Jasa,-5,18064465,41,2.9,2.0,304268.0,0.0,0
UMKM-02695,RETAIL,73,"Rp 42,760,726",22,,0.0,,1.0,0
UMKM-02696,RETAIL,26,"Rp 7,805,995",33,4.7,5.0,298686.0,0.0,0
UMKM-02697,fnb,118,22302821,16,2.3,0.0,204348.0,0.0,0
UMKM-02698,Retail,3,"Rp 33,931,514",9,1.9,2.0,122778.0,2.0,1
UMKM-02699,retail ,9,48181184,17,2.9,0.0,174889.0,0.0,2
UMKM-02700,nan,22,"Rp 2,397,955",43,1.7,2.0,405201.0,4.0,2
UMKM-02701,Jasa,18,"Rp 29,013,358",7,4.5,0.0,313196.0,0.0,0
UMKM-02702,RETAIL,54,"Rp 30,145,634",25,2.4,5.0,65400.0,3.0,2
UMKM-02703,Fashion,119,49427738,2,3.3,30.0,111980.0,1.0,2
UMKM-02704, F & B ,29,37574011,23,3.4,5.0,135483.0,1.0,1
UMKM-02705,F&B,80,"Rp 10,095,769",2,3.1,0.0,75699.0,0.0,0
UMKM-02706,Retail,21,"Rp 5,650,291",37,1.6,0.0,346255.0,0.0,2
UMKM-02707,Fashion,77,43024187,1,5.0,,276002.0,0.0,1
UMKM-02708,Retail,103,25427527,34,1.7,0.0,373209.0,1.0,0
UMKM-02709,fnb,70,36146495,16,,,172378.0,1.0,0
UMKM-02710,nan,14,"Rp 42,821,034",8,4.2,0.0,131798.0,2.0,0
UMKM-02711,RETAIL,59,"Rp 46,976,783",35,1.6,,,3.0,1
UMKM-02712, F & B ,79,40676034,21,4.7,,420876.0,0.0,0
UMKM-02713,Fashion,43,"Rp 15,061,279",30,3.0,2.0,228269.0,0.0,0
UMKM-02714,Retail,103,41066756,33,3.5,0.0,283301.0,0.0,0
UMKM-02715,retail ,-5,"Rp 19,995,155",23,3.6,0.0,364548.0,2.0,1
UMKM-02716,fnb,4,"Rp 16,644,301",8,3.0,,110736.0,0.0,0
UMKM-02717,retail ,41,"Rp 24,183,099",42,1.6,30.0,175210.0,1.0,2
UMKM-02718, F & B ,117,"Rp 40,993,951",1,4.0,0.0,336086.0,0.0,0
UMKM-02719,Fashion,53,"Rp 7,969,369",20,3.3,0.0,200073.0,0.0,0
UMKM-02720,fnb,90,"Rp 23,938,234",33,1.5,15.0,78696.0,1.0,2
UMKM-02721,Fashion,56,"Rp 9,877,241",26,3.8,2.0,72319.0,0.0,1
UMKM-02722,RETAIL,97,"Rp 12,659,943",36,3.8,15.0,349267.0,0.0,1
UMKM-02723,jasa,118,33228402,6,,15.0,494381.0,1.0,1
UMKM-02724,fnb,80,"Rp 45,975,994",21,1.4,,461527.0,0.0,0
UMKM-02725,retail ,12,"Rp 7,371,332",3,2.4,0.0,470336.0,0.0,2
UMKM-02726, F & B ,106,7783564,13,1.2,0.0,284708.0,1.0,0
UMKM-02727,nan,40,23866176,33,2.9,0.0,72642.0,1.0,1
UMKM-02728,RETAIL,26,"Rp 42,355,189",22,4.6,,382227.0,0.0,0
UMKM-02729,jasa,21,42138186,43,1.0,0.0,472587.0,1.0,0
UMKM-02730,nan,86,"Rp 7,629,383",41,2.1,0.0,155219.0,1.0,0
UMKM-02731,F&B,12,"Rp 3,665,880",24,4.2,0.0,135639.0,0.0,0
UMKM-02732,RETAIL,117,"Rp 14,138,855",0,1.0,0.0,295225.0,2.0,1
UMKM-02733, F & B ,33,"Rp 36,968,983",14,1.0,15.0,258473.0,1.0,2
UMKM-02734,Retail,43,"Rp 19,623,468",31,3.4,5.0,387423.0,0.0,1
UMKM-02735,fnb,87,"Rp 25,437,987",13,4.2,2.0,215522.0,1.0,0
UMKM-02736,Fashion,76,28957887,40,4.1,0.0,263376.0,1.0,0
UMKM-02737, F & B ,38,"Rp 39,467,326",20,4.1,,267700.0,3.0,0
UMKM-02738,fnb,66,1366042,6,2.4,0.0,162033.0,2.0,0
UMKM-02739,nan,48,33968430,35,4.5,2.0,282412.0,0.0,0
UMKM-02740,Fashion,89,"Rp 41,005,838",20,1.1,0.0,335551.0,0.0,0
UMKM-02741,Jasa,28,20041597,39,2.2,0.0,251260.0,3.0,1
UMKM-02742,retail ,65,"Rp 16,943,412",11,,0.0,316589.0,2.0,0
UMKM-02743,F&B,30,27503724,14,1.7,2.0,263381.0,0.0,0
UMKM-02744,RETAIL,12,43808088,14,2.3,2.0,163443.0,0.0,0
UMKM-02745, F & B ,118,44219177,16,3.3,0.0,474312.0,2.0,1
UMKM-02746,F&B,32,34433276,33,3.1,0.0,429750.0,2.0,2
UMKM-02747,Retail,53,"Rp 42,081,899",43,2.3,30.0,166801.0,0.0,2
UMKM-02748,fnb,3,"Rp 7,910,957",34,4.0,0.0,444358.0,1.0,0
UMKM-02749,fnb,117,"Rp 49,655,072",38,3.9,0.0,362041.0,0.0,0
UMKM-02750, F & B ,67,"Rp 12,047,853",37,,0.0,246557.0,0.0,0
UMKM-02751,jasa,104,3503821,13,2.3,15.0,400215.0,0.0,1
UMKM-02752,jasa,66,"Rp 35,793,101",4,2.2,0.0,,1.0,1
UMKM-02753,Jasa,45,33580032,29,1.5,,111466.0,2.0,1
UMKM-02754,retail ,29,"Rp 19,969,167",3,,0.0,185195.0,0.0,0
UMKM-02755,Fashion,76,"Rp 8,051,398",14,1.2,0.0,290784.0,0.0,1
UMKM-02756,Retail,-1,"Rp 26,116,366",38,1.6,0.0,68898.0,3.0,1
UMKM-02757,F&B,8,"Rp 25,206,167",34,1.4,2.0,428601.0,0.0,1
UMKM-02758,jasa,86,"Rp 49,184,496",44,4.3,0.0,484283.0,2.0,0
UMKM-02759,Jasa,24,"Rp 32,442,302",9,1.2,2.0,358090.0,2.0,1
UMKM-02760,Jasa,-2,"Rp 18,382,966",1,3.7,0.0,429318.0,0.0,2
UMKM-02761, F & B ,33,33146888,43,1.2,0.0,300058.0,0.0,0
UMKM-02762,Retail,78,"Rp 25,148,407",23,,30.0,386648.0,3.0,1
UMKM-02763,nan,58,"Rp 5,236,343",27,4.7,5.0,189064.0,1.0,1
UMKM-02764,Fashion,19,"Rp 20,631,630",21,2.9,0.0,171132.0,0.0,0
UMKM-02765,retail ,22,10484984,43,4.2,2.0,367317.0,3.0,0
UMKM-02766,RETAIL,70,"Rp 45,343,097",31,3.8,2.0,60125.0,0.0,0
UMKM-02767, F & B ,60,"Rp 30,979,042",30,4.2,0.0,203502.0,0.0,0
UMKM-02768,Fashion,101,"Rp 16,847,008",18,4.1,0.0,124165.0,1.0,0
UMKM-02769,RETAIL,72,3796175,20,1.8,0.0,321370.0,1.0,1
UMKM-02770,RETAIL,16,"Rp 8,945,223",2,3.0,0.0,460436.0,0.0,0
UMKM-02771,Retail,25,"Rp 37,609,500",5,4.8,5.0,,0.0,0
UMKM-02772,Retail,17,"Rp 39,916,310",31,2.4,0.0,443857.0,1.0,0
UMKM-02773,F&B,42,"Rp 47,647,006",1,,0.0,,1.0,0
UMKM-02774,Jasa,14,"Rp 39,177,319",23,3.3,0.0,264800.0,3.0,0
UMKM-02775,Fashion,119,21436464,44,2.8,,172341.0,0.0,0
UMKM-02776, F & B ,32,7166197,26,3.6,5.0,236477.0,1.0,1
UMKM-02777,fnb,49,"Rp 29,633,590",8,4.3,0.0,316019.0,0.0,1
UMKM-02778, F & B ,62,"Rp 49,229,050",12,2.6,0.0,484818.0,3.0,1
UMKM-02779,F&B,73,1837876,13,1.1,0.0,255502.0,0.0,0
UMKM-02780,retail ,82,"Rp 12,437,533",10,3.8,2.0,442284.0,1.0,0
UMKM-02781,Jasa,83,"Rp 32,519,028",13,4.8,0.0,197149.0,3.0,0
UMKM-02782,fnb,-5,"Rp 20,566,746",15,3.5,,437941.0,2.0,2
UMKM-02783,jasa,1,9512686,9,1.8,0.0,,1.0,1
UMKM-02784,retail ,51,47940274,19,2.0,2.0,122598.0,2.0,1
UMKM-02785,Retail,89,"Rp 8,835,958",15,4.6,5.0,400384.0,3.0,0
UMKM-02786,RETAIL,6,"Rp 6,923,808",33,1.1,15.0,116998.0,2.0,2
UMKM-02787,jasa,100,"Rp 30,739,307",15,3.2,0.0,498330.0,1.0,0
UMKM-02788, F & B ,-1,"Rp 3,950,161",13,1.6,2.0,220651.0,1.0,1
UMKM-02789, F & B ,102,"Rp 39,116,111",27,2.1,0.0,471621.0,0.0,0
UMKM-02790,Retail,44,"Rp 27,198,027",17,2.2,0.0,127510.0,0.0,2
UMKM-02791,F&B,36,"Rp 24,754,131",25,1.9,30.0,410958.0,0.0,2
UMKM-02792,Fashion,96,"Rp 7,725,311",37,,,,0.0,0
UMKM-02793,jasa,118,"Rp 11,771,386",6,2.3,5.0,446135.0,1.0,0
UMKM-02794,jasa,6,8671388,44,2.4,0.0,268183.0,0.0,1
UMKM-02795,nan,97,"Rp 23,468,573",33,,15.0,384312.0,0.0,1
UMKM-02796,retail ,12,31388953,44,4.6,0.0,386604.0,0.0,0
UMKM-02797,Jasa,60,"Rp 30,840,661",6,3.8,0.0,93910.0,0.0,0
UMKM-02798,retail ,68,"Rp 41,662,368",32,1.2,2.0,291528.0,0.0,1
UMKM-02799,Fashion,73,4017721,34,1.2,0.0,346149.0,4.0,1
UMKM-02800, F & B ,88,"Rp 14,297,966",38,3.3,,133400.0,2.0,0
UMKM-02801, F & B ,102,"Rp 6,653,020",20,4.5,0.0,442778.0,0.0,0
UMKM-02802, F & B ,116,"Rp 13,974,549",27,2.3,0.0,60657.0,0.0,0
UMKM-02803,nan,11,25177452,31,2.0,2.0,68394.0,1.0,1
UMKM-02804, F & B ,62,"Rp 5,443,131",43,4.0,5.0,384577.0,1.0,0
UMKM-02805,Fashion,65,26411080,15,,0.0,88397.0,0.0,0
UMKM-02806,Retail,56,45061710,9,3.3,0.0,431589.0,0.0,0
UMKM-02807,Jasa,35,18187491,22,1.6,5.0,73874.0,0.0,1
UMKM-02808,Fashion,89,8887372,14,1.7,0.0,210945.0,0.0,0
UMKM-02809,Jasa,109,"Rp 19,606,426",42,2.1,0.0,73670.0,0.0,0
UMKM-02810,Fashion,118,"Rp 1,594,091",5,1.8,2.0,192023.0,2.0,1
UMKM-02811, F & B ,117,"Rp 11,363,368",32,4.9,0.0,,3.0,0
UMKM-02812,Retail,113,"Rp 41,128,075",38,1.1,,236424.0,0.0,0
UMKM-02813,jasa,97,36646627,11,3.5,2.0,196840.0,2.0,0
UMKM-02814,retail ,113,"Rp 11,149,436",35,3.1,,247185.0,,0
UMKM-02815,RETAIL,28,44113447,30,,0.0,467679.0,2.0,0
UMKM-02816,Retail,64,"Rp 35,323,408",9,4.6,,128905.0,2.0,0
UMKM-02817,jasa,108,"Rp 16,614,708",33,3.7,0.0,80836.0,3.0,0
UMKM-02818,F&B,96,5631004,40,5.0,0.0,192760.0,0.0,0
UMKM-02819,Fashion,39,"Rp 35,797,949",9,1.7,0.0,329346.0,0.0,0
UMKM-02820,F&B,52,28058432,10,1.4,0.0,57188.0,,0
UMKM-02821,jasa,45,"Rp 40,700,211",13,1.6,0.0,365470.0,0.0,1
UMKM-02822,Retail,28,22312161,2,2.1,2.0,195207.0,2.0,2
UMKM-02823,Fashion,38,"Rp 43,575,939",32,,0.0,346801.0,2.0,0
UMKM-02824,RETAIL,9,21060503,6,4.5,0.0,181630.0,0.0,1
UMKM-02825, F & B ,72,"Rp 38,547,284",3,2.1,2.0,,1.0,2
UMKM-02826,Fashion,64,"Rp 29,550,592",38,,0.0,293370.0,1.0,0
UMKM-02827,Fashion,44,"Rp 16,482,856",9,2.9,5.0,76195.0,0.0,0
UMKM-02828,Retail,95,"Rp 42,861,378",14,3.6,2.0,64443.0,0.0,0
UMKM-02829,Retail,108,"Rp 12,243,499",15,2.1,,73215.0,1.0,0
UMKM-02830,jasa,26,"Rp 32,154,482",37,1.6,0.0,55949.0,0.0,0
UMKM-02831,fnb,61,22962191,3,4.5,,352555.0,0.0,0
UMKM-02832,Fashion,-3,15945225,3,,2.0,230293.0,0.0,1
UMKM-02833,retail ,80,"Rp 39,097,141",35,4.1,,310482.0,2.0,0
UMKM-02834,Fashion,80,"Rp 15,403,194",26,3.3,0.0,428021.0,3.0,0
UMKM-02835,jasa,68,"Rp 25,561,413",21,4.4,5.0,118438.0,1.0,0
UMKM-02836,Jasa,45,2762204,21,3.9,15.0,374665.0,0.0,2
UMKM-02837,F&B,61,"Rp 30,950,736",16,2.1,0.0,,,1
UMKM-02838, F & B ,119,11448244,44,3.3,2.0,257916.0,0.0,0
UMKM-02839,fnb,70,"Rp 4,380,795",33,1.1,15.0,271867.0,0.0,1
UMKM-02840,RETAIL,87,"Rp 42,631,125",31,2.9,2.0,121431.0,0.0,0
UMKM-02841,RETAIL,42,29707964,5,1.3,0.0,,0.0,2
UMKM-02842,RETAIL,11,"Rp 5,531,536",32,2.7,2.0,334225.0,0.0,2
UMKM-02843,Retail,1,39978098,7,1.4,0.0,94732.0,0.0,1
UMKM-02844,RETAIL,7,"Rp 48,479,985",35,4.8,15.0,179808.0,0.0,0
UMKM-02845, F & B ,114,"Rp 41,700,855",4,,0.0,402326.0,1.0,0
UMKM-02846,F&B,60,"Rp 3,278,569",4,4.7,0.0,400048.0,0.0,1
UMKM-02847,RETAIL,-2,"Rp 7,532,134",9,1.1,0.0,141374.0,1.0,2
UMKM-02848,Fashion,4,30278276,39,3.6,2.0,445371.0,1.0,0
UMKM-02849,Fashion,97,"Rp 34,897,707",6,2.2,,473119.0,0.0,0
UMKM-02850,Retail,82,"Rp 10,459,247",11,2.7,0.0,287332.0,2.0,1
UMKM-02851, F & B ,11,"Rp 34,147,260",29,4.5,0.0,472609.0,0.0,0
UMKM-02852,F&B,46,12999288,24,4.9,0.0,177277.0,0.0,0
UMKM-02853,fnb,0,"Rp 7,118,225",27,2.0,15.0,227581.0,0.0,2
UMKM-02854,jasa,77,"Rp 19,002,835",42,4.8,0.0,288939.0,2.0,1
UMKM-02855,F&B,63,"Rp 11,496,324",12,3.8,0.0,229306.0,2.0,0
UMKM-02856,jasa,90,"Rp 29,029,388",21,,2.0,434750.0,1.0,0
UMKM-02857,Jasa,68,"Rp 21,439,883",17,3.2,0.0,473317.0,0.0,0
UMKM-02858,jasa,3,"Rp 11,797,629",26,4.8,0.0,195285.0,0.0,0
UMKM-02859,retail ,85,"Rp 3,203,092",7,4.6,0.0,307757.0,1.0,1
UMKM-02860,Fashion,71,22948964,5,1.5,15.0,177927.0,3.0,2
UMKM-02861, F & B ,77,"Rp 20,460,741",10,2.2,,447567.0,1.0,0
UMKM-02862,nan,15,"Rp 27,486,809",28,2.0,5.0,352380.0,0.0,0
UMKM-02863,Retail,18,"Rp 14,772,265",40,3.3,0.0,63241.0,0.0,0
UMKM-02864,retail ,96,"Rp 30,546,479",4,4.2,2.0,401131.0,0.0,0
UMKM-02865,jasa,-2,"Rp 44,578,375",6,4.0,0.0,301024.0,1.0,0
UMKM-02866,RETAIL,18,29402632,21,3.9,5.0,203251.0,0.0,0
UMKM-02867, F & B ,53,"Rp 1,456,195",3,2.5,2.0,403803.0,0.0,2
UMKM-02868,retail ,93,"Rp 5,512,276",31,,,97665.0,1.0,2
UMKM-02869,Retail,-3,"Rp 36,094,430",18,1.8,0.0,111242.0,0.0,1
UMKM-02870,Fashion,62,"Rp 44,623,911",44,,5.0,54455.0,1.0,2
UMKM-02871, F & B ,115,"Rp 15,196,710",32,1.6,2.0,90459.0,1.0,0
UMKM-02872,Retail,95,5973198,0,,0.0,110899.0,0.0,0
UMKM-02873,Jasa,34,"Rp 11,338,036",40,,2.0,67597.0,3.0,0
UMKM-02874,Jasa,42,"Rp 44,690,928",43,,,367735.0,1.0,0
UMKM-02875,Retail,48,"Rp 2,528,362",40,1.9,,358353.0,0.0,2
UMKM-02876,retail ,29,"Rp 27,194,344",7,1.6,5.0,321196.0,2.0,2
UMKM-02877, F & B ,89,44316408,31,4.8,0.0,288557.0,2.0,0
UMKM-02878,retail ,50,49943534,29,1.8,30.0,85691.0,2.0,2
UMKM-02879,fnb,102,"Rp 21,478,555",27,4.4,2.0,67816.0,1.0,0
UMKM-02880,jasa,83,"Rp 49,320,828",40,1.5,0.0,378020.0,0.0,0
UMKM-02881,fnb,34,"Rp 18,658,253",31,4.5,0.0,368677.0,0.0,0
UMKM-02882,Jasa,71,"Rp 12,789,876",24,3.4,0.0,158873.0,1.0,1
UMKM-02883,Fashion,62,"Rp 9,643,155",33,4.4,0.0,64206.0,0.0,0
UMKM-02884,F&B,40,"Rp 14,379,659",32,,5.0,212590.0,2.0,0
UMKM-02885,jasa,72,24378784,12,3.4,0.0,444414.0,0.0,0
UMKM-02886,Jasa,7,"Rp 34,187,735",24,4.7,0.0,480280.0,1.0,1
UMKM-02887,retail ,21,"Rp 20,145,619",41,3.3,0.0,491960.0,0.0,1
UMKM-02888,retail ,0,10951940,39,3.9,0.0,390710.0,1.0,0
UMKM-02889,retail ,11,"Rp 12,065,829",38,2.7,0.0,435018.0,2.0,2
UMKM-02890,Fashion,30,"Rp 32,723,293",43,,0.0,463793.0,1.0,0
UMKM-02891,fnb,98,"Rp 13,479,210",43,4.3,0.0,229302.0,0.0,0
UMKM-02892,F&B,107,5650215,9,1.7,2.0,473464.0,0.0,0
UMKM-02893,retail ,93,"Rp 32,910,918",30,3.3,0.0,303873.0,2.0,1
UMKM-02894,nan,75,31940963,43,4.6,2.0,419931.0,3.0,0
UMKM-02895,jasa,99,15410703,10,4.2,0.0,317078.0,0.0,0
UMKM-02896, F & B ,-4,"Rp 27,502,195",24,4.9,0.0,205999.0,0.0,0
UMKM-02897,nan,115,"Rp 25,436,366",44,1.9,0.0,433442.0,0.0,0
UMKM-02898,F&B,71,"Rp 9,412,054",33,2.5,0.0,338021.0,4.0,1
UMKM-02899,Fashion,46,"Rp 27,383,580",19,3.0,0.0,258439.0,0.0,1
UMKM-02900,F&B,60,"Rp 9,332,715",6,1.9,0.0,331615.0,0.0,0
UMKM-02901, F & B ,46,"Rp 3,625,263",32,2.6,0.0,482057.0,0.0,1
UMKM-02902,jasa,86,"Rp 36,796,110",34,3.2,5.0,55853.0,2.0,0
UMKM-02903, F & B ,37,"Rp 28,922,268",28,1.8,0.0,348162.0,3.0,1
UMKM-02904,Retail,117,"Rp 33,573,821",11,2.0,30.0,370645.0,0.0,1
UMKM-02905,jasa,84,"Rp 15,577,200",4,1.5,15.0,50257.0,0.0,2
UMKM-02906,F&B,16,30826324,11,3.9,5.0,273293.0,1.0,0
UMKM-02907,retail ,105,"Rp 47,409,998",28,2.4,0.0,427313.0,0.0,0
UMKM-02908,F&B,101,"Rp 37,317,481",34,1.9,15.0,276780.0,0.0,2
UMKM-02909,F&B,49,"Rp 33,971,755",19,3.0,0.0,472887.0,3.0,0
UMKM-02910,jasa,61,"Rp 3,203,087",36,1.3,0.0,447946.0,3.0,1
UMKM-02911,Retail,93,20729934,0,4.7,0.0,61305.0,4.0,1
UMKM-02912,F&B,54,"Rp 30,861,571",15,2.2,,231620.0,0.0,0
UMKM-02913,nan,52,"Rp 28,516,954",29,4.5,0.0,475332.0,0.0,0
UMKM-02914,Jasa,6,31029270,8,3.0,,284794.0,2.0,2
UMKM-02915,RETAIL,82,"Rp 1,376,924",41,,0.0,284547.0,0.0,0
UMKM-02916,RETAIL,63,"Rp 34,942,120",9,,,,0.0,0
UMKM-02917,F&B,78,"Rp 30,180,222",12,1.7,,170761.0,0.0,0
UMKM-02918,nan,97,"Rp 30,441,143",19,4.4,,,4.0,0
UMKM-02919,retail ,33,"Rp 47,362,419",28,1.9,0.0,203911.0,2.0,0
UMKM-02920,Fashion,7,"Rp 4,890,026",3,4.0,30.0,60818.0,0.0,2
UMKM-02921,Fashion,35,"Rp 47,314,118",27,2.4,,56202.0,0.0,0
UMKM-02922,jasa,51,"Rp 5,558,708",36,4.0,0.0,294015.0,2.0,0
UMKM-02923,RETAIL,47,"Rp 15,808,323",12,4.6,0.0,88946.0,2.0,0
UMKM-02924,F&B,103,"Rp 40,876,804",2,4.9,5.0,329175.0,1.0,1
UMKM-02925,Fashion,6,"Rp 9,940,164",36,2.4,0.0,456514.0,0.0,1
UMKM-02926,F&B,7,"Rp 46,788,106",18,2.5,5.0,280987.0,0.0,1
UMKM-02927,jasa,114,"Rp 38,742,568",27,4.9,0.0,438849.0,1.0,0
UMKM-02928,RETAIL,68,"Rp 11,932,559",18,4.4,2.0,162212.0,4.0,0
UMKM-02929, F & B ,91,"Rp 28,866,664",16,1.2,0.0,474058.0,0.0,0
UMKM-02930,Jasa,51,13170205,17,3.3,0.0,276405.0,1.0,0
UMKM-02931,Jasa,34,25124291,17,1.7,0.0,202438.0,0.0,0
UMKM-02932,Fashion,112,48891710,22,5.0,15.0,414034.0,0.0,0
UMKM-02933,Jasa,74,13689921,39,1.6,0.0,405640.0,0.0,0
UMKM-02934, F & B ,39,"Rp 8,249,602",8,3.2,15.0,467273.0,2.0,2
UMKM-02935,F&B,29,32619220,28,3.7,5.0,449296.0,0.0,1
UMKM-02936,jasa,-3,"Rp 11,249,925",41,4.7,0.0,259389.0,0.0,0
UMKM-02937, F & B ,114,25636714,28,4.4,0.0,165446.0,0.0,0
UMKM-02938,jasa,-1,"Rp 3,906,868",1,2.0,0.0,344086.0,3.0,2
UMKM-02939,jasa,84,"Rp 5,058,961",16,3.3,0.0,67016.0,2.0,0
UMKM-02940,RETAIL,5,14220459,44,4.8,0.0,74232.0,0.0,0
UMKM-02941,F&B,65,"Rp 4,246,532",30,3.9,2.0,373072.0,0.0,0
UMKM-02942,nan,111,19677273,27,3.8,,,1.0,1
UMKM-02943,Jasa,50,"Rp 11,252,881",42,4.0,0.0,,0.0,0
UMKM-02944,nan,4,"Rp 13,009,042",38,2.3,2.0,110363.0,0.0,2
UMKM-02945,RETAIL,100,"Rp 1,784,514",29,3.9,,211667.0,2.0,1
UMKM-02946,jasa,110,44015496,34,1.9,30.0,448662.0,0.0,2
UMKM-02947,Fashion,28,"Rp 12,927,807",19,2.7,30.0,303961.0,4.0,2
UMKM-02948,Jasa,61,"Rp 13,977,630",15,4.6,15.0,389925.0,0.0,2
UMKM-02949,Jasa,66,"Rp 45,765,744",33,1.1,0.0,420814.0,0.0,0
UMKM-02950,F&B,25,"Rp 34,357,712",13,2.7,30.0,427816.0,0.0,1
UMKM-02951,Retail,69,"Rp 7,760,510",25,2.1,,437302.0,1.0,0
UMKM-02952,fnb,103,"Rp 45,460,833",19,,0.0,96094.0,0.0,1
UMKM-02953,fnb,65,3866792,41,4.4,0.0,326966.0,2.0,0
UMKM-02954,fnb,103,29645390,23,3.8,0.0,66825.0,0.0,0
UMKM-02955,Retail,60,"Rp 16,483,602",42,1.5,0.0,495293.0,0.0,0
UMKM-02956,F&B,64,19931099,17,3.0,0.0,447236.0,3.0,1
UMKM-02957,Retail,35,41969474,42,2.9,2.0,465277.0,4.0,2
UMKM-02958,fnb,57,11437221,8,1.6,2.0,336993.0,1.0,0
UMKM-02959,RETAIL,26,"Rp 33,800,599",18,4.2,0.0,234937.0,2.0,0
UMKM-02960, F & B ,14,"Rp 5,265,630",19,2.5,0.0,75602.0,0.0,0
UMKM-02961,jasa,51,"Rp 26,503,674",41,4.0,5.0,298133.0,0.0,0
UMKM-02962,Retail,92,38233452,29,1.8,0.0,406604.0,0.0,0
UMKM-02963,F&B,44,"Rp 25,232,266",25,2.3,0.0,,4.0,1
UMKM-02964,F&B,74,"Rp 17,278,720",30,1.4,2.0,479110.0,1.0,0
UMKM-02965,nan,19,"Rp 18,266,184",34,1.6,0.0,347845.0,0.0,0
UMKM-02966, F & B ,6,"Rp 32,915,408",2,4.5,0.0,435471.0,0.0,0
UMKM-02967,Fashion,65,"Rp 22,026,165",39,1.4,0.0,69752.0,0.0,0
UMKM-02968,Jasa,33,"Rp 6,821,934",28,1.4,5.0,209341.0,0.0,1
UMKM-02969,fnb,11,48365534,5,4.8,2.0,210212.0,0.0,0
UMKM-02970,Fashion,39,13064537,0,3.6,0.0,202711.0,0.0,1
UMKM-02971,nan,5,8976726,23,,0.0,451282.0,0.0,0
UMKM-02972,fnb,64,"Rp 47,251,037",37,4.9,2.0,127045.0,0.0,0
UMKM-02973, F & B ,119,19884935,33,1.6,30.0,189333.0,1.0,2
UMKM-02974,nan,17,"Rp 15,361,816",6,4.1,2.0,259376.0,1.0,0
UMKM-02975,fnb,85,8602495,10,1.1,15.0,142689.0,0.0,2
UMKM-02976, F & B ,104,"Rp 25,207,253",10,3.5,2.0,447801.0,2.0,1
UMKM-02977,retail ,64,"Rp 6,990,266",35,,5.0,365894.0,0.0,0
UMKM-02978,Fashion,32,"Rp 16,733,431",19,1.8,30.0,339776.0,0.0,2
UMKM-02979,Fashion,-4,"Rp 11,691,219",15,3.6,5.0,88585.0,2.0,1
UMKM-02980,Jasa,80,45101224,4,,,,0.0,1
UMKM-02981, F & B ,78,"Rp 6,069,398",23,4.2,0.0,327760.0,0.0,0
UMKM-02982,Retail,83,21468532,29,4.5,,395877.0,4.0,0
UMKM-02983,retail ,73,"Rp 8,153,588",29,3.0,2.0,,0.0,1
UMKM-02984,RETAIL,118,"Rp 38,747,328",38,3.0,30.0,,0.0,1
UMKM-02985,fnb,107,40241473,36,3.5,0.0,427735.0,4.0,1
UMKM-02986,retail ,87,17576973,32,3.9,2.0,246508.0,0.0,0
UMKM-02987, F & B ,66,"Rp 23,345,355",19,2.4,15.0,275707.0,1.0,2
UMKM-02988,jasa,31,"Rp 39,775,193",21,3.0,0.0,320829.0,0.0,2
UMKM-02989,fnb,43,"Rp 17,996,378",40,3.3,2.0,119394.0,0.0,0
UMKM-02990,F&B,46,"Rp 15,609,069",20,5.0,15.0,195210.0,1.0,1
UMKM-02991,Fashion,27,"Rp 21,830,708",36,3.4,0.0,408896.0,0.0,0
UMKM-02992, F & B ,16,37396284,26,1.9,0.0,69067.0,2.0,1
UMKM-02993,F&B,108,"Rp 4,313,723",37,3.4,2.0,234399.0,4.0,1
UMKM-02994,Jasa,105,35894954,34,4.3,2.0,152034.0,0.0,0
UMKM-02995,nan,-1,"Rp 19,178,267",37,4.4,0.0,220468.0,2.0,1
UMKM-02996,RETAIL,97,"Rp 11,941,880",39,4.2,0.0,161186.0,0.0,0
UMKM-02997,RETAIL,12,8269122,5,,0.0,88211.0,0.0,0
UMKM-02998,F&B,32,"Rp 21,047,730",31,2.3,0.0,408660.0,4.0,1
UMKM-02999,Fashion,112,"Rp 21,515,379",15,,0.0,254696.0,0.0,0
UMKM-03000,Jasa,111,"Rp 26,712,187",27,4.1,5.0,352871.0,0.0,0
UMKM-03001,jasa,31,47123553,15,2.1,2.0,64464.0,1.0,0
UMKM-03002,Fashion,88,13402783,26,2.5,5.0,492993.0,0.0,1
UMKM-03003,retail ,109,"Rp 49,964,572",2,,0.0,160875.0,0.0,0
UMKM-03004,RETAIL,89,"Rp 8,349,336",20,,0.0,196478.0,1.0,0
UMKM-03005,retail ,58,"Rp 13,712,763",37,4.9,0.0,129035.0,3.0,0
UMKM-03006,fnb,4,42277337,37,5.0,15.0,252770.0,0.0,2
UMKM-03007,Retail,73,"Rp 10,496,806",29,2.0,5.0,114086.0,0.0,1
UMKM-03008, F & B ,36,"Rp 38,016,519",21,4.6,30.0,187869.0,0.0,1
UMKM-03009,Jasa,117,"Rp 11,070,126",18,1.4,0.0,54858.0,0.0,0
UMKM-03010,Fashion,42,"Rp 25,522,985",30,3.8,5.0,247445.0,4.0,1
UMKM-03011,RETAIL,38,"Rp 12,783,445",19,1.9,2.0,305967.0,4.0,1
UMKM-03012,retail ,76,"Rp 18,063,388",18,,15.0,307031.0,2.0,2
UMKM-03013,nan,81,"Rp 16,243,680",1,4.8,2.0,304023.0,1.0,0
UMKM-03014,fnb,91,"Rp 49,523,941",39,2.1,2.0,110796.0,2.0,1
UMKM-03015, F & B ,10,"Rp 13,883,071",38,3.7,0.0,377653.0,0.0,0
UMKM-03016, F & B ,48,"Rp 42,637,100",26,1.7,2.0,360537.0,0.0,0
UMKM-03017,Fashion,96,"Rp 35,115,565",7,,0.0,450450.0,0.0,0
UMKM-03018,Jasa,29,38923967,44,2.4,0.0,251356.0,2.0,1
UMKM-03019,jasa,92,15985922,26,,0.0,209526.0,0.0,0
UMKM-03020,nan,22,41975186,14,2.0,,222061.0,1.0,0
UMKM-03021,Fashion,-4,17745865,11,2.2,0.0,340691.0,0.0,2
UMKM-03022,retail ,88,21937178,13,3.8,30.0,365948.0,1.0,0
UMKM-03023,Retail,7,"Rp 46,138,030",6,1.4,,368085.0,3.0,1
UMKM-03024,F&B,35,"Rp 16,643,927",16,2.8,,335711.0,0.0,0
UMKM-03025,jasa,74,"Rp 14,432,140",25,4.8,30.0,314469.0,1.0,0
UMKM-03026,Jasa,53,43183780,36,2.6,30.0,121386.0,0.0,1
UMKM-03027,fnb,63,29412360,19,2.7,0.0,367660.0,2.0,1
UMKM-03028,jasa,113,"Rp 22,226,936",9,4.0,0.0,178192.0,0.0,0
UMKM-03029,RETAIL,86,"Rp 40,195,767",18,4.1,2.0,333293.0,0.0,0
UMKM-03030,Jasa,47,"Rp 12,256,100",17,4.1,0.0,315023.0,0.0,2
UMKM-03031,Retail,97,"Rp 23,898,479",29,5.0,0.0,412636.0,0.0,0
UMKM-03032,RETAIL,39,"Rp 45,930,048",29,1.3,2.0,134701.0,3.0,1
UMKM-03033,jasa,14,"Rp 7,396,153",24,,2.0,132195.0,4.0,1
UMKM-03034,F&B,18,"Rp 46,576,843",23,4.8,30.0,327052.0,0.0,1
UMKM-03035,F&B,55,"Rp 46,320,340",9,4.4,2.0,310987.0,0.0,0
UMKM-03036,Retail,85,"Rp 41,603,018",1,2.8,2.0,67650.0,1.0,1
UMKM-03037, F & B ,88,"Rp 11,057,771",37,4.5,0.0,438997.0,0.0,0
UMKM-03038,nan,52,"Rp 28,953,010",31,1.9,0.0,312058.0,0.0,1
UMKM-03039,fnb,103,33655033,34,4.2,,384256.0,0.0,0
UMKM-03040, F & B ,21,"Rp 39,776,427",36,1.7,0.0,349016.0,3.0,1
UMKM-03041,F&B,20,"Rp 25,624,205",6,4.3,0.0,425652.0,2.0,0
UMKM-03042,F&B,1,"Rp 12,697,377",6,3.5,2.0,146003.0,2.0,0
UMKM-03043,retail ,36,"Rp 15,026,520",26,1.4,0.0,131951.0,0.0,1
UMKM-03044,RETAIL,41,"Rp 44,896,963",9,4.6,0.0,427683.0,2.0,1
UMKM-03045,jasa,47,"Rp 26,423,295",32,3.3,0.0,304556.0,1.0,0
UMKM-03046,fnb,53,"Rp 28,354,995",42,3.6,0.0,143311.0,0.0,0
UMKM-03047,Retail,32,2763190,6,2.1,0.0,367164.0,2.0,0
UMKM-03048,jasa,63,"Rp 18,934,809",5,4.5,30.0,256864.0,,0
UMKM-03049,retail ,81,1855817,5,3.2,2.0,221560.0,3.0,1
UMKM-03050,F&B,86,24286892,12,2.7,0.0,127272.0,2.0,0
UMKM-03051,Retail,92,"Rp 4,250,881",12,3.1,0.0,142460.0,2.0,2
UMKM-03052,F&B,47,22605842,1,3.8,0.0,281183.0,1.0,1
UMKM-03053,fnb,9,"Rp 26,098,117",18,3.8,,94819.0,3.0,1
UMKM-03054,RETAIL,90,36211538,18,2.4,0.0,105347.0,0.0,0
UMKM-03055,jasa,20,19735290,37,2.5,,433163.0,0.0,0
UMKM-03056,jasa,42,"Rp 36,177,396",1,3.2,0.0,252671.0,2.0,0
UMKM-03057, F & B ,89,"Rp 40,708,914",25,4.7,15.0,289766.0,3.0,0
UMKM-03058,Retail,13,"Rp 32,330,567",5,4.0,0.0,434243.0,0.0,0
UMKM-03059,nan,3,"Rp 34,912,781",19,2.6,0.0,111216.0,2.0,2
UMKM-03060,retail ,58,"Rp 17,776,869",22,,0.0,495566.0,0.0,1
UMKM-03061,nan,87,"Rp 25,081,166",14,,2.0,,4.0,2
UMKM-03062, F & B ,48,"Rp 10,548,310",5,4.5,0.0,251112.0,1.0,0
UMKM-03063,fnb,119,"Rp 43,295,505",27,1.0,0.0,287361.0,1.0,1
UMKM-03064,retail ,116,"Rp 5,763,090",34,3.8,15.0,289460.0,2.0,2
UMKM-03065,RETAIL,45,42535003,10,2.2,0.0,278963.0,2.0,0
UMKM-03066,nan,33,"Rp 11,002,457",7,1.8,0.0,455847.0,3.0,1
UMKM-03067,RETAIL,-2,"Rp 47,955,785",23,,15.0,262933.0,3.0,2
UMKM-03068,nan,-3,"Rp 48,464,769",20,4.6,0.0,466334.0,0.0,0
UMKM-03069,RETAIL,114,"Rp 13,932,674",35,4.6,15.0,227846.0,0.0,2
UMKM-03070,nan,58,"Rp 14,153,865",6,1.2,0.0,372657.0,2.0,0
UMKM-03071,RETAIL,23,"Rp 1,818,706",4,3.1,0.0,409491.0,4.0,2
UMKM-03072, F & B ,110,"Rp 30,240,475",28,1.6,0.0,106141.0,0.0,0
UMKM-03073,Jasa,5,34400656,15,4.0,,298707.0,0.0,0
UMKM-03074,retail ,91,11631835,5,3.7,30.0,381803.0,0.0,0
UMKM-03075,Retail,96,"Rp 36,289,234",13,2.2,,323436.0,0.0,0
UMKM-03076,fnb,52,"Rp 14,784,548",1,,0.0,111265.0,2.0,1
UMKM-03077,Fashion,69,40692307,24,4.3,15.0,357833.0,0.0,2
UMKM-03078,F&B,21,49456012,30,3.7,0.0,209955.0,0.0,1
UMKM-03079,Retail,91,"Rp 13,195,370",12,1.0,0.0,464383.0,3.0,2
UMKM-03080,F&B,15,"Rp 19,551,690",17,3.5,15.0,258488.0,0.0,0
UMKM-03081,retail ,33,"Rp 29,666,799",16,4.2,0.0,50071.0,2.0,0
UMKM-03082,Retail,89,"Rp 18,330,576",44,3.4,0.0,344378.0,0.0,0
UMKM-03083,RETAIL,96,38782453,27,2.7,0.0,305088.0,1.0,0
UMKM-03084,RETAIL,40,"Rp 32,615,003",11,3.3,5.0,186588.0,0.0,1
UMKM-03085,Fashion,60,45419538,34,3.5,0.0,259127.0,0.0,0
UMKM-03086,F&B,85,14544707,21,3.6,0.0,95037.0,0.0,0
UMKM-03087,fnb,30,"Rp 34,938,965",38,4.9,,320378.0,3.0,0
UMKM-03088,retail ,69,"Rp 38,858,261",0,1.7,0.0,185432.0,1.0,0
UMKM-03089,RETAIL,105,19038884,36,3.5,0.0,412279.0,0.0,0
UMKM-03090,Jasa,76,3399009,20,1.8,2.0,394109.0,2.0,0
UMKM-03091, F & B ,117,"Rp 35,933,088",0,1.8,15.0,402238.0,0.0,2
UMKM-03092, F & B ,59,"Rp 27,389,803",3,3.7,0.0,405897.0,4.0,0
UMKM-03093,nan,57,39033065,31,4.7,2.0,352304.0,0.0,0
UMKM-03094,fnb,93,"Rp 9,735,015",0,1.6,0.0,301831.0,0.0,1
UMKM-03095, F & B ,29,41599904,12,4.8,2.0,133595.0,0.0,0
UMKM-03096,nan,25,"Rp 15,226,505",16,2.3,0.0,417716.0,1.0,0
UMKM-03097,F&B,22,"Rp 26,443,669",11,2.6,0.0,323688.0,0.0,1
UMKM-03098,RETAIL,97,"Rp 6,160,025",6,1.6,0.0,56381.0,0.0,0
UMKM-03099,RETAIL,-5,"Rp 42,856,578",2,3.5,,204200.0,0.0,0
UMKM-03100,Jasa,19,"Rp 3,836,934",25,3.4,5.0,288837.0,3.0,1
UMKM-03101,Retail,37,"Rp 49,729,835",30,2.8,,275167.0,2.0,1
UMKM-03102, F & B ,96,32185607,35,2.9,2.0,450050.0,1.0,1
UMKM-03103,F&B,78,11404819,25,3.5,0.0,275147.0,1.0,1
UMKM-03104,jasa,61,"Rp 41,498,507",2,3.3,0.0,233247.0,1.0,1
UMKM-03105, F & B ,57,47822114,43,2.5,,265782.0,0.0,0
UMKM-03106,fnb,45,"Rp 28,362,256",27,,2.0,372658.0,4.0,1
UMKM-03107,Retail,-4,"Rp 26,879,899",43,3.7,,79398.0,0.0,1
UMKM-03108, F & B ,76,"Rp 27,200,296",16,1.8,0.0,465943.0,1.0,0
UMKM-03109,F&B,102,"Rp 2,087,241",37,2.3,0.0,411460.0,1.0,1
UMKM-03110, F & B ,119,"Rp 11,763,861",29,4.2,0.0,,1.0,1
UMKM-03111,fnb,58,"Rp 46,005,823",1,1.4,0.0,136509.0,3.0,1
UMKM-03112,jasa,68,14564005,7,4.0,0.0,233731.0,0.0,0
UMKM-03113,retail ,63,"Rp 13,366,776",13,2.4,0.0,284178.0,2.0,1
UMKM-03114,Fashion,3,33305632,36,,2.0,312011.0,1.0,0
UMKM-03115,jasa,-4,19988196,34,2.1,0.0,57530.0,0.0,1
UMKM-03116,nan,28,"Rp 42,551,450",41,4.9,0.0,387877.0,0.0,0
UMKM-03117, F & B ,54,18916607,38,4.6,5.0,474725.0,2.0,0
UMKM-03118,RETAIL,96,14826382,10,4.7,0.0,210481.0,0.0,0
UMKM-03119,Jasa,55,10377877,14,,2.0,301107.0,0.0,0
UMKM-03120,RETAIL,25,"Rp 23,747,869",1,4.4,0.0,396239.0,0.0,0
UMKM-03121,jasa,4,"Rp 21,747,687",36,3.1,30.0,357742.0,1.0,2
UMKM-03122,RETAIL,108,40063265,42,3.8,2.0,410276.0,3.0,1
UMKM-03123,F&B,70,"Rp 27,126,699",31,1.9,,109130.0,0.0,0
UMKM-03124,RETAIL,30,36424315,39,,2.0,225161.0,1.0,1
UMKM-03125,Retail,112,"Rp 34,826,041",12,4.7,0.0,363668.0,0.0,0
UMKM-03126,retail ,79,"Rp 21,644,399",42,2.1,0.0,237026.0,0.0,0
UMKM-03127, F & B ,43,"Rp 21,258,932",16,1.9,2.0,,3.0,1
UMKM-03128,RETAIL,105,"Rp 36,847,906",14,1.4,2.0,351140.0,0.0,0
UMKM-03129,fnb,64,"Rp 13,073,874",32,,2.0,202577.0,0.0,0
UMKM-03130,retail ,106,7337479,15,3.1,0.0,211204.0,2.0,1
UMKM-03131,retail ,43,"Rp 6,868,518",12,4.3,2.0,294162.0,0.0,0
UMKM-03132,RETAIL,-3,43120736,21,2.1,5.0,475774.0,2.0,1
UMKM-03133,retail ,68,"Rp 2,589,291",22,,2.0,369346.0,2.0,1
UMKM-03134,Jasa,-1,18203708,35,2.9,0.0,336260.0,0.0,1
UMKM-03135,RETAIL,104,"Rp 37,509,659",42,2.2,,420104.0,0.0,0
UMKM-03136,F&B,84,36861668,9,3.0,0.0,292909.0,0.0,0
UMKM-03137,jasa,55,44126127,16,1.7,0.0,388913.0,0.0,1
UMKM-03138,Retail,79,"Rp 49,713,560",29,3.6,15.0,399208.0,0.0,1
UMKM-03139,Fashion,103,"Rp 48,928,611",12,1.5,0.0,59250.0,3.0,1
UMKM-03140,nan,84,"Rp 4,224,400",29,3.9,5.0,337691.0,2.0,1
UMKM-03141,retail ,96,"Rp 47,610,263",29,1.7,0.0,371878.0,0.0,0
UMKM-03142,F&B,102,"Rp 16,745,940",6,5.0,0.0,186527.0,3.0,0
UMKM-03143, F & B ,20,6653278,9,4.3,0.0,491776.0,0.0,0
UMKM-03144, F & B ,66,35018155,34,,0.0,337618.0,1.0,0
UMKM-03145,nan,-1,22915933,1,2.7,0.0,92773.0,0.0,0
UMKM-03146,Retail,9,"Rp 28,282,635",29,2.0,0.0,,0.0,0
UMKM-03147,retail ,117,18463979,18,4.1,5.0,474333.0,2.0,0
UMKM-03148,Jasa,10,25362507,38,2.5,5.0,57042.0,0.0,2
UMKM-03149,nan,-5,41653744,36,4.0,15.0,,1.0,2
UMKM-03150,Retail,10,46592215,2,1.1,15.0,402598.0,0.0,2
UMKM-03151,retail ,31,"Rp 5,590,585",24,1.5,0.0,463460.0,0.0,1
UMKM-03152,F&B,-3,13258491,33,2.5,30.0,74242.0,2.0,2
UMKM-03153,jasa,46,"Rp 13,043,146",21,1.4,2.0,159847.0,2.0,2
UMKM-03154,Jasa,41,"Rp 19,100,236",37,3.4,0.0,499887.0,0.0,0
UMKM-03155,Fashion,89,"Rp 39,473,927",13,1.2,5.0,294932.0,0.0,0
UMKM-03156, F & B ,7,41921673,38,4.4,0.0,280624.0,1.0,1
UMKM-03157,fnb,114,"Rp 9,890,111",1,4.0,5.0,106235.0,1.0,1
UMKM-03158,F&B,74,45010951,31,1.9,0.0,80766.0,1.0,0
UMKM-03159, F & B ,49,"Rp 5,477,375",42,2.9,0.0,239624.0,1.0,0
UMKM-03160,RETAIL,101,38259027,2,2.8,0.0,186082.0,4.0,0
UMKM-03161,fnb,15,"Rp 47,640,967",40,3.9,0.0,,0.0,0
UMKM-03162, F & B ,60,"Rp 2,844,040",7,2.6,30.0,300150.0,1.0,2
UMKM-03163,Retail,48,"Rp 3,006,811",25,1.1,,215979.0,1.0,2
UMKM-03164,Jasa,21,"Rp 46,077,633",31,2.1,0.0,305562.0,1.0,0
UMKM-03165, F & B ,32,"Rp 8,977,848",10,2.9,0.0,434167.0,0.0,0
UMKM-03166,Fashion,84,"Rp 49,982,058",0,4.9,0.0,161873.0,1.0,0
UMKM-03167,jasa,52,19211852,14,4.5,15.0,159293.0,1.0,2
UMKM-03168,Retail,56,"Rp 28,073,134",3,1.7,0.0,238972.0,1.0,1
UMKM-03169,F&B,117,"Rp 25,110,043",3,3.9,,105270.0,0.0,0
UMKM-03170,F&B,96,"Rp 18,482,530",27,4.7,2.0,144516.0,1.0,0
UMKM-03171,F&B,40,4889453,9,1.0,30.0,326104.0,3.0,2
UMKM-03172,F&B,83,"Rp 43,815,229",10,,2.0,242102.0,3.0,0
UMKM-03173,jasa,5,31312065,22,2.8,2.0,149456.0,2.0,2
UMKM-03174, F & B ,66,4957874,2,3.7,2.0,217584.0,1.0,0
UMKM-03175,retail ,2,21355903,38,,15.0,463221.0,0.0,2
UMKM-03176, F & B ,91,35736632,38,,15.0,325616.0,0.0,1
UMKM-03177,RETAIL,111,"Rp 39,329,651",16,,2.0,244735.0,0.0,0
UMKM-03178,Jasa,65,"Rp 46,790,115",21,4.1,2.0,170578.0,2.0,0
UMKM-03179,fnb,58,44333570,26,1.9,,176239.0,0.0,0
UMKM-03180,retail ,96,"Rp 42,618,168",15,2.7,,370460.0,2.0,0
UMKM-03181,retail ,15,"Rp 32,259,822",15,4.9,2.0,,2.0,0
UMKM-03182, F & B ,66,"Rp 21,425,554",39,4.1,0.0,168416.0,3.0,1
UMKM-03183,retail ,109,"Rp 2,431,041",2,2.3,0.0,61603.0,2.0,2
UMKM-03184,nan,112,"Rp 39,580,196",32,3.5,30.0,167754.0,1.0,2
UMKM-03185,nan,57,41516543,41,1.2,0.0,485467.0,1.0,0
UMKM-03186,RETAIL,79,"Rp 7,142,453",1,2.1,0.0,406569.0,0.0,1
UMKM-03187,fnb,58,"Rp 8,289,165",38,,0.0,282236.0,0.0,0
UMKM-03188,Fashion,114,"Rp 18,049,883",26,3.3,2.0,50163.0,0.0,0
UMKM-03189,jasa,14,"Rp 21,230,618",14,2.9,2.0,307871.0,0.0,1
UMKM-03190, F & B ,2,"Rp 9,123,445",6,3.8,0.0,150018.0,4.0,0
UMKM-03191,jasa,52,"Rp 47,675,401",44,2.6,0.0,118998.0,0.0,0
UMKM-03192,Fashion,40,44972162,41,1.1,5.0,322431.0,2.0,1
UMKM-03193, F & B ,25,44167333,8,2.8,,497681.0,0.0,0
UMKM-03194, F & B ,108,"Rp 23,475,454",40,4.6,0.0,239216.0,4.0,0
UMKM-03195,fnb,115,"Rp 30,067,672",5,4.4,0.0,241181.0,0.0,0
UMKM-03196,jasa,87,"Rp 49,915,413",11,2.6,2.0,56227.0,0.0,0
UMKM-03197,nan,106,"Rp 33,216,367",29,1.1,15.0,134580.0,0.0,0
UMKM-03198,F&B,3,"Rp 10,779,110",19,3.5,5.0,100842.0,2.0,2
UMKM-03199,jasa,9,"Rp 18,117,742",19,4.0,5.0,212862.0,0.0,1
UMKM-03200,Jasa,88,"Rp 18,993,949",26,,30.0,83001.0,2.0,1
UMKM-03201,Jasa,20,40241885,19,2.9,0.0,477860.0,1.0,0
UMKM-03202, F & B ,4,"Rp 33,354,651",6,5.0,0.0,222993.0,0.0,0
UMKM-03203,F&B,23,"Rp 14,776,030",39,3.3,2.0,360095.0,0.0,0
UMKM-03204,Retail,112,35419576,39,2.4,15.0,121875.0,2.0,2
UMKM-03205,Fashion,74,35972569,29,3.5,2.0,161497.0,0.0,0
UMKM-03206,RETAIL,30,"Rp 32,070,869",7,1.7,,362341.0,3.0,1
UMKM-03207,F&B,78,33719252,1,,5.0,219931.0,0.0,0
UMKM-03208,RETAIL,103,"Rp 47,003,456",13,4.7,5.0,213009.0,1.0,0
UMKM-03209,jasa,112,"Rp 46,839,012",9,2.0,0.0,316625.0,1.0,0
UMKM-03210,jasa,31,"Rp 10,368,140",17,2.2,0.0,,1.0,0
UMKM-03211,RETAIL,80,"Rp 48,367,764",17,3.2,5.0,87227.0,0.0,0
UMKM-03212,Fashion,65,"Rp 35,077,229",15,4.6,0.0,287409.0,3.0,0
UMKM-03213,F&B,17,"Rp 30,281,160",4,,0.0,67791.0,2.0,0
UMKM-03214,Retail,35,"Rp 6,868,590",30,1.2,,443423.0,1.0,0
UMKM-03215, F & B ,98,"Rp 21,274,388",36,,30.0,218210.0,1.0,0
UMKM-03216,fnb,87,"Rp 12,532,766",19,3.0,0.0,401214.0,1.0,1
UMKM-03217,jasa,74,"Rp 27,076,730",22,2.9,5.0,191016.0,4.0,1
UMKM-03218,Jasa,96,41206901,31,3.8,0.0,410349.0,3.0,0
UMKM-03219,Fashion,22,"Rp 25,919,381",41,1.8,0.0,386367.0,0.0,1
UMKM-03220,fnb,42,"Rp 23,166,027",16,4.9,2.0,198357.0,0.0,0
UMKM-03221,Retail,32,18191615,12,3.6,5.0,278890.0,,1
UMKM-03222,retail ,25,44949558,12,2.5,0.0,487774.0,0.0,0
UMKM-03223, F & B ,8,8175173,16,3.4,0.0,76782.0,4.0,1
UMKM-03224,jasa,111,"Rp 6,884,724",14,1.9,0.0,133669.0,1.0,1
UMKM-03225, F & B ,91,"Rp 48,414,415",25,3.5,,54489.0,0.0,0
UMKM-03226,fnb,115,22226329,43,1.1,2.0,190180.0,0.0,0
UMKM-03227, F & B ,67,"Rp 8,251,204",27,2.4,0.0,114430.0,0.0,0
UMKM-03228,retail ,115,"Rp 32,133,927",41,4.0,0.0,384262.0,2.0,1
UMKM-03229,fnb,85,26614605,44,4.2,2.0,131274.0,0.0,0
UMKM-03230,jasa,82,"Rp 47,578,603",29,,2.0,189102.0,0.0,0
UMKM-03231,F&B,71,"Rp 33,185,790",42,3.2,15.0,373747.0,3.0,1
UMKM-03232,Jasa,84,"Rp 11,550,121",34,3.1,0.0,71118.0,0.0,0
UMKM-03233,fnb,23,31156915,21,2.7,,323737.0,1.0,0
UMKM-03234,nan,45,32374900,9,1.9,0.0,379874.0,1.0,0
UMKM-03235,retail ,43,12190124,10,3.8,0.0,263951.0,0.0,0
UMKM-03236,fnb,37,"Rp 17,938,002",37,2.0,0.0,,0.0,0
UMKM-03237,fnb,86,"Rp 13,912,007",32,4.6,2.0,158653.0,0.0,0
UMKM-03238,nan,86,"Rp 3,075,414",5,3.1,,356736.0,0.0,1
UMKM-03239,jasa,66,"Rp 33,942,697",36,4.5,5.0,,0.0,0
UMKM-03240,fnb,81,42437492,6,,2.0,96652.0,1.0,0
UMKM-03241,Jasa,87,"Rp 19,091,746",43,4.2,0.0,447754.0,1.0,0
UMKM-03242, F & B ,-1,"Rp 23,278,404",11,1.5,0.0,463658.0,1.0,0
UMKM-03243,jasa,36,"Rp 47,871,824",6,4.1,2.0,448058.0,0.0,0
UMKM-03244,Jasa,1,"Rp 40,610,527",1,2.5,5.0,163393.0,0.0,1
UMKM-03245,jasa,36,"Rp 1,121,701",0,2.9,5.0,297937.0,0.0,2
UMKM-03246,Jasa,30,11978041,22,1.7,0.0,141978.0,0.0,1
UMKM-03247,retail ,99,48192083,24,1.1,0.0,232023.0,3.0,2
UMKM-03248,Jasa,21,33305783,17,,0.0,483554.0,0.0,0
UMKM-03249,RETAIL,52,2433043,43,3.4,,91464.0,0.0,0
UMKM-03250,Jasa,40,"Rp 30,077,102",6,3.5,2.0,394783.0,2.0,2
UMKM-03251,F&B,60,7637056,2,2.0,0.0,317917.0,2.0,0
UMKM-03252,F&B,19,7789177,28,2.0,0.0,163680.0,4.0,1
UMKM-03253,Fashion,67,"Rp 34,803,356",9,,0.0,85646.0,0.0,0
UMKM-03254,RETAIL,111,"Rp 36,645,355",42,4.0,0.0,288201.0,0.0,0
UMKM-03255,RETAIL,21,"Rp 36,495,143",4,2.3,5.0,488553.0,0.0,1
UMKM-03256, F & B ,-5,"Rp 47,681,861",33,3.6,,,0.0,1
UMKM-03257,RETAIL,81,"Rp 27,989,158",7,4.3,2.0,145651.0,1.0,0
UMKM-03258, F & B ,68,"Rp 33,817,713",13,4.6,0.0,298180.0,3.0,1
UMKM-03259,Fashion,36,23702453,39,1.0,2.0,297084.0,1.0,0
UMKM-03260,Fashion,46,"Rp 13,099,015",5,4.3,5.0,224365.0,0.0,0
UMKM-03261,retail ,19,"Rp 4,218,451",0,2.4,0.0,305091.0,0.0,1
UMKM-03262,F&B,48,"Rp 37,926,453",32,3.9,30.0,356324.0,3.0,2
UMKM-03263,Jasa,119,1190477,39,2.5,15.0,427235.0,0.0,2
UMKM-03264,Jasa,61,"Rp 10,603,204",10,3.4,0.0,438777.0,3.0,1
UMKM-03265,nan,0,28101096,23,3.6,2.0,389062.0,2.0,1
UMKM-03266,nan,119,"Rp 40,767,847",9,2.6,5.0,370183.0,,0
UMKM-03267,Retail,52,"Rp 45,510,415",43,3.1,2.0,435931.0,3.0,0
UMKM-03268,jasa,64,"Rp 49,648,783",22,3.9,0.0,94807.0,0.0,0
UMKM-03269,retail ,47,"Rp 39,470,214",15,2.9,0.0,295474.0,2.0,1
UMKM-03270,Retail,60,"Rp 9,567,962",36,1.1,0.0,339884.0,0.0,0
UMKM-03271,Retail,52,"Rp 23,636,109",15,,5.0,,0.0,0
UMKM-03272,fnb,116,"Rp 11,806,349",43,3.6,0.0,89358.0,0.0,0
UMKM-03273,fnb,76,"Rp 47,873,771",30,,2.0,195719.0,0.0,0
UMKM-03274,Retail,81,27582827,5,4.1,5.0,66504.0,0.0,0
UMKM-03275,RETAIL,-4,"Rp 36,737,363",29,2.2,0.0,449676.0,0.0,0
UMKM-03276,jasa,70,35606068,36,2.9,5.0,187353.0,1.0,0
UMKM-03277,retail ,16,"Rp 41,495,982",0,1.9,0.0,465462.0,4.0,2
UMKM-03278,Retail,31,"Rp 7,631,430",41,5.0,0.0,429697.0,1.0,0
UMKM-03279,Jasa,14,"Rp 28,807,983",24,2.0,0.0,86499.0,0.0,1
UMKM-03280,jasa,97,"Rp 11,470,822",20,2.7,,311403.0,0.0,0
UMKM-03281,fnb,18,25690652,34,3.7,5.0,,0.0,2
UMKM-03282,Jasa,106,10951767,37,,0.0,209563.0,1.0,0
UMKM-03283,fnb,78,"Rp 37,202,197",4,1.2,,94536.0,2.0,0
UMKM-03284,fnb,59,20814469,11,,5.0,228944.0,0.0,0
UMKM-03285,jasa,59,"Rp 10,373,551",4,3.3,0.0,494782.0,1.0,1
UMKM-03286,fnb,75,43298471,8,3.5,0.0,468632.0,2.0,0
UMKM-03287,Fashion,117,"Rp 16,164,469",43,1.3,0.0,449851.0,0.0,0
UMKM-03288,F&B,-5,22301577,8,3.7,2.0,331333.0,0.0,0
UMKM-03289,Fashion,111,"Rp 45,860,239",34,3.1,2.0,192570.0,2.0,1
UMKM-03290,F&B,110,"Rp 42,540,810",0,4.3,0.0,110777.0,1.0,1
UMKM-03291,nan,103,"Rp 45,758,303",9,1.9,0.0,415809.0,0.0,0
UMKM-03292,nan,88,4782700,38,1.8,0.0,231689.0,0.0,0
UMKM-03293,fnb,99,"Rp 13,872,508",35,4.2,0.0,371344.0,1.0,0
UMKM-03294,retail ,105,4561669,36,3.8,2.0,322571.0,0.0,1
UMKM-03295,retail ,-3,"Rp 23,750,516",34,4.2,0.0,99555.0,2.0,0
UMKM-03296,F&B,40,"Rp 20,114,315",16,4.1,2.0,146057.0,0.0,0
UMKM-03297,Jasa,49,"Rp 8,155,738",12,1.4,,318714.0,0.0,1
UMKM-03298,jasa,69,"Rp 36,499,173",5,2.1,0.0,337132.0,0.0,0
UMKM-03299,fnb,82,"Rp 27,049,918",36,,0.0,108881.0,3.0,0
UMKM-03300,jasa,80,"Rp 45,607,852",31,4.7,0.0,234473.0,2.0,0
UMKM-03301,Fashion,58,"Rp 46,657,190",10,,0.0,482330.0,3.0,0
UMKM-03302,retail ,102,"Rp 14,178,358",16,1.4,5.0,58408.0,0.0,0
UMKM-03303,RETAIL,39,"Rp 49,068,428",4,2.2,2.0,302385.0,2.0,2
UMKM-03304,Fashion,20,"Rp 27,198,388",5,4.5,0.0,131210.0,3.0,1
UMKM-03305,Fashion,71,7004327,9,4.4,0.0,295352.0,0.0,0
UMKM-03306,F&B,59,"Rp 9,962,292",32,4.6,0.0,173904.0,,0
UMKM-03307, F & B ,18,"Rp 10,807,664",29,2.6,0.0,265805.0,3.0,1
UMKM-03308,Fashion,68,37732072,20,,2.0,228678.0,4.0,1
UMKM-03309,fnb,29,48242867,41,2.1,0.0,489070.0,3.0,1
UMKM-03310,Retail,18,"Rp 9,902,284",16,1.7,5.0,214645.0,2.0,1
UMKM-03311,Retail,22,"Rp 43,433,953",26,1.1,2.0,495184.0,4.0,1
UMKM-03312,fnb,94,"Rp 33,438,749",2,1.9,0.0,208457.0,0.0,1
UMKM-03313, F & B ,74,"Rp 36,930,236",28,,2.0,469063.0,2.0,0
UMKM-03314, F & B ,98,"Rp 6,550,616",1,4.6,,498599.0,0.0,0
UMKM-03315,F&B,10,"Rp 20,507,905",28,,0.0,304385.0,2.0,0
UMKM-03316,retail ,53,"Rp 15,681,983",35,4.7,0.0,179443.0,2.0,1
UMKM-03317,jasa,75,"Rp 6,023,331",33,2.4,0.0,450636.0,2.0,1
UMKM-03318, F & B ,109,49267794,36,,2.0,354291.0,2.0,0
UMKM-03319,RETAIL,48,"Rp 5,070,161",41,2.5,0.0,325950.0,0.0,1
UMKM-03320,F&B,73,34788157,0,2.6,,54257.0,1.0,1
UMKM-03321,nan,10,"Rp 7,568,056",25,2.0,2.0,,0.0,1
UMKM-03322,Jasa,9,"Rp 43,753,712",0,3.8,30.0,68696.0,0.0,2
UMKM-03323,nan,115,7640981,3,4.0,0.0,84763.0,1.0,0
UMKM-03324,F&B,92,"Rp 16,216,272",38,4.3,15.0,273341.0,1.0,2
UMKM-03325,Fashion,5,"Rp 10,968,904",13,2.4,0.0,424611.0,0.0,1
UMKM-03326,jasa,59,"Rp 15,024,141",17,4.1,0.0,120531.0,0.0,0
UMKM-03327,Jasa,73,"Rp 44,740,551",33,3.6,,461342.0,0.0,0
UMKM-03328,nan,84,"Rp 48,875,190",0,4.8,0.0,83923.0,2.0,0
UMKM-03329,Jasa,109,"Rp 9,549,906",21,2.7,,298964.0,1.0,0
UMKM-03330,RETAIL,62,"Rp 48,298,477",15,5.0,0.0,484569.0,0.0,0
UMKM-03331,RETAIL,37,"Rp 5,736,605",21,4.0,,294395.0,2.0,0
UMKM-03332,RETAIL,63,"Rp 25,662,982",15,4.1,2.0,261495.0,0.0,0
UMKM-03333,F&B,93,"Rp 19,858,746",27,1.1,5.0,401011.0,1.0,1
UMKM-03334,jasa,7,20766009,27,3.0,0.0,319346.0,0.0,0
UMKM-03335,F&B,4,"Rp 32,953,689",21,3.1,0.0,422282.0,,1
UMKM-03336,Retail,69,"Rp 8,017,191",5,1.2,5.0,244240.0,0.0,0
UMKM-03337,Fashion,76,"Rp 12,465,773",24,2.2,5.0,415265.0,2.0,1
UMKM-03338,Fashion,92,"Rp 27,840,949",41,4.8,0.0,243907.0,1.0,0
UMKM-03339,RETAIL,97,"Rp 21,871,114",1,2.7,0.0,297838.0,0.0,1
UMKM-03340,Retail,35,34198605,6,1.7,0.0,309245.0,0.0,0
UMKM-03341, F & B ,100,"Rp 20,577,428",16,3.1,0.0,282240.0,0.0,1
UMKM-03342, F & B ,44,"Rp 14,131,778",34,1.1,0.0,416277.0,2.0,0
UMKM-03343,RETAIL,81,"Rp 37,316,540",19,3.1,15.0,303202.0,0.0,1
UMKM-03344,nan,65,19669724,43,3.4,0.0,,2.0,0
UMKM-03345,F&B,53,"Rp 28,859,798",1,2.4,0.0,492025.0,1.0,1
UMKM-03346,RETAIL,33,"Rp 47,593,954",6,4.1,,325485.0,0.0,0
UMKM-03347,retail ,-3,39546764,31,1.5,0.0,171625.0,0.0,1
UMKM-03348,Jasa,70,"Rp 24,658,315",18,4.5,2.0,377554.0,3.0,0
UMKM-03349,Fashion,1,21120689,11,,5.0,332784.0,0.0,0
UMKM-03350, F & B ,43,"Rp 19,724,228",8,1.0,5.0,206977.0,0.0,0
UMKM-03351,fnb,20,"Rp 46,340,134",26,4.4,5.0,312046.0,1.0,0
UMKM-03352, F & B ,27,12923274,13,3.0,5.0,190910.0,0.0,0
UMKM-03353,Fashion,95,14439546,1,2.8,0.0,336419.0,0.0,1
UMKM-03354,Jasa,42,"Rp 5,871,482",20,2.0,2.0,187411.0,0.0,0
UMKM-03355,Fashion,73,"Rp 21,970,729",3,,5.0,109999.0,,0
UMKM-03356,fnb,-4,"Rp 38,280,046",20,4.8,0.0,412833.0,0.0,0
UMKM-03357,RETAIL,99,"Rp 48,996,556",21,1.8,0.0,456665.0,,0
UMKM-03358,Retail,65,"Rp 22,098,829",1,1.7,15.0,126565.0,0.0,2
UMKM-03359,fnb,26,31050416,16,2.0,5.0,228622.0,0.0,0
UMKM-03360,Fashion,-2,"Rp 49,748,140",18,3.2,0.0,202885.0,3.0,2
UMKM-03361,Fashion,14,"Rp 24,253,353",39,4.7,,259232.0,0.0,0
UMKM-03362,retail ,108,"Rp 4,700,568",23,,5.0,299065.0,0.0,0
UMKM-03363,retail ,111,"Rp 13,565,280",19,2.0,,,0.0,1
UMKM-03364,jasa,30,34957984,37,2.8,,193140.0,4.0,1
UMKM-03365,retail ,26,31717885,11,,0.0,,0.0,1
UMKM-03366,F&B,22,"Rp 10,455,545",24,1.2,5.0,258958.0,2.0,1
UMKM-03367,Retail,71,"Rp 32,236,471",22,3.0,2.0,431746.0,1.0,0
UMKM-03368,Jasa,-5,"Rp 27,288,869",33,1.5,15.0,489687.0,0.0,2
UMKM-03369,fnb,54,"Rp 46,599,339",31,4.4,5.0,207952.0,0.0,0
UMKM-03370,Fashion,50,"Rp 30,910,232",23,3.2,0.0,337991.0,4.0,1
UMKM-03371,jasa,29,"Rp 38,371,139",41,4.4,0.0,215127.0,2.0,0
UMKM-03372,jasa,106,"Rp 26,400,119",24,4.8,0.0,64802.0,1.0,0
UMKM-03373,Jasa,24,30386947,2,4.8,15.0,317088.0,0.0,1
UMKM-03374,Retail,48,21852189,24,1.4,15.0,50360.0,0.0,2
UMKM-03375,fnb,30,"Rp 16,720,865",27,4.8,0.0,375619.0,1.0,0
UMKM-03376, F & B ,115,"Rp 12,918,810",11,4.2,2.0,396038.0,1.0,0
UMKM-03377,retail ,49,"Rp 22,652,023",25,4.1,15.0,175807.0,2.0,1
UMKM-03378,RETAIL,83,"Rp 41,682,015",43,1.4,0.0,446680.0,0.0,0
UMKM-03379,jasa,74,"Rp 6,668,843",7,,0.0,199682.0,,0
UMKM-03380,retail ,52,42662694,4,,0.0,342751.0,0.0,0
UMKM-03381,retail ,77,"Rp 21,677,491",10,1.9,,448260.0,0.0,0
UMKM-03382,F&B,59,13210878,41,1.7,5.0,268617.0,3.0,1
UMKM-03383,Retail,63,42148264,34,2.4,0.0,219772.0,1.0,0
UMKM-03384,RETAIL,45,"Rp 22,505,223",26,4.7,0.0,240962.0,0.0,0
UMKM-03385, F & B ,16,2977165,40,2.9,2.0,454132.0,2.0,1
UMKM-03386,Fashion,82,"Rp 21,331,168",43,4.7,15.0,274858.0,0.0,1
UMKM-03387,F&B,101,26156918,37,2.3,2.0,135825.0,0.0,1
UMKM-03388,retail ,103,25518584,18,1.9,0.0,381455.0,1.0,0
UMKM-03389,retail ,110,"Rp 9,059,777",31,,0.0,357491.0,0.0,0
UMKM-03390,nan,95,"Rp 28,205,260",27,3.5,,181889.0,0.0,0
UMKM-03391,RETAIL,47,45674685,35,2.6,0.0,445362.0,0.0,0
UMKM-03392,RETAIL,94,21987779,17,,0.0,140292.0,0.0,0
UMKM-03393,nan,30,"Rp 24,352,915",9,1.9,15.0,204552.0,0.0,2
UMKM-03394,RETAIL,62,"Rp 18,966,513",31,,,344290.0,3.0,0
UMKM-03395,retail ,30,"Rp 2,013,295",17,3.7,2.0,287209.0,1.0,0
UMKM-03396,jasa,46,"Rp 8,661,434",11,2.5,2.0,431301.0,0.0,1
UMKM-03397,fnb,47,16983239,7,1.3,0.0,475827.0,1.0,0
UMKM-03398,retail ,76,"Rp 10,480,331",32,,0.0,74234.0,2.0,0
UMKM-03399,F&B,44,"Rp 30,434,408",37,,0.0,285390.0,1.0,0
UMKM-03400,Retail,74,"Rp 31,585,829",13,4.7,2.0,186030.0,0.0,0
UMKM-03401,nan,35,9757529,1,2.5,0.0,367561.0,0.0,0
UMKM-03402, F & B ,12,"Rp 27,836,529",8,1.2,30.0,460041.0,3.0,2
UMKM-03403,Fashion,16,36252022,43,2.7,0.0,107036.0,0.0,0
UMKM-03404, F & B ,60,49624999,4,3.7,2.0,158788.0,0.0,0
UMKM-03405,retail ,15,35960517,33,3.4,2.0,109006.0,1.0,1
UMKM-03406,F&B,94,17739967,18,2.1,2.0,172346.0,0.0,0
UMKM-03407,retail ,38,"Rp 25,391,783",6,3.8,0.0,108214.0,,0
UMKM-03408,Retail,97,"Rp 12,014,909",38,3.5,30.0,77450.0,3.0,2
UMKM-03409,jasa,41,15942032,41,1.7,0.0,,1.0,0
UMKM-03410,Fashion,33,"Rp 26,462,332",16,1.6,5.0,261239.0,2.0,2
UMKM-03411,Retail,23,"Rp 5,538,847",25,3.2,2.0,113211.0,0.0,0
UMKM-03412,nan,48,"Rp 44,481,867",26,3.6,0.0,331740.0,2.0,1
UMKM-03413,nan,84,"Rp 27,987,760",42,4.8,2.0,109000.0,1.0,0
UMKM-03414,retail ,79,3611212,27,2.7,2.0,248504.0,0.0,0
UMKM-03415,F&B,11,"Rp 36,875,986",19,4.1,30.0,442712.0,4.0,1
UMKM-03416,Retail,74,"Rp 5,761,515",5,1.5,30.0,346001.0,3.0,2
UMKM-03417,Jasa,54,"Rp 12,721,304",7,4.6,0.0,304434.0,4.0,0
UMKM-03418,F&B,25,"Rp 30,861,982",31,,0.0,181380.0,2.0,2
UMKM-03419,jasa,109,"Rp 48,533,882",18,3.5,0.0,206240.0,0.0,0
UMKM-03420,nan,67,"Rp 26,082,148",31,1.6,,209491.0,0.0,0
UMKM-03421,retail ,89,10770488,18,1.2,0.0,296778.0,0.0,1
UMKM-03422,RETAIL,72,"Rp 6,371,045",23,3.8,2.0,120029.0,0.0,1
UMKM-03423,nan,43,12764650,23,1.5,2.0,62756.0,0.0,0
UMKM-03424,Fashion,95,"Rp 3,498,544",16,1.5,2.0,472504.0,1.0,1
UMKM-03425,fnb,-4,26461497,17,1.8,0.0,179415.0,1.0,0
UMKM-03426,RETAIL,110,"Rp 35,080,389",11,1.4,0.0,455600.0,0.0,0
UMKM-03427,retail ,42,"Rp 16,703,000",40,3.5,0.0,483068.0,1.0,2
UMKM-03428,Jasa,104,"Rp 49,541,499",22,2.7,0.0,196267.0,0.0,0
UMKM-03429,RETAIL,8,"Rp 14,289,355",17,,0.0,136210.0,1.0,0
UMKM-03430,Fashion,53,"Rp 38,244,771",15,2.8,0.0,171789.0,,1
UMKM-03431,F&B,91,"Rp 36,882,086",15,4.4,2.0,346269.0,1.0,0
UMKM-03432,Jasa,93,"Rp 49,755,262",35,4.7,0.0,50082.0,0.0,0
UMKM-03433,nan,52,"Rp 13,556,581",22,2.9,0.0,123978.0,0.0,0
UMKM-03434,Jasa,97,"Rp 1,301,951",21,3.3,0.0,,2.0,2
UMKM-03435,Retail,52,"Rp 30,750,577",38,,0.0,153715.0,1.0,0
UMKM-03436,Fashion,105,"Rp 13,571,901",32,3.1,0.0,363683.0,4.0,1
UMKM-03437,RETAIL,45,1312499,23,4.0,0.0,395472.0,0.0,1
UMKM-03438,Retail,78,"Rp 43,438,695",19,3.0,2.0,491019.0,0.0,0
UMKM-03439,Jasa,-4,"Rp 2,686,279",32,2.2,0.0,108825.0,0.0,1
UMKM-03440,Retail,109,"Rp 13,496,572",30,3.3,,393180.0,2.0,0
UMKM-03441, F & B ,35,"Rp 31,416,608",39,,0.0,372699.0,1.0,0
UMKM-03442,Fashion,77,4734049,7,4.6,,439219.0,0.0,0
UMKM-03443,jasa,117,"Rp 25,873,195",9,4.1,15.0,479712.0,0.0,1
UMKM-03444,F&B,95,"Rp 40,670,222",0,,2.0,317438.0,1.0,1
UMKM-03445,Jasa,76,"Rp 49,354,531",20,2.0,,94852.0,,0
UMKM-03446,Fashion,10,23206264,24,4.4,0.0,115858.0,0.0,1
UMKM-03447,jasa,-2,"Rp 19,047,458",31,1.7,0.0,327980.0,0.0,0
UMKM-03448,jasa,6,"Rp 9,096,173",9,3.4,0.0,216900.0,0.0,0
UMKM-03449,retail ,23,32722517,8,,0.0,180093.0,0.0,2
UMKM-03450,Retail,1,29253223,19,2.9,0.0,492194.0,1.0,2
UMKM-03451,jasa,8,"Rp 3,290,860",19,2.8,2.0,135620.0,0.0,1
UMKM-03452, F & B ,113,20588534,39,4.6,0.0,481619.0,1.0,0
UMKM-03453,Fashion,6,"Rp 2,173,077",6,1.3,0.0,381064.0,3.0,2
UMKM-03454,fnb,93,39365534,10,4.1,0.0,190525.0,0.0,0
UMKM-03455,fnb,-1,"Rp 12,628,044",20,4.3,2.0,468597.0,2.0,1
UMKM-03456,Jasa,75,"Rp 49,856,603",37,4.8,,158537.0,4.0,0
UMKM-03457,nan,116,"Rp 43,973,689",18,2.8,2.0,234449.0,0.0,0
UMKM-03458,Retail,100,"Rp 39,309,327",14,3.0,0.0,307776.0,0.0,0
UMKM-03459,nan,26,"Rp 35,106,173",5,,0.0,,2.0,0
UMKM-03460,jasa,68,"Rp 23,867,223",9,2.8,5.0,479080.0,2.0,1
UMKM-03461,Fashion,37,10960710,15,3.0,0.0,270420.0,0.0,0
UMKM-03462,Jasa,75,"Rp 34,711,269",44,2.3,,457087.0,0.0,0
UMKM-03463,RETAIL,63,48581476,10,1.1,0.0,385245.0,1.0,2
UMKM-03464,jasa,39,"Rp 1,519,676",34,2.7,0.0,120195.0,0.0,2
UMKM-03465,Retail,100,44738691,7,3.6,,207001.0,2.0,0
UMKM-03466,fnb,3,"Rp 48,148,257",27,3.8,,164836.0,1.0,1
UMKM-03467,retail ,43,"Rp 19,388,137",2,,2.0,,3.0,1
UMKM-03468,Fashion,27,34219204,1,4.2,0.0,277906.0,1.0,0
UMKM-03469,F&B,94,48804863,13,3.0,5.0,139083.0,1.0,0
UMKM-03470,nan,94,"Rp 41,471,382",28,3.1,0.0,207431.0,1.0,2
UMKM-03471,Jasa,12,"Rp 16,915,509",2,4.8,0.0,367558.0,0.0,0
UMKM-03472,nan,3,"Rp 20,471,886",0,2.1,0.0,170241.0,2.0,2
UMKM-03473,Fashion,56,"Rp 17,650,974",14,4.0,2.0,126003.0,1.0,0
UMKM-03474,nan,51,5161460,19,3.3,5.0,404080.0,2.0,0
UMKM-03475,Fashion,23,"Rp 43,679,704",21,3.8,0.0,287807.0,2.0,1
UMKM-03476,nan,119,41956504,33,2.7,,252017.0,1.0,1
UMKM-03477, F & B ,108,"Rp 23,653,052",32,,0.0,,0.0,0
UMKM-03478,RETAIL,72,"Rp 30,034,608",8,3.2,0.0,132078.0,3.0,0
UMKM-03479,jasa,19,"Rp 2,506,440",2,2.5,2.0,262592.0,0.0,1
UMKM-03480,jasa,9,"Rp 9,181,494",1,1.9,15.0,79234.0,4.0,2
UMKM-03481,Retail,0,38965477,3,4.4,,308523.0,0.0,0
UMKM-03482,F&B,114,"Rp 16,841,429",15,2.9,5.0,50547.0,0.0,0
UMKM-03483,F&B,36,"Rp 19,254,698",32,4.4,0.0,497500.0,3.0,1
UMKM-03484,Retail,23,12229526,8,2.9,,249508.0,2.0,0
UMKM-03485,retail ,73,31367664,39,3.2,,101417.0,2.0,1
UMKM-03486,jasa,87,"Rp 29,107,331",37,5.0,0.0,452162.0,0.0,0
UMKM-03487,retail ,-2,"Rp 12,701,980",17,4.8,2.0,365087.0,3.0,0
UMKM-03488,Fashion,76,"Rp 41,175,936",15,2.1,2.0,61020.0,1.0,0
UMKM-03489,Fashion,108,"Rp 15,400,309",7,4.5,0.0,185389.0,0.0,0
UMKM-03490,fnb,51,7528925,22,2.6,,306287.0,3.0,0
UMKM-03491,nan,43,"Rp 34,190,419",35,1.3,0.0,281300.0,1.0,0
UMKM-03492,F&B,38,"Rp 32,987,176",2,3.3,2.0,443739.0,0.0,0
UMKM-03493,fnb,97,28253227,14,4.9,0.0,403766.0,1.0,0
UMKM-03494,RETAIL,74,"Rp 3,667,107",37,4.9,2.0,257546.0,1.0,0
UMKM-03495,Retail,69,21502779,32,1.5,5.0,105076.0,3.0,1
UMKM-03496,Retail,8,8231445,17,4.1,0.0,130195.0,0.0,0
UMKM-03497,Fashion,-3,14510278,22,4.2,0.0,189881.0,2.0,0
UMKM-03498,jasa,109,"Rp 21,157,851",42,2.5,,,2.0,1
UMKM-03499,retail ,108,"Rp 21,927,338",2,3.6,5.0,393978.0,0.0,0
UMKM-03500,F&B,56,"Rp 42,752,776",29,3.0,2.0,100012.0,0.0,0
UMKM-03501,fnb,100,"Rp 35,660,568",44,1.9,0.0,433016.0,1.0,0
UMKM-03502,retail ,58,"Rp 35,455,927",16,4.0,0.0,361095.0,2.0,0
UMKM-03503,fnb,96,"Rp 11,700,361",31,2.1,5.0,,1.0,0
UMKM-03504,nan,39,"Rp 29,143,626",6,2.4,15.0,465480.0,2.0,2
UMKM-03505,RETAIL,100,"Rp 11,862,366",38,1.8,0.0,391258.0,1.0,1
UMKM-03506,RETAIL,76,"Rp 49,918,271",13,3.9,2.0,139821.0,1.0,0
UMKM-03507,retail ,52,39685563,14,,0.0,373976.0,0.0,0
UMKM-03508,retail ,14,"Rp 5,474,445",43,2.8,0.0,292800.0,0.0,0
UMKM-03509,retail ,52,"Rp 33,627,122",11,3.4,2.0,297067.0,2.0,0
UMKM-03510,fnb,106,"Rp 22,946,027",7,1.6,0.0,260709.0,2.0,1
UMKM-03511,nan,83,4149407,15,4.6,0.0,269338.0,1.0,1
UMKM-03512, F & B ,51,24556913,40,2.9,5.0,77476.0,1.0,0
UMKM-03513,retail ,96,"Rp 42,100,560",33,2.5,0.0,101973.0,1.0,1
UMKM-03514,jasa,71,24763874,23,1.5,5.0,103017.0,0.0,0
UMKM-03515,F&B,62,10371520,28,1.7,2.0,327647.0,1.0,0
UMKM-03516,F&B,113,"Rp 8,278,492",15,4.7,5.0,192578.0,0.0,0
UMKM-03517,fnb,72,"Rp 3,544,306",4,,0.0,90994.0,1.0,1
UMKM-03518,retail ,91,"Rp 35,084,415",4,3.9,0.0,459385.0,1.0,0
UMKM-03519,Fashion,86,"Rp 34,577,814",29,1.3,2.0,199556.0,2.0,1
UMKM-03520,Retail,46,13192062,4,3.6,0.0,370867.0,0.0,0
UMKM-03521, F & B ,31,"Rp 40,171,924",42,,15.0,275429.0,0.0,1
UMKM-03522,jasa,2,41901228,12,2.2,2.0,492804.0,0.0,1
UMKM-03523,nan,38,"Rp 39,494,992",34,,0.0,281948.0,2.0,0
UMKM-03524,Fashion,92,"Rp 2,342,643",24,4.8,2.0,431194.0,0.0,0
UMKM-03525,RETAIL,102,"Rp 44,246,649",13,3.9,,389851.0,0.0,0
UMKM-03526,Fashion,-1,"Rp 2,930,719",43,1.2,0.0,326064.0,,0
UMKM-03527,fnb,112,"Rp 32,473,572",25,2.5,0.0,408485.0,0.0,0
UMKM-03528, F & B ,63,43854385,17,1.3,15.0,427140.0,0.0,2
UMKM-03529,Jasa,25,"Rp 42,813,582",19,4.4,0.0,160856.0,1.0,0
UMKM-03530,Jasa,39,"Rp 4,428,811",33,3.5,0.0,460091.0,2.0,1
UMKM-03531,retail ,3,"Rp 27,458,172",6,4.8,0.0,,1.0,0
UMKM-03532,retail ,100,"Rp 10,455,984",9,1.1,0.0,,1.0,0
UMKM-03533,fnb,26,"Rp 37,068,046",14,,2.0,415756.0,0.0,1
UMKM-03534,nan,27,"Rp 22,623,329",16,1.4,2.0,263513.0,0.0,0
UMKM-03535,retail ,61,4791343,10,2.4,,243701.0,0.0,1
UMKM-03536,Retail,24,"Rp 19,399,728",33,,5.0,379594.0,0.0,2
UMKM-03537, F & B ,108,1450067,26,2.3,,260470.0,1.0,2
UMKM-03538,fnb,70,"Rp 23,969,288",20,4.3,0.0,52925.0,0.0,0
UMKM-03539,F&B,23,"Rp 39,564,932",30,1.6,0.0,436392.0,1.0,0
UMKM-03540,RETAIL,-3,"Rp 7,061,782",3,2.9,,380970.0,1.0,1
UMKM-03541,fnb,84,"Rp 46,869,216",40,,0.0,355245.0,0.0,0
UMKM-03542,fnb,51,24238245,16,5.0,5.0,,0.0,0
UMKM-03543,Jasa,119,"Rp 25,174,455",19,,0.0,277178.0,0.0,0
UMKM-03544,jasa,24,"Rp 33,568,013",24,,5.0,111473.0,0.0,0
UMKM-03545,nan,3,"Rp 23,154,384",39,2.0,,290416.0,2.0,1
UMKM-03546,jasa,20,25794680,22,2.7,0.0,113903.0,2.0,2
UMKM-03547,Retail,-4,"Rp 14,725,266",14,4.5,0.0,201033.0,2.0,0
UMKM-03548,F&B,56,"Rp 24,198,688",32,4.1,0.0,416057.0,1.0,0
UMKM-03549,Jasa,-3,36251584,18,4.4,0.0,118107.0,0.0,1
UMKM-03550,F&B,40,"Rp 15,848,268",14,4.2,0.0,197688.0,2.0,0
UMKM-03551,Retail,62,21858309,40,1.9,2.0,179017.0,1.0,0
UMKM-03552,jasa,19,"Rp 44,055,802",4,3.2,0.0,170938.0,0.0,0
UMKM-03553,fnb,45,32962629,15,2.5,0.0,346128.0,3.0,1
UMKM-03554,retail ,7,"Rp 2,839,968",44,2.8,0.0,315683.0,0.0,1
UMKM-03555,retail ,97,"Rp 21,990,301",31,1.6,2.0,476505.0,1.0,0
UMKM-03556,Fashion,38,"Rp 33,743,533",21,2.3,0.0,243148.0,1.0,1
UMKM-03557,RETAIL,29,"Rp 49,492,002",42,4.4,5.0,134986.0,2.0,0
UMKM-03558,nan,49,"Rp 12,565,462",31,4.6,30.0,147558.0,3.0,1
UMKM-03559,Retail,81,30775922,12,3.4,0.0,61391.0,4.0,2
UMKM-03560,RETAIL,3,"Rp 15,960,091",37,3.0,0.0,394404.0,1.0,0
UMKM-03561,nan,-4,"Rp 3,651,222",25,3.9,5.0,159240.0,1.0,0
UMKM-03562,RETAIL,55,"Rp 10,755,715",16,,0.0,94906.0,0.0,0
UMKM-03563,jasa,112,38372499,4,,0.0,127666.0,0.0,0
UMKM-03564,nan,35,33277458,32,,2.0,189322.0,3.0,0
UMKM-03565,jasa,38,"Rp 9,649,769",26,2.8,0.0,230207.0,0.0,0
UMKM-03566,fnb,58,"Rp 30,884,472",4,,0.0,441135.0,0.0,0
UMKM-03567,Jasa,25,"Rp 33,799,457",36,4.7,,282629.0,0.0,0
UMKM-03568,jasa,102,"Rp 8,735,491",6,3.0,0.0,202137.0,0.0,1
UMKM-03569,retail ,41,"Rp 48,634,167",17,1.5,,366929.0,0.0,0
UMKM-03570,RETAIL,-4,"Rp 23,152,869",30,,0.0,296002.0,0.0,1
UMKM-03571,Fashion,90,"Rp 38,411,901",5,3.3,15.0,279603.0,0.0,1
UMKM-03572, F & B ,76,"Rp 1,335,983",1,4.1,2.0,187775.0,0.0,1
UMKM-03573,nan,71,16809276,12,2.9,0.0,161109.0,0.0,0
UMKM-03574,Retail,104,45020422,41,1.8,5.0,101754.0,3.0,2
UMKM-03575,Fashion,63,20244209,10,1.1,30.0,407520.0,1.0,0
UMKM-03576,retail ,52,"Rp 2,115,059",25,3.2,0.0,382110.0,1.0,0
UMKM-03577,jasa,100,31429209,20,1.6,5.0,87621.0,1.0,0
UMKM-03578,Jasa,38,43342809,1,1.7,0.0,164595.0,0.0,0
UMKM-03579,fnb,68,"Rp 20,432,181",39,2.7,5.0,84936.0,2.0,1
UMKM-03580, F & B ,50,23116104,19,,5.0,211511.0,4.0,1
UMKM-03581,F&B,37,27258748,16,2.1,0.0,144071.0,0.0,0
UMKM-03582,Fashion,83,5920851,15,1.5,0.0,,0.0,0
UMKM-03583,Jasa,28,22240937,41,,0.0,362604.0,1.0,1
UMKM-03584,F&B,95,"Rp 4,472,108",4,1.5,,,0.0,2
UMKM-03585, F & B ,24,"Rp 5,925,233",13,2.4,0.0,248201.0,3.0,0
UMKM-03586,Retail,65,"Rp 11,175,568",23,2.2,2.0,163089.0,1.0,0
UMKM-03587,Retail,64,"Rp 6,768,076",3,4.5,0.0,406335.0,0.0,0
UMKM-03588,RETAIL,112,"Rp 40,049,611",23,,5.0,404286.0,0.0,0
UMKM-03589, F & B ,49,"Rp 37,901,385",8,1.5,2.0,,1.0,0
UMKM-03590, F & B ,61,2156928,2,,5.0,328085.0,0.0,1
UMKM-03591,F&B,7,21018911,8,3.9,,,3.0,1
UMKM-03592,Jasa,-3,"Rp 17,288,007",17,3.9,0.0,205339.0,0.0,0
UMKM-03593,nan,20,34767060,35,2.7,0.0,251385.0,4.0,1
UMKM-03594,F&B,51,32441685,18,1.5,,105590.0,0.0,0
UMKM-03595,fnb,18,"Rp 13,694,801",23,2.5,0.0,,2.0,0
UMKM-03596,Retail,47,"Rp 30,341,377",3,3.4,5.0,442057.0,0.0,0
UMKM-03597,Retail,64,47399407,8,,5.0,406775.0,0.0,0
UMKM-03598,RETAIL,37,13894379,32,1.3,2.0,427914.0,1.0,1
UMKM-03599,fnb,54,"Rp 33,420,104",0,3.2,0.0,473723.0,0.0,1
UMKM-03600,Retail,52,"Rp 24,420,725",34,,0.0,207129.0,0.0,1
UMKM-03601,F&B,43,29357657,9,3.5,2.0,410458.0,0.0,0
UMKM-03602,fnb,36,"Rp 8,763,412",11,3.6,0.0,146602.0,0.0,0
UMKM-03603,F&B,70,"Rp 38,881,693",17,,2.0,396070.0,1.0,1
UMKM-03604,nan,107,"Rp 46,015,515",13,2.6,0.0,442019.0,2.0,1
UMKM-03605,nan,94,"Rp 32,458,329",9,3.2,0.0,374612.0,0.0,1
UMKM-03606,Retail,60,5771873,9,2.1,0.0,375324.0,0.0,0
UMKM-03607,Retail,5,"Rp 25,422,663",17,2.1,,307393.0,0.0,1
UMKM-03608,Jasa,97,"Rp 29,378,249",23,1.2,2.0,195656.0,3.0,2
UMKM-03609,nan,92,47596911,0,2.1,2.0,238850.0,3.0,0
UMKM-03610,Fashion,84,"Rp 2,085,110",29,1.3,,176371.0,1.0,1
UMKM-03611,Fashion,12,10530218,14,4.9,2.0,465848.0,3.0,0
UMKM-03612,RETAIL,79,41952561,7,3.5,,68673.0,2.0,0
UMKM-03613,nan,94,"Rp 11,772,941",34,1.7,0.0,184415.0,0.0,0
UMKM-03614,F&B,98,49786062,17,1.5,15.0,331094.0,0.0,2
UMKM-03615,F&B,46,"Rp 18,751,903",40,2.5,0.0,281135.0,0.0,0
UMKM-03616,retail ,40,"Rp 42,255,781",15,2.2,15.0,392744.0,0.0,2
UMKM-03617,fnb,38,"Rp 35,379,158",20,2.1,30.0,333691.0,1.0,2
UMKM-03618,jasa,16,"Rp 6,840,445",14,2.9,0.0,147305.0,1.0,0
UMKM-03619,Fashion,47,"Rp 13,547,682",4,4.7,0.0,103027.0,1.0,0
UMKM-03620,Retail,53,3679590,44,,5.0,150532.0,0.0,1
UMKM-03621,RETAIL,88,"Rp 29,903,310",6,3.1,0.0,245163.0,2.0,0
UMKM-03622,jasa,108,"Rp 39,294,580",6,4.2,5.0,228603.0,0.0,0
UMKM-03623, F & B ,101,40764671,26,1.0,0.0,484443.0,0.0,0
UMKM-03624,RETAIL,119,33030654,24,1.8,,228755.0,,0
UMKM-03625, F & B ,118,10062875,21,3.0,0.0,499387.0,0.0,0
UMKM-03626,nan,24,"Rp 12,258,447",12,3.8,2.0,191462.0,0.0,0
UMKM-03627, F & B ,2,"Rp 19,814,991",16,2.9,0.0,455095.0,1.0,0
UMKM-03628, F & B ,92,"Rp 27,393,959",40,1.7,0.0,458151.0,3.0,1
UMKM-03629,Jasa,51,"Rp 49,132,582",43,4.7,0.0,496845.0,0.0,0
UMKM-03630,Jasa,105,"Rp 15,594,753",12,2.3,0.0,432749.0,2.0,1
UMKM-03631,Jasa,67,"Rp 46,069,813",25,4.2,0.0,,3.0,0
UMKM-03632,nan,109,"Rp 22,595,276",8,4.6,30.0,230738.0,0.0,1
UMKM-03633,jasa,14,"Rp 37,471,403",4,2.4,0.0,133663.0,0.0,2
UMKM-03634,RETAIL,98,"Rp 23,612,986",38,,5.0,386801.0,1.0,0
UMKM-03635,RETAIL,19,"Rp 30,250,312",32,,0.0,309685.0,0.0,2
UMKM-03636,Retail,13,"Rp 3,613,456",3,4.6,2.0,471723.0,0.0,2
UMKM-03637,Jasa,-1,"Rp 8,214,554",27,2.0,0.0,434688.0,3.0,1
UMKM-03638,nan,69,"Rp 5,266,660",25,4.7,2.0,229627.0,1.0,0
UMKM-03639,Retail,73,"Rp 7,551,381",3,1.3,2.0,149752.0,0.0,1
UMKM-03640,fnb,66,"Rp 17,616,818",15,4.2,0.0,459798.0,0.0,0
UMKM-03641,Retail,77,"Rp 46,629,247",36,,0.0,76631.0,1.0,2
UMKM-03642,jasa,81,"Rp 35,163,351",21,1.7,0.0,441046.0,0.0,0
UMKM-03643,Fashion,21,"Rp 28,508,678",35,1.3,0.0,199236.0,1.0,0
UMKM-03644, F & B ,34,13615087,37,2.6,0.0,398964.0,2.0,0
UMKM-03645,Jasa,90,33785675,34,2.6,0.0,342790.0,0.0,0
UMKM-03646,Fashion,20,"Rp 17,585,982",24,1.9,2.0,,,0
UMKM-03647,Retail,21,"Rp 6,924,216",7,,0.0,137633.0,3.0,0
UMKM-03648,nan,56,"Rp 11,155,660",16,2.6,0.0,498111.0,0.0,0
UMKM-03649, F & B ,77,"Rp 43,283,862",17,2.6,0.0,229046.0,0.0,1
UMKM-03650,RETAIL,44,"Rp 5,704,863",11,2.8,2.0,454500.0,0.0,0
UMKM-03651,F&B,36,12458929,32,4.5,0.0,194929.0,0.0,0
UMKM-03652, F & B ,23,22217984,22,3.4,2.0,179278.0,0.0,0
UMKM-03653,jasa,33,"Rp 16,531,310",11,1.1,5.0,135424.0,0.0,0
UMKM-03654,jasa,54,6276473,10,3.1,2.0,483656.0,0.0,0
UMKM-03655,Retail,35,"Rp 1,115,064",12,,0.0,489322.0,0.0,0
UMKM-03656,fnb,27,"Rp 37,144,076",34,1.2,2.0,331095.0,0.0,0
UMKM-03657,jasa,77,"Rp 45,093,557",26,2.7,0.0,71009.0,0.0,0
UMKM-03658,jasa,95,"Rp 48,950,852",24,2.8,,270082.0,0.0,1
UMKM-03659,nan,77,"Rp 24,986,619",39,4.8,5.0,64835.0,0.0,0
UMKM-03660,Retail,91,31629215,2,2.9,0.0,251960.0,4.0,2
UMKM-03661, F & B ,105,"Rp 44,483,890",24,,,92290.0,0.0,1
UMKM-03662,fnb,10,"Rp 12,955,732",44,,2.0,,3.0,0
UMKM-03663,Fashion,17,17694935,9,4.1,0.0,418318.0,0.0,0
UMKM-03664,F&B,1,48665791,16,2.3,0.0,148727.0,1.0,2
UMKM-03665,Jasa,20,15887035,2,2.7,2.0,213989.0,0.0,1
UMKM-03666,RETAIL,90,37612753,44,2.9,30.0,78039.0,2.0,2
UMKM-03667,jasa,6,"Rp 36,755,284",21,4.7,30.0,469305.0,0.0,0
UMKM-03668,Retail,66,"Rp 16,039,285",37,1.2,2.0,110059.0,4.0,0
UMKM-03669,Jasa,-1,"Rp 33,902,537",13,1.8,0.0,438017.0,0.0,1
UMKM-03670,RETAIL,100,"Rp 45,881,364",26,3.8,2.0,407422.0,0.0,0
UMKM-03671,RETAIL,86,"Rp 34,015,483",41,3.3,5.0,425095.0,0.0,0
UMKM-03672,Fashion,111,"Rp 20,881,016",19,2.0,0.0,107247.0,2.0,1
UMKM-03673,Fashion,63,"Rp 35,893,050",17,2.2,0.0,164826.0,4.0,1
UMKM-03674,Fashion,43,"Rp 8,735,167",12,2.5,2.0,351977.0,0.0,1
UMKM-03675,retail ,20,"Rp 18,364,117",41,2.8,30.0,389597.0,2.0,2
UMKM-03676,retail ,-1,"Rp 14,728,195",5,4.3,5.0,68254.0,2.0,0
UMKM-03677,RETAIL,16,"Rp 26,539,745",9,,0.0,396125.0,1.0,0
UMKM-03678,Fashion,73,31360133,36,4.6,0.0,82611.0,1.0,0
UMKM-03679,nan,7,"Rp 47,184,347",28,2.7,30.0,159314.0,0.0,2
UMKM-03680,jasa,22,"Rp 8,912,798",5,1.9,15.0,96827.0,0.0,1
UMKM-03681,Jasa,27,4729046,38,3.0,0.0,238344.0,2.0,1
UMKM-03682,Jasa,101,"Rp 45,748,613",10,,2.0,63830.0,0.0,1
UMKM-03683,retail ,17,"Rp 31,803,919",24,1.2,,418629.0,3.0,1
UMKM-03684,RETAIL,91,44137537,43,3.9,,283656.0,2.0,0
UMKM-03685,Retail,101,"Rp 38,169,815",43,4.0,5.0,162749.0,3.0,0
UMKM-03686, F & B ,12,18547664,29,1.7,0.0,55696.0,0.0,1
UMKM-03687, F & B ,108,"Rp 13,040,556",19,1.7,5.0,378422.0,0.0,0
UMKM-03688,retail ,111,47929221,36,1.8,0.0,212334.0,0.0,0
UMKM-03689,Retail,24,"Rp 17,747,076",15,4.2,30.0,480165.0,,2
UMKM-03690,retail ,20,38373560,30,2.1,0.0,455641.0,0.0,0
UMKM-03691, F & B ,10,25903926,28,4.2,2.0,225569.0,0.0,1
UMKM-03692,Retail,71,6274033,5,3.2,2.0,107420.0,0.0,0
UMKM-03693,Fashion,33,"Rp 26,300,235",28,,5.0,281367.0,0.0,0
UMKM-03694,RETAIL,27,"Rp 38,706,342",31,3.2,2.0,202712.0,0.0,1
UMKM-03695,Jasa,20,"Rp 20,454,894",8,2.3,0.0,283081.0,0.0,0
UMKM-03696,nan,42,"Rp 34,967,042",36,4.6,5.0,306974.0,0.0,0
UMKM-03697,fnb,59,"Rp 46,404,783",22,3.9,0.0,292439.0,4.0,2
UMKM-03698,RETAIL,107,30656879,15,2.9,0.0,411464.0,1.0,0
UMKM-03699,Fashion,32,"Rp 1,052,055",17,3.5,,174434.0,2.0,1
UMKM-03700, F & B ,-4,39901821,18,,2.0,237165.0,0.0,0
UMKM-03701,Fashion,107,"Rp 7,943,122",43,2.4,5.0,436056.0,2.0,1
UMKM-03702,retail ,0,"Rp 15,039,994",1,2.7,2.0,418722.0,3.0,1
UMKM-03703,Retail,40,"Rp 2,136,263",9,2.3,5.0,97150.0,4.0,2
UMKM-03704,Jasa,44,17055862,11,5.0,5.0,207183.0,0.0,0
UMKM-03705,jasa,32,"Rp 12,931,243",17,,2.0,218365.0,3.0,0
UMKM-03706,retail ,100,3497838,18,1.4,,153513.0,0.0,0
UMKM-03707,RETAIL,82,31511356,37,3.1,0.0,230736.0,0.0,0
UMKM-03708,retail ,12,27794461,36,1.2,5.0,330450.0,0.0,0
UMKM-03709,RETAIL,21,"Rp 6,129,584",26,2.2,5.0,145896.0,1.0,0
UMKM-03710,jasa,35,"Rp 23,539,942",13,2.8,0.0,258285.0,1.0,0
UMKM-03711,F&B,66,"Rp 20,077,036",44,3.1,0.0,404816.0,0.0,0
UMKM-03712,Jasa,86,34411231,33,4.9,,461514.0,2.0,0
UMKM-03713,nan,68,"Rp 10,989,056",1,4.9,0.0,316897.0,0.0,0
UMKM-03714,nan,11,"Rp 11,206,373",43,1.4,0.0,127704.0,0.0,2
UMKM-03715,fnb,113,38097676,32,3.2,0.0,124374.0,0.0,0
UMKM-03716,Fashion,56,2838346,18,4.3,0.0,476781.0,1.0,0
UMKM-03717,F&B,23,"Rp 41,957,065",26,,30.0,205724.0,0.0,1
UMKM-03718,nan,52,"Rp 30,496,687",29,4.0,0.0,400288.0,0.0,0
UMKM-03719,retail ,64,"Rp 32,493,562",6,4.5,0.0,262748.0,,0
UMKM-03720,Fashion,72,"Rp 8,566,169",26,3.6,15.0,,3.0,2
UMKM-03721,F&B,16,29689143,20,2.3,0.0,400761.0,0.0,0
UMKM-03722,Retail,112,7911542,6,4.7,2.0,60875.0,1.0,0
UMKM-03723,Retail,0,"Rp 44,985,936",24,4.5,15.0,140853.0,0.0,2
UMKM-03724,Fashion,20,"Rp 17,623,683",37,,5.0,98996.0,1.0,0
UMKM-03725,RETAIL,33,"Rp 10,053,883",17,,5.0,215065.0,0.0,0
UMKM-03726,RETAIL,6,"Rp 23,293,398",32,4.2,0.0,409245.0,0.0,0
UMKM-03727,retail ,93,"Rp 32,662,509",32,2.3,0.0,448782.0,0.0,0
UMKM-03728,F&B,8,13593459,31,2.0,0.0,422842.0,0.0,0
UMKM-03729,F&B,16,"Rp 10,788,041",24,3.1,0.0,129139.0,0.0,2
UMKM-03730,Fashion,45,"Rp 48,166,637",13,5.0,2.0,350834.0,3.0,1
UMKM-03731, F & B ,17,37964763,37,4.2,0.0,488957.0,,0
UMKM-03732,Retail,42,"Rp 23,966,368",37,3.9,2.0,153340.0,4.0,1
UMKM-03733,F&B,65,21288665,3,2.8,0.0,52646.0,,2
UMKM-03734,Fashion,98,28182774,43,2.2,0.0,172372.0,0.0,0
UMKM-03735,jasa,44,"Rp 45,672,241",17,4.4,0.0,265723.0,2.0,0
UMKM-03736,fnb,83,"Rp 3,180,122",9,,0.0,,0.0,0
UMKM-03737,jasa,7,35270609,34,,2.0,79339.0,3.0,1
UMKM-03738,Jasa,79,"Rp 6,412,199",34,3.0,2.0,153849.0,2.0,1
UMKM-03739,retail ,99,"Rp 12,503,817",39,4.0,15.0,479665.0,0.0,1
UMKM-03740,F&B,4,"Rp 47,697,209",22,4.5,30.0,148718.0,0.0,2
UMKM-03741,Jasa,111,"Rp 10,440,105",24,2.6,5.0,159702.0,0.0,0
UMKM-03742,nan,49,37573764,0,1.1,2.0,272726.0,0.0,1
UMKM-03743,Jasa,117,1479177,17,,0.0,140883.0,,0
UMKM-03744,Fashion,3,35075749,14,4.7,0.0,234703.0,3.0,0
UMKM-03745,F&B,73,21603778,24,3.8,15.0,89967.0,0.0,1
UMKM-03746,fnb,46,49884318,31,3.9,0.0,224619.0,0.0,0
UMKM-03747,Fashion,-4,36063229,19,2.3,0.0,115463.0,0.0,1
UMKM-03748,Fashion,19,"Rp 4,926,888",16,,0.0,358995.0,,0
UMKM-03749,retail ,7,"Rp 3,024,676",10,,0.0,75062.0,3.0,1
UMKM-03750,retail ,92,"Rp 13,655,740",12,1.7,5.0,109123.0,1.0,0
UMKM-03751,Retail,45,26813761,24,4.9,0.0,254140.0,1.0,0
UMKM-03752,Retail,52,"Rp 14,982,694",19,2.4,0.0,401373.0,2.0,2
UMKM-03753,RETAIL,28,41069281,24,2.3,0.0,451437.0,0.0,1
UMKM-03754, F & B ,29,"Rp 43,029,609",41,2.5,2.0,65234.0,4.0,1
UMKM-03755,F&B,96,25976147,44,1.4,5.0,451537.0,1.0,0
UMKM-03756,F&B,-3,"Rp 1,984,131",30,3.5,0.0,320089.0,0.0,0
UMKM-03757,Jasa,100,"Rp 5,878,154",0,2.0,5.0,317333.0,0.0,1
UMKM-03758,F&B,114,"Rp 47,259,881",15,4.2,0.0,152518.0,1.0,0
UMKM-03759,F&B,53,32511086,27,2.6,2.0,445590.0,0.0,2
UMKM-03760, F & B ,64,"Rp 49,103,684",20,,5.0,250591.0,1.0,1
UMKM-03761,nan,113,"Rp 25,717,528",29,3.6,,454549.0,3.0,0
UMKM-03762,Retail,42,14915952,2,4.0,0.0,246815.0,2.0,0
UMKM-03763,Retail,58,"Rp 25,458,363",33,1.9,0.0,177066.0,1.0,0
UMKM-03764,fnb,107,"Rp 48,969,060",5,4.9,0.0,,1.0,0
UMKM-03765,F&B,13,"Rp 44,164,833",42,3.5,0.0,221979.0,0.0,1
UMKM-03766, F & B ,61,"Rp 12,729,096",28,1.0,0.0,59173.0,0.0,0
UMKM-03767,Retail,76,"Rp 16,225,106",2,2.7,0.0,447518.0,0.0,0
UMKM-03768, F & B ,97,"Rp 24,138,509",32,2.7,0.0,423141.0,4.0,2
UMKM-03769,jasa,67,"Rp 40,459,879",10,,,220751.0,3.0,0
UMKM-03770,nan,110,"Rp 1,945,424",44,2.2,0.0,,0.0,0
UMKM-03771,F&B,70,"Rp 30,578,939",4,2.3,,469963.0,2.0,0
UMKM-03772,fnb,-1,"Rp 35,193,500",31,1.3,15.0,443327.0,2.0,2
UMKM-03773,Jasa,61,"Rp 49,845,865",17,2.1,30.0,433985.0,4.0,2
UMKM-03774,Retail,5,44802064,19,3.9,,393246.0,0.0,0
UMKM-03775,jasa,115,"Rp 16,694,202",38,,5.0,278310.0,2.0,0
UMKM-03776, F & B ,88,2371242,39,1.3,5.0,153013.0,1.0,0
UMKM-03777,retail ,62,21440391,27,,0.0,464640.0,0.0,0
UMKM-03778,Fashion,63,23927424,12,,2.0,264401.0,0.0,0
UMKM-03779,F&B,-5,"Rp 31,351,724",25,4.0,,189969.0,0.0,0
UMKM-03780,F&B,85,19797364,15,4.3,0.0,350784.0,0.0,0
UMKM-03781,jasa,86,"Rp 2,160,675",24,1.1,0.0,326626.0,0.0,0
UMKM-03782, F & B ,57,"Rp 23,695,558",9,2.3,5.0,402196.0,2.0,1
UMKM-03783,RETAIL,23,5036589,28,2.7,2.0,170963.0,2.0,1
UMKM-03784,F&B,76,3726427,37,4.6,15.0,470571.0,4.0,2
UMKM-03785,RETAIL,6,"Rp 22,550,141",19,3.0,0.0,106145.0,0.0,0
UMKM-03786,retail ,71,"Rp 36,604,708",25,2.1,2.0,201655.0,4.0,2
UMKM-03787,jasa,35,"Rp 33,683,027",31,2.6,0.0,429432.0,1.0,0
UMKM-03788, F & B ,-4,"Rp 5,587,826",38,2.7,,290183.0,0.0,1
UMKM-03789, F & B ,31,"Rp 3,691,207",37,3.7,0.0,131718.0,1.0,0
UMKM-03790,nan,39,"Rp 37,804,492",23,1.2,15.0,54857.0,2.0,2
UMKM-03791,Fashion,74,"Rp 25,784,815",30,,0.0,,0.0,0
UMKM-03792,Retail,42,"Rp 4,971,586",39,,0.0,61166.0,2.0,0
UMKM-03793,Retail,18,"Rp 32,987,904",11,2.1,0.0,434638.0,2.0,1
UMKM-03794,Jasa,93,18151560,35,3.4,0.0,302565.0,,0
UMKM-03795,fnb,16,"Rp 8,021,982",9,2.4,2.0,319642.0,3.0,0
UMKM-03796,jasa,94,"Rp 48,465,320",5,4.0,0.0,218879.0,1.0,0
UMKM-03797,retail ,5,"Rp 20,629,173",6,1.2,0.0,206495.0,2.0,1
UMKM-03798, F & B ,113,41026777,30,4.7,0.0,495311.0,4.0,0
UMKM-03799,Fashion,52,"Rp 19,325,712",26,1.7,30.0,156371.0,4.0,2
UMKM-03800,RETAIL,40,1295863,7,,0.0,94180.0,2.0,1
UMKM-03801,jasa,23,28308680,2,4.4,0.0,353272.0,2.0,1
UMKM-03802,Jasa,29,10205053,39,4.5,2.0,138620.0,0.0,0
UMKM-03803,jasa,106,"Rp 32,799,415",20,1.4,,280360.0,2.0,1
UMKM-03804,Jasa,112,42751154,0,4.6,30.0,149411.0,0.0,1
UMKM-03805, F & B ,9,"Rp 35,943,500",44,2.1,30.0,109911.0,1.0,1
UMKM-03806,fnb,54,1226884,14,3.5,0.0,107450.0,0.0,0
UMKM-03807,Jasa,89,"Rp 4,417,932",6,1.3,15.0,95940.0,0.0,0
UMKM-03808, F & B ,36,8339096,14,,5.0,106584.0,0.0,1
UMKM-03809, F & B ,99,16604223,24,2.8,,191342.0,3.0,1
UMKM-03810,fnb,37,"Rp 5,506,371",2,3.4,0.0,311875.0,2.0,1
UMKM-03811,Retail,74,"Rp 1,078,563",29,3.1,,316486.0,1.0,0
UMKM-03812,jasa,68,34165246,13,2.8,0.0,356077.0,1.0,0
UMKM-03813,F&B,43,40059069,3,,2.0,379233.0,,0
UMKM-03814,F&B,58,13449925,35,1.7,0.0,248610.0,0.0,1
UMKM-03815,RETAIL,26,"Rp 2,372,407",2,1.6,0.0,205560.0,1.0,1
UMKM-03816,RETAIL,58,"Rp 19,910,859",4,3.9,2.0,146279.0,1.0,1
UMKM-03817,F&B,109,"Rp 29,013,885",24,1.3,0.0,165185.0,4.0,0
UMKM-03818,retail ,-4,30170099,30,2.9,5.0,104101.0,0.0,1
UMKM-03819,F&B,18,"Rp 29,657,474",10,,2.0,488575.0,,1
UMKM-03820,RETAIL,81,24990957,7,,2.0,182493.0,0.0,0
UMKM-03821,Fashion,60,35623456,25,4.7,0.0,250082.0,0.0,0
UMKM-03822,RETAIL,32,"Rp 30,864,521",1,2.1,,242827.0,0.0,1
UMKM-03823,retail ,25,"Rp 35,916,702",27,2.2,2.0,170668.0,0.0,0
UMKM-03824,jasa,109,8913614,9,1.9,0.0,365669.0,1.0,0
UMKM-03825,F&B,98,"Rp 24,352,262",38,1.6,5.0,75117.0,1.0,0
UMKM-03826,fnb,20,"Rp 5,533,027",36,2.5,0.0,368606.0,0.0,1
UMKM-03827,Fashion,23,"Rp 24,809,421",38,3.7,0.0,255588.0,1.0,1
UMKM-03828, F & B ,61,"Rp 1,901,111",20,4.0,2.0,426217.0,2.0,1
UMKM-03829,retail ,116,"Rp 33,591,471",27,4.3,2.0,304307.0,2.0,0
UMKM-03830,RETAIL,72,"Rp 48,121,026",37,1.8,0.0,,2.0,2
UMKM-03831,fnb,19,"Rp 25,555,117",32,1.1,0.0,226006.0,4.0,1
UMKM-03832,Jasa,42,"Rp 5,809,073",10,4.9,,387098.0,1.0,0
UMKM-03833,Retail,59,22181525,44,1.1,0.0,369737.0,0.0,0
UMKM-03834,F&B,47,"Rp 46,769,490",43,4.8,0.0,,0.0,0
UMKM-03835,Retail,61,2620706,0,4.3,,309539.0,0.0,0
UMKM-03836,retail ,112,22018059,32,4.6,0.0,334706.0,1.0,0
UMKM-03837,Jasa,84,"Rp 31,966,709",2,2.5,2.0,274579.0,3.0,0
UMKM-03838,Jasa,12,12457860,25,1.8,0.0,406225.0,2.0,1
UMKM-03839,Jasa,3,"Rp 35,325,001",14,3.4,2.0,476515.0,0.0,2
UMKM-03840, F & B ,32,"Rp 20,290,600",40,4.0,0.0,280995.0,1.0,0
UMKM-03841,retail ,81,"Rp 8,813,516",13,,,198747.0,1.0,0
UMKM-03842,jasa,15,17182143,22,,0.0,397188.0,,1
UMKM-03843,Retail,115,28390898,7,1.8,2.0,431712.0,0.0,0
UMKM-03844,jasa,59,"Rp 34,646,879",35,,,86881.0,0.0,1
UMKM-03845,fnb,15,"Rp 12,879,882",19,4.4,,59319.0,,0
UMKM-03846,nan,21,6547631,5,1.8,0.0,488423.0,4.0,1
UMKM-03847,Fashion,100,25275941,32,2.0,15.0,316055.0,0.0,1
UMKM-03848,Fashion,117,"Rp 25,130,071",27,1.3,0.0,276980.0,0.0,0
UMKM-03849,jasa,64,20520338,37,1.6,2.0,89927.0,1.0,0
UMKM-03850,nan,113,"Rp 13,044,455",29,1.6,0.0,161464.0,3.0,1
UMKM-03851,nan,38,"Rp 38,090,229",42,1.8,0.0,129261.0,0.0,0
UMKM-03852,F&B,94,"Rp 11,736,236",16,2.1,0.0,149411.0,4.0,1
UMKM-03853,fnb,22,"Rp 41,952,235",8,4.3,2.0,350339.0,0.0,0
UMKM-03854,retail ,39,7277609,27,4.7,2.0,366566.0,1.0,0
UMKM-03855,nan,11,"Rp 48,855,970",6,2.6,0.0,423284.0,2.0,1
UMKM-03856,RETAIL,117,"Rp 9,165,571",27,1.5,2.0,359705.0,0.0,2
UMKM-03857,Fashion,34,"Rp 4,727,904",16,1.9,,416944.0,0.0,1
UMKM-03858,RETAIL,116,"Rp 44,526,860",39,,5.0,444903.0,0.0,1
UMKM-03859,fnb,110,"Rp 4,232,567",43,,0.0,219827.0,2.0,1
UMKM-03860,nan,-3,44965347,43,4.9,,332999.0,0.0,0
UMKM-03861,Retail,70,"Rp 38,916,341",4,1.1,2.0,78879.0,1.0,1
UMKM-03862,Fashion,97,"Rp 24,585,426",4,4.0,0.0,203137.0,1.0,0
UMKM-03863,F&B,70,"Rp 7,216,618",13,3.0,2.0,328235.0,1.0,1
UMKM-03864,F&B,60,"Rp 23,349,834",5,4.6,0.0,193819.0,4.0,0
UMKM-03865,Jasa,114,"Rp 47,673,151",6,3.3,5.0,479459.0,1.0,0
UMKM-03866, F & B ,40,"Rp 39,435,211",16,2.8,,491902.0,1.0,0
UMKM-03867,nan,80,"Rp 27,149,594",8,3.7,0.0,494900.0,1.0,0
UMKM-03868,fnb,81,11487592,30,4.3,0.0,332745.0,2.0,0
UMKM-03869,Fashion,24,"Rp 48,096,216",21,2.1,0.0,478013.0,0.0,0
UMKM-03870, F & B ,63,"Rp 31,890,345",44,1.4,0.0,406602.0,3.0,2
UMKM-03871,fnb,3,"Rp 21,561,154",8,,5.0,170646.0,0.0,0
UMKM-03872,jasa,79,"Rp 33,051,283",15,1.9,2.0,415866.0,1.0,0
UMKM-03873,nan,5,"Rp 27,024,091",35,2.7,0.0,318334.0,1.0,2
UMKM-03874,retail ,63,"Rp 21,520,598",33,,15.0,467364.0,0.0,1
UMKM-03875,retail ,93,"Rp 5,172,975",44,3.3,0.0,163962.0,0.0,0
UMKM-03876,nan,85,38786306,12,3.8,,177871.0,0.0,2
UMKM-03877,Jasa,107,1481193,18,3.7,0.0,389615.0,0.0,0
UMKM-03878,Jasa,60,"Rp 3,759,127",11,4.3,2.0,94550.0,3.0,0
UMKM-03879,retail ,82,"Rp 34,495,658",35,4.8,0.0,,3.0,0
UMKM-03880,Retail,25,14983877,9,3.6,0.0,186991.0,0.0,2
UMKM-03881,Fashion,27,1627475,15,2.9,15.0,205865.0,0.0,2
UMKM-03882,retail ,33,"Rp 30,121,418",27,2.3,0.0,348327.0,3.0,2
UMKM-03883,Retail,88,"Rp 46,175,647",18,2.4,,400016.0,0.0,0
UMKM-03884, F & B ,40,"Rp 7,357,658",39,2.3,2.0,235657.0,,2
UMKM-03885,Retail,31,11584340,5,2.3,,51716.0,0.0,1
UMKM-03886, F & B ,109,"Rp 36,351,787",3,,,270889.0,2.0,1
UMKM-03887,fnb,86,"Rp 29,391,151",29,,0.0,181361.0,0.0,0
UMKM-03888,RETAIL,54,"Rp 35,310,156",38,1.8,2.0,316841.0,0.0,0
UMKM-03889,fnb,25,"Rp 48,826,978",30,4.9,15.0,491315.0,0.0,2
UMKM-03890,retail ,5,4482837,26,2.7,0.0,176148.0,1.0,1
UMKM-03891, F & B ,81,"Rp 35,990,484",44,,30.0,142855.0,0.0,0
UMKM-03892,retail ,115,12189741,20,3.8,2.0,113041.0,1.0,1
UMKM-03893,nan,-4,38091985,36,3.5,5.0,295151.0,0.0,0
UMKM-03894,Fashion,98,"Rp 45,990,622",8,2.2,0.0,378289.0,0.0,2
UMKM-03895,F&B,99,"Rp 21,708,283",34,4.2,5.0,183425.0,1.0,0
UMKM-03896,retail ,21,"Rp 6,881,468",41,1.4,0.0,329063.0,0.0,0
UMKM-03897,Fashion,93,"Rp 13,773,924",20,3.3,15.0,70141.0,0.0,1
UMKM-03898,Retail,-4,"Rp 14,467,149",16,2.1,2.0,443090.0,0.0,1
UMKM-03899,fnb,97,"Rp 47,300,120",23,3.5,0.0,124484.0,1.0,0
UMKM-03900,Retail,95,20258714,30,1.9,,164289.0,4.0,1
UMKM-03901,F&B,15,"Rp 48,607,527",5,4.1,5.0,384837.0,2.0,0
UMKM-03902, F & B ,52,49166715,34,1.9,,184921.0,0.0,0
UMKM-03903,nan,-1,"Rp 37,658,811",36,4.6,0.0,484053.0,0.0,0
UMKM-03904,Fashion,46,8233646,12,4.4,2.0,156849.0,0.0,1
UMKM-03905,nan,39,"Rp 32,268,475",24,2.4,2.0,225923.0,0.0,0
UMKM-03906,RETAIL,79,"Rp 23,288,814",31,2.5,2.0,218170.0,0.0,0
UMKM-03907,retail ,87,"Rp 45,311,069",0,3.8,0.0,173185.0,0.0,0
UMKM-03908, F & B ,14,"Rp 32,792,217",34,1.4,0.0,284605.0,0.0,0
UMKM-03909,RETAIL,55,"Rp 34,590,483",18,1.3,,212105.0,0.0,0
UMKM-03910,jasa,32,"Rp 23,097,434",11,1.5,0.0,216835.0,0.0,1
UMKM-03911,retail ,14,"Rp 40,657,176",39,3.2,,259932.0,0.0,1
UMKM-03912,Retail,108,"Rp 21,213,221",39,1.6,0.0,61900.0,0.0,0
UMKM-03913,fnb,19,21629875,42,2.1,,204426.0,1.0,0
UMKM-03914,Fashion,-4,3700502,19,3.6,2.0,445430.0,0.0,2
UMKM-03915,F&B,115,29493532,32,,5.0,193412.0,0.0,1
UMKM-03916,F&B,26,30764622,28,1.7,0.0,272393.0,0.0,0
UMKM-03917,Retail,20,"Rp 12,467,529",15,,,197731.0,0.0,0
UMKM-03918,Jasa,64,36577294,13,3.7,2.0,457903.0,2.0,1
UMKM-03919,F&B,35,30153399,6,2.2,2.0,56553.0,0.0,1
UMKM-03920,Fashion,115,22783250,5,,0.0,123874.0,1.0,0
UMKM-03921,Retail,61,"Rp 18,454,767",20,3.3,2.0,168236.0,1.0,0
UMKM-03922, F & B ,91,"Rp 18,989,956",35,1.9,30.0,286348.0,1.0,2
UMKM-03923,F&B,-5,"Rp 24,158,079",21,4.8,0.0,309916.0,3.0,0
UMKM-03924,nan,45,"Rp 25,323,577",39,3.7,5.0,177605.0,3.0,1
UMKM-03925,Retail,-1,35051597,18,,0.0,436977.0,0.0,1
UMKM-03926,Fashion,7,"Rp 4,732,529",24,4.4,,,0.0,0
UMKM-03927,nan,13,"Rp 25,016,455",2,2.9,,255287.0,1.0,0
UMKM-03928,retail ,6,27884164,35,3.7,0.0,297313.0,4.0,2
UMKM-03929,retail ,42,"Rp 37,114,822",44,,0.0,276680.0,2.0,0
UMKM-03930,F&B,19,"Rp 33,016,766",33,3.3,2.0,356287.0,0.0,0
UMKM-03931,nan,51,"Rp 27,439,695",10,1.2,0.0,255383.0,0.0,0
UMKM-03932,fnb,109,"Rp 27,201,526",41,,0.0,138719.0,2.0,0
UMKM-03933,retail ,29,4093348,26,1.5,0.0,79287.0,0.0,1
UMKM-03934,fnb,70,35532968,41,3.9,0.0,250918.0,1.0,0
UMKM-03935, F & B ,88,34294467,1,,0.0,261935.0,1.0,0
UMKM-03936,Retail,-1,39799331,5,5.0,0.0,157006.0,0.0,1
UMKM-03937,RETAIL,92,18382959,1,3.5,0.0,205212.0,3.0,2
UMKM-03938,Fashion,16,"Rp 43,683,639",41,4.2,2.0,406377.0,3.0,0
UMKM-03939,Retail,97,35752110,16,2.1,2.0,80657.0,0.0,0
UMKM-03940,Fashion,71,"Rp 8,147,333",39,2.4,0.0,64746.0,1.0,0
UMKM-03941,nan,51,"Rp 12,345,743",13,4.7,2.0,252499.0,1.0,0
UMKM-03942, F & B ,41,"Rp 24,247,397",9,4.0,30.0,402211.0,0.0,0
UMKM-03943,jasa,48,"Rp 12,861,743",44,,0.0,230566.0,0.0,0
UMKM-03944,F&B,-3,"Rp 15,261,565",32,2.0,15.0,450961.0,0.0,2
UMKM-03945,Fashion,118,"Rp 43,956,408",41,3.8,2.0,444639.0,3.0,1
UMKM-03946,Fashion,47,"Rp 12,029,513",11,4.5,0.0,359449.0,0.0,1
UMKM-03947,nan,78,"Rp 14,117,852",31,1.9,0.0,455275.0,0.0,0
UMKM-03948,fnb,25,"Rp 7,749,645",23,3.8,2.0,336865.0,0.0,1
UMKM-03949,Retail,63,34470507,13,2.6,5.0,306769.0,0.0,0
UMKM-03950,jasa,82,"Rp 7,380,798",4,1.5,0.0,260859.0,0.0,1
UMKM-03951,Jasa,98,"Rp 12,815,651",4,4.1,,477895.0,0.0,0
UMKM-03952,F&B,112,"Rp 2,235,340",31,1.7,2.0,410039.0,1.0,1
UMKM-03953,RETAIL,27,9447149,44,,0.0,340421.0,1.0,0
UMKM-03954,Jasa,66,"Rp 31,392,785",32,4.1,0.0,379019.0,1.0,0
UMKM-03955,Retail,82,"Rp 48,902,624",3,4.0,0.0,166934.0,1.0,0
UMKM-03956,F&B,44,12054356,29,,0.0,457980.0,0.0,0
UMKM-03957,Fashion,78,"Rp 32,376,847",40,4.8,0.0,253054.0,1.0,1
UMKM-03958,RETAIL,118,"Rp 49,124,750",16,1.9,5.0,298711.0,0.0,0
UMKM-03959,fnb,10,"Rp 22,133,380",2,5.0,5.0,197953.0,0.0,0
UMKM-03960,jasa,108,"Rp 4,079,676",12,4.0,0.0,126676.0,0.0,0
UMKM-03961,fnb,110,"Rp 10,486,661",43,2.6,2.0,231014.0,0.0,0
UMKM-03962, F & B ,70,"Rp 20,506,917",35,1.5,0.0,291768.0,0.0,0
UMKM-03963,nan,71,43569794,17,2.3,0.0,320345.0,0.0,0
UMKM-03964,F&B,103,"Rp 26,461,039",22,1.8,5.0,295360.0,1.0,0
UMKM-03965,fnb,100,"Rp 45,504,011",34,,0.0,298858.0,1.0,0
UMKM-03966,Jasa,33,"Rp 21,378,083",32,2.4,15.0,74568.0,0.0,1
UMKM-03967,nan,83,"Rp 47,207,904",35,2.2,,212402.0,4.0,1
UMKM-03968,fnb,40,43722720,16,4.0,2.0,314960.0,1.0,0
UMKM-03969,retail ,90,"Rp 46,874,334",38,1.9,0.0,345238.0,3.0,0
UMKM-03970, F & B ,82,"Rp 38,150,868",33,3.3,0.0,394946.0,1.0,1
UMKM-03971,Retail,106,12959322,11,,0.0,,0.0,1
UMKM-03972,jasa,41,23186567,4,,2.0,415450.0,4.0,1
UMKM-03973, F & B ,38,7805751,39,3.5,15.0,199630.0,3.0,0
UMKM-03974,nan,3,"Rp 33,750,269",26,,2.0,55235.0,0.0,0
UMKM-03975,retail ,98,11367257,39,,5.0,411371.0,0.0,1
UMKM-03976,F&B,108,40323969,12,1.8,5.0,197233.0,0.0,0
UMKM-03977,Jasa,81,"Rp 25,345,877",25,,30.0,496634.0,2.0,2
UMKM-03978,jasa,44,"Rp 37,438,544",13,,0.0,457763.0,0.0,0
UMKM-03979,jasa,71,29420358,31,1.4,30.0,179947.0,1.0,2
UMKM-03980, F & B ,54,33667242,10,3.2,2.0,271104.0,1.0,0
UMKM-03981,nan,117,14210179,37,3.4,0.0,211980.0,0.0,0
UMKM-03982,F&B,90,17534820,15,,,489785.0,2.0,0
UMKM-03983,Fashion,108,27249509,21,2.7,,,2.0,1
UMKM-03984,retail ,9,"Rp 42,432,671",15,3.1,2.0,308434.0,0.0,0
UMKM-03985,Fashion,30,23329738,12,5.0,15.0,366403.0,0.0,2
UMKM-03986,Jasa,107,"Rp 35,920,960",11,3.1,0.0,237093.0,2.0,0
UMKM-03987,F&B,57,"Rp 37,387,736",17,3.3,0.0,432552.0,1.0,0
UMKM-03988,F&B,63,"Rp 37,027,571",28,5.0,0.0,387025.0,1.0,0
UMKM-03989,retail ,80,"Rp 37,158,359",17,5.0,2.0,52070.0,0.0,0
UMKM-03990,RETAIL,74,"Rp 27,550,964",1,2.7,0.0,401410.0,0.0,0
UMKM-03991,Fashion,35,"Rp 38,122,282",1,,0.0,415048.0,,1
UMKM-03992,fnb,68,"Rp 35,972,599",2,2.9,2.0,345832.0,1.0,1
UMKM-03993,jasa,18,20339070,28,3.9,0.0,168170.0,0.0,1
UMKM-03994,RETAIL,76,46155664,7,4.8,0.0,489827.0,2.0,1
UMKM-03995,fnb,43,"Rp 44,095,047",10,2.2,0.0,335000.0,1.0,0
UMKM-03996,nan,12,"Rp 34,969,594",11,4.3,0.0,228646.0,0.0,0
UMKM-03997,retail ,1,"Rp 29,516,890",31,,0.0,198899.0,3.0,2
UMKM-03998,nan,-2,"Rp 29,071,569",3,2.1,0.0,193771.0,0.0,1
UMKM-03999,jasa,84,"Rp 30,387,866",8,4.2,0.0,151105.0,1.0,0
UMKM-04000,Retail,63,"Rp 42,553,749",23,2.7,0.0,133695.0,0.0,1
UMKM-04001,fnb,54,"Rp 30,417,281",15,1.5,0.0,461892.0,0.0,0
UMKM-04002,RETAIL,49,"Rp 21,661,252",16,,,53703.0,2.0,0
UMKM-04003,fnb,10,"Rp 30,421,137",21,,0.0,147193.0,1.0,0
UMKM-04004,fnb,93,"Rp 40,671,682",6,3.2,2.0,476809.0,2.0,1
UMKM-04005,retail ,84,45926170,9,4.2,0.0,424645.0,0.0,0
UMKM-04006,nan,76,"Rp 21,619,856",28,4.8,0.0,156015.0,4.0,0
UMKM-04007,Fashion,23,38018575,35,,0.0,131547.0,0.0,0
UMKM-04008,Retail,17,22767749,23,3.1,,168429.0,1.0,1
UMKM-04009,retail ,111,"Rp 22,043,462",13,3.2,0.0,205786.0,4.0,1
UMKM-04010,Jasa,8,28381041,13,2.1,2.0,398516.0,0.0,1
UMKM-04011,retail ,73,"Rp 42,170,573",24,2.9,2.0,429091.0,0.0,0
UMKM-04012,jasa,43,36122798,21,4.8,0.0,395226.0,,0
UMKM-04013,Retail,27,"Rp 10,070,894",22,3.9,,,4.0,1
UMKM-04014,F&B,19,1684143,31,1.0,0.0,295358.0,2.0,1
UMKM-04015,Jasa,15,"Rp 1,607,648",25,1.5,0.0,216373.0,0.0,2
UMKM-04016, F & B ,11,16896106,26,,0.0,219452.0,1.0,0
UMKM-04017,retail ,17,"Rp 42,580,260",44,,0.0,190623.0,0.0,2
UMKM-04018,fnb,51,"Rp 35,952,068",11,2.9,0.0,156234.0,0.0,0
UMKM-04019,Fashion,101,"Rp 15,377,180",18,3.5,2.0,330753.0,0.0,0
UMKM-04020,F&B,75,33972639,18,2.2,0.0,404816.0,0.0,1
UMKM-04021,retail ,52,10917883,33,4.2,2.0,381352.0,0.0,0
UMKM-04022,retail ,8,32198324,31,3.4,0.0,183232.0,0.0,0
UMKM-04023,RETAIL,87,"Rp 34,389,637",28,3.8,,238698.0,1.0,0
UMKM-04024,RETAIL,14,"Rp 34,692,269",20,2.5,0.0,179567.0,1.0,1
UMKM-04025,F&B,24,"Rp 1,444,842",34,2.7,2.0,182869.0,3.0,1
UMKM-04026,nan,13,10132675,41,1.8,5.0,144248.0,0.0,1
UMKM-04027,RETAIL,47,"Rp 28,404,855",4,4.8,0.0,454387.0,0.0,1
UMKM-04028,fnb,97,"Rp 45,050,396",11,,0.0,403446.0,1.0,0
UMKM-04029,Jasa,50,40545274,6,4.3,0.0,229030.0,0.0,0
UMKM-04030, F & B ,71,"Rp 15,460,040",40,4.7,0.0,280620.0,0.0,0
UMKM-04031,Retail,76,"Rp 34,970,306",1,3.7,0.0,204525.0,1.0,0
UMKM-04032, F & B ,17,5975279,24,1.9,2.0,123429.0,0.0,0
UMKM-04033, F & B ,56,45905946,9,4.0,0.0,332936.0,3.0,2
UMKM-04034,Retail,104,11318435,37,2.3,2.0,445146.0,1.0,0
UMKM-04035,RETAIL,27,"Rp 21,839,391",43,2.8,0.0,196777.0,0.0,0
UMKM-04036,F&B,97,20448960,5,2.1,30.0,265510.0,0.0,2
UMKM-04037,Retail,98,46409460,26,2.7,0.0,374738.0,2.0,1
UMKM-04038,jasa,12,"Rp 25,097,013",34,3.7,0.0,50047.0,1.0,0
UMKM-04039,nan,67,2612850,9,1.4,0.0,50133.0,3.0,0
UMKM-04040,Jasa,27,13919151,8,1.4,0.0,490838.0,2.0,1
UMKM-04041,Fashion,26,"Rp 18,127,641",19,3.7,2.0,268667.0,0.0,1
UMKM-04042,RETAIL,55,42484903,36,,2.0,61238.0,0.0,2
UMKM-04043,nan,48,"Rp 7,102,910",34,3.2,2.0,347276.0,1.0,0
UMKM-04044,Retail,11,"Rp 42,709,110",36,,2.0,413957.0,0.0,0
UMKM-04045,jasa,13,"Rp 1,502,939",39,2.7,,209154.0,1.0,1
UMKM-04046,Fashion,85,"Rp 10,610,804",7,4.0,2.0,423807.0,2.0,1
UMKM-04047,Jasa,64,30501881,30,3.7,0.0,368449.0,1.0,0
UMKM-04048,Jasa,93,"Rp 32,615,931",42,,0.0,103246.0,0.0,0
UMKM-04049,RETAIL,114,"Rp 34,383,098",15,4.9,0.0,101689.0,1.0,0
UMKM-04050,Retail,95,"Rp 28,497,323",27,1.9,2.0,483980.0,0.0,1
UMKM-04051,nan,28,"Rp 34,216,149",5,1.9,0.0,203440.0,2.0,1
UMKM-04052,F&B,78,"Rp 46,509,383",31,2.8,2.0,347383.0,1.0,0
UMKM-04053,nan,19,"Rp 3,783,993",27,2.3,0.0,117970.0,1.0,0
UMKM-04054,nan,62,"Rp 5,812,585",10,4.9,15.0,,0.0,2
UMKM-04055,Jasa,68,"Rp 20,145,626",41,1.3,,250943.0,2.0,1
UMKM-04056,F&B,68,"Rp 18,603,494",22,,0.0,131559.0,1.0,0
UMKM-04057,F&B,82,"Rp 10,127,634",29,2.5,15.0,265297.0,0.0,2
UMKM-04058,RETAIL,79,"Rp 27,509,140",8,3.0,30.0,177019.0,3.0,2
UMKM-04059,Fashion,5,"Rp 28,891,351",27,1.1,,404066.0,2.0,0
UMKM-04060,retail ,85,"Rp 14,575,703",23,1.3,0.0,489486.0,1.0,0
UMKM-04061, F & B ,10,"Rp 16,473,403",27,2.0,5.0,137601.0,0.0,1
UMKM-04062, F & B ,84,30615163,23,3.2,0.0,254051.0,4.0,1
UMKM-04063,Jasa,55,"Rp 23,179,282",14,4.1,2.0,170632.0,2.0,0
UMKM-04064,retail ,119,25928689,38,,5.0,94014.0,1.0,0
UMKM-04065,Fashion,88,"Rp 1,346,990",32,3.3,5.0,245952.0,1.0,0
UMKM-04066,retail ,107,"Rp 38,391,245",33,2.6,0.0,327809.0,0.0,0
UMKM-04067,RETAIL,74,47942772,21,4.5,15.0,352686.0,0.0,1
UMKM-04068,nan,1,"Rp 44,390,879",28,2.8,0.0,398913.0,0.0,1
UMKM-04069,Jasa,10,"Rp 26,139,305",33,2.2,0.0,218040.0,0.0,0
UMKM-04070,F&B,93,14922399,41,3.5,2.0,,2.0,2
UMKM-04071,Jasa,116,"Rp 25,395,739",9,3.8,30.0,382702.0,0.0,0
UMKM-04072, F & B ,10,"Rp 34,054,246",44,2.6,,,2.0,1
UMKM-04073,Fashion,34,19354343,29,1.1,5.0,359098.0,1.0,0
UMKM-04074,retail ,6,"Rp 16,050,793",10,1.4,0.0,170156.0,0.0,1
UMKM-04075,Fashion,29,"Rp 14,698,926",33,4.4,0.0,418387.0,0.0,0
UMKM-04076,RETAIL,107,8436391,20,1.2,0.0,59145.0,1.0,0
UMKM-04077,Jasa,15,38169102,12,3.4,0.0,281049.0,0.0,0
UMKM-04078,Retail,44,"Rp 7,987,659",24,1.7,0.0,231566.0,0.0,0
UMKM-04079,Jasa,37,"Rp 34,582,122",20,1.9,0.0,110835.0,2.0,1
UMKM-04080,F&B,94,14735021,0,2.1,0.0,175622.0,1.0,1
UMKM-04081,Jasa,106,4213274,4,1.2,30.0,115506.0,2.0,2
UMKM-04082,jasa,11,"Rp 6,643,473",21,,2.0,93064.0,2.0,1
UMKM-04083,RETAIL,26,"Rp 43,283,756",6,3.6,5.0,287807.0,2.0,0
UMKM-04084,fnb,35,"Rp 5,745,059",12,3.0,0.0,311076.0,0.0,0
UMKM-04085,RETAIL,0,"Rp 28,431,026",44,4.2,0.0,72954.0,,0
UMKM-04086,retail ,82,"Rp 17,237,722",22,1.2,0.0,146872.0,0.0,0
UMKM-04087,fnb,21,"Rp 9,902,280",20,4.6,0.0,159120.0,2.0,0
UMKM-04088,retail ,14,"Rp 5,030,272",5,,2.0,220123.0,1.0,0
UMKM-04089,retail ,19,"Rp 23,617,798",19,,0.0,142221.0,1.0,0
UMKM-04090,F&B,60,"Rp 16,559,641",11,4.9,15.0,56574.0,,1
UMKM-04091,F&B,3,"Rp 1,704,582",39,1.9,,344525.0,0.0,0
UMKM-04092,nan,86,"Rp 7,863,859",8,3.8,0.0,469255.0,0.0,1
UMKM-04093, F & B ,47,"Rp 18,653,254",27,2.2,0.0,317475.0,0.0,0
UMKM-04094,nan,55,"Rp 27,779,335",10,3.1,,296159.0,0.0,1
UMKM-04095,nan,32,2103183,31,,5.0,80412.0,2.0,2
UMKM-04096, F & B ,-3,"Rp 2,499,202",10,,2.0,,0.0,0
UMKM-04097,Retail,78,"Rp 37,722,156",23,3.9,5.0,161132.0,3.0,0
UMKM-04098,fnb,64,39721161,14,,0.0,67458.0,1.0,0
UMKM-04099,Fashion,97,"Rp 48,269,617",40,3.0,0.0,,0.0,0
UMKM-04100,nan,91,10745350,34,4.9,0.0,478557.0,0.0,0
UMKM-04101,Jasa,49,"Rp 35,381,012",16,4.8,0.0,85165.0,0.0,0
UMKM-04102,Jasa,-5,9218365,24,4.8,0.0,,3.0,0
UMKM-04103,retail ,95,"Rp 5,056,926",34,4.5,0.0,50418.0,2.0,0
UMKM-04104, F & B ,64,"Rp 5,433,494",18,2.0,30.0,132559.0,0.0,2
UMKM-04105,retail ,39,3106040,40,,2.0,363380.0,0.0,0
UMKM-04106,jasa,92,"Rp 36,347,034",30,1.9,0.0,349501.0,0.0,0
UMKM-04107,jasa,41,38656823,16,4.9,0.0,394422.0,0.0,0
UMKM-04108,Fashion,73,"Rp 14,018,325",22,1.6,2.0,133723.0,2.0,1
UMKM-04109,F&B,103,"Rp 22,973,350",0,2.5,0.0,481188.0,2.0,2
UMKM-04110,F&B,20,35824440,9,1.8,5.0,483873.0,0.0,0
UMKM-04111, F & B ,115,"Rp 40,739,290",7,1.9,15.0,163290.0,3.0,2
UMKM-04112, F & B ,8,36931061,41,2.0,2.0,361834.0,0.0,2
UMKM-04113,nan,116,"Rp 32,958,896",25,3.6,0.0,382119.0,0.0,0
UMKM-04114,jasa,48,"Rp 18,337,859",33,1.3,5.0,368184.0,2.0,1
UMKM-04115,nan,65,"Rp 18,007,703",18,3.3,0.0,207866.0,0.0,0
UMKM-04116,F&B,40,"Rp 47,791,318",13,4.3,0.0,453121.0,0.0,0
UMKM-04117,fnb,116,"Rp 30,827,247",7,4.1,0.0,247473.0,1.0,0
UMKM-04118,fnb,25,"Rp 22,955,282",0,1.6,,142179.0,0.0,2
UMKM-04119, F & B ,82,"Rp 37,425,474",24,4.7,0.0,339070.0,0.0,0
UMKM-04120,retail ,53,48366846,23,4.1,,227124.0,1.0,0
UMKM-04121,F&B,89,"Rp 18,369,168",19,1.0,0.0,94228.0,0.0,0
UMKM-04122,fnb,23,47747785,29,3.9,0.0,343190.0,0.0,0
UMKM-04123,F&B,100,4967445,4,3.9,2.0,447887.0,0.0,2
UMKM-04124,RETAIL,90,"Rp 10,693,533",2,3.0,0.0,242043.0,1.0,0
UMKM-04125,Jasa,11,"Rp 1,950,128",31,1.2,0.0,426563.0,0.0,2
UMKM-04126,jasa,8,"Rp 16,251,348",16,3.3,0.0,362331.0,3.0,1
UMKM-04127,nan,98,"Rp 32,766,371",41,4.1,0.0,419000.0,2.0,1
UMKM-04128,F&B,30,"Rp 49,655,668",4,,0.0,167507.0,0.0,0
UMKM-04129,Jasa,52,"Rp 13,371,798",10,3.7,5.0,74871.0,2.0,0
UMKM-04130,RETAIL,106,37103397,37,2.4,5.0,379106.0,1.0,0
UMKM-04131,nan,18,"Rp 38,529,035",3,3.3,,274693.0,0.0,0
UMKM-04132,F&B,103,"Rp 5,846,936",38,2.5,5.0,424506.0,1.0,0
UMKM-04133, F & B ,57,"Rp 25,769,555",18,,2.0,114140.0,1.0,1
UMKM-04134,Jasa,112,"Rp 17,912,240",38,4.4,2.0,257665.0,0.0,0
UMKM-04135,nan,85,"Rp 5,377,577",22,4.0,30.0,214532.0,0.0,1
UMKM-04136,F&B,19,"Rp 37,296,326",16,2.4,0.0,79171.0,0.0,0
UMKM-04137,Jasa,53,"Rp 26,540,143",12,,0.0,368889.0,0.0,0
UMKM-04138,RETAIL,26,"Rp 36,956,188",26,3.8,5.0,131772.0,0.0,0
UMKM-04139,F&B,110,"Rp 4,299,596",0,4.2,0.0,345979.0,1.0,1
UMKM-04140,F&B,76,20037186,1,3.7,,116668.0,0.0,0
UMKM-04141,F&B,104,20354369,17,3.2,2.0,239537.0,0.0,0
UMKM-04142,Fashion,12,4981917,35,4.8,0.0,178738.0,0.0,0
UMKM-04143, F & B ,31,"Rp 26,771,653",44,4.1,5.0,188684.0,2.0,0
UMKM-04144,RETAIL,20,"Rp 8,885,612",32,1.5,0.0,409504.0,0.0,0
UMKM-04145,nan,3,"Rp 35,987,846",35,3.2,,59433.0,0.0,0
UMKM-04146,Fashion,118,11648708,1,2.6,,277476.0,0.0,1
UMKM-04147,retail ,93,"Rp 43,659,127",3,4.2,2.0,182018.0,2.0,0
UMKM-04148,Fashion,58,"Rp 10,484,230",15,1.2,0.0,487323.0,0.0,0
UMKM-04149,jasa,66,"Rp 29,850,657",3,,0.0,313759.0,0.0,1
UMKM-04150,jasa,14,"Rp 21,931,454",8,2.3,2.0,128387.0,0.0,0
UMKM-04151,F&B,48,"Rp 2,058,335",20,1.6,30.0,123790.0,0.0,2
UMKM-04152,Fashion,100,48365424,22,2.5,0.0,137635.0,1.0,0
UMKM-04153,retail ,80,18846842,1,3.7,0.0,236293.0,0.0,0
UMKM-04154,Fashion,77,2973915,2,2.4,0.0,345305.0,0.0,1
UMKM-04155, F & B ,24,"Rp 46,188,921",22,3.3,2.0,475814.0,1.0,2
UMKM-04156, F & B ,47,3328481,25,3.4,30.0,125229.0,0.0,2
UMKM-04157,retail ,86,"Rp 34,087,876",6,,0.0,285578.0,2.0,0
UMKM-04158,Fashion,93,"Rp 45,616,401",35,3.1,0.0,296279.0,0.0,0
UMKM-04159,Jasa,101,"Rp 12,973,051",43,1.5,2.0,261762.0,4.0,1
UMKM-04160, F & B ,57,"Rp 6,884,902",32,1.9,15.0,181460.0,4.0,2
UMKM-04161, F & B ,5,46079978,35,4.2,15.0,230811.0,2.0,2
UMKM-04162,fnb,25,"Rp 24,206,584",3,,5.0,151801.0,4.0,1
UMKM-04163,Fashion,43,"Rp 41,342,474",22,3.8,0.0,307013.0,0.0,1
UMKM-04164, F & B ,106,3652880,24,3.3,0.0,391581.0,2.0,1
UMKM-04165,RETAIL,97,"Rp 30,284,132",40,,,210379.0,0.0,0
UMKM-04166,Fashion,94,"Rp 39,387,539",25,4.2,,123205.0,2.0,1
UMKM-04167,jasa,88,"Rp 48,571,247",27,1.3,2.0,150875.0,0.0,0
UMKM-04168,fnb,81,"Rp 36,980,027",27,4.8,5.0,238695.0,0.0,0
UMKM-04169, F & B ,13,"Rp 4,890,549",20,1.9,,269700.0,4.0,2
UMKM-04170,fnb,6,"Rp 35,564,021",9,3.0,0.0,372960.0,0.0,0
UMKM-04171,jasa,9,14670511,26,1.3,0.0,142096.0,2.0,1
UMKM-04172,retail ,25,47439429,14,4.6,2.0,245957.0,1.0,1
UMKM-04173,retail ,37,47095265,16,4.9,,357385.0,0.0,0
UMKM-04174,Fashion,95,"Rp 48,633,086",38,1.6,2.0,,0.0,0
UMKM-04175,jasa,31,"Rp 14,491,021",34,2.2,15.0,495353.0,0.0,2
UMKM-04176,Retail,73,"Rp 31,102,447",4,1.1,0.0,427541.0,3.0,1
UMKM-04177,Retail,23,"Rp 22,047,574",15,4.1,0.0,299422.0,4.0,0
UMKM-04178,Fashion,108,"Rp 15,674,301",22,2.2,0.0,178167.0,2.0,2
UMKM-04179,F&B,101,"Rp 31,736,211",38,3.4,,202086.0,2.0,0
UMKM-04180,fnb,20,"Rp 33,499,243",8,1.2,0.0,84198.0,0.0,1
UMKM-04181,fnb,102,8831144,32,,0.0,,0.0,0
UMKM-04182,retail ,-4,"Rp 1,569,503",34,3.1,,210997.0,0.0,1
UMKM-04183,Retail,78,"Rp 42,728,753",39,3.9,0.0,459392.0,1.0,0
UMKM-04184,nan,9,46930676,23,,15.0,267983.0,0.0,0
UMKM-04185, F & B ,110,"Rp 45,199,437",23,1.4,2.0,251675.0,1.0,0
UMKM-04186, F & B ,-2,"Rp 27,617,011",23,,0.0,304598.0,1.0,0
UMKM-04187, F & B ,80,48427363,18,,2.0,162932.0,0.0,0
UMKM-04188,retail ,44,6346471,38,3.1,,409823.0,0.0,1
UMKM-04189,jasa,32,8589077,24,1.7,0.0,199494.0,0.0,0
UMKM-04190,Jasa,17,"Rp 25,687,765",30,4.2,15.0,332661.0,2.0,0
UMKM-04191,Retail,53,"Rp 2,992,719",37,5.0,0.0,366647.0,0.0,0
UMKM-04192,Retail,84,"Rp 7,141,018",24,,0.0,78514.0,0.0,0
UMKM-04193,nan,109,"Rp 49,297,079",26,,0.0,445431.0,2.0,1
UMKM-04194,fnb,69,"Rp 1,255,931",31,2.7,30.0,266348.0,0.0,1
UMKM-04195,F&B,22,"Rp 44,151,612",10,2.3,2.0,66486.0,0.0,0
UMKM-04196,Fashion,114,"Rp 27,864,699",4,1.3,0.0,402400.0,2.0,0
UMKM-04197,fnb,60,"Rp 6,709,065",43,2.7,15.0,386626.0,1.0,1
UMKM-04198,jasa,117,"Rp 23,312,344",32,,0.0,62249.0,1.0,0
UMKM-04199,Fashion,2,"Rp 35,378,458",18,,0.0,204259.0,0.0,0
UMKM-04200,Retail,23,"Rp 30,625,936",42,4.6,0.0,496829.0,0.0,0
UMKM-04201,jasa,5,"Rp 25,914,208",15,4.9,2.0,351208.0,1.0,1
UMKM-04202,Fashion,95,24797209,34,4.8,2.0,433397.0,0.0,0
UMKM-04203,nan,12,18429908,10,1.8,30.0,486006.0,3.0,2
UMKM-04204,nan,49,"Rp 47,076,451",10,4.6,0.0,127437.0,0.0,0
UMKM-04205,RETAIL,44,6444544,9,,0.0,96783.0,0.0,1
UMKM-04206,Jasa,8,"Rp 40,092,355",33,3.0,15.0,310580.0,0.0,2
UMKM-04207,nan,112,"Rp 12,343,171",4,3.6,0.0,246690.0,3.0,2
UMKM-04208,Retail,68,20415897,22,2.8,,311652.0,1.0,0
UMKM-04209,F&B,93,3929795,24,4.8,0.0,92271.0,0.0,0
UMKM-04210, F & B ,3,38287920,28,2.3,0.0,467563.0,1.0,2
UMKM-04211,RETAIL,93,7496776,39,3.1,0.0,367286.0,0.0,0
UMKM-04212, F & B ,5,"Rp 17,808,562",12,1.3,0.0,293176.0,0.0,1
UMKM-04213,Jasa,57,"Rp 13,139,820",31,4.4,0.0,110683.0,0.0,0
UMKM-04214,Fashion,102,"Rp 13,949,507",33,2.7,0.0,143806.0,0.0,0
UMKM-04215,retail ,70,"Rp 5,926,788",11,3.8,0.0,416670.0,0.0,0
UMKM-04216,nan,61,"Rp 31,844,140",23,,0.0,291499.0,0.0,1
UMKM-04217,F&B,47,"Rp 4,294,742",39,,0.0,372935.0,0.0,0
UMKM-04218,Jasa,33,"Rp 19,661,391",20,3.0,0.0,315812.0,0.0,0
UMKM-04219, F & B ,72,"Rp 28,243,492",28,2.1,0.0,100767.0,0.0,0
UMKM-04220,RETAIL,50,11290759,22,3.5,0.0,267238.0,3.0,1
UMKM-04221,nan,22,39645181,32,4.8,2.0,215902.0,1.0,0
UMKM-04222,Retail,69,17584182,7,4.3,5.0,353883.0,4.0,0
UMKM-04223,nan,33,15154683,41,,2.0,172243.0,0.0,0
UMKM-04224,RETAIL,19,"Rp 1,531,562",12,1.1,0.0,,0.0,1
UMKM-04225,RETAIL,15,12511503,4,3.0,0.0,347310.0,2.0,1
UMKM-04226,retail ,4,"Rp 21,987,268",40,4.1,0.0,192268.0,1.0,0
UMKM-04227,nan,37,"Rp 44,405,007",9,2.3,30.0,,1.0,2
UMKM-04228,nan,9,"Rp 25,615,174",13,3.8,0.0,226764.0,1.0,2
UMKM-04229,retail ,77,"Rp 23,556,210",23,4.7,0.0,494127.0,1.0,0
UMKM-04230,jasa,42,6443961,10,,0.0,276976.0,2.0,0
UMKM-04231,jasa,80,"Rp 13,309,678",2,,,226652.0,1.0,0
UMKM-04232,Fashion,15,43835095,28,4.7,5.0,263419.0,4.0,1
UMKM-04233,jasa,54,"Rp 17,949,723",29,2.9,0.0,235253.0,4.0,2
UMKM-04234,fnb,110,"Rp 21,653,321",36,2.6,0.0,365172.0,0.0,0
UMKM-04235,nan,102,"Rp 34,431,880",6,,30.0,470282.0,0.0,1
UMKM-04236,F&B,90,"Rp 32,977,420",16,2.7,0.0,179649.0,0.0,1
UMKM-04237,nan,44,"Rp 13,805,935",19,3.7,2.0,376775.0,0.0,0
UMKM-04238,fnb,17,38045410,10,,5.0,412564.0,0.0,0
UMKM-04239,fnb,7,19142574,43,2.3,0.0,355425.0,0.0,1
UMKM-04240, F & B ,63,"Rp 25,186,320",24,4.0,0.0,99711.0,0.0,0
UMKM-04241,nan,-2,"Rp 12,601,645",23,1.8,0.0,383121.0,1.0,1
UMKM-04242,Jasa,86,"Rp 47,069,235",1,1.8,,490240.0,0.0,1
UMKM-04243,fnb,72,26667599,26,,2.0,141497.0,1.0,0
UMKM-04244,F&B,66,"Rp 15,018,356",18,4.5,15.0,232841.0,0.0,0
UMKM-04245,retail ,3,"Rp 17,962,855",28,2.0,2.0,322290.0,2.0,0
UMKM-04246,Fashion,115,"Rp 6,802,494",36,,,214429.0,2.0,0
UMKM-04247, F & B ,109,"Rp 32,352,046",10,3.7,,410946.0,0.0,2
UMKM-04248,retail ,29,"Rp 21,306,500",18,3.5,0.0,367643.0,3.0,1
UMKM-04249, F & B ,95,32373317,27,2.8,0.0,66313.0,0.0,0
UMKM-04250,F&B,15,"Rp 17,600,283",38,1.4,2.0,339542.0,2.0,1
UMKM-04251,RETAIL,52,28681786,20,1.4,2.0,,1.0,1
UMKM-04252,nan,12,41150781,25,4.1,0.0,174518.0,0.0,0
UMKM-04253,Retail,91,"Rp 48,877,572",21,2.8,15.0,452540.0,0.0,2
UMKM-04254,Jasa,66,"Rp 25,759,728",5,,0.0,450648.0,0.0,0
UMKM-04255,retail ,109,"Rp 47,998,310",10,3.3,0.0,70867.0,3.0,0
UMKM-04256,nan,107,"Rp 29,563,301",13,3.5,2.0,304367.0,1.0,0
UMKM-04257,Jasa,75,"Rp 25,982,913",35,4.7,0.0,300756.0,0.0,0
UMKM-04258,RETAIL,37,13432678,39,1.7,0.0,215431.0,0.0,0
UMKM-04259,Retail,89,"Rp 27,787,495",40,,,251015.0,0.0,0
UMKM-04260,Jasa,92,5463588,1,1.2,2.0,80971.0,0.0,1
UMKM-04261,Jasa,0,"Rp 6,568,250",42,2.4,,424771.0,3.0,0
UMKM-04262,retail ,80,"Rp 8,053,905",19,1.6,5.0,299643.0,0.0,0
UMKM-04263,jasa,72,"Rp 43,818,287",21,1.8,5.0,362903.0,0.0,2
UMKM-04264,Retail,61,"Rp 31,691,339",38,4.7,2.0,479708.0,4.0,0
UMKM-04265,nan,6,13748964,3,,0.0,172243.0,0.0,1
UMKM-04266,RETAIL,94,"Rp 46,315,365",28,4.6,2.0,403971.0,0.0,0
UMKM-04267,Retail,6,33513934,23,2.8,0.0,295962.0,0.0,0
UMKM-04268,F&B,103,45656134,0,,,496222.0,1.0,0
UMKM-04269,jasa,60,43072141,23,1.1,0.0,160455.0,1.0,0
UMKM-04270,F&B,-4,"Rp 36,044,928",29,2.9,0.0,484285.0,0.0,0
UMKM-04271,RETAIL,9,"Rp 30,901,413",11,3.3,2.0,342435.0,1.0,1
UMKM-04272,retail ,17,"Rp 41,318,914",18,1.1,2.0,198224.0,2.0,1
UMKM-04273,retail ,23,"Rp 18,433,444",36,4.2,0.0,179216.0,1.0,0
UMKM-04274,RETAIL,75,"Rp 24,281,322",39,,0.0,115674.0,3.0,0
UMKM-04275, F & B ,90,"Rp 5,553,804",42,2.8,15.0,361516.0,0.0,2
UMKM-04276,RETAIL,1,"Rp 6,618,735",3,3.1,0.0,,0.0,1
UMKM-04277,jasa,88,"Rp 34,706,065",14,5.0,0.0,101539.0,1.0,0
UMKM-04278,fnb,22,"Rp 47,022,526",19,1.4,0.0,314669.0,0.0,0
UMKM-04279,retail ,8,44026128,43,3.2,0.0,431886.0,0.0,0
UMKM-04280,Fashion,38,"Rp 7,516,682",19,3.1,0.0,321781.0,0.0,0
UMKM-04281,jasa,24,"Rp 37,908,627",20,1.3,,360468.0,2.0,1
UMKM-04282,jasa,75,3941449,9,3.5,0.0,368252.0,0.0,2
UMKM-04283,jasa,26,"Rp 8,232,540",29,2.1,0.0,346521.0,0.0,1
UMKM-04284,Jasa,104,7755631,23,1.4,,130069.0,0.0,1
UMKM-04285,jasa,64,45930017,39,1.7,5.0,268435.0,2.0,1
UMKM-04286,retail ,109,21891069,39,4.3,0.0,424019.0,1.0,0
UMKM-04287,fnb,82,"Rp 18,943,155",37,1.4,0.0,164886.0,0.0,0
UMKM-04288,fnb,0,"Rp 43,255,849",2,2.9,30.0,110207.0,2.0,2
UMKM-04289,jasa,21,"Rp 27,940,172",28,1.8,0.0,72368.0,2.0,0
UMKM-04290,F&B,76,5375979,7,1.6,2.0,75736.0,1.0,0
UMKM-04291,retail ,82,"Rp 7,909,286",28,,2.0,67753.0,0.0,0
UMKM-04292,retail ,95,"Rp 18,664,959",9,3.0,0.0,277314.0,1.0,0
UMKM-04293,Retail,114,15432245,4,2.0,2.0,446787.0,4.0,0
UMKM-04294,nan,18,"Rp 18,172,185",10,1.4,0.0,76798.0,0.0,1
UMKM-04295, F & B ,96,33469851,3,,0.0,214328.0,0.0,0
UMKM-04296, F & B ,28,49907852,34,,15.0,413988.0,0.0,0
UMKM-04297,F&B,34,"Rp 1,855,243",39,1.6,0.0,228491.0,1.0,1
UMKM-04298, F & B ,41,"Rp 44,721,259",11,,0.0,388739.0,1.0,1
UMKM-04299,Retail,73,4059867,20,1.3,2.0,404683.0,0.0,1
UMKM-04300,RETAIL,69,3213889,15,3.3,5.0,211696.0,0.0,0
UMKM-04301, F & B ,80,20330404,13,2.4,0.0,308489.0,3.0,2
UMKM-04302,retail ,112,46853473,20,1.4,5.0,452272.0,2.0,1
UMKM-04303,RETAIL,18,1642006,26,1.7,0.0,113279.0,4.0,2
UMKM-04304, F & B ,59,"Rp 47,466,105",35,2.4,2.0,330708.0,2.0,0
UMKM-04305,retail ,12,"Rp 17,138,732",0,4.2,15.0,192292.0,0.0,1
UMKM-04306,retail ,38,"Rp 38,065,372",0,1.7,30.0,61290.0,0.0,1
UMKM-04307,jasa,70,"Rp 5,119,586",21,1.4,2.0,233552.0,1.0,0
UMKM-04308,fnb,51,"Rp 30,827,146",14,3.1,0.0,332162.0,0.0,2
UMKM-04309,F&B,101,23793504,19,3.2,0.0,296415.0,0.0,0
UMKM-04310,Retail,22,15410098,2,1.4,0.0,367282.0,0.0,0
UMKM-04311,Jasa,98,"Rp 45,520,010",13,2.1,2.0,305331.0,4.0,1
UMKM-04312,nan,118,40698760,8,2.1,0.0,132155.0,0.0,1
UMKM-04313, F & B ,65,39020862,18,1.7,,131567.0,0.0,1
UMKM-04314, F & B ,17,38692168,39,2.3,30.0,321150.0,1.0,1
UMKM-04315,RETAIL,79,"Rp 11,905,574",33,1.1,0.0,487142.0,3.0,2
UMKM-04316,RETAIL,28,"Rp 38,894,447",3,3.6,2.0,260190.0,3.0,1
UMKM-04317,nan,5,"Rp 29,905,692",32,,5.0,469481.0,1.0,0
UMKM-04318, F & B ,80,"Rp 32,188,131",42,3.5,0.0,65908.0,0.0,0
UMKM-04319,Fashion,100,"Rp 10,446,879",36,2.4,2.0,121165.0,0.0,0
UMKM-04320,Retail,29,"Rp 39,845,894",1,3.7,0.0,396550.0,3.0,1
UMKM-04321, F & B ,110,19119030,26,3.3,0.0,199121.0,0.0,0
UMKM-04322,fnb,87,23736091,44,4.4,2.0,191899.0,2.0,1
UMKM-04323,nan,36,2332907,16,3.5,,381666.0,0.0,0
UMKM-04324,Fashion,22,14487357,30,3.5,0.0,90954.0,0.0,1
UMKM-04325,Retail,117,26818833,40,1.9,2.0,117359.0,1.0,1
UMKM-04326, F & B ,76,15441860,5,2.7,0.0,244006.0,2.0,1
UMKM-04327,Jasa,72,"Rp 22,490,902",30,2.4,30.0,367124.0,,2
UMKM-04328,jasa,76,"Rp 44,560,310",2,1.0,30.0,497798.0,2.0,2
UMKM-04329,fnb,86,"Rp 10,397,333",39,2.3,0.0,399400.0,1.0,0
UMKM-04330,Jasa,18,"Rp 7,438,505",2,2.9,30.0,398152.0,1.0,2
UMKM-04331,RETAIL,2,"Rp 6,680,935",32,3.4,0.0,,2.0,1
UMKM-04332,RETAIL,100,"Rp 19,276,882",12,4.7,0.0,479852.0,0.0,1
UMKM-04333, F & B ,112,"Rp 28,059,246",20,2.0,2.0,267317.0,4.0,2
UMKM-04334,RETAIL,103,4509312,36,1.6,0.0,192956.0,1.0,2
UMKM-04335,fnb,47,38643202,15,4.5,2.0,267427.0,4.0,0
UMKM-04336,Retail,66,"Rp 43,179,034",20,4.8,2.0,438590.0,2.0,0
UMKM-04337,retail ,-2,"Rp 46,819,261",43,3.0,0.0,306163.0,0.0,0
UMKM-04338,F&B,85,20983425,12,1.5,0.0,494531.0,0.0,0
UMKM-04339,nan,94,9189792,3,2.9,0.0,,0.0,1
UMKM-04340,Retail,-1,"Rp 41,814,035",30,1.4,0.0,415393.0,0.0,2
UMKM-04341,retail ,91,21419677,8,4.5,0.0,202628.0,0.0,0
UMKM-04342,Fashion,43,"Rp 31,682,729",32,3.8,0.0,227748.0,1.0,0
UMKM-04343,fnb,92,42193604,36,2.0,15.0,61018.0,0.0,2
UMKM-04344,Jasa,24,"Rp 22,659,057",36,4.5,,348743.0,0.0,0
UMKM-04345,retail ,66,38346644,23,3.6,0.0,248987.0,4.0,1
UMKM-04346,fnb,97,"Rp 29,873,017",24,4.8,0.0,203561.0,0.0,0
UMKM-04347,jasa,57,20989070,40,4.9,2.0,168557.0,3.0,1
UMKM-04348,Jasa,41,"Rp 46,407,443",28,,,423838.0,0.0,1
UMKM-04349,RETAIL,20,"Rp 42,969,159",39,1.5,0.0,,2.0,1
UMKM-04350,RETAIL,51,"Rp 18,419,248",35,3.2,30.0,62394.0,0.0,1
UMKM-04351,Jasa,31,"Rp 14,748,382",14,4.8,2.0,326561.0,1.0,2
UMKM-04352,Fashion,92,"Rp 12,930,260",44,5.0,,77849.0,1.0,0
UMKM-04353,Fashion,1,"Rp 22,403,485",17,3.3,0.0,85207.0,3.0,1
UMKM-04354,Fashion,34,"Rp 18,870,781",19,1.7,,205362.0,0.0,1
UMKM-04355,retail ,86,"Rp 30,120,090",4,1.7,0.0,174947.0,0.0,0
UMKM-04356,nan,33,"Rp 46,921,753",17,4.1,,458331.0,3.0,0
UMKM-04357,retail ,56,8346585,39,3.4,0.0,213824.0,0.0,0
UMKM-04358, F & B ,97,"Rp 2,590,745",0,3.2,2.0,227474.0,0.0,1
UMKM-04359,F&B,86,"Rp 23,387,904",18,2.9,15.0,291107.0,0.0,0
UMKM-04360,Jasa,72,"Rp 38,127,690",22,3.9,5.0,467457.0,0.0,1
UMKM-04361,Retail,47,"Rp 15,260,288",25,4.4,2.0,,0.0,0
UMKM-04362,F&B,108,"Rp 20,152,862",28,2.2,0.0,439771.0,0.0,0
UMKM-04363,jasa,96,"Rp 23,119,695",33,1.9,5.0,219269.0,0.0,1
UMKM-04364,retail ,-2,"Rp 38,305,845",18,3.7,,427303.0,0.0,0
UMKM-04365,retail ,100,"Rp 40,138,965",17,,0.0,376223.0,0.0,0
UMKM-04366,fnb,76,"Rp 43,485,097",1,2.4,2.0,139979.0,2.0,2
UMKM-04367,F&B,102,"Rp 7,243,246",26,2.1,30.0,86533.0,3.0,2
UMKM-04368,fnb,106,"Rp 37,277,456",5,1.9,2.0,172514.0,0.0,0
UMKM-04369,Retail,19,"Rp 10,745,693",38,2.0,15.0,139832.0,2.0,1
UMKM-04370,fnb,1,"Rp 18,089,545",5,1.5,30.0,255453.0,4.0,2
UMKM-04371,F&B,96,"Rp 2,706,722",5,3.4,5.0,129283.0,1.0,0
UMKM-04372,Jasa,22,11193081,30,2.1,5.0,296221.0,,0
UMKM-04373,jasa,63,"Rp 38,094,996",40,,,395237.0,0.0,0
UMKM-04374,retail ,61,"Rp 4,165,317",39,1.3,30.0,248275.0,2.0,2
UMKM-04375,Retail,102,40062338,29,1.5,15.0,442942.0,1.0,2
UMKM-04376,retail ,89,17708392,20,,0.0,96963.0,0.0,0
UMKM-04377, F & B ,105,"Rp 39,402,260",40,,0.0,343178.0,2.0,1
UMKM-04378,jasa,100,"Rp 28,010,577",43,2.1,2.0,307697.0,1.0,0
UMKM-04379,nan,116,"Rp 32,473,141",17,4.3,5.0,64143.0,0.0,1
UMKM-04380,fnb,14,"Rp 26,781,819",22,,0.0,249929.0,0.0,0
UMKM-04381,RETAIL,77,"Rp 38,709,399",37,2.4,0.0,288207.0,2.0,2
UMKM-04382,F&B,106,"Rp 47,125,082",22,3.2,0.0,431201.0,2.0,0
UMKM-04383,retail ,118,2364981,27,4.5,5.0,,1.0,0
UMKM-04384,fnb,5,"Rp 9,119,363",35,2.7,30.0,143415.0,1.0,2
UMKM-04385,Retail,98,7627735,24,2.6,,119662.0,0.0,0
UMKM-04386,retail ,61,"Rp 42,893,415",6,3.3,0.0,200249.0,0.0,0
UMKM-04387,nan,81,"Rp 16,258,732",17,2.3,0.0,255907.0,3.0,2
UMKM-04388,jasa,1,"Rp 44,864,137",19,3.8,0.0,489267.0,3.0,1
UMKM-04389,jasa,17,"Rp 37,280,897",4,2.0,0.0,121721.0,1.0,0
UMKM-04390,retail ,55,13239527,17,4.3,2.0,234009.0,,0
UMKM-04391,Retail,65,"Rp 26,386,245",41,2.1,0.0,164938.0,3.0,1
UMKM-04392,jasa,104,20830127,39,,0.0,180557.0,0.0,0
UMKM-04393,jasa,28,35847505,32,2.3,0.0,240850.0,0.0,0
UMKM-04394,nan,100,"Rp 27,899,280",14,,0.0,280996.0,0.0,0
UMKM-04395,F&B,13,21345701,34,2.6,0.0,407347.0,0.0,0
UMKM-04396,Retail,52,"Rp 3,141,549",0,2.0,0.0,123993.0,2.0,2
UMKM-04397,Retail,3,"Rp 37,515,101",20,1.9,0.0,459158.0,0.0,2
UMKM-04398,Jasa,42,9182420,7,4.4,0.0,162022.0,3.0,0
UMKM-04399,Jasa,109,36058569,6,2.2,0.0,117659.0,1.0,0
UMKM-04400,jasa,76,"Rp 33,344,439",40,2.4,2.0,330038.0,2.0,2
UMKM-04401,RETAIL,35,"Rp 34,831,564",43,1.8,,,0.0,1
UMKM-04402,Jasa,42,"Rp 14,790,283",39,4.8,2.0,497143.0,0.0,0
UMKM-04403,jasa,39,"Rp 16,238,152",39,2.0,2.0,290506.0,1.0,0
UMKM-04404,Fashion,100,"Rp 19,782,403",29,2.0,,277212.0,2.0,1
UMKM-04405, F & B ,19,"Rp 30,518,630",37,4.8,0.0,237232.0,3.0,1
UMKM-04406, F & B ,110,29737303,34,4.6,0.0,348334.0,1.0,0
UMKM-04407,Retail,72,"Rp 40,054,965",1,,0.0,320575.0,0.0,0
UMKM-04408,RETAIL,102,"Rp 26,112,550",7,4.5,0.0,238466.0,0.0,1
UMKM-04409,nan,19,"Rp 36,696,004",37,2.0,2.0,151311.0,3.0,1
UMKM-04410,F&B,13,"Rp 6,708,593",3,1.3,0.0,213410.0,0.0,2
UMKM-04411,Jasa,33,"Rp 30,976,451",36,4.3,30.0,,1.0,2
UMKM-04412,Fashion,113,40231026,20,4.1,0.0,474799.0,1.0,0
UMKM-04413,jasa,73,"Rp 41,663,603",12,2.2,,194985.0,0.0,2
UMKM-04414,RETAIL,74,"Rp 10,634,425",8,1.4,,276173.0,0.0,0
UMKM-04415,Retail,21,"Rp 13,252,153",44,,,327004.0,4.0,0
UMKM-04416,Jasa,98,46618794,28,4.1,15.0,82924.0,3.0,1
UMKM-04417,RETAIL,68,"Rp 14,634,586",40,4.9,0.0,416790.0,3.0,1
UMKM-04418,Jasa,57,"Rp 28,991,969",23,2.0,5.0,407375.0,0.0,1
UMKM-04419,F&B,62,"Rp 4,748,688",15,4.3,0.0,123134.0,0.0,0
UMKM-04420,F&B,109,14931876,11,1.9,30.0,480745.0,,0
UMKM-04421,nan,13,"Rp 2,712,189",1,3.7,0.0,213525.0,0.0,1
UMKM-04422, F & B ,22,40638077,18,1.3,0.0,257583.0,1.0,0
UMKM-04423,fnb,79,"Rp 6,368,229",29,3.3,,166707.0,0.0,0
UMKM-04424,fnb,117,"Rp 39,323,993",15,2.1,0.0,104389.0,1.0,0
UMKM-04425,Jasa,105,16295096,23,4.7,0.0,,0.0,0
UMKM-04426,nan,72,"Rp 13,700,198",12,2.2,0.0,156227.0,3.0,1
UMKM-04427,fnb,27,"Rp 6,156,219",4,,5.0,398234.0,4.0,1
UMKM-04428,Retail,106,"Rp 20,997,972",22,4.4,2.0,104199.0,0.0,0
UMKM-04429,fnb,4,"Rp 39,667,694",37,2.8,2.0,81444.0,0.0,0
UMKM-04430,retail ,77,"Rp 10,323,634",30,2.0,30.0,491328.0,1.0,2
UMKM-04431,jasa,24,"Rp 32,044,108",16,,0.0,330942.0,0.0,0
UMKM-04432,nan,16,"Rp 1,605,599",2,4.4,2.0,372291.0,,0
UMKM-04433,Retail,-3,"Rp 10,316,514",25,2.7,5.0,192513.0,0.0,1
UMKM-04434,RETAIL,95,"Rp 27,161,938",12,1.5,2.0,248763.0,0.0,0
UMKM-04435,Retail,99,7896525,43,,0.0,228864.0,1.0,2
UMKM-04436, F & B ,76,"Rp 23,580,911",37,,0.0,112942.0,2.0,1
UMKM-04437,RETAIL,69,"Rp 4,041,658",21,1.3,0.0,266749.0,0.0,1
UMKM-04438,Fashion,42,"Rp 44,597,123",20,2.6,0.0,82860.0,0.0,0
UMKM-04439,jasa,-4,"Rp 45,970,156",28,3.6,0.0,163605.0,0.0,0
UMKM-04440,jasa,70,"Rp 15,799,847",44,1.3,0.0,433075.0,0.0,0
UMKM-04441,jasa,48,"Rp 9,550,162",38,2.4,0.0,62468.0,0.0,0
UMKM-04442,jasa,0,"Rp 34,733,732",4,4.8,0.0,108014.0,3.0,0
UMKM-04443,Jasa,101,"Rp 4,753,281",13,1.1,5.0,478127.0,0.0,1
UMKM-04444,jasa,117,37755274,17,4.0,30.0,140343.0,0.0,1
UMKM-04445,jasa,34,"Rp 31,764,588",3,4.4,0.0,310346.0,2.0,0
UMKM-04446,jasa,102,"Rp 22,177,942",32,2.1,2.0,498339.0,0.0,0
UMKM-04447,nan,87,"Rp 43,656,201",38,1.9,,330130.0,3.0,2
UMKM-04448,Jasa,117,"Rp 17,898,500",19,,2.0,85719.0,2.0,2
UMKM-04449,F&B,88,13453580,12,4.1,,371260.0,0.0,0
UMKM-04450,Retail,-4,40744937,35,1.5,0.0,125794.0,3.0,1
UMKM-04451,Retail,67,"Rp 2,190,866",44,1.8,30.0,444526.0,0.0,2
UMKM-04452,RETAIL,105,"Rp 27,548,135",3,3.5,0.0,287343.0,1.0,0
UMKM-04453,nan,-4,"Rp 26,778,353",34,2.7,0.0,408606.0,3.0,2
UMKM-04454,retail ,87,"Rp 45,861,346",7,3.0,,375942.0,3.0,0
UMKM-04455,Retail,91,25299863,39,4.8,,252854.0,0.0,0
UMKM-04456,fnb,68,5498448,35,,0.0,132078.0,0.0,0
UMKM-04457,retail ,92,"Rp 40,352,521",5,4.5,,332306.0,0.0,1
UMKM-04458,jasa,102,"Rp 31,759,595",21,3.6,0.0,166274.0,2.0,1
UMKM-04459,jasa,49,"Rp 34,716,118",5,1.5,2.0,328905.0,3.0,1
UMKM-04460,Jasa,66,"Rp 6,959,429",41,,0.0,69679.0,0.0,0
UMKM-04461,retail ,95,"Rp 26,707,713",35,3.1,0.0,124441.0,0.0,0
UMKM-04462,fnb,112,2666196,8,1.9,5.0,193451.0,2.0,1
UMKM-04463,Jasa,54,"Rp 44,377,014",15,,0.0,97770.0,0.0,1
UMKM-04464,RETAIL,91,"Rp 5,921,207",38,3.2,0.0,109567.0,0.0,0
UMKM-04465,retail ,105,21860962,37,3.4,0.0,456637.0,0.0,0
UMKM-04466,nan,0,"Rp 12,995,164",32,4.9,0.0,,0.0,0
UMKM-04467,jasa,102,"Rp 24,449,820",17,4.4,2.0,361082.0,4.0,0
UMKM-04468,jasa,98,"Rp 4,030,948",11,,0.0,323118.0,4.0,0
UMKM-04469, F & B ,103,"Rp 27,114,838",26,4.1,15.0,310274.0,0.0,1
UMKM-04470,Jasa,13,"Rp 49,524,640",0,1.0,0.0,173617.0,4.0,2
UMKM-04471,F&B,90,25247687,14,1.5,0.0,314644.0,0.0,2
UMKM-04472,F&B,21,6482571,26,1.8,0.0,372634.0,3.0,1
UMKM-04473,Jasa,-5,43235567,15,3.4,2.0,232087.0,0.0,0
UMKM-04474,nan,101,"Rp 27,357,257",20,1.8,0.0,,2.0,1
UMKM-04475,Fashion,110,17423028,0,2.5,0.0,385793.0,0.0,2
UMKM-04476,Jasa,27,"Rp 1,810,713",28,,0.0,143116.0,0.0,2
UMKM-04477,nan,34,32986409,2,2.3,30.0,162742.0,4.0,2
UMKM-04478,RETAIL,26,"Rp 35,663,163",11,4.8,0.0,146296.0,0.0,0
UMKM-04479,jasa,63,49130342,27,5.0,15.0,434333.0,,0
UMKM-04480,fnb,11,"Rp 5,512,761",38,,0.0,278631.0,0.0,0
UMKM-04481,Fashion,2,38742018,36,3.3,0.0,455021.0,0.0,0
UMKM-04482,retail ,51,"Rp 21,440,897",30,3.8,0.0,,3.0,2
UMKM-04483,Fashion,36,"Rp 21,706,821",30,4.1,0.0,172098.0,1.0,0
UMKM-04484,fnb,92,"Rp 42,792,584",32,,2.0,57731.0,0.0,1
UMKM-04485, F & B ,3,22490505,32,1.3,,,0.0,1
UMKM-04486,jasa,114,48334435,39,2.2,0.0,157197.0,1.0,1
UMKM-04487,F&B,81,"Rp 35,372,840",10,2.4,0.0,407454.0,0.0,0
UMKM-04488,nan,29,"Rp 28,930,327",28,2.5,0.0,412932.0,0.0,0
UMKM-04489,Jasa,108,"Rp 37,804,565",24,2.4,0.0,232979.0,1.0,1
UMKM-04490,Jasa,65,"Rp 38,278,192",12,4.1,0.0,418076.0,1.0,0
UMKM-04491,F&B,73,"Rp 44,931,853",43,4.0,30.0,61460.0,4.0,2
UMKM-04492,Fashion,47,"Rp 41,372,649",18,1.0,0.0,61294.0,1.0,0
UMKM-04493,jasa,48,"Rp 3,760,620",35,2.2,5.0,,0.0,0
UMKM-04494,Retail,78,"Rp 25,670,251",27,3.5,0.0,160621.0,0.0,0
UMKM-04495,nan,108,3341978,3,1.5,0.0,212928.0,0.0,0
UMKM-04496,RETAIL,19,"Rp 4,399,584",2,1.3,0.0,57817.0,0.0,1
UMKM-04497,fnb,61,14346619,37,4.3,0.0,406061.0,0.0,0
UMKM-04498,Fashion,118,"Rp 9,908,245",36,,0.0,184105.0,2.0,1
UMKM-04499,retail ,56,"Rp 7,019,676",42,,0.0,62971.0,3.0,0
UMKM-04500, F & B ,49,"Rp 10,420,626",24,,0.0,246997.0,1.0,0
UMKM-04501,Jasa,40,"Rp 46,416,428",40,4.6,15.0,238058.0,1.0,1
UMKM-04502,Fashion,18,"Rp 39,257,146",34,1.2,0.0,212067.0,0.0,0
UMKM-04503, F & B ,92,"Rp 16,733,529",28,1.7,5.0,256043.0,1.0,0
UMKM-04504,fnb,40,"Rp 11,182,101",40,2.2,0.0,69731.0,2.0,1
UMKM-04505,Jasa,16,33317460,28,1.5,30.0,443227.0,2.0,2
UMKM-04506,Jasa,5,14401315,11,2.9,0.0,125244.0,0.0,1
UMKM-04507,Retail,42,"Rp 8,914,871",34,4.2,0.0,199076.0,2.0,2
UMKM-04508,Fashion,2,1658561,19,4.8,,272941.0,2.0,0
UMKM-04509,jasa,33,"Rp 46,325,998",16,4.6,0.0,334681.0,0.0,0
UMKM-04510,F&B,101,"Rp 27,847,645",11,2.8,2.0,303938.0,0.0,0
UMKM-04511,F&B,29,"Rp 39,887,194",35,,2.0,74836.0,2.0,0
UMKM-04512,RETAIL,43,"Rp 32,757,382",9,1.9,0.0,189583.0,1.0,1
UMKM-04513,retail ,40,"Rp 34,240,467",17,,,193545.0,2.0,0
UMKM-04514, F & B ,32,"Rp 4,413,553",29,,15.0,322612.0,0.0,1
UMKM-04515,Fashion,2,"Rp 36,698,454",7,1.1,15.0,150231.0,0.0,2
UMKM-04516,nan,48,13449164,40,,,105965.0,0.0,0
UMKM-04517,retail ,31,"Rp 36,864,912",12,4.5,0.0,249440.0,0.0,0
UMKM-04518,Retail,85,"Rp 3,256,376",30,1.5,0.0,401042.0,1.0,1
UMKM-04519,Jasa,86,"Rp 36,177,357",5,4.9,5.0,,3.0,0
UMKM-04520,jasa,34,"Rp 32,645,971",6,,0.0,,2.0,0
UMKM-04521,Fashion,28,"Rp 22,554,043",20,4.5,0.0,328130.0,,0
UMKM-04522,retail ,90,"Rp 31,351,372",37,,0.0,275285.0,0.0,0
UMKM-04523,retail ,73,"Rp 40,621,634",42,1.5,,314489.0,0.0,0
UMKM-04524,jasa,102,"Rp 40,645,145",27,1.6,0.0,311007.0,0.0,0
UMKM-04525,RETAIL,11,19361297,43,3.8,15.0,58450.0,1.0,2
UMKM-04526, F & B ,27,"Rp 28,573,471",20,4.5,0.0,458565.0,0.0,0
UMKM-04527, F & B ,41,"Rp 6,014,477",20,,0.0,378743.0,1.0,1
UMKM-04528,retail ,104,28676846,23,,15.0,328803.0,0.0,1
UMKM-04529,fnb,46,"Rp 35,795,394",26,,,93751.0,0.0,0
UMKM-04530,retail ,112,44255168,26,1.0,0.0,202378.0,0.0,0
UMKM-04531,retail ,74,"Rp 32,979,097",12,3.7,0.0,,0.0,0
UMKM-04532,jasa,87,"Rp 40,364,503",28,2.2,0.0,392620.0,2.0,1
UMKM-04533,Jasa,3,"Rp 1,107,042",38,2.8,15.0,119118.0,2.0,2
UMKM-04534,jasa,27,"Rp 5,962,317",27,1.4,0.0,247939.0,0.0,0
UMKM-04535,Fashion,54,16336642,36,2.1,0.0,320210.0,2.0,2
UMKM-04536,retail ,107,12715980,28,3.5,5.0,469348.0,1.0,0
UMKM-04537, F & B ,87,"Rp 29,239,278",21,1.9,0.0,390916.0,1.0,2
UMKM-04538,nan,71,"Rp 13,029,233",35,3.6,0.0,378159.0,0.0,0
UMKM-04539, F & B ,15,"Rp 7,675,789",29,4.7,30.0,,2.0,0
UMKM-04540,F&B,52,"Rp 22,605,076",27,1.0,,249654.0,0.0,2
UMKM-04541,RETAIL,79,"Rp 17,283,033",22,4.1,,143706.0,0.0,0
UMKM-04542,Retail,63,"Rp 23,089,730",32,3.6,0.0,248096.0,0.0,0
UMKM-04543,Fashion,4,"Rp 42,274,034",3,1.2,,194792.0,1.0,2
UMKM-04544,Fashion,0,32595971,2,4.2,5.0,425857.0,1.0,0
UMKM-04545,RETAIL,114,"Rp 40,202,467",31,1.9,0.0,303912.0,3.0,1
UMKM-04546,nan,109,"Rp 23,038,322",3,2.1,2.0,77400.0,2.0,1
UMKM-04547,Retail,115,4171050,0,1.4,0.0,134012.0,4.0,2
UMKM-04548,Jasa,7,"Rp 44,895,552",11,3.1,5.0,427661.0,2.0,1
UMKM-04549,retail ,59,"Rp 16,614,446",12,,5.0,276574.0,0.0,0
UMKM-04550,Retail,14,"Rp 28,357,811",33,2.4,5.0,210018.0,1.0,0
UMKM-04551,nan,51,"Rp 1,073,079",28,,0.0,76510.0,0.0,1
UMKM-04552,fnb,105,14655434,8,4.4,2.0,491378.0,1.0,0
UMKM-04553,F&B,40,"Rp 24,056,282",30,4.5,0.0,211271.0,1.0,0
UMKM-04554,Retail,2,11124284,6,,,467255.0,2.0,2
UMKM-04555,Retail,4,"Rp 10,285,773",12,2.0,2.0,429532.0,0.0,1
UMKM-04556,F&B,67,"Rp 4,152,981",1,1.4,0.0,156639.0,2.0,2
UMKM-04557,retail ,107,"Rp 12,305,005",32,4.5,0.0,431762.0,0.0,0
UMKM-04558,Retail,99,18759051,6,,2.0,69188.0,0.0,0
UMKM-04559,F&B,61,"Rp 25,427,757",17,1.1,0.0,158382.0,1.0,0
UMKM-04560,F&B,5,"Rp 38,292,041",7,2.9,5.0,320134.0,1.0,1
UMKM-04561,F&B,6,"Rp 35,509,372",11,3.9,0.0,171024.0,0.0,0
UMKM-04562,jasa,4,"Rp 2,198,061",42,2.8,2.0,190047.0,1.0,1
UMKM-04563,nan,19,3323985,29,,0.0,432848.0,1.0,0
UMKM-04564,jasa,43,"Rp 2,247,880",8,3.8,2.0,54273.0,0.0,0
UMKM-04565,fnb,43,"Rp 31,258,064",27,3.6,,384141.0,2.0,0
UMKM-04566,Jasa,83,"Rp 34,308,389",3,3.7,2.0,90326.0,0.0,0
UMKM-04567,jasa,5,"Rp 33,983,655",38,1.8,0.0,363494.0,2.0,1
UMKM-04568,jasa,56,"Rp 27,528,441",16,4.2,,143630.0,0.0,0
UMKM-04569,nan,112,"Rp 44,997,361",10,2.9,0.0,451948.0,0.0,0
UMKM-04570,Jasa,30,"Rp 8,754,757",1,3.1,5.0,385055.0,3.0,0
UMKM-04571,RETAIL,33,27782243,22,,2.0,63660.0,2.0,0
UMKM-04572,F&B,47,48593798,21,2.1,0.0,437333.0,2.0,2
UMKM-04573,Fashion,84,"Rp 18,667,864",25,2.0,0.0,205345.0,0.0,0
UMKM-04574,Jasa,72,20172877,11,1.0,0.0,247020.0,0.0,0
UMKM-04575,fnb,97,"Rp 33,830,188",31,2.6,30.0,105020.0,1.0,2
UMKM-04576,retail ,50,"Rp 40,528,732",8,2.9,30.0,469575.0,0.0,1
UMKM-04577,fnb,98,"Rp 13,943,689",42,4.0,0.0,275771.0,3.0,0
UMKM-04578,F&B,-5,"Rp 48,081,521",4,1.3,0.0,158223.0,0.0,1
UMKM-04579,Jasa,50,"Rp 7,701,828",25,4.7,30.0,252335.0,0.0,1
UMKM-04580,fnb,112,46670343,6,2.1,0.0,459123.0,1.0,0
UMKM-04581,fnb,-2,"Rp 29,632,772",28,2.5,0.0,259896.0,2.0,2
UMKM-04582,RETAIL,119,38340923,32,1.2,0.0,411875.0,0.0,0
UMKM-04583,RETAIL,24,"Rp 37,644,439",23,3.6,0.0,397574.0,4.0,2
UMKM-04584,Jasa,6,"Rp 34,604,583",24,3.8,2.0,179060.0,1.0,0
UMKM-04585,F&B,114,"Rp 6,834,552",30,4.7,2.0,149941.0,2.0,0
UMKM-04586,jasa,29,"Rp 26,238,671",28,2.3,0.0,,1.0,1
UMKM-04587, F & B ,71,"Rp 3,839,611",4,2.0,30.0,200852.0,2.0,1
UMKM-04588,Retail,46,"Rp 20,086,179",37,3.9,0.0,54677.0,0.0,0
UMKM-04589,Fashion,25,"Rp 12,412,554",44,3.8,2.0,432357.0,2.0,0
UMKM-04590,Retail,96,"Rp 4,883,755",10,4.7,0.0,96548.0,1.0,0
UMKM-04591,nan,101,"Rp 5,617,663",31,1.8,5.0,319266.0,0.0,0
UMKM-04592,RETAIL,81,"Rp 8,233,469",7,3.8,0.0,100794.0,0.0,0
UMKM-04593,Jasa,62,46438692,19,,0.0,444510.0,2.0,0
UMKM-04594,Retail,46,29731666,33,2.9,15.0,162993.0,0.0,2
UMKM-04595,F&B,74,47654993,41,1.5,0.0,360214.0,0.0,0
UMKM-04596,Fashion,1,34654351,7,3.6,2.0,221627.0,0.0,0
UMKM-04597,Retail,16,"Rp 44,208,362",1,,,451771.0,0.0,0
UMKM-04598,Fashion,87,"Rp 12,728,356",20,1.2,2.0,52116.0,1.0,0
UMKM-04599,retail ,69,"Rp 21,321,666",14,2.3,0.0,453763.0,0.0,0
UMKM-04600,F&B,50,"Rp 12,088,638",5,,0.0,455926.0,0.0,0
UMKM-04601, F & B ,91,"Rp 41,136,263",4,2.0,15.0,,0.0,1
UMKM-04602,fnb,52,"Rp 15,235,173",2,1.2,0.0,274300.0,0.0,1
UMKM-04603,Fashion,87,"Rp 8,417,155",42,2.3,5.0,350951.0,1.0,0
UMKM-04604,F&B,58,"Rp 19,625,739",42,4.2,5.0,417848.0,0.0,0
UMKM-04605,Fashion,117,"Rp 35,952,363",15,2.4,2.0,,0.0,0
UMKM-04606,Fashion,97,"Rp 9,820,446",34,2.3,5.0,343230.0,0.0,0
UMKM-04607,jasa,6,"Rp 16,887,604",8,4.8,0.0,408235.0,2.0,2
UMKM-04608,jasa,1,"Rp 14,438,654",34,1.2,2.0,498633.0,0.0,1
UMKM-04609,F&B,117,2987881,18,4.1,2.0,347454.0,3.0,2
UMKM-04610,jasa,49,"Rp 24,237,439",42,,0.0,89488.0,0.0,1
UMKM-04611,nan,97,"Rp 49,132,277",33,4.8,0.0,103172.0,2.0,0
UMKM-04612, F & B ,100,"Rp 43,603,006",38,,2.0,313316.0,0.0,0
UMKM-04613,Jasa,56,"Rp 8,737,726",9,3.8,2.0,436808.0,0.0,1
UMKM-04614,F&B,106,"Rp 21,561,612",9,,0.0,,1.0,0
UMKM-04615,F&B,84,"Rp 40,274,344",19,4.7,5.0,137515.0,2.0,0
UMKM-04616,nan,98,"Rp 47,832,838",0,2.4,0.0,103826.0,0.0,1
UMKM-04617,RETAIL,67,"Rp 7,141,092",5,3.1,30.0,392365.0,0.0,1
UMKM-04618,RETAIL,99,"Rp 30,299,953",1,1.6,5.0,209616.0,0.0,1
UMKM-04619,jasa,92,"Rp 33,134,370",37,4.8,0.0,434570.0,3.0,0
UMKM-04620,Jasa,103,13209707,32,,0.0,76738.0,2.0,0
UMKM-04621,jasa,71,"Rp 13,443,843",2,1.2,2.0,486851.0,0.0,2
UMKM-04622,retail ,49,4843941,35,,30.0,177212.0,2.0,2
UMKM-04623,retail ,113,"Rp 17,600,267",12,2.6,0.0,207742.0,0.0,0
UMKM-04624,fnb,30,"Rp 36,819,977",34,1.9,2.0,426428.0,2.0,1
UMKM-04625,retail ,83,7574909,14,2.2,0.0,109665.0,1.0,0
UMKM-04626,RETAIL,18,"Rp 32,344,896",44,5.0,0.0,336832.0,0.0,0
UMKM-04627, F & B ,38,"Rp 32,747,600",21,3.6,2.0,236912.0,0.0,0
UMKM-04628,retail ,11,43536207,42,4.7,0.0,271975.0,4.0,0
UMKM-04629,jasa,-4,8560116,3,2.7,2.0,428147.0,2.0,2
UMKM-04630,Fashion,7,"Rp 15,558,408",16,3.8,,208011.0,2.0,0
UMKM-04631,F&B,25,"Rp 9,297,530",4,,,102385.0,0.0,0
UMKM-04632, F & B ,87,"Rp 27,936,182",20,,0.0,426882.0,0.0,0
UMKM-04633, F & B ,108,"Rp 31,155,144",23,3.1,5.0,393445.0,1.0,2
UMKM-04634,jasa,22,"Rp 10,037,451",30,2.7,,443359.0,2.0,1
UMKM-04635,F&B,54,"Rp 4,501,174",39,,0.0,102839.0,4.0,1
UMKM-04636,RETAIL,21,"Rp 43,851,880",29,3.0,0.0,121337.0,0.0,2
UMKM-04637, F & B ,9,"Rp 42,111,361",41,4.2,,208223.0,1.0,1
UMKM-04638,fnb,89,"Rp 35,344,455",6,3.7,0.0,399316.0,2.0,0
UMKM-04639,jasa,98,"Rp 39,891,190",6,2.9,,497986.0,0.0,0
UMKM-04640, F & B ,73,"Rp 47,778,501",26,2.9,2.0,267477.0,0.0,0
UMKM-04641,Jasa,27,"Rp 24,326,388",23,2.4,0.0,253945.0,0.0,0
UMKM-04642,F&B,14,"Rp 8,099,283",18,1.4,0.0,467751.0,1.0,0
UMKM-04643,retail ,36,7214566,40,4.0,0.0,409965.0,3.0,0
UMKM-04644, F & B ,6,"Rp 37,716,898",33,4.7,0.0,355124.0,3.0,0
UMKM-04645,jasa,95,"Rp 35,736,711",21,1.9,2.0,,1.0,0
UMKM-04646,retail ,67,"Rp 2,721,841",26,4.7,0.0,58116.0,0.0,0
UMKM-04647,fnb,17,"Rp 44,534,960",5,1.9,0.0,266722.0,1.0,0
UMKM-04648,retail ,66,"Rp 46,853,802",9,3.1,0.0,310914.0,3.0,0
UMKM-04649,Jasa,90,"Rp 25,627,489",44,2.4,15.0,359659.0,1.0,2
UMKM-04650,RETAIL,106,"Rp 17,112,440",30,1.5,0.0,63998.0,0.0,0
UMKM-04651, F & B ,8,41536695,24,1.2,15.0,80279.0,3.0,2
UMKM-04652,Retail,85,"Rp 10,212,230",1,2.5,15.0,310479.0,2.0,2
UMKM-04653,Retail,19,"Rp 27,942,759",9,1.2,0.0,157370.0,3.0,0
UMKM-04654,retail ,71,"Rp 30,074,829",9,1.4,0.0,377294.0,3.0,1
UMKM-04655,nan,113,"Rp 47,318,694",25,1.6,,233168.0,0.0,0
UMKM-04656,F&B,79,"Rp 16,592,059",4,1.0,5.0,366099.0,3.0,1
UMKM-04657,Retail,103,37439796,21,1.6,0.0,493576.0,1.0,0
UMKM-04658,nan,25,"Rp 18,262,075",3,3.3,5.0,496101.0,0.0,0
UMKM-04659,Retail,95,26880442,33,4.3,0.0,148517.0,1.0,0
UMKM-04660,nan,106,"Rp 26,208,016",6,1.8,0.0,195977.0,0.0,0
UMKM-04661,F&B,116,"Rp 10,279,915",16,1.3,2.0,277546.0,0.0,0
UMKM-04662,Fashion,101,"Rp 43,951,048",10,3.9,0.0,324444.0,4.0,1
UMKM-04663,Retail,48,"Rp 35,964,281",7,1.0,,171254.0,0.0,0
UMKM-04664,Jasa,-1,"Rp 42,986,963",27,3.9,30.0,68202.0,4.0,2
UMKM-04665, F & B ,7,2662060,43,1.5,2.0,250102.0,0.0,1
UMKM-04666,nan,22,"Rp 24,066,488",32,1.9,0.0,116021.0,0.0,0
UMKM-04667, F & B ,37,48712603,24,1.5,0.0,417992.0,0.0,0
UMKM-04668,jasa,83,8704625,20,,0.0,,2.0,0
UMKM-04669,jasa,109,12918227,11,4.2,0.0,160219.0,0.0,0
UMKM-04670,F&B,93,"Rp 12,238,504",25,1.5,0.0,217319.0,,0
UMKM-04671,nan,41,"Rp 48,594,915",28,5.0,2.0,188001.0,2.0,0
UMKM-04672,fnb,97,"Rp 28,858,292",37,2.3,0.0,95174.0,2.0,2
UMKM-04673,jasa,65,"Rp 35,501,658",34,4.7,,209675.0,0.0,0
UMKM-04674,F&B,32,8740359,36,1.8,,95967.0,0.0,0
UMKM-04675,jasa,90,"Rp 10,155,359",43,1.8,2.0,432048.0,4.0,1
UMKM-04676,jasa,61,5859648,44,3.3,2.0,,0.0,1
UMKM-04677,fnb,56,"Rp 19,840,848",44,1.2,0.0,148967.0,0.0,0
UMKM-04678,Retail,103,3976760,28,4.2,0.0,493391.0,0.0,0
UMKM-04679,retail ,33,"Rp 13,262,024",23,2.8,,128610.0,4.0,1
UMKM-04680,Fashion,31,"Rp 8,629,100",14,3.8,2.0,300202.0,0.0,0
UMKM-04681,jasa,113,"Rp 28,708,895",5,1.7,0.0,179960.0,0.0,0
UMKM-04682,jasa,108,"Rp 30,498,911",31,,2.0,335214.0,1.0,0
UMKM-04683,Jasa,80,"Rp 16,985,928",43,3.4,,454692.0,4.0,1
UMKM-04684,Fashion,2,39243923,33,4.0,0.0,135263.0,0.0,0
UMKM-04685,fnb,75,"Rp 46,738,149",35,2.2,0.0,,0.0,0
UMKM-04686, F & B ,46,"Rp 42,130,299",19,4.7,,166813.0,0.0,0
UMKM-04687,nan,85,17650240,11,4.8,0.0,424312.0,0.0,0
UMKM-04688,jasa,27,"Rp 21,274,936",34,4.5,0.0,,0.0,0
UMKM-04689,retail ,104,37446270,37,,0.0,461555.0,0.0,0
UMKM-04690,nan,75,"Rp 47,524,898",16,2.7,30.0,334683.0,1.0,2
UMKM-04691,Fashion,36,37404899,26,,15.0,238151.0,0.0,2
UMKM-04692,nan,70,"Rp 11,956,096",16,4.8,0.0,312372.0,0.0,0
UMKM-04693,Retail,106,"Rp 16,603,533",10,4.8,0.0,366234.0,4.0,0
UMKM-04694,jasa,104,46296840,38,1.1,0.0,399124.0,0.0,0
UMKM-04695,nan,21,"Rp 12,743,383",1,,0.0,115202.0,0.0,0
UMKM-04696, F & B ,106,"Rp 26,092,739",1,4.5,0.0,274596.0,0.0,0
UMKM-04697, F & B ,2,"Rp 17,907,725",28,1.3,0.0,73199.0,1.0,1
UMKM-04698,jasa,17,"Rp 37,413,656",44,,0.0,413334.0,2.0,0
UMKM-04699,RETAIL,118,"Rp 32,420,184",23,4.9,,324595.0,2.0,1
UMKM-04700, F & B ,100,"Rp 37,179,145",23,4.4,0.0,129527.0,1.0,0
UMKM-04701,nan,119,35094050,15,4.6,0.0,324813.0,3.0,0
UMKM-04702,F&B,107,20026934,30,1.6,0.0,243957.0,2.0,1
UMKM-04703, F & B ,58,"Rp 28,863,686",42,1.8,2.0,205061.0,0.0,0
UMKM-04704,Fashion,117,1908521,8,3.4,0.0,,0.0,1
UMKM-04705,RETAIL,87,"Rp 1,003,212",26,3.0,2.0,157582.0,1.0,1
UMKM-04706,nan,108,"Rp 9,620,739",40,2.2,5.0,215833.0,4.0,2
UMKM-04707,fnb,14,"Rp 1,476,657",13,,,275525.0,0.0,0
UMKM-04708,Jasa,10,11049066,44,4.6,2.0,216885.0,0.0,0
UMKM-04709,fnb,11,"Rp 42,026,616",24,2.2,0.0,328301.0,3.0,1
UMKM-04710,Retail,74,"Rp 17,023,459",42,1.6,0.0,167993.0,0.0,0
UMKM-04711,Jasa,13,23042103,43,1.6,5.0,135519.0,1.0,1
UMKM-04712,Retail,114,"Rp 1,638,093",21,,0.0,,0.0,0
UMKM-04713,Jasa,114,"Rp 4,490,513",34,1.5,0.0,364883.0,0.0,0
UMKM-04714,Jasa,2,8960135,32,,,280681.0,0.0,0
UMKM-04715,F&B,32,"Rp 22,804,767",26,2.8,15.0,376300.0,1.0,2
UMKM-04716,retail ,32,18102953,39,4.5,15.0,138283.0,0.0,1
UMKM-04717,Fashion,47,"Rp 13,046,500",25,2.2,30.0,81626.0,2.0,2
UMKM-04718,fnb,87,"Rp 40,923,926",18,3.2,2.0,284843.0,0.0,0
UMKM-04719, F & B ,99,"Rp 10,793,227",44,,5.0,447675.0,1.0,1
UMKM-04720,nan,94,"Rp 29,053,144",38,3.4,0.0,382767.0,0.0,0
UMKM-04721,RETAIL,84,"Rp 32,186,498",44,4.8,,231143.0,2.0,0
UMKM-04722,Fashion,25,"Rp 8,356,505",25,3.4,0.0,327042.0,2.0,0
UMKM-04723,Retail,38,"Rp 22,624,579",5,4.6,2.0,91001.0,0.0,0
UMKM-04724,F&B,54,39923113,2,2.0,0.0,326902.0,0.0,1
UMKM-04725,Retail,70,40748835,5,,0.0,490454.0,3.0,0
UMKM-04726,retail ,113,"Rp 35,448,462",27,3.2,2.0,458337.0,0.0,0
UMKM-04727,RETAIL,11,"Rp 49,845,407",2,5.0,0.0,264274.0,0.0,0
UMKM-04728,F&B,73,13042588,12,1.8,2.0,227342.0,0.0,0
UMKM-04729,Retail,67,6467977,12,1.6,2.0,278607.0,,0
UMKM-04730,retail ,33,"Rp 15,979,028",12,3.4,2.0,,3.0,0
UMKM-04731,nan,36,"Rp 29,527,485",0,1.9,0.0,241981.0,0.0,1
UMKM-04732,nan,42,"Rp 29,631,285",39,3.6,0.0,492131.0,1.0,0
UMKM-04733,Retail,6,"Rp 47,858,511",36,4.9,15.0,361137.0,3.0,1
UMKM-04734,Fashion,90,"Rp 44,272,174",30,,0.0,285485.0,0.0,0
UMKM-04735,RETAIL,83,"Rp 42,283,986",16,1.9,0.0,84888.0,0.0,1
UMKM-04736,jasa,97,"Rp 49,258,716",8,1.7,0.0,290713.0,0.0,0
UMKM-04737,Fashion,12,45625011,44,,30.0,63893.0,0.0,1
UMKM-04738,nan,73,"Rp 31,780,850",12,3.3,2.0,136416.0,2.0,0
UMKM-04739,RETAIL,90,"Rp 30,867,537",36,3.6,0.0,167838.0,0.0,0
UMKM-04740,retail ,0,"Rp 24,078,059",13,4.0,30.0,212784.0,1.0,2
UMKM-04741,F&B,116,32703032,10,3.4,15.0,79943.0,0.0,1
UMKM-04742,Jasa,102,"Rp 24,669,775",24,,5.0,317450.0,2.0,0
UMKM-04743,Retail,37,22523392,30,4.2,0.0,115461.0,2.0,1
UMKM-04744,fnb,110,22540591,13,1.3,5.0,166521.0,1.0,0
UMKM-04745,RETAIL,29,"Rp 14,292,599",6,1.1,0.0,467323.0,3.0,1
UMKM-04746, F & B ,92,"Rp 21,563,046",23,4.1,5.0,285254.0,0.0,0
UMKM-04747,retail ,96,"Rp 1,250,139",35,3.2,30.0,453925.0,2.0,2
UMKM-04748,jasa,114,"Rp 28,131,584",41,3.8,30.0,311967.0,1.0,0
UMKM-04749,Jasa,48,"Rp 43,443,268",41,2.5,0.0,148017.0,0.0,1
UMKM-04750, F & B ,115,"Rp 48,852,137",43,1.0,30.0,195986.0,0.0,1
UMKM-04751,jasa,56,"Rp 44,689,237",40,,0.0,146711.0,0.0,0
UMKM-04752,fnb,63,41705908,2,3.4,0.0,442467.0,3.0,1
UMKM-04753,nan,76,"Rp 14,517,411",43,1.9,2.0,340556.0,2.0,2
UMKM-04754,Fashion,10,"Rp 35,333,071",25,3.8,2.0,377470.0,1.0,0
UMKM-04755,Retail,2,46434358,25,4.2,0.0,66151.0,0.0,0
UMKM-04756,F&B,83,"Rp 48,028,309",0,2.8,0.0,,4.0,1
UMKM-04757,jasa,90,"Rp 39,527,295",14,4.5,0.0,448225.0,0.0,0
UMKM-04758,Jasa,84,"Rp 26,771,086",10,4.4,2.0,397926.0,1.0,0
UMKM-04759,RETAIL,110,"Rp 32,006,393",36,,30.0,361424.0,2.0,1
UMKM-04760,nan,80,"Rp 11,698,925",6,,5.0,373962.0,0.0,0
UMKM-04761,RETAIL,25,47589545,11,2.2,0.0,241602.0,1.0,0
UMKM-04762,Jasa,101,31573044,37,2.9,,444561.0,0.0,0
UMKM-04763,RETAIL,4,"Rp 38,490,238",2,3.8,2.0,177439.0,0.0,0
UMKM-04764,jasa,50,"Rp 26,876,555",41,1.8,15.0,172057.0,2.0,2
UMKM-04765,retail ,115,"Rp 38,472,571",25,,2.0,89900.0,0.0,0
UMKM-04766,RETAIL,70,"Rp 3,402,112",29,3.2,,398706.0,0.0,0
UMKM-04767,Fashion,111,"Rp 12,623,796",31,1.4,15.0,79289.0,0.0,2
UMKM-04768,fnb,86,"Rp 19,132,048",35,3.2,2.0,472648.0,0.0,0
UMKM-04769,F&B,64,29362600,44,1.3,0.0,397287.0,0.0,0
UMKM-04770,jasa,117,36575423,36,1.1,2.0,376284.0,2.0,1
UMKM-04771, F & B ,14,"Rp 30,143,736",17,4.6,2.0,200932.0,0.0,1
UMKM-04772,Jasa,-1,"Rp 17,206,833",0,3.0,2.0,317241.0,2.0,1
UMKM-04773,nan,17,"Rp 23,877,254",20,3.2,0.0,470330.0,1.0,0
UMKM-04774,jasa,3,"Rp 18,800,021",27,2.1,0.0,241270.0,0.0,0
UMKM-04775,retail ,52,"Rp 39,055,668",15,3.2,2.0,456689.0,3.0,1
UMKM-04776,nan,53,"Rp 7,558,347",27,1.7,15.0,113634.0,0.0,2
UMKM-04777,Fashion,87,"Rp 45,564,525",21,4.0,5.0,420075.0,0.0,0
UMKM-04778,Jasa,74,"Rp 16,692,846",18,,0.0,336975.0,0.0,0
UMKM-04779,nan,48,"Rp 43,854,548",0,4.4,0.0,203178.0,0.0,1
UMKM-04780,RETAIL,40,"Rp 2,727,373",30,1.4,0.0,388289.0,,1
UMKM-04781,jasa,16,34695358,41,3.2,0.0,382426.0,0.0,0
UMKM-04782,fnb,58,"Rp 17,960,364",33,4.2,0.0,211456.0,2.0,0
UMKM-04783,Jasa,2,"Rp 42,646,052",39,1.5,5.0,374898.0,1.0,1
UMKM-04784,Retail,117,"Rp 23,696,804",5,1.4,,102563.0,0.0,1
UMKM-04785,Fashion,14,"Rp 31,574,072",27,4.3,0.0,66459.0,4.0,1
UMKM-04786,F&B,45,"Rp 26,660,320",2,4.2,2.0,343432.0,4.0,2
UMKM-04787,Jasa,72,49968680,30,2.8,5.0,217451.0,3.0,2
UMKM-04788,retail ,33,"Rp 40,768,837",15,1.4,,254609.0,1.0,0
UMKM-04789,jasa,31,40262451,16,3.1,,173384.0,0.0,0
UMKM-04790,RETAIL,44,42126361,43,2.6,0.0,125720.0,0.0,1
UMKM-04791,F&B,28,"Rp 24,501,181",26,,0.0,194021.0,1.0,0
UMKM-04792,F&B,69,"Rp 42,387,110",23,2.8,0.0,415559.0,0.0,1
UMKM-04793,Fashion,112,"Rp 22,584,360",19,3.3,2.0,225410.0,2.0,1
UMKM-04794,nan,98,"Rp 14,415,460",31,3.9,5.0,383799.0,2.0,0
UMKM-04795,retail ,27,"Rp 26,548,429",34,4.1,0.0,85162.0,0.0,0
UMKM-04796,nan,25,30924900,12,3.6,30.0,346328.0,0.0,1
UMKM-04797,RETAIL,117,43890759,42,1.8,0.0,374806.0,4.0,0
UMKM-04798,F&B,48,"Rp 14,975,270",19,2.6,,123379.0,0.0,0
UMKM-04799,retail ,38,20533132,1,1.3,0.0,,0.0,1
UMKM-04800,retail ,28,"Rp 30,528,460",3,2.8,0.0,320575.0,0.0,0
UMKM-04801, F & B ,108,"Rp 12,634,983",26,4.9,0.0,170741.0,0.0,0
UMKM-04802,jasa,65,"Rp 13,124,266",24,3.6,0.0,264769.0,0.0,1
UMKM-04803,F&B,116,21659035,3,1.6,5.0,,0.0,1
UMKM-04804,F&B,107,"Rp 10,221,049",31,2.1,0.0,154618.0,0.0,0
UMKM-04805,retail ,112,"Rp 6,204,497",16,,5.0,78836.0,1.0,1
UMKM-04806,nan,56,39926136,0,1.7,0.0,152462.0,0.0,0
UMKM-04807,F&B,17,"Rp 8,107,493",32,3.0,0.0,306354.0,0.0,0
UMKM-04808,retail ,40,"Rp 29,946,719",29,2.4,15.0,,3.0,2
UMKM-04809,F&B,50,"Rp 23,975,169",4,1.8,,80762.0,1.0,0
UMKM-04810,retail ,1,"Rp 47,405,068",11,1.6,0.0,422546.0,0.0,1
UMKM-04811, F & B ,112,49502040,37,3.6,,225042.0,3.0,1
UMKM-04812,jasa,83,"Rp 9,222,496",31,3.2,2.0,120976.0,0.0,0
UMKM-04813,retail ,55,"Rp 1,127,319",37,4.4,0.0,266381.0,0.0,0
UMKM-04814,F&B,-3,35066625,16,1.7,15.0,360487.0,3.0,2
UMKM-04815,RETAIL,117,"Rp 5,301,264",44,4.4,0.0,127804.0,0.0,0
UMKM-04816,jasa,32,42982055,39,3.3,0.0,206862.0,3.0,0
UMKM-04817, F & B ,78,"Rp 14,965,345",31,,2.0,201017.0,2.0,0
UMKM-04818,retail ,28,1728165,23,2.1,0.0,170921.0,0.0,2
UMKM-04819,RETAIL,107,"Rp 27,098,302",11,2.6,0.0,465141.0,0.0,0
UMKM-04820,retail ,38,"Rp 49,379,605",30,2.8,0.0,450874.0,0.0,0
UMKM-04821,nan,102,"Rp 35,488,103",18,1.3,5.0,75191.0,0.0,0
UMKM-04822,F&B,24,"Rp 48,274,674",28,,2.0,87426.0,3.0,0
UMKM-04823,Jasa,11,"Rp 7,513,231",20,1.5,0.0,321466.0,0.0,0
UMKM-04824,Fashion,53,"Rp 46,394,060",25,2.9,30.0,499829.0,0.0,2
UMKM-04825,fnb,4,"Rp 3,824,665",27,2.5,0.0,72014.0,1.0,1
UMKM-04826,nan,93,"Rp 31,106,483",16,3.0,5.0,120891.0,0.0,0
UMKM-04827,RETAIL,78,"Rp 37,560,806",8,4.5,,256321.0,0.0,0
UMKM-04828,nan,12,"Rp 25,174,127",20,5.0,15.0,245394.0,0.0,1
UMKM-04829,Retail,39,"Rp 27,394,957",33,1.1,2.0,418460.0,2.0,0
UMKM-04830,retail ,102,"Rp 27,443,703",10,2.6,2.0,332979.0,0.0,0
UMKM-04831,retail ,85,21926874,19,4.3,0.0,413112.0,0.0,0
UMKM-04832,fnb,53,"Rp 1,674,075",38,2.3,2.0,415310.0,0.0,0
UMKM-04833,fnb,56,47628943,15,3.6,0.0,140415.0,1.0,1
UMKM-04834,Retail,53,"Rp 28,880,207",28,5.0,0.0,488155.0,0.0,0
UMKM-04835,F&B,43,1742476,0,3.6,0.0,180579.0,0.0,1
UMKM-04836,Fashion,94,"Rp 47,285,532",17,1.4,0.0,322230.0,0.0,1
UMKM-04837,Jasa,57,"Rp 35,115,464",21,4.4,2.0,215355.0,1.0,0
UMKM-04838,Jasa,81,"Rp 7,416,153",7,4.9,30.0,378263.0,0.0,1
UMKM-04839, F & B ,26,"Rp 13,015,131",6,,0.0,344004.0,2.0,0
UMKM-04840, F & B ,4,"Rp 13,174,696",24,2.7,0.0,435390.0,0.0,0
UMKM-04841,F&B,5,"Rp 45,435,532",29,,0.0,293329.0,2.0,0
UMKM-04842, F & B ,96,"Rp 36,887,612",33,4.9,2.0,469838.0,1.0,0
UMKM-04843, F & B ,64,"Rp 33,150,691",43,4.7,0.0,304410.0,3.0,0
UMKM-04844,Retail,117,"Rp 35,610,184",40,2.6,0.0,361415.0,1.0,0
UMKM-04845,Retail,99,"Rp 21,699,597",10,4.2,2.0,102436.0,0.0,0
UMKM-04846, F & B ,56,36061042,14,,15.0,352820.0,2.0,0
UMKM-04847,nan,41,"Rp 22,485,131",34,,0.0,364550.0,2.0,2
UMKM-04848,jasa,28,"Rp 35,648,185",22,3.1,0.0,375253.0,4.0,0
UMKM-04849,jasa,94,"Rp 48,669,432",44,,2.0,180386.0,0.0,0
UMKM-04850,F&B,95,"Rp 4,671,013",20,,0.0,473389.0,1.0,1
UMKM-04851,Jasa,11,"Rp 45,492,738",27,4.5,0.0,,0.0,0
UMKM-04852,fnb,98,"Rp 6,155,577",12,1.6,2.0,290870.0,1.0,0
UMKM-04853,F&B,98,18273400,33,3.0,,447675.0,,0
UMKM-04854, F & B ,48,"Rp 2,034,549",37,2.9,0.0,137485.0,1.0,2
UMKM-04855,Retail,70,24713139,5,4.6,0.0,216371.0,1.0,0
UMKM-04856,retail ,79,"Rp 8,287,613",43,1.0,0.0,304803.0,0.0,0
UMKM-04857,nan,34,"Rp 47,017,503",3,4.0,30.0,276229.0,0.0,0
UMKM-04858,RETAIL,13,1095287,4,3.5,0.0,285765.0,0.0,1
UMKM-04859,Retail,61,"Rp 12,653,910",39,4.7,2.0,494297.0,0.0,0
UMKM-04860,jasa,76,"Rp 9,330,512",5,2.8,15.0,428775.0,0.0,2
UMKM-04861,Retail,47,12266511,20,3.6,,430128.0,0.0,0
UMKM-04862,nan,109,"Rp 14,752,997",27,4.9,2.0,366572.0,0.0,0
UMKM-04863,fnb,58,19173383,2,4.0,0.0,273862.0,0.0,0
UMKM-04864, F & B ,77,"Rp 12,983,517",22,1.3,0.0,104877.0,2.0,1
UMKM-04865,retail ,41,"Rp 40,570,105",7,1.7,0.0,,1.0,1
UMKM-04866,jasa,0,"Rp 5,158,433",18,4.3,2.0,343228.0,0.0,0
UMKM-04867,jasa,10,"Rp 45,396,651",10,2.3,5.0,444117.0,0.0,1
UMKM-04868,Fashion,66,"Rp 39,237,456",9,3.8,15.0,474121.0,3.0,1
UMKM-04869,Jasa,106,34319675,27,3.8,0.0,350877.0,0.0,0
UMKM-04870,fnb,12,"Rp 7,150,158",19,,5.0,413704.0,,0
UMKM-04871,jasa,46,"Rp 34,332,527",43,2.9,,415954.0,0.0,0
UMKM-04872,Jasa,42,46230036,27,4.0,,212071.0,0.0,0
UMKM-04873,jasa,37,"Rp 21,839,536",28,,5.0,422626.0,0.0,1
UMKM-04874, F & B ,33,49064167,7,2.9,2.0,304693.0,0.0,0
UMKM-04875,Jasa,43,"Rp 27,844,000",18,1.7,2.0,168241.0,0.0,0
UMKM-04876,nan,107,"Rp 21,253,948",20,4.4,0.0,499800.0,0.0,0
UMKM-04877,Fashion,6,"Rp 3,837,689",17,4.4,0.0,182765.0,1.0,0
UMKM-04878, F & B ,103,"Rp 4,488,271",8,1.9,0.0,498863.0,0.0,1
UMKM-04879,nan,4,"Rp 33,292,507",3,2.3,0.0,179612.0,1.0,2
UMKM-04880,retail ,65,29100961,40,3.8,2.0,215969.0,2.0,0
UMKM-04881,fnb,104,"Rp 31,512,680",24,4.0,2.0,86779.0,1.0,0
UMKM-04882,fnb,49,"Rp 47,292,527",33,3.6,2.0,430084.0,0.0,0
UMKM-04883,RETAIL,-5,"Rp 13,172,190",8,5.0,0.0,51365.0,0.0,1
UMKM-04884,RETAIL,43,"Rp 47,069,355",8,4.5,0.0,189459.0,0.0,0
UMKM-04885,Jasa,30,23664352,17,2.7,0.0,252811.0,2.0,1
UMKM-04886,fnb,15,"Rp 40,907,488",10,2.3,0.0,345062.0,1.0,0
UMKM-04887,Jasa,31,38358719,12,,,186252.0,0.0,0
UMKM-04888,RETAIL,110,33294609,37,4.3,0.0,80342.0,0.0,0
UMKM-04889,retail ,18,"Rp 14,407,382",8,2.9,0.0,169211.0,0.0,0
UMKM-04890,jasa,49,29497662,15,,0.0,,2.0,1
UMKM-04891,nan,19,48830486,3,1.1,2.0,410778.0,0.0,1
UMKM-04892,Retail,1,"Rp 25,387,289",33,4.7,2.0,364620.0,4.0,1
UMKM-04893,Jasa,100,18366045,6,4.1,0.0,435913.0,,0
UMKM-04894,retail ,75,46195736,14,2.6,,493322.0,2.0,2
UMKM-04895,nan,87,23559276,37,2.5,15.0,356793.0,0.0,0
UMKM-04896,fnb,88,20800143,10,1.4,0.0,169137.0,0.0,1
UMKM-04897,jasa,65,"Rp 23,446,669",31,,0.0,356052.0,0.0,0
UMKM-04898,nan,91,"Rp 5,662,608",26,4.1,0.0,208889.0,,0
UMKM-04899,Fashion,65,"Rp 31,164,828",29,3.5,0.0,236584.0,0.0,0
UMKM-04900,RETAIL,116,"Rp 7,930,207",16,1.4,15.0,126123.0,2.0,2
UMKM-04901,nan,18,39212887,35,2.0,0.0,346956.0,4.0,2
UMKM-04902,Retail,5,22853299,18,2.8,0.0,350557.0,2.0,1
UMKM-04903,retail ,67,4336460,6,2.1,0.0,269546.0,1.0,1
UMKM-04904,jasa,6,"Rp 35,799,607",42,2.7,0.0,201055.0,0.0,1
UMKM-04905, F & B ,29,"Rp 16,036,750",44,,30.0,499242.0,0.0,1
UMKM-04906,nan,57,"Rp 24,765,303",20,2.4,0.0,,0.0,0
UMKM-04907,F&B,62,"Rp 12,863,092",27,3.6,0.0,186082.0,4.0,1
UMKM-04908,Retail,94,43081347,2,4.6,2.0,103142.0,3.0,0
UMKM-04909,Retail,86,"Rp 18,914,549",13,2.5,0.0,399709.0,0.0,0
UMKM-04910,F&B,51,"Rp 32,866,913",1,3.8,0.0,94974.0,0.0,0
UMKM-04911,Fashion,7,"Rp 7,588,209",28,1.5,0.0,490562.0,1.0,1
UMKM-04912, F & B ,17,"Rp 12,374,977",17,3.2,0.0,131726.0,0.0,1
UMKM-04913,RETAIL,77,"Rp 29,565,752",36,4.7,0.0,492329.0,0.0,0
UMKM-04914,retail ,100,"Rp 27,762,333",44,1.1,0.0,421310.0,0.0,0
UMKM-04915,jasa,95,"Rp 4,601,817",44,2.1,0.0,461175.0,4.0,2
UMKM-04916,retail ,33,"Rp 43,267,417",23,1.5,2.0,52213.0,4.0,1
UMKM-04917, F & B ,82,"Rp 6,616,467",11,3.1,0.0,231450.0,1.0,1
UMKM-04918,retail ,74,2203049,44,3.7,,190927.0,1.0,0
UMKM-04919,F&B,91,"Rp 43,737,243",31,,0.0,386235.0,0.0,0
UMKM-04920,Retail,6,"Rp 23,978,935",17,1.3,2.0,491495.0,2.0,1
UMKM-04921,retail ,28,25584915,12,4.5,15.0,55544.0,0.0,1
UMKM-04922,Jasa,65,"Rp 26,638,474",3,2.8,0.0,333281.0,0.0,1
UMKM-04923,nan,69,32917945,22,2.9,5.0,383268.0,0.0,0
UMKM-04924, F & B ,25,"Rp 20,239,113",9,4.8,15.0,438505.0,0.0,1
UMKM-04925,Fashion,87,"Rp 29,797,372",4,2.3,0.0,351570.0,3.0,1
UMKM-04926,Jasa,56,"Rp 21,318,102",39,4.6,,272458.0,,0
UMKM-04927,F&B,7,46764516,13,4.9,0.0,376732.0,1.0,0
UMKM-04928,fnb,25,"Rp 45,951,848",33,2.0,0.0,448043.0,2.0,1
UMKM-04929,F&B,-4,"Rp 39,330,066",27,3.1,5.0,143069.0,0.0,0
UMKM-04930,Fashion,97,"Rp 43,783,212",7,3.1,0.0,219978.0,1.0,0
UMKM-04931,Fashion,9,"Rp 24,265,617",15,4.5,2.0,389328.0,2.0,0
UMKM-04932,Jasa,51,"Rp 36,174,320",30,2.2,30.0,219819.0,0.0,2
UMKM-04933,nan,69,"Rp 19,504,602",6,4.2,,327882.0,0.0,0
UMKM-04934, F & B ,28,14331521,2,4.9,0.0,391219.0,2.0,1
UMKM-04935,RETAIL,97,1795415,28,,,322501.0,0.0,0
UMKM-04936,Retail,62,"Rp 32,849,893",35,4.6,0.0,272193.0,0.0,0
UMKM-04937,Jasa,69,14127195,38,3.8,0.0,301146.0,0.0,0
UMKM-04938,Fashion,23,"Rp 13,697,499",3,4.6,2.0,262202.0,0.0,0
UMKM-04939,fnb,60,14864564,8,1.7,2.0,481271.0,1.0,0
UMKM-04940,jasa,119,"Rp 26,636,721",16,,0.0,93779.0,1.0,0
UMKM-04941,Fashion,10,"Rp 2,087,462",19,3.9,2.0,229105.0,0.0,1
UMKM-04942,nan,33,"Rp 25,468,417",13,2.8,0.0,371216.0,4.0,2
UMKM-04943,nan,71,"Rp 30,455,277",28,1.3,2.0,157191.0,2.0,0
UMKM-04944,Fashion,31,47755652,12,,,54617.0,0.0,0
UMKM-04945,nan,75,"Rp 38,227,121",35,1.2,0.0,494752.0,2.0,1
UMKM-04946,Jasa,15,"Rp 18,729,610",44,2.5,0.0,440470.0,0.0,0
UMKM-04947,Fashion,38,"Rp 23,884,041",16,2.6,5.0,354486.0,2.0,2
UMKM-04948,Fashion,118,"Rp 32,480,746",42,5.0,0.0,60687.0,2.0,0
UMKM-04949, F & B ,13,"Rp 15,917,690",3,2.2,15.0,450012.0,0.0,1
UMKM-04950,Retail,65,"Rp 17,607,617",19,,0.0,233829.0,1.0,1
UMKM-04951,fnb,96,"Rp 46,598,734",10,,0.0,109191.0,3.0,0
UMKM-04952,nan,2,"Rp 1,396,904",41,3.1,0.0,89801.0,0.0,1
UMKM-04953, F & B ,71,"Rp 25,710,820",21,3.1,0.0,56747.0,0.0,0
UMKM-04954,RETAIL,95,"Rp 6,780,833",44,,2.0,292784.0,0.0,0
UMKM-04955,RETAIL,60,"Rp 5,165,666",7,4.2,0.0,57936.0,0.0,0
UMKM-04956,retail ,35,9814324,27,4.0,30.0,475509.0,0.0,0
UMKM-04957,Jasa,69,"Rp 9,948,693",44,4.0,2.0,132678.0,0.0,1
UMKM-04958,Jasa,82,"Rp 29,619,646",40,2.7,0.0,427273.0,0.0,0
UMKM-04959,F&B,64,"Rp 40,739,862",29,,5.0,455912.0,0.0,1
UMKM-04960,fnb,55,"Rp 44,618,243",32,3.0,2.0,325241.0,1.0,0
UMKM-04961,Fashion,20,"Rp 6,880,599",32,1.3,5.0,,,0
UMKM-04962,nan,65,"Rp 42,126,739",35,4.6,2.0,372976.0,3.0,0
UMKM-04963,fnb,115,"Rp 39,151,590",26,4.6,0.0,491272.0,0.0,0
UMKM-04964,retail ,97,"Rp 7,050,485",19,2.3,2.0,106868.0,2.0,0
UMKM-04965,F&B,77,16348646,32,4.7,0.0,243208.0,4.0,0
UMKM-04966, F & B ,64,1181136,24,4.0,0.0,234417.0,3.0,0
UMKM-04967,fnb,101,48354002,43,2.6,,64141.0,3.0,0
UMKM-04968, F & B ,23,"Rp 49,776,879",42,2.3,0.0,266962.0,2.0,2
UMKM-04969,RETAIL,101,"Rp 6,366,434",18,4.9,2.0,161133.0,0.0,0
UMKM-04970,nan,97,45952238,20,3.9,0.0,248134.0,0.0,0
UMKM-04971,retail ,60,"Rp 16,158,830",41,2.5,0.0,311570.0,0.0,1
UMKM-04972,Fashion,13,"Rp 10,311,487",32,3.6,0.0,476174.0,0.0,0
UMKM-04973,nan,62,48799231,2,3.3,2.0,117409.0,,1
UMKM-04974,Retail,52,"Rp 15,262,957",13,3.1,0.0,189030.0,0.0,0
UMKM-04975,Jasa,64,"Rp 7,513,766",14,,0.0,257815.0,4.0,1
UMKM-04976,retail ,107,"Rp 23,808,994",32,,15.0,57489.0,2.0,2
UMKM-04977,fnb,51,"Rp 45,539,536",41,3.6,0.0,468049.0,0.0,0
UMKM-04978,nan,31,"Rp 11,137,641",21,,0.0,451562.0,0.0,0
UMKM-04979,jasa,55,"Rp 3,993,518",0,5.0,15.0,438015.0,0.0,2
UMKM-04980,Jasa,86,"Rp 27,791,964",30,3.8,,219446.0,1.0,0
UMKM-04981,Jasa,24,"Rp 30,629,200",34,,0.0,226125.0,2.0,0
UMKM-04982,jasa,65,"Rp 30,153,293",19,,30.0,266894.0,4.0,2
UMKM-04983,F&B,67,"Rp 30,565,847",31,2.2,0.0,93235.0,0.0,0
UMKM-04984,F&B,19,"Rp 22,667,768",11,4.7,0.0,351572.0,0.0,0
UMKM-04985,jasa,91,40547697,15,,15.0,179664.0,0.0,1
UMKM-04986,Retail,59,"Rp 30,476,324",7,2.3,,160665.0,0.0,0
UMKM-04987,RETAIL,109,"Rp 2,057,980",13,3.6,0.0,,2.0,1
UMKM-04988,jasa,0,"Rp 36,586,911",17,3.1,0.0,311946.0,0.0,1
UMKM-04989,RETAIL,12,21560419,29,3.2,0.0,228638.0,1.0,0
UMKM-04990,nan,4,35451313,32,4.2,0.0,105776.0,0.0,0
UMKM-04991,Retail,86,"Rp 19,377,764",33,1.8,5.0,428573.0,0.0,0
UMKM-04992,retail ,5,36195887,43,4.9,2.0,380840.0,1.0,0
UMKM-04993,RETAIL,91,"Rp 5,927,386",33,,0.0,471397.0,1.0,2
UMKM-04994,Jasa,59,"Rp 34,819,258",6,4.8,2.0,446587.0,0.0,0
UMKM-04995,nan,71,"Rp 28,169,950",5,2.5,30.0,109435.0,1.0,1
UMKM-04996,Jasa,95,20641837,5,3.4,0.0,354164.0,0.0,0
UMKM-04997,Retail,78,4691848,21,2.8,2.0,311638.0,1.0,1
UMKM-04998,RETAIL,59,8881317,7,3.7,,293161.0,4.0,1
UMKM-04999, F & B ,46,14928272,36,,0.0,,2.0,0
UMKM-05000,Retail,61,"Rp 40,267,410",14,2.6,15.0,410908.0,0.0,1
